Gene	COAD_cases	COAD_percent	READ_cases	READ_percent
APC	307	71.729	125	80.6452
TP53	234	54.6729	111	71.6129
TTN	203	47.4299	62	40
KRAS	183	42.757	63	40.6452
PIK3CA	127	29.6729	22	14.1935
SYNE1	123	28.7383	34	21.9355
MUC16	122	28.5047	28	18.0645
FAT4	102	23.8318	26	16.7742
RYR2	86	20.0935	25	16.129
ZFHX4	86	20.0935	17	10.9677
OBSCN	84	19.6262	17	10.9677
DNAH5	81	18.9252	13	8.3871
CSMD3	80	18.6916	17	10.9677
LRP1B	76	17.757	23	14.8387
PCLO	73	17.0561	11	7.09677
FBXW7	71	16.5888	26	16.7742
RYR3	71	16.5888	11	7.09677
USH2A	70	16.3551	13	8.3871
DNAH11	69	16.1215	18	11.6129
ABCA13	67	15.6542	14	9.03226
CSMD1	66	15.4206	23	14.8387
RYR1	66	15.4206	15	9.67742
ADGRV1	65	15.1869	11	7.09677
FAT3	65	15.1869	19	12.2581
BRAF	62	14.486	5	3.22581
DST	62	14.486	11	7.09677
RNF43	61	14.2523	4	2.58065
SOX9	61	14.2523	11	7.09677
DOCK3	60	14.0187	8	5.16129
LRP2	60	14.0187	11	7.09677
MDN1	60	14.0187	7	4.51613
KMT2D	59	13.785	7	4.51613
AMER1	58	13.5514	13	8.3871
CACNA1E	58	13.5514	14	9.03226
CSMD2	58	13.5514	10	6.45161
PCDH15	58	13.5514	8	5.16129
SDK1	58	13.5514	9	5.80645
DMD	57	13.3178	12	7.74194
ARID1A	56	13.0841	11	7.09677
ATM	55	12.8505	15	9.67742
HMCN1	55	12.8505	11	7.09677
KIAA1109	55	12.8505	8	5.16129
MUC5B	55	12.8505	9	5.80645
SYNE2	55	12.8505	11	7.09677
ANK3	54	12.6168	9	5.80645
FLG	53	12.3832	16	10.3226
HYDIN	53	12.3832	16	10.3226
SACS	53	12.3832	18	11.6129
ANK2	52	12.1495	10	6.45161
TRPS1	52	12.1495	11	7.09677
BMPR2	51	11.9159	2	1.29032
KMT2B	51	11.9159	7	4.51613
SPTA1	51	11.9159	15	9.67742
TNXB	51	11.9159	4	2.58065
VPS13B	51	11.9159	8	5.16129
DNAH10	50	11.6822	13	8.3871
DNAH8	50	11.6822	12	7.74194
DSCAM	50	11.6822	6	3.87097
HERC2	50	11.6822	7	4.51613
KMT2C	50	11.6822	7	4.51613
XIRP2	50	11.6822	14	9.03226
ZFHX3	50	11.6822	4	2.58065
ACVR2A	49	11.4486	8	5.16129
MYCBP2	49	11.4486	9	5.80645
ROBO2	49	11.4486	12	7.74194
COL12A1	48	11.215	13	8.3871
COL6A3	48	11.215	9	5.80645
DNAH3	48	11.215	8	5.16129
MACF1	48	11.215	10	6.45161
NBEA	48	11.215	15	9.67742
PCDH17	48	11.215	13	8.3871
UNC13C	48	11.215	14	9.03226
AHNAK2	47	10.9813	14	9.03226
CUBN	47	10.9813	7	4.51613
SMAD4	47	10.9813	23	14.8387
TENM3	47	10.9813	11	7.09677
COL5A1	46	10.7477	3	1.93548
DNAH2	46	10.7477	11	7.09677
FAT2	46	10.7477	7	4.51613
FRY	46	10.7477	8	5.16129
DNAH17	45	10.514	10	6.45161
DSCAML1	45	10.514	6	3.87097
LAMA2	45	10.514	7	4.51613
LRP1	45	10.514	8	5.16129
NALCN	45	10.514	10	6.45161
NRXN1	45	10.514	10	6.45161
PCDH9	45	10.514	8	5.16129
PRKDC	45	10.514	8	5.16129
TSHZ3	45	10.514	7	4.51613
ZNF536	45	10.514	8	5.16129
DNAH7	44	10.2804	15	9.67742
FAT1	44	10.2804	9	5.80645
FCGBP	44	10.2804	8	5.16129
FLNC	44	10.2804	4	2.58065
HECTD4	44	10.2804	8	5.16129
LAMA1	44	10.2804	5	3.22581
LRRK2	44	10.2804	11	7.09677
MXRA5	44	10.2804	11	7.09677
NAV3	44	10.2804	9	5.80645
NFASC	44	10.2804	3	1.93548
RNF213	44	10.2804	10	6.45161
BSN	43	10.0467	8	5.16129
COL11A1	43	10.0467	7	4.51613
DNAH9	43	10.0467	8	5.16129
ERBB4	43	10.0467	12	7.74194
HECW1	43	10.0467	12	7.74194
IGF2R	43	10.0467	5	3.22581
PCDH10	43	10.0467	5	3.22581
RELN	43	10.0467	11	7.09677
SCN1A	43	10.0467	5	3.22581
SRCAP	43	10.0467	8	5.16129
TENM1	43	10.0467	13	8.3871
UNC79	43	10.0467	6	3.87097
AKAP9	42	9.81308	9	5.80645
ASPM	42	9.81308	9	5.80645
DNAH1	42	9.81308	5	3.22581
DYNC2H1	42	9.81308	12	7.74194
FNDC1	42	9.81308	8	5.16129
FREM2	42	9.81308	13	8.3871
MUC17	42	9.81308	8	5.16129
NIPBL	42	9.81308	6	3.87097
TNC	42	9.81308	5	3.22581
ZNF831	42	9.81308	6	3.87097
CACNA1H	41	9.57944	4	2.58065
CHD7	41	9.57944	4	2.58065
DYSF	41	9.57944	10	6.45161
FRYL	41	9.57944	8	5.16129
GRIK2	41	9.57944	8	5.16129
PLXNA4	41	9.57944	4	2.58065
PTPRT	41	9.57944	14	9.03226
TCF7L2	41	9.57944	14	9.03226
APOB	40	9.34579	11	7.09677
ASH1L	40	9.34579	9	5.80645
CDH10	40	9.34579	3	1.93548
COL27A1	40	9.34579	6	3.87097
COL6A6	40	9.34579	7	4.51613
CREBBP	40	9.34579	7	4.51613
DCHS1	40	9.34579	8	5.16129
GLI3	40	9.34579	11	7.09677
PCDH11X	40	9.34579	10	6.45161
PDZD2	40	9.34579	10	6.45161
PLEC	40	9.34579	4	2.58065
RIMS1	40	9.34579	14	9.03226
RIMS2	40	9.34579	6	3.87097
ROBO1	40	9.34579	11	7.09677
AHNAK	39	9.11215	8	5.16129
ANKRD11	39	9.11215	4	2.58065
ATP10A	39	9.11215	10	6.45161
CELSR1	39	9.11215	4	2.58065
COL7A1	39	9.11215	7	4.51613
FBN3	39	9.11215	10	6.45161
FRAS1	39	9.11215	7	4.51613
IGSF9B	39	9.11215	3	1.93548
KMT2A	39	9.11215	3	1.93548
MEGF8	39	9.11215	7	4.51613
MTOR	39	9.11215	2	1.29032
PKHD1	39	9.11215	11	7.09677
PTPRS	39	9.11215	2	1.29032
TAF1L	39	9.11215	8	5.16129
TECTA	39	9.11215	7	4.51613
VCAN	39	9.11215	11	7.09677
VWF	39	9.11215	9	5.80645
ZDBF2	39	9.11215	9	5.80645
ABCA1	38	8.8785	5	3.22581
CACNA1A	38	8.8785	7	4.51613
CNOT1	38	8.8785	7	4.51613
DOCK2	38	8.8785	12	7.74194
LAMA5	38	8.8785	9	5.80645
LRRIQ1	38	8.8785	10	6.45161
PAPPA2	38	8.8785	9	5.80645
PXDN	38	8.8785	9	5.80645
ROS1	38	8.8785	7	4.51613
RP1	38	8.8785	13	8.3871
TMEM132D	38	8.8785	13	8.3871
TRIO	38	8.8785	2	1.29032
ADAMTS2	37	8.64486	4	2.58065
BCL9L	37	8.64486	10	6.45161
FBN2	37	8.64486	5	3.22581
GRIN2A	37	8.64486	11	7.09677
MAP2	37	8.64486	9	5.80645
MBD6	37	8.64486	3	1.93548
MYO15A	37	8.64486	4	2.58065
SCN5A	37	8.64486	8	5.16129
SCN9A	37	8.64486	10	6.45161
SPEG	37	8.64486	7	4.51613
SVIL	37	8.64486	4	2.58065
TNR	37	8.64486	8	5.16129
TRRAP	37	8.64486	7	4.51613
VPS13A	37	8.64486	6	3.87097
ABCA12	36	8.41121	11	7.09677
AKAP12	36	8.41121	6	3.87097
BCL9	36	8.41121	11	7.09677
BIRC6	36	8.41121	7	4.51613
BNC2	36	8.41121	3	1.93548
CMYA5	36	8.41121	10	6.45161
COL22A1	36	8.41121	6	3.87097
FBN1	36	8.41121	11	7.09677
MAGEC1	36	8.41121	7	4.51613
MAP1B	36	8.41121	5	3.22581
MAP3K4	36	8.41121	5	3.22581
MYO18B	36	8.41121	7	4.51613
PKHD1L1	36	8.41121	8	5.16129
TENM2	36	8.41121	9	5.80645
A2ML1	35	8.17757	5	3.22581
ADAMTS16	35	8.17757	9	5.80645
BRWD3	35	8.17757	5	3.22581
CNTN6	35	8.17757	4	2.58065
CTNNA2	35	8.17757	6	3.87097
DYNC1H1	35	8.17757	8	5.16129
FN1	35	8.17757	10	6.45161
ITPR3	35	8.17757	2	1.29032
MYH9	35	8.17757	3	1.93548
MYO16	35	8.17757	4	2.58065
NAV2	35	8.17757	4	2.58065
PCDHA2	35	8.17757	5	3.22581
PCDHB8	35	8.17757	7	4.51613
RP1L1	35	8.17757	4	2.58065
SDK2	35	8.17757	2	1.29032
TEX15	35	8.17757	10	6.45161
TNS1	35	8.17757	5	3.22581
UBR4	35	8.17757	4	2.58065
VPS13C	35	8.17757	7	4.51613
ZBTB20	35	8.17757	2	1.29032
ADGRL3	34	7.94393	10	6.45161
BCORL1	34	7.94393	3	1.93548
CDH23	34	7.94393	7	4.51613
CDH9	34	7.94393	11	7.09677
CHD4	34	7.94393	5	3.22581
CHD8	34	7.94393	5	3.22581
DCC	34	7.94393	8	5.16129
EP400	34	7.94393	7	4.51613
EVC2	34	7.94393	4	2.58065
F8	34	7.94393	10	6.45161
HERC1	34	7.94393	5	3.22581
HUWE1	34	7.94393	8	5.16129
KANSL1	34	7.94393	4	2.58065
MINAR1	34	7.94393	5	3.22581
MKI67	34	7.94393	9	5.80645
MYO3A	34	7.94393	11	7.09677
NCKAP5	34	7.94393	7	4.51613
NOS1	34	7.94393	8	5.16129
PCNT	34	7.94393	2	1.29032
PTPRK	34	7.94393	6	3.87097
RIF1	34	7.94393	5	3.22581
SCN11A	34	7.94393	9	5.80645
SPAG17	34	7.94393	8	5.16129
SPEF2	34	7.94393	8	5.16129
UBR5	34	7.94393	5	3.22581
USP34	34	7.94393	6	3.87097
ZNF292	34	7.94393	6	3.87097
ABCA4	33	7.71028	5	3.22581
CACNA1B	33	7.71028	6	3.87097
CNTNAP5	33	7.71028	8	5.16129
CUX2	33	7.71028	5	3.22581
DSEL	33	7.71028	10	6.45161
FLNA	33	7.71028	4	2.58065
MYH14	33	7.71028	2	1.29032
NLRC5	33	7.71028	1	0.645161
NRXN2	33	7.71028	6	3.87097
OTOGL	33	7.71028	12	7.74194
PAPPA	33	7.71028	7	4.51613
PCDHA12	33	7.71028	10	6.45161
PXDNL	33	7.71028	9	5.80645
SCN7A	33	7.71028	9	5.80645
TG	33	7.71028	10	6.45161
THSD7B	33	7.71028	8	5.16129
TRIOBP	33	7.71028	4	2.58065
ZNF423	33	7.71028	4	2.58065
ADGRL2	32	7.47664	7	4.51613
ARAP2	32	7.47664	4	2.58065
ARFGEF1	32	7.47664	5	3.22581
BCOR	32	7.47664	3	1.93548
BRCA2	32	7.47664	10	6.45161
CNTNAP4	32	7.47664	3	1.93548
EPHA5	32	7.47664	9	5.80645
ERICH3	32	7.47664	5	3.22581
FHOD3	32	7.47664	4	2.58065
FMN2	32	7.47664	9	5.80645
GALNT17	32	7.47664	6	3.87097
GCN1	32	7.47664	4	2.58065
GOLGB1	32	7.47664	4	2.58065
KALRN	32	7.47664	7	4.51613
KCNB2	32	7.47664	10	6.45161
KIF21A	32	7.47664	6	3.87097
KIF26B	32	7.47664	8	5.16129
LAMA3	32	7.47664	4	2.58065
LRRC7	32	7.47664	11	7.09677
MAP1A	32	7.47664	6	3.87097
NUP205	32	7.47664	4	2.58065
PKD1	32	7.47664	3	1.93548
PRDM9	32	7.47664	5	3.22581
PREX2	32	7.47664	7	4.51613
REV3L	32	7.47664	5	3.22581
SCN3A	32	7.47664	8	5.16129
SETX	32	7.47664	8	5.16129
SPEN	32	7.47664	3	1.93548
STAB1	32	7.47664	4	2.58065
USP9X	32	7.47664	6	3.87097
ZNF804B	32	7.47664	12	7.74194
ACACB	31	7.24299	3	1.93548
ADAMTS20	31	7.24299	8	5.16129
ADCY8	31	7.24299	5	3.22581
AFF2	31	7.24299	6	3.87097
AKAP6	31	7.24299	10	6.45161
ALMS1	31	7.24299	10	6.45161
ATRX	31	7.24299	8	5.16129
CHD6	31	7.24299	8	5.16129
CNTNAP2	31	7.24299	7	4.51613
DAPK1	31	7.24299	4	2.58065
DCAF4L2	31	7.24299	5	3.22581
DIDO1	31	7.24299	4	2.58065
DLC1	31	7.24299	7	4.51613
DMXL2	31	7.24299	7	4.51613
EPG5	31	7.24299	6	3.87097
EPHA3	31	7.24299	4	2.58065
FAM47C	31	7.24299	8	5.16129
HELZ2	31	7.24299	2	1.29032
ITPR1	31	7.24299	6	3.87097
LARP4B	31	7.24299	2	1.29032
MIDEAS	31	7.24299	3	1.93548
MYH2	31	7.24299	7	4.51613
NCOR2	31	7.24299	3	1.93548
PCDHA8	31	7.24299	5	3.22581
PEG3	31	7.24299	12	7.74194
SCN2A	31	7.24299	6	3.87097
SLITRK1	31	7.24299	9	5.80645
SPTB	31	7.24299	6	3.87097
SPTBN1	31	7.24299	2	1.29032
SVEP1	31	7.24299	8	5.16129
TCERG1	31	7.24299	4	2.58065
TIAM1	31	7.24299	9	5.80645
TNRC6B	31	7.24299	6	3.87097
ACACA	30	7.00935	6	3.87097
ADAMTSL3	30	7.00935	6	3.87097
ADGRG4	30	7.00935	10	6.45161
ALK	30	7.00935	3	1.93548
ARID2	30	7.00935	6	3.87097
CACNA1C	30	7.00935	5	3.22581
CENPF	30	7.00935	8	5.16129
CHD9	30	7.00935	7	4.51613
COL4A1	30	7.00935	4	2.58065
CPAMD8	30	7.00935	6	3.87097
DISP3	30	7.00935	5	3.22581
DLG2	30	7.00935	7	4.51613
FASN	30	7.00935	2	1.29032
FLNB	30	7.00935	2	1.29032
GPR179	30	7.00935	6	3.87097
GTF3C1	30	7.00935	5	3.22581
HSPG2	30	7.00935	3	1.93548
LPA	30	7.00935	8	5.16129
LYST	30	7.00935	5	3.22581
MED12	30	7.00935	7	4.51613
MGA	30	7.00935	8	5.16129
MYH7	30	7.00935	5	3.22581
MYH8	30	7.00935	5	3.22581
MYO5A	30	7.00935	5	3.22581
PCDH18	30	7.00935	7	4.51613
PLXNA1	30	7.00935	4	2.58065
PLXND1	30	7.00935	7	4.51613
PRUNE2	30	7.00935	5	3.22581
PTPRZ1	30	7.00935	9	5.80645
RIMBP2	30	7.00935	6	3.87097
SCN4A	30	7.00935	7	4.51613
SFMBT2	30	7.00935	4	2.58065
SPHKAP	30	7.00935	8	5.16129
TEAD2	30	7.00935	0	0
TRIP12	30	7.00935	6	3.87097
UTRN	30	7.00935	9	5.80645
YLPM1	30	7.00935	6	3.87097
ACAN	29	6.7757	7	4.51613
ADAMTSL1	29	6.7757	4	2.58065
ADGRB3	29	6.7757	8	5.16129
AKAP13	29	6.7757	4	2.58065
CACNA1G	29	6.7757	3	1.93548
CARD11	29	6.7757	9	5.80645
CDK12	29	6.7757	5	3.22581
CELSR2	29	6.7757	5	3.22581
CEP290	29	6.7757	8	5.16129
CIC	29	6.7757	2	1.29032
COL14A1	29	6.7757	5	3.22581
COL4A4	29	6.7757	3	1.93548
CTNNB1	29	6.7757	6	3.87097
CUL9	29	6.7757	6	3.87097
DMXL1	29	6.7757	9	5.80645
DOCK5	29	6.7757	6	3.87097
DOCK8	29	6.7757	5	3.22581
FAM135B	29	6.7757	8	5.16129
FLT4	29	6.7757	3	1.93548
GPR158	29	6.7757	9	5.80645
IGSF10	29	6.7757	7	4.51613
KCNA4	29	6.7757	8	5.16129
LAMA4	29	6.7757	4	2.58065
MGAM	29	6.7757	5	3.22581
MTUS2	29	6.7757	4	2.58065
NOTCH3	29	6.7757	5	3.22581
NUGGC	29	6.7757	4	2.58065
PKDREJ	29	6.7757	6	3.87097
POLE	29	6.7757	6	3.87097
RGS12	29	6.7757	0	0
SALL1	29	6.7757	9	5.80645
SIPA1L1	29	6.7757	4	2.58065
SLIT1	29	6.7757	4	2.58065
TCF20	29	6.7757	4	2.58065
TCHH	29	6.7757	5	3.22581
THSD7A	29	6.7757	6	3.87097
TRPC4	29	6.7757	9	5.80645
ZC3H13	29	6.7757	7	4.51613
ATG2A	28	6.54206	3	1.93548
CACNA1D	28	6.54206	3	1.93548
CACNA1F	28	6.54206	6	3.87097
CADPS	28	6.54206	6	3.87097
CDH18	28	6.54206	5	3.22581
CHD3	28	6.54206	3	1.93548
COL18A1	28	6.54206	3	1.93548
COL1A2	28	6.54206	6	3.87097
DLGAP2	28	6.54206	3	1.93548
GREB1	28	6.54206	6	3.87097
GRM5	28	6.54206	5	3.22581
IRS4	28	6.54206	5	3.22581
ITPR2	28	6.54206	6	3.87097
KCNH7	28	6.54206	7	4.51613
KIAA1217	28	6.54206	5	3.22581
MED12L	28	6.54206	7	4.51613
MTCL1	28	6.54206	3	1.93548
MYH13	28	6.54206	5	3.22581
MYH6	28	6.54206	6	3.87097
MYO7A	28	6.54206	5	3.22581
NBEAL2	28	6.54206	4	2.58065
NLRP7	28	6.54206	7	4.51613
NPAP1	28	6.54206	6	3.87097
PCDHB7	28	6.54206	6	3.87097
PKD1L1	28	6.54206	7	4.51613
PLCG2	28	6.54206	7	4.51613
PLXNB1	28	6.54206	1	0.645161
PLXNB3	28	6.54206	4	2.58065
POLQ	28	6.54206	7	4.51613
PTPRC	28	6.54206	10	6.45161
RANBP2	28	6.54206	6	3.87097
SRRM2	28	6.54206	3	1.93548
TRPM3	28	6.54206	7	4.51613
TULP4	28	6.54206	5	3.22581
USF3	28	6.54206	6	3.87097
WDFY3	28	6.54206	6	3.87097
XYLT2	28	6.54206	1	0.645161
ABCA2	27	6.30841	5	3.22581
ADAMTS12	27	6.30841	7	4.51613
ADAMTS9	27	6.30841	6	3.87097
ANK1	27	6.30841	9	5.80645
ARID1B	27	6.30841	4	2.58065
AXIN2	27	6.30841	5	3.22581
BRINP3	27	6.30841	5	3.22581
C3	27	6.30841	4	2.58065
CDH2	27	6.30841	5	3.22581
CEP170	27	6.30841	8	5.16129
CFH	27	6.30841	5	3.22581
CHD5	27	6.30841	6	3.87097
CHL1	27	6.30841	4	2.58065
CLUH	27	6.30841	1	0.645161
COL5A2	27	6.30841	8	5.16129
DENND4B	27	6.30841	4	2.58065
DOP1A	27	6.30841	3	1.93548
GRIA1	27	6.30841	5	3.22581
GRIA2	27	6.30841	8	5.16129
HRNR	27	6.30841	7	4.51613
KATNIP	27	6.30841	4	2.58065
KIAA1549	27	6.30841	3	1.93548
LAMC3	27	6.30841	2	1.29032
MIA3	27	6.30841	4	2.58065
MPDZ	27	6.30841	7	4.51613
NCOR1	27	6.30841	5	3.22581
NEXMIF	27	6.30841	7	4.51613
NSD1	27	6.30841	6	3.87097
PCDHB2	27	6.30841	5	3.22581
PCDHGA5	27	6.30841	2	1.29032
PTEN	27	6.30841	8	5.16129
PTPN13	27	6.30841	8	5.16129
RPL22	27	6.30841	1	0.645161
SCAF4	27	6.30841	4	2.58065
SHANK1	27	6.30841	6	3.87097
SHPRH	27	6.30841	7	4.51613
STAB2	27	6.30841	6	3.87097
SYCP2	27	6.30841	6	3.87097
TANC2	27	6.30841	3	1.93548
TENM4	27	6.30841	8	5.16129
TET3	27	6.30841	3	1.93548
TRHDE	27	6.30841	5	3.22581
UGGT2	27	6.30841	7	4.51613
VPS13D	27	6.30841	6	3.87097
YTHDC2	27	6.30841	3	1.93548
ZAN	27	6.30841	5	3.22581
ZC3H18	27	6.30841	5	3.22581
ZNF804A	27	6.30841	6	3.87097
ACVR1B	26	6.07477	2	1.29032
ASCC3	26	6.07477	4	2.58065
ATG2B	26	6.07477	6	3.87097
BDP1	26	6.07477	3	1.93548
BICRA	26	6.07477	2	1.29032
BOD1L1	26	6.07477	10	6.45161
CCDC73	26	6.07477	7	4.51613
CD93	26	6.07477	4	2.58065
CDH8	26	6.07477	9	5.80645
CFAP65	26	6.07477	3	1.93548
DCLK1	26	6.07477	6	3.87097
DIP2B	26	6.07477	4	2.58065
DLGAP3	26	6.07477	3	1.93548
DSP	26	6.07477	4	2.58065
ELOA2	26	6.07477	3	1.93548
EP300	26	6.07477	7	4.51613
FER1L6	26	6.07477	7	4.51613
FILIP1	26	6.07477	7	4.51613
FSIP2	26	6.07477	4	2.58065
FSTL5	26	6.07477	6	3.87097
GABRA5	26	6.07477	7	4.51613
GRIK3	26	6.07477	6	3.87097
GRM7	26	6.07477	9	5.80645
KCNB1	26	6.07477	4	2.58065
KCNH1	26	6.07477	4	2.58065
KSR2	26	6.07477	3	1.93548
MARF1	26	6.07477	2	1.29032
MECOM	26	6.07477	4	2.58065
MYLK	26	6.07477	5	3.22581
NF1	26	6.07477	9	5.80645
PCDH19	26	6.07477	10	6.45161
PCDH7	26	6.07477	1	0.645161
PCDHA13	26	6.07477	10	6.45161
PCDHA3	26	6.07477	5	3.22581
PHF20L1	26	6.07477	3	1.93548
POLD1	26	6.07477	3	1.93548
PPL	26	6.07477	1	0.645161
SEC16A	26	6.07477	0	0
SETBP1	26	6.07477	5	3.22581
SMARCAD1	26	6.07477	6	3.87097
SOGA3	26	6.07477	5	3.22581
SORCS1	26	6.07477	11	7.09677
TET1	26	6.07477	8	5.16129
TNN	26	6.07477	6	3.87097
TOGARAM2	26	6.07477	3	1.93548
TRPM6	26	6.07477	8	5.16129
UTP20	26	6.07477	3	1.93548
ZNF318	26	6.07477	4	2.58065
ZNF518A	26	6.07477	7	4.51613
ZNF835	26	6.07477	3	1.93548
ABCA7	25	5.84112	3	1.93548
ABCC1	25	5.84112	6	3.87097
ADAMTS5	25	5.84112	4	2.58065
ADCY5	25	5.84112	2	1.29032
ALPK2	25	5.84112	5	3.22581
AMOTL1	25	5.84112	5	3.22581
ARHGAP21	25	5.84112	8	5.16129
ARHGAP31	25	5.84112	2	1.29032
ARHGAP35	25	5.84112	4	2.58065
ASTN1	25	5.84112	10	6.45161
ASXL1	25	5.84112	4	2.58065
CALD1	25	5.84112	7	4.51613
CASZ1	25	5.84112	5	3.22581
CDH11	25	5.84112	2	1.29032
CDH4	25	5.84112	5	3.22581
CDON	25	5.84112	5	3.22581
CHD1	25	5.84112	4	2.58065
COL4A5	25	5.84112	6	3.87097
DIP2C	25	5.84112	3	1.93548
EIF3A	25	5.84112	4	2.58065
EML5	25	5.84112	5	3.22581
ENAM	25	5.84112	8	5.16129
EPB41L3	25	5.84112	3	1.93548
FRMD4A	25	5.84112	1	0.645161
GRIK4	25	5.84112	1	0.645161
GRM1	25	5.84112	5	3.22581
GRM6	25	5.84112	2	1.29032
HCN4	25	5.84112	3	1.93548
HECW2	25	5.84112	7	4.51613
HLA-B	25	5.84112	1	0.645161
HNRNPL	25	5.84112	2	1.29032
ICE1	25	5.84112	8	5.16129
KDM6B	25	5.84112	1	0.645161
KIDINS220	25	5.84112	4	2.58065
KIF1A	25	5.84112	7	4.51613
KIF26A	25	5.84112	0	0
KNL1	25	5.84112	5	3.22581
MAP7D1	25	5.84112	1	0.645161
MON2	25	5.84112	4	2.58065
MRC1	25	5.84112	6	3.87097
MUC4	25	5.84112	4	2.58065
MYH11	25	5.84112	8	5.16129
NOL6	25	5.84112	1	0.645161
NRAP	25	5.84112	5	3.22581
NYAP2	25	5.84112	9	5.80645
PCDHA11	25	5.84112	7	4.51613
PCDHA7	25	5.84112	4	2.58065
PIK3C2G	25	5.84112	4	2.58065
PLXNB2	25	5.84112	4	2.58065
PPFIA2	25	5.84112	6	3.87097
PTPN14	25	5.84112	6	3.87097
RALGAPA1	25	5.84112	4	2.58065
SBF1	25	5.84112	1	0.645161
SLC4A3	25	5.84112	8	5.16129
SLIT3	25	5.84112	3	1.93548
SMARCA4	25	5.84112	5	3.22581
SMC2	25	5.84112	3	1.93548
SPTBN2	25	5.84112	7	4.51613
STAG1	25	5.84112	3	1.93548
THBS2	25	5.84112	4	2.58065
TNKS2	25	5.84112	5	3.22581
TNRC6C	25	5.84112	1	0.645161
TOP2B	25	5.84112	4	2.58065
TPO	25	5.84112	6	3.87097
TRPA1	25	5.84112	4	2.58065
TRPC3	25	5.84112	4	2.58065
TRPM2	25	5.84112	3	1.93548
TTK	25	5.84112	5	3.22581
USP35	25	5.84112	2	1.29032
WDR17	25	5.84112	6	3.87097
WWC3	25	5.84112	5	3.22581
ZFYVE26	25	5.84112	7	4.51613
ABCB1	24	5.60748	6	3.87097
ADAMTS18	24	5.60748	10	6.45161
ADCY2	24	5.60748	9	5.80645
ADGRB1	24	5.60748	9	5.80645
AFF3	24	5.60748	4	2.58065
ARHGAP20	24	5.60748	3	1.93548
ARHGAP5	24	5.60748	5	3.22581
ATAD5	24	5.60748	4	2.58065
ATP8A2	24	5.60748	6	3.87097
BAHCC1	24	5.60748	2	1.29032
BAZ1A	24	5.60748	3	1.93548
BIVM-ERCC5	24	5.60748	5	3.22581
BLM	24	5.60748	4	2.58065
CACHD1	24	5.60748	6	3.87097
CACNA2D3	24	5.60748	9	5.80645
CAD	24	5.60748	3	1.93548
CEP162	24	5.60748	3	1.93548
COL4A6	24	5.60748	1	0.645161
CROCC	24	5.60748	3	1.93548
CTNNA1	24	5.60748	3	1.93548
CTNNA3	24	5.60748	3	1.93548
DAAM2	24	5.60748	9	5.80645
DDX60L	24	5.60748	5	3.22581
DIP2A	24	5.60748	2	1.29032
DOCK1	24	5.60748	5	3.22581
DOCK10	24	5.60748	7	4.51613
DOCK11	24	5.60748	5	3.22581
FANCM	24	5.60748	6	3.87097
FLRT2	24	5.60748	9	5.80645
GSE1	24	5.60748	3	1.93548
HIVEP2	24	5.60748	6	3.87097
HTT	24	5.60748	4	2.58065
KCNA5	24	5.60748	5	3.22581
KDM2B	24	5.60748	5	3.22581
KDR	24	5.60748	7	4.51613
KIAA1549L	24	5.60748	5	3.22581
KIF13A	24	5.60748	2	1.29032
LCOR	24	5.60748	4	2.58065
LRFN5	24	5.60748	6	3.87097
LRRK1	24	5.60748	6	3.87097
MCF2	24	5.60748	5	3.22581
MSH6	24	5.60748	6	3.87097
MYH15	24	5.60748	5	3.22581
NCAM1	24	5.60748	6	3.87097
NCAPD3	24	5.60748	2	1.29032
NLGN4X	24	5.60748	6	3.87097
NOS3	24	5.60748	2	1.29032
NPHS1	24	5.60748	5	3.22581
NRK	24	5.60748	8	5.16129
NUP98	24	5.60748	3	1.93548
OSMR	24	5.60748	2	1.29032
PCDHA1	24	5.60748	3	1.93548
PCDHA4	24	5.60748	6	3.87097
PCDHB9	24	5.60748	3	1.93548
PDGFRA	24	5.60748	4	2.58065
PDS5B	24	5.60748	3	1.93548
PHF2	24	5.60748	2	1.29032
PIKFYVE	24	5.60748	6	3.87097
PLCE1	24	5.60748	6	3.87097
PLEKHA6	24	5.60748	2	1.29032
PLXNA2	24	5.60748	5	3.22581
PRDM10	24	5.60748	2	1.29032
PREX1	24	5.60748	6	3.87097
PRPF8	24	5.60748	3	1.93548
PRR12	24	5.60748	2	1.29032
PTCH1	24	5.60748	3	1.93548
PTPRM	24	5.60748	10	6.45161
RGS22	24	5.60748	7	4.51613
SETD2	24	5.60748	8	5.16129
SPECC1	24	5.60748	4	2.58065
SULF1	24	5.60748	7	4.51613
SZT2	24	5.60748	7	4.51613
TMEM132B	24	5.60748	5	3.22581
TSHZ2	24	5.60748	8	5.16129
USP24	24	5.60748	4	2.58065
WNK2	24	5.60748	1	0.645161
WNK3	24	5.60748	7	4.51613
XIRP1	24	5.60748	3	1.93548
ZNF462	24	5.60748	6	3.87097
ZNF646	24	5.60748	5	3.22581
A2M	23	5.37383	7	4.51613
ABCA3	23	5.37383	3	1.93548
ADCY1	23	5.37383	6	3.87097
ADGRB2	23	5.37383	2	1.29032
AHDC1	23	5.37383	1	0.645161
AKAP11	23	5.37383	3	1.93548
ALS2	23	5.37383	3	1.93548
ANKHD1-EIF4EBP3	23	5.37383	6	3.87097
ARFGEF2	23	5.37383	5	3.22581
ARMC4	23	5.37383	5	3.22581
ASTN2	23	5.37383	10	6.45161
ATP2B3	23	5.37383	4	2.58065
B2M	23	5.37383	5	3.22581
BRWD1	23	5.37383	6	3.87097
CACNA1S	23	5.37383	6	3.87097
CACNA2D1	23	5.37383	4	2.58065
CAMTA1	23	5.37383	4	2.58065
CAMTA2	23	5.37383	0	0
CCDC88A	23	5.37383	7	4.51613
CD163	23	5.37383	5	3.22581
CDH12	23	5.37383	9	5.80645
CELSR3	23	5.37383	4	2.58065
CHRM2	23	5.37383	4	2.58065
CKAP5	23	5.37383	3	1.93548
CNTLN	23	5.37383	4	2.58065
CNTN1	23	5.37383	5	3.22581
CNTN4	23	5.37383	6	3.87097
CNTN5	23	5.37383	6	3.87097
CNTRL	23	5.37383	2	1.29032
COL19A1	23	5.37383	4	2.58065
COL2A1	23	5.37383	2	1.29032
CUX1	23	5.37383	4	2.58065
DNAJC13	23	5.37383	5	3.22581
DOCK4	23	5.37383	8	5.16129
DPP6	23	5.37383	2	1.29032
ESPL1	23	5.37383	0	0
FREM1	23	5.37383	6	3.87097
FRMPD1	23	5.37383	10	6.45161
GLI1	23	5.37383	4	2.58065
GRIK5	23	5.37383	3	1.93548
HCFC1	23	5.37383	2	1.29032
HDLBP	23	5.37383	6	3.87097
HEATR5B	23	5.37383	6	3.87097
HFM1	23	5.37383	5	3.22581
INSRR	23	5.37383	4	2.58065
IRS1	23	5.37383	5	3.22581
KCNQ2	23	5.37383	2	1.29032
KCNQ3	23	5.37383	6	3.87097
KCNQ5	23	5.37383	7	4.51613
KMT2E	23	5.37383	5	3.22581
LCT	23	5.37383	5	3.22581
LIFR	23	5.37383	7	4.51613
LMO7	23	5.37383	4	2.58065
MAGI2	23	5.37383	7	4.51613
MDGA2	23	5.37383	5	3.22581
MED13	23	5.37383	6	3.87097
MUC6	23	5.37383	6	3.87097
MYO9A	23	5.37383	5	3.22581
NBAS	23	5.37383	8	5.16129
NID2	23	5.37383	6	3.87097
NUP210L	23	5.37383	3	1.93548
PCDHA5	23	5.37383	8	5.16129
PCDHA6	23	5.37383	10	6.45161
PCDHA9	23	5.37383	8	5.16129
PCDHGA2	23	5.37383	6	3.87097
PCDHGA6	23	5.37383	4	2.58065
PCDHGA8	23	5.37383	8	5.16129
PCF11	23	5.37383	5	3.22581
PCNX1	23	5.37383	4	2.58065
PHIP	23	5.37383	9	5.80645
PIK3R1	23	5.37383	8	5.16129
PLXNA3	23	5.37383	6	3.87097
PPP1R3A	23	5.37383	4	2.58065
PTPRU	23	5.37383	8	5.16129
RALGAPB	23	5.37383	5	3.22581
RASGRF1	23	5.37383	4	2.58065
RNF17	23	5.37383	4	2.58065
ROCK1	23	5.37383	8	5.16129
SAGE1	23	5.37383	5	3.22581
SAMD9	23	5.37383	5	3.22581
SAMD9L	23	5.37383	7	4.51613
SCN10A	23	5.37383	5	3.22581
SCN8A	23	5.37383	4	2.58065
SEMA5B	23	5.37383	4	2.58065
SLC4A7	23	5.37383	3	1.93548
SLIT2	23	5.37383	7	4.51613
SLITRK2	23	5.37383	7	4.51613
SMC1B	23	5.37383	6	3.87097
SMCHD1	23	5.37383	5	3.22581
SPG11	23	5.37383	5	3.22581
STK31	23	5.37383	5	3.22581
TACC2	23	5.37383	5	3.22581
TEP1	23	5.37383	5	3.22581
TLE4	23	5.37383	4	2.58065
TPTE	23	5.37383	4	2.58065
TUBA3C	23	5.37383	3	1.93548
ULK2	23	5.37383	3	1.93548
UNC13A	23	5.37383	3	1.93548
UNC5C	23	5.37383	3	1.93548
USP7	23	5.37383	4	2.58065
VWA8	23	5.37383	7	4.51613
ABCA6	22	5.14019	6	3.87097
ABI3BP	22	5.14019	3	1.93548
ADAM7	22	5.14019	2	1.29032
ADAMTS17	22	5.14019	1	0.645161
ADCY9	22	5.14019	4	2.58065
ADGRL1	22	5.14019	3	1.93548
ALPK3	22	5.14019	2	1.29032
ANKRD12	22	5.14019	6	3.87097
AP2A2	22	5.14019	2	1.29032
AR	22	5.14019	4	2.58065
ARHGEF10	22	5.14019	4	2.58065
ARHGEF17	22	5.14019	2	1.29032
ARHGEF26	22	5.14019	3	1.93548
ATP6V1B1	22	5.14019	4	2.58065
ATP8B2	22	5.14019	5	3.22581
AUTS2	22	5.14019	6	3.87097
BNC1	22	5.14019	4	2.58065
BOC	22	5.14019	1	0.645161
BPTF	22	5.14019	6	3.87097
BTBD11	22	5.14019	3	1.93548
CDC42BPA	22	5.14019	5	3.22581
CDC42BPB	22	5.14019	1	0.645161
CDK5RAP2	22	5.14019	4	2.58065
CEP192	22	5.14019	3	1.93548
CFAP251	22	5.14019	3	1.93548
CFAP43	22	5.14019	6	3.87097
CIITA	22	5.14019	5	3.22581
CLIP1	22	5.14019	2	1.29032
COL1A1	22	5.14019	1	0.645161
COL3A1	22	5.14019	4	2.58065
CPS1	22	5.14019	5	3.22581
CRACD	22	5.14019	5	3.22581
CRYBG3	22	5.14019	4	2.58065
CTR9	22	5.14019	4	2.58065
CTTNBP2	22	5.14019	5	3.22581
DCDC1	22	5.14019	6	3.87097
DENND5A	22	5.14019	3	1.93548
DISP1	22	5.14019	8	5.16129
DMBT1	22	5.14019	4	2.58065
DOCK9	22	5.14019	8	5.16129
DUOX2	22	5.14019	2	1.29032
EFCAB5	22	5.14019	5	3.22581
ELMO1	22	5.14019	4	2.58065
EPHA6	22	5.14019	6	3.87097
EPHB1	22	5.14019	8	5.16129
ERBB3	22	5.14019	6	3.87097
EYS	22	5.14019	5	3.22581
FAM47B	22	5.14019	5	3.22581
FBXL7	22	5.14019	6	3.87097
FLG2	22	5.14019	5	3.22581
FRMPD3	22	5.14019	5	3.22581
GRID1	22	5.14019	3	1.93548
HEATR1	22	5.14019	6	3.87097
IFT172	22	5.14019	4	2.58065
ITIH2	22	5.14019	4	2.58065
ITIH6	22	5.14019	5	3.22581
ITSN1	22	5.14019	6	3.87097
JMJD1C	22	5.14019	8	5.16129
KCNMA1	22	5.14019	4	2.58065
KLHL4	22	5.14019	5	3.22581
LRFN2	22	5.14019	1	0.645161
MAGEE1	22	5.14019	2	1.29032
MBD5	22	5.14019	5	3.22581
MYO18A	22	5.14019	5	3.22581
MYO7B	22	5.14019	4	2.58065
MYPN	22	5.14019	4	2.58065
NCAM2	22	5.14019	9	5.80645
NINL	22	5.14019	6	3.87097
NLRP1	22	5.14019	2	1.29032
NOTCH1	22	5.14019	2	1.29032
NRG1	22	5.14019	2	1.29032
NRIP1	22	5.14019	3	1.93548
NYNRIN	22	5.14019	3	1.93548
OCA2	22	5.14019	3	1.93548
OTOF	22	5.14019	2	1.29032
PCDHGA12	22	5.14019	3	1.93548
PCDHGA7	22	5.14019	3	1.93548
PCDHGB3	22	5.14019	8	5.16129
PIK3CG	22	5.14019	6	3.87097
PLG	22	5.14019	5	3.22581
POLRMT	22	5.14019	3	1.93548
POSTN	22	5.14019	4	2.58065
PRDM2	22	5.14019	5	3.22581
PRKD1	22	5.14019	6	3.87097
RET	22	5.14019	5	3.22581
ROBO3	22	5.14019	3	1.93548
SCAPER	22	5.14019	7	4.51613
SETD1A	22	5.14019	1	0.645161
SF3B1	22	5.14019	2	1.29032
SGSM1	22	5.14019	2	1.29032
SIGLEC1	22	5.14019	7	4.51613
SLC12A5	22	5.14019	3	1.93548
SLC8A2	22	5.14019	2	1.29032
SMAD2	22	5.14019	7	4.51613
SNX13	22	5.14019	5	3.22581
SORBS2	22	5.14019	4	2.58065
SRGAP1	22	5.14019	1	0.645161
TNRC18	22	5.14019	3	1.93548
TOGARAM1	22	5.14019	3	1.93548
TP53BP1	22	5.14019	6	3.87097
TRANK1	22	5.14019	6	3.87097
TSPOAP1	22	5.14019	2	1.29032
USP28	22	5.14019	6	3.87097
XPO4	22	5.14019	3	1.93548
ZMYND8	22	5.14019	3	1.93548
ZNF407	22	5.14019	5	3.22581
ZNF521	22	5.14019	10	6.45161
ABCA10	21	4.90654	7	4.51613
ABCA5	21	4.90654	5	3.22581
ABCB11	21	4.90654	5	3.22581
ADAMTS10	21	4.90654	3	1.93548
AGRN	21	4.90654	2	1.29032
ANKRD30A	21	4.90654	6	3.87097
APBA2	21	4.90654	3	1.93548
ARAP1	21	4.90654	3	1.93548
ARAP3	21	4.90654	5	3.22581
ARHGAP22	21	4.90654	1	0.645161
ARHGAP36	21	4.90654	4	2.58065
ATP12A	21	4.90654	4	2.58065
ATP1A2	21	4.90654	1	0.645161
ATP2A1	21	4.90654	5	3.22581
ATR	21	4.90654	5	3.22581
BRD3	21	4.90654	3	1.93548
BRINP1	21	4.90654	5	3.22581
C8B	21	4.90654	5	3.22581
CABIN1	21	4.90654	4	2.58065
CACNA1I	21	4.90654	5	3.22581
CAMSAP1	21	4.90654	3	1.93548
CCDC180	21	4.90654	4	2.58065
CCDC39	21	4.90654	3	1.93548
CENPE	21	4.90654	6	3.87097
CFAP47	21	4.90654	8	5.16129
CHD2	21	4.90654	6	3.87097
CHRD	21	4.90654	5	3.22581
CLASP1	21	4.90654	3	1.93548
COL11A2	21	4.90654	4	2.58065
CR1	21	4.90654	4	2.58065
CTNND2	21	4.90654	7	4.51613
DAB2IP	21	4.90654	2	1.29032
DICER1	21	4.90654	4	2.58065
DLEC1	21	4.90654	1	0.645161
DOP1B	21	4.90654	3	1.93548
DPP10	21	4.90654	11	7.09677
DROSHA	21	4.90654	2	1.29032
ERC2	21	4.90654	3	1.93548
EVC	21	4.90654	2	1.29032
EXPH5	21	4.90654	5	3.22581
FAM193A	21	4.90654	3	1.93548
FAM47A	21	4.90654	7	4.51613
FPGT-TNNI3K	21	4.90654	4	2.58065
GLUD2	21	4.90654	4	2.58065
GPRASP1	21	4.90654	3	1.93548
GRID2	21	4.90654	3	1.93548
HCN1	21	4.90654	5	3.22581
IGSF1	21	4.90654	7	4.51613
INPPL1	21	4.90654	2	1.29032
IQCA1	21	4.90654	2	1.29032
ITGAL	21	4.90654	3	1.93548
ITSN2	21	4.90654	2	1.29032
JAKMIP2	21	4.90654	6	3.87097
JCAD	21	4.90654	4	2.58065
KCNA1	21	4.90654	1	0.645161
KCNT2	21	4.90654	8	5.16129
KIAA1755	21	4.90654	6	3.87097
KIAA2026	21	4.90654	5	3.22581
KIF13B	21	4.90654	4	2.58065
KIF1B	21	4.90654	3	1.93548
KIF21B	21	4.90654	2	1.29032
KIRREL3	21	4.90654	2	1.29032
KIT	21	4.90654	5	3.22581
LAMB4	21	4.90654	7	4.51613
LRRIQ3	21	4.90654	9	5.80645
MAGI1	21	4.90654	6	3.87097
MAST2	21	4.90654	2	1.29032
MLH3	21	4.90654	6	3.87097
MROH2B	21	4.90654	3	1.93548
MRTFA	21	4.90654	2	1.29032
MYH1	21	4.90654	4	2.58065
MYH3	21	4.90654	6	3.87097
MYH7B	21	4.90654	6	3.87097
MYO1F	21	4.90654	2	1.29032
MYO9B	21	4.90654	2	1.29032
MYOF	21	4.90654	7	4.51613
MYOM2	21	4.90654	8	5.16129
MYT1L	21	4.90654	4	2.58065
N4BP2	21	4.90654	5	3.22581
NBEAL1	21	4.90654	4	2.58065
NCKAP5L	21	4.90654	1	0.645161
NID1	21	4.90654	5	3.22581
NLRP2	21	4.90654	1	0.645161
NLRP4	21	4.90654	3	1.93548
NOTCH2	21	4.90654	5	3.22581
NRAS	21	4.90654	15	9.67742
NRXN3	21	4.90654	5	3.22581
NUMA1	21	4.90654	5	3.22581
NUP214	21	4.90654	4	2.58065
OPLAH	21	4.90654	2	1.29032
PAM	21	4.90654	4	2.58065
PARD3B	21	4.90654	3	1.93548
PARP14	21	4.90654	5	3.22581
PASK	21	4.90654	2	1.29032
PBRM1	21	4.90654	3	1.93548
PCDHB4	21	4.90654	2	1.29032
PCDHGB4	21	4.90654	1	0.645161
PCSK5	21	4.90654	2	1.29032
PDGFRB	21	4.90654	4	2.58065
PHF3	21	4.90654	6	3.87097
PIGO	21	4.90654	3	1.93548
PLA2R1	21	4.90654	3	1.93548
PLPPR4	21	4.90654	4	2.58065
PPP6R2	21	4.90654	3	1.93548
PRKCG	21	4.90654	6	3.87097
PRRC2A	21	4.90654	3	1.93548
PRRC2C	21	4.90654	6	3.87097
PTPRD	21	4.90654	6	3.87097
RADIL	21	4.90654	5	3.22581
RAI1	21	4.90654	0	0
RXFP3	21	4.90654	1	0.645161
SALL4	21	4.90654	1	0.645161
SH3PXD2A	21	4.90654	2	1.29032
SMTN	21	4.90654	1	0.645161
SPATA31E1	21	4.90654	6	3.87097
SRGAP3	21	4.90654	3	1.93548
SUPT16H	21	4.90654	3	1.93548
SV2C	21	4.90654	2	1.29032
TANC1	21	4.90654	3	1.93548
TIAM2	21	4.90654	5	3.22581
TLL1	21	4.90654	5	3.22581
TMEM131	21	4.90654	2	1.29032
TMPRSS15	21	4.90654	6	3.87097
TNIK	21	4.90654	8	5.16129
TNRC6A	21	4.90654	7	4.51613
TUT7	21	4.90654	4	2.58065
UHRF1BP1L	21	4.90654	3	1.93548
VIRMA	21	4.90654	6	3.87097
WDR7	21	4.90654	4	2.58065
WNK1	21	4.90654	4	2.58065
WNK4	21	4.90654	0	0
WWP1	21	4.90654	5	3.22581
ZEB2	21	4.90654	10	6.45161
ZMYM2	21	4.90654	5	3.22581
ZMYM4	21	4.90654	2	1.29032
ZNF208	21	4.90654	7	4.51613
ZNF808	21	4.90654	3	1.93548
ZNF862	21	4.90654	2	1.29032
ZNFX1	21	4.90654	5	3.22581
ABCA8	20	4.6729	7	4.51613
ABCA9	20	4.6729	7	4.51613
ABCB4	20	4.6729	5	3.22581
ABCB5	20	4.6729	8	5.16129
ABCC12	20	4.6729	4	2.58065
ACIN1	20	4.6729	4	2.58065
ADAM29	20	4.6729	4	2.58065
APBB1	20	4.6729	3	1.93548
APLP1	20	4.6729	2	1.29032
ARFGEF3	20	4.6729	4	2.58065
ARHGEF11	20	4.6729	3	1.93548
ATAD2B	20	4.6729	6	3.87097
ATP13A3	20	4.6729	3	1.93548
ATP2B2	20	4.6729	6	3.87097
ATP7A	20	4.6729	1	0.645161
C2orf16	20	4.6729	4	2.58065
CARMIL1	20	4.6729	2	1.29032
CARMIL3	20	4.6729	4	2.58065
CCDC178	20	4.6729	7	4.51613
CD109	20	4.6729	7	4.51613
CHST15	20	4.6729	4	2.58065
CLSTN1	20	4.6729	1	0.645161
CLSTN2	20	4.6729	5	3.22581
COBL	20	4.6729	3	1.93548
COL15A1	20	4.6729	3	1.93548
COL4A2	20	4.6729	2	1.29032
COL5A3	20	4.6729	4	2.58065
COL6A2	20	4.6729	3	1.93548
CYLC1	20	4.6729	9	5.80645
DCAF12L2	20	4.6729	8	5.16129
DHX30	20	4.6729	3	1.93548
DHX9	20	4.6729	4	2.58065
DNHD1	20	4.6729	5	3.22581
DNM3	20	4.6729	4	2.58065
DSPP	20	4.6729	7	4.51613
ECM2	20	4.6729	2	1.29032
EIF2AK4	20	4.6729	2	1.29032
EPRS1	20	4.6729	4	2.58065
FGD6	20	4.6729	5	3.22581
FYB1	20	4.6729	5	3.22581
GIGYF1	20	4.6729	0	0
GRIA4	20	4.6729	6	3.87097
GRM8	20	4.6729	6	3.87097
GUCY1A1	20	4.6729	6	3.87097
HECTD1	20	4.6729	6	3.87097
HIRA	20	4.6729	3	1.93548
IFI16	20	4.6729	2	1.29032
IGSF9	20	4.6729	3	1.93548
ITGA7	20	4.6729	1	0.645161
JPH3	20	4.6729	2	1.29032
KCNH3	20	4.6729	3	1.93548
KCNH5	20	4.6729	7	4.51613
KDM5A	20	4.6729	5	3.22581
KIF4B	20	4.6729	5	3.22581
KLHL34	20	4.6729	1	0.645161
KNTC1	20	4.6729	3	1.93548
LAMB1	20	4.6729	5	3.22581
LRRN3	20	4.6729	7	4.51613
MAGEL2	20	4.6729	3	1.93548
MAP3K1	20	4.6729	3	1.93548
MAP3K21	20	4.6729	10	6.45161
MAST4	20	4.6729	5	3.22581
MCC	20	4.6729	5	3.22581
MEGF6	20	4.6729	6	3.87097
MICAL2	20	4.6729	3	1.93548
MICAL3	20	4.6729	4	2.58065
MROH1	20	4.6729	2	1.29032
MUC2	20	4.6729	1	0.645161
MVK	20	4.6729	1	0.645161
MYO10	20	4.6729	6	3.87097
MYT1	20	4.6729	4	2.58065
NAV1	20	4.6729	3	1.93548
NCOA2	20	4.6729	3	1.93548
NCOA6	20	4.6729	2	1.29032
NLRP5	20	4.6729	5	3.22581
NOVA1	20	4.6729	5	3.22581
NRCAM	20	4.6729	4	2.58065
NTRK3	20	4.6729	4	2.58065
NUAK1	20	4.6729	0	0
NUP210	20	4.6729	3	1.93548
PAX6	20	4.6729	2	1.29032
PCDH12	20	4.6729	2	1.29032
PCDHB12	20	4.6729	5	3.22581
PCDHB3	20	4.6729	6	3.87097
PCDHB5	20	4.6729	7	4.51613
PCDHB6	20	4.6729	7	4.51613
PCDHGB1	20	4.6729	2	1.29032
PCDHGB5	20	4.6729	3	1.93548
PCNX2	20	4.6729	5	3.22581
PDZRN4	20	4.6729	7	4.51613
PIK3C2B	20	4.6729	4	2.58065
PLCH1	20	4.6729	5	3.22581
PLEKHG4B	20	4.6729	9	5.80645
PPFIA4	20	4.6729	4	2.58065
PPRC1	20	4.6729	4	2.58065
PRTG	20	4.6729	7	4.51613
PTPRB	20	4.6729	3	1.93548
RAD51AP2	20	4.6729	6	3.87097
RAPGEF2	20	4.6729	5	3.22581
RBM15	20	4.6729	6	3.87097
REST	20	4.6729	3	1.93548
RFX7	20	4.6729	4	2.58065
RPGRIP1L	20	4.6729	3	1.93548
RPS6KA2	20	4.6729	5	3.22581
SALL2	20	4.6729	1	0.645161
SEZ6L	20	4.6729	4	2.58065
SHANK2	20	4.6729	1	0.645161
SLC24A2	20	4.6729	3	1.93548
SLC8A1	20	4.6729	5	3.22581
SLITRK5	20	4.6729	14	9.03226
SLITRK6	20	4.6729	5	3.22581
SLX4	20	4.6729	4	2.58065
SMAD3	20	4.6729	5	3.22581
SMARCA2	20	4.6729	4	2.58065
SP140	20	4.6729	2	1.29032
SPART	20	4.6729	9	5.80645
SPATA31D1	20	4.6729	5	3.22581
SPTAN1	20	4.6729	7	4.51613
SRCIN1	20	4.6729	3	1.93548
ST6GAL2	20	4.6729	2	1.29032
SUPT6H	20	4.6729	1	0.645161
TAF1	20	4.6729	4	2.58065
TAS1R2	20	4.6729	5	3.22581
TLN1	20	4.6729	3	1.93548
TMEM94	20	4.6729	4	2.58065
TPR	20	4.6729	4	2.58065
TRAPPC8	20	4.6729	4	2.58065
TRIP11	20	4.6729	9	5.80645
TRPC5	20	4.6729	2	1.29032
TRPM1	20	4.6729	5	3.22581
TRPM8	20	4.6729	6	3.87097
TUT4	20	4.6729	5	3.22581
XRN1	20	4.6729	6	3.87097
ZBED9	20	4.6729	9	5.80645
ZMYM6	20	4.6729	1	0.645161
ZNF142	20	4.6729	2	1.29032
ZNF609	20	4.6729	4	2.58065
ABCC5	19	4.43925	4	2.58065
ABCC8	19	4.43925	6	3.87097
ADAM12	19	4.43925	5	3.22581
ADAMTS1	19	4.43925	3	1.93548
ADAMTS13	19	4.43925	1	0.645161
ADAMTS7	19	4.43925	2	1.29032
AFDN	19	4.43925	5	3.22581
AFF4	19	4.43925	3	1.93548
AGL	19	4.43925	2	1.29032
AHCTF1	19	4.43925	4	2.58065
ARHGAP33	19	4.43925	1	0.645161
ARHGEF40	19	4.43925	1	0.645161
ATAD2	19	4.43925	4	2.58065
ATP10D	19	4.43925	0	0
ATP1A4	19	4.43925	4	2.58065
ATP2B4	19	4.43925	4	2.58065
ATP8B1	19	4.43925	8	5.16129
BACH2	19	4.43925	3	1.93548
BRD1	19	4.43925	4	2.58065
BRD4	19	4.43925	1	0.645161
BRPF3	19	4.43925	3	1.93548
BTAF1	19	4.43925	5	3.22581
C6	19	4.43925	5	3.22581
CDH6	19	4.43925	4	2.58065
CENPJ	19	4.43925	5	3.22581
CEP250	19	4.43925	5	3.22581
CEP350	19	4.43925	5	3.22581
CLCN4	19	4.43925	6	3.87097
CNGB1	19	4.43925	1	0.645161
COL6A1	19	4.43925	6	3.87097
CPSF1	19	4.43925	2	1.29032
CRMP1	19	4.43925	6	3.87097
CSPG4	19	4.43925	2	1.29032
DDX58	19	4.43925	2	1.29032
DNMBP	19	4.43925	4	2.58065
DOCK6	19	4.43925	2	1.29032
DPYD	19	4.43925	6	3.87097
ERCC6	19	4.43925	4	2.58065
FAM214A	19	4.43925	5	3.22581
FANCA	19	4.43925	2	1.29032
FKBP15	19	4.43925	3	1.93548
FLT1	19	4.43925	6	3.87097
FRMPD4	19	4.43925	6	3.87097
GABBR1	19	4.43925	5	3.22581
GABRG3	19	4.43925	1	0.645161
GLIS3	19	4.43925	6	3.87097
GNAS	19	4.43925	3	1.93548
GOLGA3	19	4.43925	2	1.29032
GON4L	19	4.43925	5	3.22581
IMPG1	19	4.43925	5	3.22581
ITGA10	19	4.43925	6	3.87097
ITGAX	19	4.43925	6	3.87097
ITGB4	19	4.43925	4	2.58065
JARID2	19	4.43925	2	1.29032
KANSL1L	19	4.43925	3	1.93548
KAT6B	19	4.43925	4	2.58065
KCNC3	19	4.43925	0	0
KCND3	19	4.43925	4	2.58065
KCNH8	19	4.43925	7	4.51613
KDM5B	19	4.43925	5	3.22581
KIAA0319L	19	4.43925	1	0.645161
LENG8	19	4.43925	3	1.93548
LRBA	19	4.43925	6	3.87097
LRP4	19	4.43925	5	3.22581
LRRCC1	19	4.43925	6	3.87097
MAST3	19	4.43925	4	2.58065
MCM3AP	19	4.43925	3	1.93548
MDGA1	19	4.43925	3	1.93548
MEI1	19	4.43925	2	1.29032
MROH5	19	4.43925	1	0.645161
NEFM	19	4.43925	3	1.93548
NEURL4	19	4.43925	2	1.29032
NHS	19	4.43925	3	1.93548
NLRP13	19	4.43925	5	3.22581
NLRP3	19	4.43925	5	3.22581
NOD2	19	4.43925	3	1.93548
NPHP4	19	4.43925	4	2.58065
NTRK2	19	4.43925	2	1.29032
OBSL1	19	4.43925	7	4.51613
OR6K2	19	4.43925	3	1.93548
PCDHB15	19	4.43925	5	3.22581
PCDHGA1	19	4.43925	2	1.29032
PCDHGA4	19	4.43925	2	1.29032
PCM1	19	4.43925	4	2.58065
PDE3A	19	4.43925	4	2.58065
PDS5A	19	4.43925	4	2.58065
PFKP	19	4.43925	3	1.93548
PITPNM3	19	4.43925	3	1.93548
PIWIL1	19	4.43925	6	3.87097
PLCB4	19	4.43925	4	2.58065
PLEKHA5	19	4.43925	1	0.645161
PLEKHM1	19	4.43925	3	1.93548
PLXNC1	19	4.43925	5	3.22581
PNISR	19	4.43925	3	1.93548
POLR1A	19	4.43925	5	3.22581
POU4F2	19	4.43925	1	0.645161
PPARGC1A	19	4.43925	0	0
PPP1R26	19	4.43925	0	0
PRDM16	19	4.43925	1	0.645161
PSMD1	19	4.43925	3	1.93548
PSME4	19	4.43925	4	2.58065
PTK2	19	4.43925	3	1.93548
PTPRG	19	4.43925	2	1.29032
PZP	19	4.43925	8	5.16129
RALGAPA2	19	4.43925	4	2.58065
RBM10	19	4.43925	6	3.87097
RBP3	19	4.43925	5	3.22581
RERE	19	4.43925	4	2.58065
RLF	19	4.43925	5	3.22581
RPTOR	19	4.43925	4	2.58065
RTTN	19	4.43925	3	1.93548
RUNX1T1	19	4.43925	11	7.09677
SASH1	19	4.43925	5	3.22581
SBNO1	19	4.43925	6	3.87097
SEMA3D	19	4.43925	3	1.93548
SETDB1	19	4.43925	3	1.93548
SHROOM3	19	4.43925	2	1.29032
SI	19	4.43925	6	3.87097
SIN3A	19	4.43925	7	4.51613
SLC12A7	19	4.43925	0	0
SLC3A2	19	4.43925	0	0
SLC44A5	19	4.43925	2	1.29032
SMC1A	19	4.43925	2	1.29032
SMG1	19	4.43925	4	2.58065
SNTG1	19	4.43925	2	1.29032
SOHLH2	19	4.43925	4	2.58065
SORCS3	19	4.43925	6	3.87097
SORL1	19	4.43925	3	1.93548
SPTBN4	19	4.43925	1	0.645161
STOX2	19	4.43925	2	1.29032
STYXL2	19	4.43925	5	3.22581
SV2A	19	4.43925	1	0.645161
TBC1D9	19	4.43925	5	3.22581
THBS1	19	4.43925	3	1.93548
TMEM131L	19	4.43925	6	3.87097
TMPO	19	4.43925	6	3.87097
TNS3	19	4.43925	6	3.87097
TRERF1	19	4.43925	3	1.93548
TRIM71	19	4.43925	3	1.93548
TRO	19	4.43925	6	3.87097
TRPC6	19	4.43925	7	4.51613
TSSK1B	19	4.43925	2	1.29032
TTBK1	19	4.43925	1	0.645161
TTC3	19	4.43925	7	4.51613
UBE4B	19	4.43925	8	5.16129
WHRN	19	4.43925	1	0.645161
ZEB1	19	4.43925	4	2.58065
ZFP36L2	19	4.43925	6	3.87097
ZNF236	19	4.43925	1	0.645161
ZNF43	19	4.43925	5	3.22581
ZNF658	19	4.43925	6	3.87097
ZZEF1	19	4.43925	5	3.22581
ABCC4	18	4.20561	2	1.29032
ACE	18	4.20561	3	1.93548
AGAP1	18	4.20561	3	1.93548
AK9	18	4.20561	2	1.29032
AL592490.1	18	4.20561	5	3.22581
ANKRD26	18	4.20561	5	3.22581
ANKRD50	18	4.20561	6	3.87097
ANO4	18	4.20561	6	3.87097
ARHGAP28	18	4.20561	2	1.29032
ARHGEF1	18	4.20561	2	1.29032
ARMC3	18	4.20561	4	2.58065
ASAP2	18	4.20561	4	2.58065
ASXL2	18	4.20561	5	3.22581
ASXL3	18	4.20561	3	1.93548
ATP9A	18	4.20561	2	1.29032
ATRNL1	18	4.20561	5	3.22581
ATXN2L	18	4.20561	4	2.58065
B4GALNT1	18	4.20561	1	0.645161
BTBD7	18	4.20561	3	1.93548
C5	18	4.20561	5	3.22581
CAMSAP2	18	4.20561	3	1.93548
CAND1	18	4.20561	3	1.93548
CASKIN2	18	4.20561	4	2.58065
CASP8	18	4.20561	3	1.93548
CATSPERD	18	4.20561	2	1.29032
CC2D1A	18	4.20561	2	1.29032
CCDC141	18	4.20561	6	3.87097
CCDC158	18	4.20561	5	3.22581
CD163L1	18	4.20561	6	3.87097
CDC14A	18	4.20561	5	3.22581
CECR2	18	4.20561	4	2.58065
CEMIP	18	4.20561	5	3.22581
CEP85L	18	4.20561	3	1.93548
CHRM3	18	4.20561	2	1.29032
CKAP2	18	4.20561	1	0.645161
CLCA4	18	4.20561	4	2.58065
CNGB3	18	4.20561	4	2.58065
CNNM1	18	4.20561	1	0.645161
COL20A1	18	4.20561	1	0.645161
COL24A1	18	4.20561	8	5.16129
CRYBG1	18	4.20561	3	1.93548
CSF3R	18	4.20561	4	2.58065
CTCF	18	4.20561	4	2.58065
CUL1	18	4.20561	3	1.93548
DCTN1	18	4.20561	3	1.93548
DDX17	18	4.20561	0	0
DIS3L	18	4.20561	1	0.645161
DYNC2I1	18	4.20561	3	1.93548
DZIP1L	18	4.20561	2	1.29032
E2F7	18	4.20561	3	1.93548
EFEMP1	18	4.20561	2	1.29032
EIF4G1	18	4.20561	4	2.58065
EIF4G3	18	4.20561	4	2.58065
ELP1	18	4.20561	2	1.29032
EPHA4	18	4.20561	5	3.22581
EXOC1	18	4.20561	2	1.29032
EXOC6	18	4.20561	1	0.645161
F5	18	4.20561	6	3.87097
FCRL3	18	4.20561	6	3.87097
FCRL5	18	4.20561	4	2.58065
FSTL4	18	4.20561	1	0.645161
GGT5	18	4.20561	1	0.645161
GPATCH8	18	4.20561	2	1.29032
GPR149	18	4.20561	5	3.22581
GRIN2B	18	4.20561	4	2.58065
HDX	18	4.20561	3	1.93548
HEATR5A	18	4.20561	1	0.645161
HELZ	18	4.20561	3	1.93548
HIVEP3	18	4.20561	6	3.87097
HSPA2	18	4.20561	2	1.29032
INTS1	18	4.20561	4	2.58065
IQGAP3	18	4.20561	2	1.29032
ITGAD	18	4.20561	3	1.93548
ITIH5	18	4.20561	4	2.58065
JADE1	18	4.20561	2	1.29032
JHY	18	4.20561	7	4.51613
KAT6A	18	4.20561	4	2.58065
KCND2	18	4.20561	3	1.93548
KCNV2	18	4.20561	5	3.22581
KIAA0586	18	4.20561	5	3.22581
KIF2B	18	4.20561	7	4.51613
LEPR	18	4.20561	7	4.51613
LINGO2	18	4.20561	8	5.16129
LRRTM4	18	4.20561	4	2.58065
LVRN	18	4.20561	7	4.51613
LZTR1	18	4.20561	1	0.645161
MADD	18	4.20561	4	2.58065
MAGEC3	18	4.20561	5	3.22581
MAP1S	18	4.20561	2	1.29032
MAP3K13	18	4.20561	2	1.29032
MAP4K4	18	4.20561	3	1.93548
MAPK8IP3	18	4.20561	2	1.29032
MCHR2	18	4.20561	3	1.93548
MCM4	18	4.20561	3	1.93548
MGAT3	18	4.20561	0	0
MIA2	18	4.20561	5	3.22581
MMP9	18	4.20561	3	1.93548
MPRIP	18	4.20561	2	1.29032
MTTP	18	4.20561	5	3.22581
MYOCD	18	4.20561	5	3.22581
MYOM1	18	4.20561	4	2.58065
NAP1L3	18	4.20561	4	2.58065
NCAPG	18	4.20561	1	0.645161
NCKAP1L	18	4.20561	6	3.87097
NELL2	18	4.20561	7	4.51613
NLRP8	18	4.20561	6	3.87097
NLRP9	18	4.20561	2	1.29032
NOS2	18	4.20561	2	1.29032
NPAT	18	4.20561	4	2.58065
NRG3	18	4.20561	5	3.22581
OTUD4	18	4.20561	4	2.58065
OVCH1	18	4.20561	5	3.22581
PCARE	18	4.20561	2	1.29032
PCDH8	18	4.20561	1	0.645161
PCDHB1	18	4.20561	2	1.29032
PCDHGA3	18	4.20561	5	3.22581
PCDHGB6	18	4.20561	5	3.22581
PCDHGB7	18	4.20561	5	3.22581
PCNX3	18	4.20561	3	1.93548
PEAR1	18	4.20561	3	1.93548
PER3	18	4.20561	1	0.645161
PHLDB2	18	4.20561	3	1.93548
PHLPP1	18	4.20561	3	1.93548
PHRF1	18	4.20561	2	1.29032
PPP4R4	18	4.20561	2	1.29032
PRRC2B	18	4.20561	6	3.87097
PSD2	18	4.20561	6	3.87097
PTPRN2	18	4.20561	0	0
QSER1	18	4.20561	2	1.29032
RASGRF2	18	4.20561	7	4.51613
RGS3	18	4.20561	4	2.58065
RICTOR	18	4.20561	2	1.29032
RNF40	18	4.20561	3	1.93548
ROR2	18	4.20561	2	1.29032
RXFP2	18	4.20561	6	3.87097
SAFB2	18	4.20561	2	1.29032
SCAF1	18	4.20561	4	2.58065
SCAF8	18	4.20561	4	2.58065
SEMA3C	18	4.20561	3	1.93548
SETD5	18	4.20561	4	2.58065
SH3BP4	18	4.20561	2	1.29032
SHROOM4	18	4.20561	4	2.58065
SIGLEC8	18	4.20561	4	2.58065
SIPA1L2	18	4.20561	6	3.87097
SLCO1B3	18	4.20561	3	1.93548
SLCO6A1	18	4.20561	7	4.51613
SNRNP200	18	4.20561	5	3.22581
SPTBN5	18	4.20561	6	3.87097
SRRM4	18	4.20561	1	0.645161
ST18	18	4.20561	5	3.22581
STAT1	18	4.20561	5	3.22581
STAT5B	18	4.20561	2	1.29032
SYCP2L	18	4.20561	7	4.51613
TAOK2	18	4.20561	1	0.645161
TBC1D25	18	4.20561	1	0.645161
TBX3	18	4.20561	3	1.93548
TDRD6	18	4.20561	6	3.87097
TEK	18	4.20561	4	2.58065
TEX14	18	4.20561	7	4.51613
TFAP2D	18	4.20561	2	1.29032
TGIF1	18	4.20561	5	3.22581
TIE1	18	4.20561	2	1.29032
TIMELESS	18	4.20561	1	0.645161
TJP2	18	4.20561	2	1.29032
TMEM132E	18	4.20561	4	2.58065
TNKS	18	4.20561	3	1.93548
TPP2	18	4.20561	3	1.93548
TRAPPC9	18	4.20561	4	2.58065
TRDN	18	4.20561	3	1.93548
TSC1	18	4.20561	1	0.645161
TSHZ1	18	4.20561	4	2.58065
TUBGCP3	18	4.20561	3	1.93548
UHRF1BP1	18	4.20561	3	1.93548
UNC45B	18	4.20561	3	1.93548
UNC80	18	4.20561	4	2.58065
USP19	18	4.20561	2	1.29032
USP48	18	4.20561	3	1.93548
VRTN	18	4.20561	3	1.93548
WASF3	18	4.20561	5	3.22581
WSCD2	18	4.20561	4	2.58065
ZBTB40	18	4.20561	2	1.29032
ZBTB7C	18	4.20561	1	0.645161
ZGRF1	18	4.20561	4	2.58065
ZHX2	18	4.20561	2	1.29032
ZNF516	18	4.20561	3	1.93548
ZNF540	18	4.20561	5	3.22581
ZNF91	18	4.20561	6	3.87097
ZNF98	18	4.20561	9	5.80645
ABL2	17	3.97196	4	2.58065
AC011462.1	17	3.97196	1	0.645161
ADAMTS4	17	3.97196	2	1.29032
AMPH	17	3.97196	5	3.22581
ANKIB1	17	3.97196	2	1.29032
ANKS1B	17	3.97196	6	3.87097
ARHGAP30	17	3.97196	2	1.29032
ARHGEF15	17	3.97196	2	1.29032
ARPP21	17	3.97196	7	4.51613
ATG9B	17	3.97196	4	2.58065
ATP10B	17	3.97196	2	1.29032
ATP11A	17	3.97196	0	0
ATP11C	17	3.97196	4	2.58065
ATP13A5	17	3.97196	5	3.22581
ATP4A	17	3.97196	6	3.87097
ATP8B3	17	3.97196	0	0
BAZ2B	17	3.97196	3	1.93548
BCHE	17	3.97196	5	3.22581
BCL11A	17	3.97196	1	0.645161
BEND3	17	3.97196	1	0.645161
C10orf90	17	3.97196	5	3.22581
CADPS2	17	3.97196	4	2.58065
CAMSAP3	17	3.97196	1	0.645161
CASP8AP2	17	3.97196	6	3.87097
CCDC110	17	3.97196	5	3.22581
CCDC80	17	3.97196	4	2.58065
CCNA1	17	3.97196	1	0.645161
CDC42BPG	17	3.97196	2	1.29032
CEP164	17	3.97196	5	3.22581
CEP170B	17	3.97196	1	0.645161
CFAP54	17	3.97196	4	2.58065
CFTR	17	3.97196	5	3.22581
CLEC16A	17	3.97196	5	3.22581
CNKSR2	17	3.97196	6	3.87097
CNTNAP1	17	3.97196	2	1.29032
COL17A1	17	3.97196	2	1.29032
COL9A1	17	3.97196	3	1.93548
COLEC12	17	3.97196	4	2.58065
CPED1	17	3.97196	7	4.51613
CRB1	17	3.97196	9	5.80645
CTNND1	17	3.97196	4	2.58065
DAB1	17	3.97196	3	1.93548
DDI1	17	3.97196	3	1.93548
DDX27	17	3.97196	3	1.93548
DDX60	17	3.97196	1	0.645161
DENND2C	17	3.97196	5	3.22581
DENND5B	17	3.97196	4	2.58065
DEPDC5	17	3.97196	2	1.29032
DGKD	17	3.97196	3	1.93548
DHX15	17	3.97196	2	1.29032
DHX34	17	3.97196	1	0.645161
DHX38	17	3.97196	3	1.93548
DNER	17	3.97196	5	3.22581
ECPAS	17	3.97196	4	2.58065
EDC4	17	3.97196	2	1.29032
EDNRB	17	3.97196	5	3.22581
EGFLAM	17	3.97196	2	1.29032
EGR2	17	3.97196	4	2.58065
EIF2AK1	17	3.97196	1	0.645161
EPB41L5	17	3.97196	2	1.29032
EPHA2	17	3.97196	1	0.645161
EPS8L1	17	3.97196	1	0.645161
ERICH6	17	3.97196	2	1.29032
ERN2	17	3.97196	3	1.93548
ESRP1	17	3.97196	2	1.29032
FAM214B	17	3.97196	1	0.645161
FAM83B	17	3.97196	4	2.58065
FAN1	17	3.97196	2	1.29032
FASTKD3	17	3.97196	4	2.58065
FBXO10	17	3.97196	2	1.29032
FCSK	17	3.97196	0	0
FGD1	17	3.97196	3	1.93548
FHOD1	17	3.97196	1	0.645161
FLCN	17	3.97196	1	0.645161
FMNL3	17	3.97196	5	3.22581
FOLH1	17	3.97196	4	2.58065
FXR1	17	3.97196	5	3.22581
FZD10	17	3.97196	3	1.93548
GABRG1	17	3.97196	5	3.22581
GEMIN5	17	3.97196	2	1.29032
GIGYF2	17	3.97196	6	3.87097
GOLGA4	17	3.97196	5	3.22581
GRM3	17	3.97196	5	3.22581
GUF1	17	3.97196	3	1.93548
HCFC2	17	3.97196	3	1.93548
HEG1	17	3.97196	5	3.22581
HGF	17	3.97196	5	3.22581
HIF3A	17	3.97196	2	1.29032
HIP1R	17	3.97196	3	1.93548
HIVEP1	17	3.97196	4	2.58065
HPSE2	17	3.97196	3	1.93548
HSPA12A	17	3.97196	1	0.645161
HTR2C	17	3.97196	4	2.58065
IGSF3	17	3.97196	2	1.29032
INF2	17	3.97196	1	0.645161
INHBA	17	3.97196	4	2.58065
INTS2	17	3.97196	2	1.29032
IPO11	17	3.97196	5	3.22581
IPO8	17	3.97196	5	3.22581
IQGAP2	17	3.97196	5	3.22581
IRX1	17	3.97196	3	1.93548
ITGA8	17	3.97196	5	3.22581
ITGB2	17	3.97196	3	1.93548
JAK1	17	3.97196	6	3.87097
JAKMIP1	17	3.97196	7	4.51613
KIAA0319	17	3.97196	6	3.87097
KLHL1	17	3.97196	4	2.58065
LAMB2	17	3.97196	5	3.22581
LHCGR	17	3.97196	1	0.645161
LRP5	17	3.97196	3	1.93548
MAP10	17	3.97196	4	2.58065
MAP3K5	17	3.97196	5	3.22581
MASP1	17	3.97196	4	2.58065
MAST1	17	3.97196	5	3.22581
MCF2L2	17	3.97196	7	4.51613
MDC1	17	3.97196	5	3.22581
MED13L	17	3.97196	2	1.29032
MME	17	3.97196	6	3.87097
MORC1	17	3.97196	6	3.87097
MSH2	17	3.97196	5	3.22581
MST1R	17	3.97196	0	0
MTA2	17	3.97196	0	0
MYBPC3	17	3.97196	1	0.645161
MYH4	17	3.97196	5	3.22581
MYO5C	17	3.97196	6	3.87097
NAALAD2	17	3.97196	2	1.29032
NCOA1	17	3.97196	3	1.93548
NCOA5	17	3.97196	2	1.29032
NDST3	17	3.97196	5	3.22581
NEDD4	17	3.97196	3	1.93548
NEDD9	17	3.97196	2	1.29032
NFATC1	17	3.97196	1	0.645161
NIN	17	3.97196	5	3.22581
NKTR	17	3.97196	5	3.22581
NPAS4	17	3.97196	4	2.58065
NR4A2	17	3.97196	3	1.93548
NUP133	17	3.97196	4	2.58065
NWD1	17	3.97196	7	4.51613
PAPLN	17	3.97196	4	2.58065
PAX3	17	3.97196	2	1.29032
PAXIP1	17	3.97196	4	2.58065
PCDHB10	17	3.97196	4	2.58065
PCDHGA11	17	3.97196	5	3.22581
PDE4DIP	17	3.97196	7	4.51613
PELP1	17	3.97196	1	0.645161
PI4KA	17	3.97196	10	6.45161
PIK3R6	17	3.97196	2	1.29032
PIP5K1C	17	3.97196	0	0
PLCG1	17	3.97196	2	1.29032
PLCL2	17	3.97196	3	1.93548
PLEKHH2	17	3.97196	5	3.22581
PLIN4	17	3.97196	3	1.93548
PPP1R9A	17	3.97196	3	1.93548
PTBP2	17	3.97196	2	1.29032
PTCHD3	17	3.97196	2	1.29032
PTPRF	17	3.97196	2	1.29032
RAPGEF6	17	3.97196	5	3.22581
RBM33	17	3.97196	4	2.58065
RFC1	17	3.97196	5	3.22581
RFX5	17	3.97196	1	0.645161
RNF111	17	3.97196	3	1.93548
RNF6	17	3.97196	3	1.93548
RPRD2	17	3.97196	2	1.29032
RTL9	17	3.97196	6	3.87097
SAFB	17	3.97196	3	1.93548
SBNO2	17	3.97196	1	0.645161
SCRIB	17	3.97196	2	1.29032
SCUBE3	17	3.97196	1	0.645161
SEC31A	17	3.97196	2	1.29032
SFSWAP	17	3.97196	1	0.645161
SGO2	17	3.97196	6	3.87097
SH3TC1	17	3.97196	1	0.645161
SHANK3	17	3.97196	1	0.645161
SLC12A6	17	3.97196	4	2.58065
SLC26A7	17	3.97196	3	1.93548
SLC32A1	17	3.97196	2	1.29032
SLC39A10	17	3.97196	4	2.58065
SLC9C1	17	3.97196	5	3.22581
SLFN13	17	3.97196	2	1.29032
SMC4	17	3.97196	3	1.93548
SNAP91	17	3.97196	3	1.93548
SOS2	17	3.97196	2	1.29032
SOX5	17	3.97196	7	4.51613
SPINK5	17	3.97196	4	2.58065
SRFBP1	17	3.97196	2	1.29032
STARD8	17	3.97196	4	2.58065
SYNGAP1	17	3.97196	4	2.58065
SYNJ2	17	3.97196	2	1.29032
SYNPO2	17	3.97196	5	3.22581
TASOR2	17	3.97196	4	2.58065
TBC1D32	17	3.97196	5	3.22581
TBC1D9B	17	3.97196	2	1.29032
TBX18	17	3.97196	3	1.93548
TGFBR2	17	3.97196	0	0
TICRR	17	3.97196	3	1.93548
TLN2	17	3.97196	2	1.29032
TNKS1BP1	17	3.97196	0	0
TRIM46	17	3.97196	2	1.29032
TRIM9	17	3.97196	4	2.58065
TRPC7	17	3.97196	6	3.87097
TRPM7	17	3.97196	5	3.22581
TRPV5	17	3.97196	2	1.29032
TTF1	17	3.97196	2	1.29032
ULK1	17	3.97196	2	1.29032
UPF2	17	3.97196	3	1.93548
USP29	17	3.97196	4	2.58065
USP6	17	3.97196	3	1.93548
WDR33	17	3.97196	9	5.80645
WDR49	17	3.97196	2	1.29032
WDTC1	17	3.97196	4	2.58065
XKR4	17	3.97196	1	0.645161
ZBBX	17	3.97196	5	3.22581
ZBTB41	17	3.97196	4	2.58065
ZDHHC8	17	3.97196	2	1.29032
ZFR2	17	3.97196	0	0
ZNF106	17	3.97196	4	2.58065
ZNF334	17	3.97196	4	2.58065
ZNF626	17	3.97196	3	1.93548
ZNF629	17	3.97196	1	0.645161
ZNF644	17	3.97196	5	3.22581
ZSCAN20	17	3.97196	6	3.87097
AARS2	16	3.73832	0	0
ACTA1	16	3.73832	0	0
ADAMTSL4	16	3.73832	4	2.58065
ADCY10	16	3.73832	4	2.58065
ADD3	16	3.73832	2	1.29032
ADGRD1	16	3.73832	3	1.93548
ADGRG6	16	3.73832	5	3.22581
AEBP1	16	3.73832	3	1.93548
ANKAR	16	3.73832	4	2.58065
ANKRD17	16	3.73832	4	2.58065
ANO3	16	3.73832	3	1.93548
AP3D1	16	3.73832	2	1.29032
ARAF	16	3.73832	1	0.645161
ARHGAP32	16	3.73832	4	2.58065
ATP2A2	16	3.73832	3	1.93548
ATP6V0A4	16	3.73832	6	3.87097
AXL	16	3.73832	2	1.29032
B4GALNT4	16	3.73832	1	0.645161
BCLAF1	16	3.73832	3	1.93548
BICC1	16	3.73832	2	1.29032
BMP1	16	3.73832	1	0.645161
BRIP1	16	3.73832	4	2.58065
BRSK1	16	3.73832	2	1.29032
C10orf120	16	3.73832	2	1.29032
CACNA2D4	16	3.73832	3	1.93548
CADM1	16	3.73832	1	0.645161
CASP5	16	3.73832	3	1.93548
CASR	16	3.73832	4	2.58065
CATSPERE	16	3.73832	3	1.93548
CBX8	16	3.73832	0	0
CC2D2A	16	3.73832	5	3.22581
CCAR1	16	3.73832	2	1.29032
CCDC28A	16	3.73832	0	0
CCDC88C	16	3.73832	1	0.645161
CCT8L2	16	3.73832	4	2.58065
CDH1	16	3.73832	3	1.93548
CDH16	16	3.73832	3	1.93548
CDHR3	16	3.73832	3	1.93548
CENPC	16	3.73832	1	0.645161
CEP112	16	3.73832	3	1.93548
CEP120	16	3.73832	2	1.29032
CFAP61	16	3.73832	5	3.22581
CFAP69	16	3.73832	4	2.58065
CGNL1	16	3.73832	3	1.93548
CHAT	16	3.73832	1	0.645161
CILP	16	3.73832	3	1.93548
CIT	16	3.73832	5	3.22581
CLCN2	16	3.73832	1	0.645161
CLTCL1	16	3.73832	4	2.58065
CNKSR1	16	3.73832	2	1.29032
COPA	16	3.73832	3	1.93548
CORIN	16	3.73832	4	2.58065
CPD	16	3.73832	3	1.93548
CR2	16	3.73832	4	2.58065
CRTC1	16	3.73832	0	0
CTC1	16	3.73832	0	0
CWF19L2	16	3.73832	4	2.58065
CYFIP2	16	3.73832	3	1.93548
DENND4A	16	3.73832	7	4.51613
DGKB	16	3.73832	4	2.58065
DHX29	16	3.73832	2	1.29032
DIAPH2	16	3.73832	3	1.93548
DIAPH3	16	3.73832	5	3.22581
DNMT1	16	3.73832	6	3.87097
DNMT3B	16	3.73832	7	4.51613
DOCK7	16	3.73832	5	3.22581
DUOX1	16	3.73832	7	4.51613
EEF1AKMT4-ECE2	16	3.73832	4	2.58065
EIF2AK3	16	3.73832	2	1.29032
ENC1	16	3.73832	2	1.29032
ENTPD4	16	3.73832	1	0.645161
EOMES	16	3.73832	0	0
EPHA7	16	3.73832	6	3.87097
EPHB6	16	3.73832	4	2.58065
EVPL	16	3.73832	3	1.93548
EXOC4	16	3.73832	4	2.58065
EXT1	16	3.73832	1	0.645161
FAM184A	16	3.73832	10	6.45161
FBH1	16	3.73832	2	1.29032
FHDC1	16	3.73832	4	2.58065
FIGN	16	3.73832	6	3.87097
FILIP1L	16	3.73832	2	1.29032
FKBP9	16	3.73832	1	0.645161
FOXK1	16	3.73832	3	1.93548
G3BP1	16	3.73832	2	1.29032
GAA	16	3.73832	1	0.645161
GANAB	16	3.73832	2	1.29032
GATA3	16	3.73832	3	1.93548
GBF1	16	3.73832	4	2.58065
GCC2	16	3.73832	6	3.87097
GDF5	16	3.73832	2	1.29032
GIMAP8	16	3.73832	2	1.29032
GJA8	16	3.73832	7	4.51613
GLB1L2	16	3.73832	3	1.93548
GLDC	16	3.73832	5	3.22581
GLG1	16	3.73832	0	0
GRIN3A	16	3.73832	4	2.58065
GRIP2	16	3.73832	2	1.29032
GUCY1A2	16	3.73832	6	3.87097
GUCY2F	16	3.73832	6	3.87097
HBS1L	16	3.73832	1	0.645161
HEPHL1	16	3.73832	3	1.93548
HK3	16	3.73832	4	2.58065
HLA-A	16	3.73832	1	0.645161
HSPA1L	16	3.73832	1	0.645161
HTR1A	16	3.73832	2	1.29032
IARS2	16	3.73832	3	1.93548
IBTK	16	3.73832	2	1.29032
IFT140	16	3.73832	3	1.93548
IFT80	16	3.73832	3	1.93548
IL16	16	3.73832	2	1.29032
IL1RAPL2	16	3.73832	6	3.87097
INPP4A	16	3.73832	3	1.93548
INPP5D	16	3.73832	5	3.22581
INSR	16	3.73832	2	1.29032
IQSEC1	16	3.73832	0	0
IQSEC2	16	3.73832	1	0.645161
IRAG1	16	3.73832	3	1.93548
ITGA11	16	3.73832	1	0.645161
ITGA4	16	3.73832	7	4.51613
ITGA5	16	3.73832	3	1.93548
ITGAM	16	3.73832	4	2.58065
ITGAV	16	3.73832	5	3.22581
JAG2	16	3.73832	1	0.645161
KAT14	16	3.73832	2	1.29032
KAZN	16	3.73832	1	0.645161
KCNG1	16	3.73832	3	1.93548
KCNU1	16	3.73832	6	3.87097
KCTD19	16	3.73832	2	1.29032
KCTD3	16	3.73832	3	1.93548
KCTD8	16	3.73832	1	0.645161
KIF16B	16	3.73832	5	3.22581
KIF4A	16	3.73832	3	1.93548
KLHL5	16	3.73832	3	1.93548
KLHL6	16	3.73832	1	0.645161
KNDC1	16	3.73832	4	2.58065
LARGE1	16	3.73832	3	1.93548
LGR4	16	3.73832	3	1.93548
LIG3	16	3.73832	2	1.29032
LIPE	16	3.73832	4	2.58065
LONRF2	16	3.73832	3	1.93548
LRGUK	16	3.73832	6	3.87097
LRP12	16	3.73832	6	3.87097
LRP6	16	3.73832	7	4.51613
LRRN1	16	3.73832	2	1.29032
LUZP1	16	3.73832	1	0.645161
MAN2A1	16	3.73832	3	1.93548
MAP3K10	16	3.73832	2	1.29032
MAP3K12	16	3.73832	1	0.645161
MAP7D3	16	3.73832	7	4.51613
MARK2	16	3.73832	1	0.645161
MCTP1	16	3.73832	4	2.58065
MET	16	3.73832	3	1.93548
MGAT4C	16	3.73832	5	3.22581
MGAT5	16	3.73832	1	0.645161
MGAT5B	16	3.73832	2	1.29032
MIER3	16	3.73832	3	1.93548
MINK1	16	3.73832	1	0.645161
MLH1	16	3.73832	3	1.93548
MMS22L	16	3.73832	4	2.58065
MN1	16	3.73832	0	0
MXRA8	16	3.73832	0	0
MYBBP1A	16	3.73832	0	0
MYH10	16	3.73832	4	2.58065
MYO3B	16	3.73832	4	2.58065
NAA25	16	3.73832	4	2.58065
NAALADL1	16	3.73832	2	1.29032
NCAPD2	16	3.73832	2	1.29032
NEK10	16	3.73832	4	2.58065
NELL1	16	3.73832	3	1.93548
NFATC4	16	3.73832	4	2.58065
NFE2L1	16	3.73832	1	0.645161
NMUR2	16	3.73832	4	2.58065
NOL4	16	3.73832	5	3.22581
NPC1	16	3.73832	3	1.93548
OAS2	16	3.73832	4	2.58065
OGDH	16	3.73832	2	1.29032
OGDHL	16	3.73832	4	2.58065
OPCML	16	3.73832	7	4.51613
OR2M4	16	3.73832	2	1.29032
P3H3	16	3.73832	1	0.645161
PAK5	16	3.73832	4	2.58065
PATJ	16	3.73832	5	3.22581
PAXBP1	16	3.73832	3	1.93548
PCBP1	16	3.73832	9	5.80645
PCDHA10	16	3.73832	4	2.58065
PCDHAC1	16	3.73832	4	2.58065
PCDHB13	16	3.73832	8	5.16129
PEAK1	16	3.73832	3	1.93548
PGR	16	3.73832	3	1.93548
PHC1	16	3.73832	2	1.29032
PLCB1	16	3.73832	2	1.29032
PLCB3	16	3.73832	0	0
PLK1	16	3.73832	5	3.22581
POP1	16	3.73832	4	2.58065
PRAM1	16	3.73832	2	1.29032
PRDM15	16	3.73832	3	1.93548
PRDM5	16	3.73832	4	2.58065
PRG4	16	3.73832	5	3.22581
PRPF4B	16	3.73832	1	0.645161
PTPN23	16	3.73832	4	2.58065
PTPRN	16	3.73832	4	2.58065
PYHIN1	16	3.73832	4	2.58065
RAB11FIP1	16	3.73832	1	0.645161
RAG1	16	3.73832	3	1.93548
RAPH1	16	3.73832	2	1.29032
RASA1	16	3.73832	4	2.58065
RASAL3	16	3.73832	2	1.29032
RBBP6	16	3.73832	6	3.87097
RBM46	16	3.73832	3	1.93548
RELCH	16	3.73832	1	0.645161
RESF1	16	3.73832	6	3.87097
REV1	16	3.73832	5	3.22581
RFTN1	16	3.73832	1	0.645161
ROBO4	16	3.73832	2	1.29032
RTN1	16	3.73832	3	1.93548
SEMA5A	16	3.73832	3	1.93548
SEMA6A	16	3.73832	2	1.29032
SENP7	16	3.73832	3	1.93548
SHOC1	16	3.73832	4	2.58065
SIM1	16	3.73832	5	3.22581
SLC12A1	16	3.73832	3	1.93548
SLC1A6	16	3.73832	5	3.22581
SLC4A1	16	3.73832	3	1.93548
SLC4A10	16	3.73832	2	1.29032
SLC4A11	16	3.73832	4	2.58065
SLC6A2	16	3.73832	3	1.93548
SLC9C2	16	3.73832	6	3.87097
SLFN5	16	3.73832	4	2.58065
SMARCA1	16	3.73832	9	5.80645
SND1	16	3.73832	1	0.645161
SNED1	16	3.73832	3	1.93548
SOS1	16	3.73832	5	3.22581
SOX6	16	3.73832	5	3.22581
SPAG9	16	3.73832	4	2.58065
SPON1	16	3.73832	2	1.29032
SPPL2B	16	3.73832	1	0.645161
SRRM1	16	3.73832	3	1.93548
SUPT5H	16	3.73832	4	2.58065
SYCP1	16	3.73832	6	3.87097
TAOK3	16	3.73832	1	0.645161
TBXT	16	3.73832	3	1.93548
THOC2	16	3.73832	8	5.16129
TMEM168	16	3.73832	6	3.87097
TMTC2	16	3.73832	2	1.29032
TRIM24	16	3.73832	5	3.22581
TRIM3	16	3.73832	4	2.58065
TRIM37	16	3.73832	3	1.93548
TRPV6	16	3.73832	5	3.22581
TTC37	16	3.73832	3	1.93548
TTLL5	16	3.73832	0	0
TXLNB	16	3.73832	3	1.93548
UBA6	16	3.73832	2	1.29032
UBN2	16	3.73832	3	1.93548
UNC13B	16	3.73832	3	1.93548
VAV3	16	3.73832	4	2.58065
VPS33A	16	3.73832	2	1.29032
VPS50	16	3.73832	4	2.58065
WASHC2C	16	3.73832	2	1.29032
WDR3	16	3.73832	0	0
WDR35	16	3.73832	5	3.22581
WDR90	16	3.73832	1	0.645161
WIZ	16	3.73832	1	0.645161
ZC3H4	16	3.73832	3	1.93548
ZFAT	16	3.73832	5	3.22581
ZFC3H1	16	3.73832	4	2.58065
ZFYVE28	16	3.73832	0	0
ZMYM3	16	3.73832	2	1.29032
ZNF385D	16	3.73832	4	2.58065
ZNF418	16	3.73832	2	1.29032
ZNF451	16	3.73832	5	3.22581
ZNF512B	16	3.73832	7	4.51613
ZNF615	16	3.73832	4	2.58065
ZNF99	16	3.73832	8	5.16129
AASDH	15	3.50467	6	3.87097
AASS	15	3.50467	7	4.51613
ABCC11	15	3.50467	6	3.87097
ABCC9	15	3.50467	5	3.22581
ABL1	15	3.50467	3	1.93548
ABR	15	3.50467	1	0.645161
AC004922.1	15	3.50467	2	1.29032
ACTL9	15	3.50467	2	1.29032
ACVR2B	15	3.50467	3	1.93548
ADAM8	15	3.50467	0	0
ADAMTS3	15	3.50467	5	3.22581
ADAMTSL2	15	3.50467	1	0.645161
ADAR	15	3.50467	3	1.93548
ADGRA3	15	3.50467	6	3.87097
ADGRG2	15	3.50467	4	2.58065
ADGRL4	15	3.50467	3	1.93548
AGBL5	15	3.50467	3	1.93548
AGO3	15	3.50467	1	0.645161
AGO4	15	3.50467	3	1.93548
ALDH1A3	15	3.50467	2	1.29032
ALPK1	15	3.50467	5	3.22581
ALS2CL	15	3.50467	1	0.645161
AMBRA1	15	3.50467	2	1.29032
ANKRD44	15	3.50467	3	1.93548
ANO5	15	3.50467	5	3.22581
AP3B1	15	3.50467	4	2.58065
APPL1	15	3.50467	2	1.29032
ARHGEF10L	15	3.50467	3	1.93548
ARHGEF18	15	3.50467	3	1.93548
ARHGEF6	15	3.50467	3	1.93548
ARID4A	15	3.50467	6	3.87097
ATP1A1	15	3.50467	2	1.29032
AXDND1	15	3.50467	8	5.16129
BCAS3	15	3.50467	3	1.93548
BICDL1	15	3.50467	1	0.645161
BRINP2	15	3.50467	5	3.22581
C15orf39	15	3.50467	2	1.29032
C1R	15	3.50467	3	1.93548
C2CD5	15	3.50467	3	1.93548
C6orf118	15	3.50467	3	1.93548
CARD6	15	3.50467	2	1.29032
CASKIN1	15	3.50467	1	0.645161
CASS4	15	3.50467	2	1.29032
CCDC171	15	3.50467	5	3.22581
CCKBR	15	3.50467	6	3.87097
CD1E	15	3.50467	4	2.58065
CD58	15	3.50467	3	1.93548
CDAN1	15	3.50467	2	1.29032
CDH19	15	3.50467	5	3.22581
CDH22	15	3.50467	3	1.93548
CDRT1	15	3.50467	4	2.58065
CEP152	15	3.50467	7	4.51613
CFAP100	15	3.50467	2	1.29032
CFAP45	15	3.50467	2	1.29032
CFAP58	15	3.50467	3	1.93548
CHST2	15	3.50467	3	1.93548
CHSY1	15	3.50467	0	0
CLIP2	15	3.50467	0	0
CLIP4	15	3.50467	2	1.29032
CNBD1	15	3.50467	5	3.22581
CNTN3	15	3.50467	5	3.22581
CPQ	15	3.50467	3	1.93548
CSDE1	15	3.50467	3	1.93548
CSF1R	15	3.50467	0	0
CYLC2	15	3.50467	2	1.29032
CYP7B1	15	3.50467	4	2.58065
DDR2	15	3.50467	4	2.58065
DDX54	15	3.50467	1	0.645161
DENND3	15	3.50467	7	4.51613
DENND6A	15	3.50467	1	0.645161
DGKI	15	3.50467	5	3.22581
DGKZ	15	3.50467	3	1.93548
DHX16	15	3.50467	1	0.645161
DHX57	15	3.50467	3	1.93548
DIAPH1	15	3.50467	3	1.93548
DLG5	15	3.50467	2	1.29032
DLGAP1	15	3.50467	3	1.93548
DNAI4	15	3.50467	3	1.93548
DZIP1	15	3.50467	3	1.93548
E4F1	15	3.50467	1	0.645161
EEA1	15	3.50467	6	3.87097
EEF1AKNMT	15	3.50467	1	0.645161
EFCAB6	15	3.50467	8	5.16129
EHD3	15	3.50467	4	2.58065
EIF5B	15	3.50467	2	1.29032
EMILIN1	15	3.50467	2	1.29032
EMSY	15	3.50467	2	1.29032
ENPP2	15	3.50467	3	1.93548
EPHA10	15	3.50467	2	1.29032
EPPK1	15	3.50467	2	1.29032
ERF	15	3.50467	0	0
ESR1	15	3.50467	6	3.87097
EVI5	15	3.50467	5	3.22581
FANCD2	15	3.50467	3	1.93548
FBXW10	15	3.50467	3	1.93548
FER	15	3.50467	5	3.22581
FGFR2	15	3.50467	4	2.58065
FLRT1	15	3.50467	1	0.645161
FNIP1	15	3.50467	3	1.93548
FOXG1	15	3.50467	3	1.93548
FURIN	15	3.50467	1	0.645161
FYCO1	15	3.50467	2	1.29032
GABRA1	15	3.50467	2	1.29032
GABRQ	15	3.50467	3	1.93548
GAK	15	3.50467	2	1.29032
GAPVD1	15	3.50467	5	3.22581
GFRA1	15	3.50467	6	3.87097
GLRB	15	3.50467	2	1.29032
GPR37	15	3.50467	5	3.22581
GRIK1	15	3.50467	2	1.29032
GUCY1B1	15	3.50467	2	1.29032
GUCY2C	15	3.50467	1	0.645161
HEATR4	15	3.50467	3	1.93548
HELB	15	3.50467	2	1.29032
HELQ	15	3.50467	3	1.93548
HHIP	15	3.50467	1	0.645161
IFFO1	15	3.50467	0	0
IGF2BP1	15	3.50467	3	1.93548
IL18RAP	15	3.50467	4	2.58065
IL1RAPL1	15	3.50467	5	3.22581
IL1RL1	15	3.50467	4	2.58065
IL7R	15	3.50467	4	2.58065
IMPG2	15	3.50467	5	3.22581
IQSEC3	15	3.50467	1	0.645161
ISLR2	15	3.50467	1	0.645161
ITGB8	15	3.50467	2	1.29032
ITIH1	15	3.50467	7	4.51613
IVL	15	3.50467	2	1.29032
JUP	15	3.50467	2	1.29032
KANK1	15	3.50467	4	2.58065
KCNA3	15	3.50467	3	1.93548
KCNH4	15	3.50467	5	3.22581
KCNJ3	15	3.50467	2	1.29032
KCNJ8	15	3.50467	2	1.29032
KCNS2	15	3.50467	6	3.87097
KDM2A	15	3.50467	0	0
KIAA0825	15	3.50467	3	1.93548
KIF17	15	3.50467	2	1.29032
KIF20B	15	3.50467	9	5.80645
KIFC3	15	3.50467	3	1.93548
KPRP	15	3.50467	2	1.29032
LINGO1	15	3.50467	0	0
LNPEP	15	3.50467	2	1.29032
LOXL2	15	3.50467	2	1.29032
LRRC66	15	3.50467	1	0.645161
MACC1	15	3.50467	5	3.22581
MAMLD1	15	3.50467	3	1.93548
MAP9	15	3.50467	3	1.93548
MARCHF10	15	3.50467	2	1.29032
MARK1	15	3.50467	7	4.51613
MARK4	15	3.50467	3	1.93548
MCF2L	15	3.50467	2	1.29032
MED1	15	3.50467	5	3.22581
MEIS1	15	3.50467	2	1.29032
MIS18BP1	15	3.50467	5	3.22581
MOV10L1	15	3.50467	3	1.93548
MPO	15	3.50467	5	3.22581
MSH3	15	3.50467	4	2.58065
MYO1A	15	3.50467	2	1.29032
MYO1B	15	3.50467	4	2.58065
MYO1E	15	3.50467	3	1.93548
NAA15	15	3.50467	2	1.29032
NDST4	15	3.50467	4	2.58065
NEMF	15	3.50467	4	2.58065
NEO1	15	3.50467	5	3.22581
NEXN	15	3.50467	4	2.58065
NLRC4	15	3.50467	4	2.58065
NPC1L1	15	3.50467	3	1.93548
NPR2	15	3.50467	2	1.29032
NR0B1	15	3.50467	4	2.58065
NSD2	15	3.50467	3	1.93548
NTNG2	15	3.50467	1	0.645161
NUP155	15	3.50467	4	2.58065
OR6N1	15	3.50467	1	0.645161
OSBPL6	15	3.50467	7	4.51613
PARD3	15	3.50467	3	1.93548
PC	15	3.50467	4	2.58065
PCDHAC2	15	3.50467	4	2.58065
PCDHB14	15	3.50467	2	1.29032
PCDHGC5	15	3.50467	4	2.58065
PCSK1	15	3.50467	4	2.58065
PDE1C	15	3.50467	2	1.29032
PDE6A	15	3.50467	3	1.93548
PDHA2	15	3.50467	5	3.22581
PDZD4	15	3.50467	2	1.29032
PEX1	15	3.50467	3	1.93548
PHLDB1	15	3.50467	1	0.645161
PITPNM1	15	3.50467	1	0.645161
PKD2L1	15	3.50467	1	0.645161
PLA2G6	15	3.50467	1	0.645161
PLEKHG1	15	3.50467	3	1.93548
PNPLA8	15	3.50467	2	1.29032
POGZ	15	3.50467	5	3.22581
POLM	15	3.50467	1	0.645161
POTEE	15	3.50467	4	2.58065
PRKCB	15	3.50467	7	4.51613
PROKR1	15	3.50467	1	0.645161
PSD	15	3.50467	3	1.93548
PTCHD4	15	3.50467	3	1.93548
PTGFRN	15	3.50467	2	1.29032
PTK2B	15	3.50467	2	1.29032
PTPN3	15	3.50467	2	1.29032
PYGB	15	3.50467	0	0
R3HDM1	15	3.50467	2	1.29032
RABGAP1	15	3.50467	3	1.93548
RAD54L2	15	3.50467	2	1.29032
RAPGEF1	15	3.50467	2	1.29032
RASGRP3	15	3.50467	6	3.87097
RB1CC1	15	3.50467	9	5.80645
RBFOX1	15	3.50467	3	1.93548
RBL2	15	3.50467	2	1.29032
RFX6	15	3.50467	3	1.93548
RIMBP3	15	3.50467	4	2.58065
RNF123	15	3.50467	3	1.93548
RNF20	15	3.50467	3	1.93548
RSF1	15	3.50467	8	5.16129
RTN4	15	3.50467	2	1.29032
SDHA	15	3.50467	3	1.93548
SEL1L3	15	3.50467	4	2.58065
SELP	15	3.50467	4	2.58065
SGO1	15	3.50467	3	1.93548
SH3PXD2B	15	3.50467	4	2.58065
SLC12A9	15	3.50467	2	1.29032
SLC16A6	15	3.50467	1	0.645161
SLC18A3	15	3.50467	2	1.29032
SLC24A3	15	3.50467	2	1.29032
SLC27A6	15	3.50467	5	3.22581
SLC6A15	15	3.50467	6	3.87097
SLC9A3	15	3.50467	0	0
SLCO2A1	15	3.50467	3	1.93548
SLCO5A1	15	3.50467	4	2.58065
SLITRK3	15	3.50467	5	3.22581
SLITRK4	15	3.50467	8	5.16129
SMC5	15	3.50467	3	1.93548
SNX29	15	3.50467	5	3.22581
SON	15	3.50467	6	3.87097
SPAG5	15	3.50467	1	0.645161
SPRTN	15	3.50467	2	1.29032
SRGAP2	15	3.50467	1	0.645161
SSH2	15	3.50467	2	1.29032
STAG3	15	3.50467	7	4.51613
STON1	15	3.50467	3	1.93548
STRIP2	15	3.50467	1	0.645161
STS	15	3.50467	2	1.29032
SYDE2	15	3.50467	3	1.93548
SYMPK	15	3.50467	1	0.645161
SYNPO2L	15	3.50467	0	0
SYNRG	15	3.50467	3	1.93548
TAP2	15	3.50467	3	1.93548
TEX10	15	3.50467	5	3.22581
TICAM1	15	3.50467	0	0
TLR7	15	3.50467	4	2.58065
TMF1	15	3.50467	4	2.58065
TNK2	15	3.50467	1	0.645161
TNPO1	15	3.50467	3	1.93548
TNS2	15	3.50467	1	0.645161
TOP3A	15	3.50467	4	2.58065
TRIM42	15	3.50467	5	3.22581
TTC21A	15	3.50467	2	1.29032
TTC21B	15	3.50467	2	1.29032
TTLL2	15	3.50467	1	0.645161
TUBGCP2	15	3.50467	4	2.58065
UBE3A	15	3.50467	3	1.93548
UBN1	15	3.50467	3	1.93548
UNC5B	15	3.50467	1	0.645161
UNC5D	15	3.50467	5	3.22581
UPF1	15	3.50467	4	2.58065
USP15	15	3.50467	2	1.29032
USP26	15	3.50467	2	1.29032
USP43	15	3.50467	4	2.58065
USP44	15	3.50467	4	2.58065
UTP4	15	3.50467	3	1.93548
VCAM1	15	3.50467	3	1.93548
VPS8	15	3.50467	3	1.93548
WASL	15	3.50467	2	1.29032
WRN	15	3.50467	4	2.58065
XDH	15	3.50467	2	1.29032
XKR6	15	3.50467	1	0.645161
XPO6	15	3.50467	2	1.29032
XPR1	15	3.50467	2	1.29032
ZBED4	15	3.50467	1	0.645161
ZC3H6	15	3.50467	5	3.22581
ZDHHC7	15	3.50467	4	2.58065
ZFP28	15	3.50467	3	1.93548
ZFR	15	3.50467	6	3.87097
ZFYVE16	15	3.50467	3	1.93548
ZIC4	15	3.50467	4	2.58065
ZIM2	15	3.50467	3	1.93548
ZNF335	15	3.50467	2	1.29032
ZNF366	15	3.50467	4	2.58065
ZNF416	15	3.50467	2	1.29032
ZNF471	15	3.50467	6	3.87097
ZNF585A	15	3.50467	5	3.22581
ZNF616	15	3.50467	3	1.93548
ZNF619	15	3.50467	1	0.645161
ZNF638	15	3.50467	13	8.3871
ZNF677	15	3.50467	5	3.22581
ZNF7	15	3.50467	3	1.93548
ZNF793	15	3.50467	5	3.22581
ZSWIM8	15	3.50467	4	2.58065
ABCC10	14	3.27103	2	1.29032
ABCC3	14	3.27103	1	0.645161
ABCD1	14	3.27103	1	0.645161
ACSS2	14	3.27103	1	0.645161
ADAM18	14	3.27103	4	2.58065
ADAM21	14	3.27103	4	2.58065
ADAM23	14	3.27103	3	1.93548
ADARB1	14	3.27103	2	1.29032
ADCY6	14	3.27103	1	0.645161
ADGRE5	14	3.27103	3	1.93548
ADNP	14	3.27103	4	2.58065
ALOX5	14	3.27103	2	1.29032
AMER2	14	3.27103	1	0.645161
AMPD1	14	3.27103	6	3.87097
AMPD2	14	3.27103	0	0
ANKRD27	14	3.27103	1	0.645161
ANKRD35	14	3.27103	3	1.93548
ANKRD52	14	3.27103	2	1.29032
ANO2	14	3.27103	5	3.22581
ANPEP	14	3.27103	1	0.645161
ANXA6	14	3.27103	2	1.29032
AP5Z1	14	3.27103	2	1.29032
APAF1	14	3.27103	2	1.29032
APBA1	14	3.27103	2	1.29032
APOBR	14	3.27103	1	0.645161
ARHGAP39	14	3.27103	1	0.645161
ASIC2	14	3.27103	3	1.93548
ASNSD1	14	3.27103	3	1.93548
ATP2A3	14	3.27103	1	0.645161
ATP8B4	14	3.27103	7	4.51613
ATRN	14	3.27103	2	1.29032
BANK1	14	3.27103	5	3.22581
BAZ2A	14	3.27103	3	1.93548
BRPF1	14	3.27103	2	1.29032
BUB1	14	3.27103	2	1.29032
C2CD3	14	3.27103	3	1.93548
C3orf20	14	3.27103	7	4.51613
CAND2	14	3.27103	5	3.22581
CAPRIN2	14	3.27103	5	3.22581
CASD1	14	3.27103	3	1.93548
CATSPERB	14	3.27103	4	2.58065
CCDC116	14	3.27103	1	0.645161
CCDC15	14	3.27103	3	1.93548
CCDC88B	14	3.27103	0	0
CCDC9B	14	3.27103	0	0
CDYL	14	3.27103	4	2.58065
CELF4	14	3.27103	2	1.29032
CEP126	14	3.27103	5	3.22581
CEP128	14	3.27103	4	2.58065
CEP135	14	3.27103	3	1.93548
CEP78	14	3.27103	2	1.29032
CFAP44	14	3.27103	3	1.93548
CLASP2	14	3.27103	3	1.93548
CLSPN	14	3.27103	5	3.22581
CLSTN3	14	3.27103	3	1.93548
CLTC	14	3.27103	5	3.22581
CNTN2	14	3.27103	0	0
CNTNAP3	14	3.27103	4	2.58065
COL16A1	14	3.27103	1	0.645161
COL21A1	14	3.27103	5	3.22581
COL28A1	14	3.27103	4	2.58065
CPZ	14	3.27103	4	2.58065
CSNK1A1L	14	3.27103	4	2.58065
CTNNBL1	14	3.27103	1	0.645161
CTSC	14	3.27103	2	1.29032
CUL7	14	3.27103	3	1.93548
DCAF1	14	3.27103	4	2.58065
DCAF12L1	14	3.27103	2	1.29032
DCAF5	14	3.27103	0	0
DCX	14	3.27103	4	2.58065
DDX42	14	3.27103	1	0.645161
DHX8	14	3.27103	3	1.93548
DIS3L2	14	3.27103	2	1.29032
DNAI3	14	3.27103	4	2.58065
DOT1L	14	3.27103	0	0
DRD5	14	3.27103	5	3.22581
DUS4L-BCAP29	14	3.27103	3	1.93548
DVL2	14	3.27103	3	1.93548
DYNC1I1	14	3.27103	5	3.22581
EBF1	14	3.27103	1	0.645161
EFCAB13	14	3.27103	3	1.93548
EFHB	14	3.27103	3	1.93548
EGR1	14	3.27103	3	1.93548
EHBP1	14	3.27103	3	1.93548
EHD2	14	3.27103	1	0.645161
EIF4ENIF1	14	3.27103	0	0
EML1	14	3.27103	5	3.22581
EML4	14	3.27103	4	2.58065
EPB41L1	14	3.27103	2	1.29032
EPX	14	3.27103	2	1.29032
ERBIN	14	3.27103	3	1.93548
ETV1	14	3.27103	3	1.93548
ETV6	14	3.27103	2	1.29032
EXD3	14	3.27103	1	0.645161
EYA4	14	3.27103	3	1.93548
F13A1	14	3.27103	3	1.93548
F2	14	3.27103	1	0.645161
F9	14	3.27103	2	1.29032
FAM135A	14	3.27103	6	3.87097
FAM151A	14	3.27103	1	0.645161
FAM83E	14	3.27103	2	1.29032
FAM83H	14	3.27103	1	0.645161
FBLN2	14	3.27103	1	0.645161
FCHO2	14	3.27103	3	1.93548
FER1L5	14	3.27103	1	0.645161
FGD5	14	3.27103	4	2.58065
FGF13	14	3.27103	7	4.51613
FNBP4	14	3.27103	2	1.29032
FNDC3B	14	3.27103	2	1.29032
FOXN3	14	3.27103	1	0.645161
FSHR	14	3.27103	7	4.51613
FYB2	14	3.27103	3	1.93548
GABBR2	14	3.27103	9	5.80645
GABRA4	14	3.27103	2	1.29032
GABRB2	14	3.27103	4	2.58065
GABRB3	14	3.27103	7	4.51613
GAD1	14	3.27103	2	1.29032
GALNT13	14	3.27103	3	1.93548
GBP1	14	3.27103	1	0.645161
GCNA	14	3.27103	1	0.645161
GLI2	14	3.27103	3	1.93548
GMEB2	14	3.27103	2	1.29032
GP2	14	3.27103	3	1.93548
GPSM2	14	3.27103	1	0.645161
GRIA3	14	3.27103	7	4.51613
GRIP1	14	3.27103	3	1.93548
GRM2	14	3.27103	3	1.93548
GTF2IRD1	14	3.27103	2	1.29032
HIPK2	14	3.27103	4	2.58065
HKDC1	14	3.27103	2	1.29032
HNF1A	14	3.27103	0	0
HTR7	14	3.27103	2	1.29032
IFIH1	14	3.27103	3	1.93548
IGDCC4	14	3.27103	1	0.645161
IGF1R	14	3.27103	1	0.645161
IL18R1	14	3.27103	5	3.22581
IPO7	14	3.27103	1	0.645161
ITGA6	14	3.27103	5	3.22581
ITK	14	3.27103	4	2.58065
JAG1	14	3.27103	3	1.93548
JRK	14	3.27103	1	0.645161
KBTBD6	14	3.27103	3	1.93548
KBTBD7	14	3.27103	3	1.93548
KCNN3	14	3.27103	3	1.93548
KDM4A	14	3.27103	4	2.58065
KDM4B	14	3.27103	3	1.93548
KDM6A	14	3.27103	1	0.645161
KIAA0232	14	3.27103	6	3.87097
KIAA1210	14	3.27103	6	3.87097
KIF5B	14	3.27103	4	2.58065
KIRREL2	14	3.27103	6	3.87097
KLKB1	14	3.27103	2	1.29032
KMT5B	14	3.27103	4	2.58065
KSR1	14	3.27103	0	0
KTN1	14	3.27103	2	1.29032
LAMC1	14	3.27103	3	1.93548
LARS1	14	3.27103	3	1.93548
LATS1	14	3.27103	5	3.22581
LDB3	14	3.27103	0	0
LHX1	14	3.27103	2	1.29032
LMTK3	14	3.27103	4	2.58065
LNX1	14	3.27103	2	1.29032
LOXL3	14	3.27103	2	1.29032
LOXL4	14	3.27103	1	0.645161
LRIG1	14	3.27103	1	0.645161
LRP10	14	3.27103	1	0.645161
LRRTM1	14	3.27103	2	1.29032
LTN1	14	3.27103	4	2.58065
LY75	14	3.27103	3	1.93548
LYN	14	3.27103	1	0.645161
LZTS3	14	3.27103	1	0.645161
MAD1L1	14	3.27103	2	1.29032
MAN2C1	14	3.27103	2	1.29032
MAP3K9	14	3.27103	2	1.29032
MAP4	14	3.27103	2	1.29032
MAPKBP1	14	3.27103	4	2.58065
MAPRE3	14	3.27103	1	0.645161
MARS1	14	3.27103	4	2.58065
MASTL	14	3.27103	1	0.645161
MBD1	14	3.27103	1	0.645161
MED14	14	3.27103	1	0.645161
MEFV	14	3.27103	3	1.93548
MELTF	14	3.27103	0	0
MEX3B	14	3.27103	2	1.29032
MITF	14	3.27103	6	3.87097
MKRN3	14	3.27103	4	2.58065
MLLT6	14	3.27103	2	1.29032
MMP16	14	3.27103	8	5.16129
MON1B	14	3.27103	2	1.29032
MRC2	14	3.27103	2	1.29032
MRGPRX1	14	3.27103	4	2.58065
MTMR4	14	3.27103	0	0
MTREX	14	3.27103	3	1.93548
MYO1G	14	3.27103	3	1.93548
MYOM3	14	3.27103	1	0.645161
NAA16	14	3.27103	4	2.58065
NCOA3	14	3.27103	5	3.22581
NDUFS1	14	3.27103	0	0
NEDD4L	14	3.27103	2	1.29032
NEK1	14	3.27103	3	1.93548
NETO1	14	3.27103	6	3.87097
NFATC2	14	3.27103	4	2.58065
NFRKB	14	3.27103	2	1.29032
NISCH	14	3.27103	1	0.645161
NLGN3	14	3.27103	2	1.29032
NLRC3	14	3.27103	4	2.58065
NLRP11	14	3.27103	6	3.87097
NLRP14	14	3.27103	4	2.58065
NOL4L	14	3.27103	1	0.645161
NOL8	14	3.27103	3	1.93548
NOM1	14	3.27103	4	2.58065
NOMO1	14	3.27103	3	1.93548
NOTCH4	14	3.27103	5	3.22581
NPAS3	14	3.27103	3	1.93548
NRDC	14	3.27103	2	1.29032
NSD3	14	3.27103	2	1.29032
NUP188	14	3.27103	5	3.22581
OLFML2B	14	3.27103	4	2.58065
OR1C1	14	3.27103	2	1.29032
OR2M2	14	3.27103	5	3.22581
OR5T2	14	3.27103	0	0
OTOA	14	3.27103	4	2.58065
OTUD7B	14	3.27103	4	2.58065
PAPOLG	14	3.27103	5	3.22581
PCDH11Y	14	3.27103	4	2.58065
PCDHGA10	14	3.27103	3	1.93548
PCDHGB2	14	3.27103	6	3.87097
PCSK7	14	3.27103	1	0.645161
PDCD11	14	3.27103	3	1.93548
PDE1B	14	3.27103	3	1.93548
PDE8B	14	3.27103	5	3.22581
PFAS	14	3.27103	1	0.645161
PHACTR1	14	3.27103	1	0.645161
PHC2	14	3.27103	2	1.29032
PHKA2	14	3.27103	6	3.87097
PHLPP2	14	3.27103	2	1.29032
PKD2	14	3.27103	3	1.93548
PKN1	14	3.27103	2	1.29032
PKN2	14	3.27103	5	3.22581
PKN3	14	3.27103	0	0
PLCZ1	14	3.27103	2	1.29032
PLD1	14	3.27103	2	1.29032
PLEKHG2	14	3.27103	3	1.93548
PLEKHH1	14	3.27103	1	0.645161
PLEKHM2	14	3.27103	2	1.29032
POLR2A	14	3.27103	4	2.58065
POLR2B	14	3.27103	3	1.93548
POLR3A	14	3.27103	2	1.29032
POLR3B	14	3.27103	3	1.93548
POLR3E	14	3.27103	5	3.22581
POM121L12	14	3.27103	3	1.93548
POTEF	14	3.27103	8	5.16129
PPP1R13B	14	3.27103	4	2.58065
PRAG1	14	3.27103	0	0
PRAMEF17	14	3.27103	4	2.58065
PROS1	14	3.27103	2	1.29032
PRPF40B	14	3.27103	6	3.87097
PRPF6	14	3.27103	1	0.645161
PRRG1	14	3.27103	3	1.93548
PRX	14	3.27103	0	0
PSD4	14	3.27103	0	0
PTCHD1	14	3.27103	2	1.29032
PTPRH	14	3.27103	4	2.58065
PUS7	14	3.27103	2	1.29032
PWP1	14	3.27103	2	1.29032
QRICH2	14	3.27103	2	1.29032
RAD50	14	3.27103	5	3.22581
RARB	14	3.27103	2	1.29032
RASA2	14	3.27103	4	2.58065
RASGRP2	14	3.27103	4	2.58065
RBBP8NL	14	3.27103	2	1.29032
RBM25	14	3.27103	2	1.29032
RBM27	14	3.27103	3	1.93548
RC3H1	14	3.27103	1	0.645161
RGS20	14	3.27103	2	1.29032
ROCK2	14	3.27103	4	2.58065
RORB	14	3.27103	0	0
RPGRIP1	14	3.27103	5	3.22581
RRBP1	14	3.27103	3	1.93548
RTKN2	14	3.27103	2	1.29032
RUSC2	14	3.27103	1	0.645161
SALL3	14	3.27103	6	3.87097
SAP130	14	3.27103	1	0.645161
SBF2	14	3.27103	3	1.93548
SEC61A1	14	3.27103	0	0
SEL1L2	14	3.27103	7	4.51613
SEMA3A	14	3.27103	5	3.22581
SEMG2	14	3.27103	2	1.29032
SENP6	14	3.27103	3	1.93548
SHROOM2	14	3.27103	6	3.87097
SIGLEC10	14	3.27103	3	1.93548
SIPA1L3	14	3.27103	3	1.93548
SLC12A2	14	3.27103	3	1.93548
SLC13A3	14	3.27103	5	3.22581
SLC16A1	14	3.27103	2	1.29032
SLC26A3	14	3.27103	3	1.93548
SLC26A5	14	3.27103	3	1.93548
SLC27A1	14	3.27103	1	0.645161
SLC4A5	14	3.27103	2	1.29032
SLC5A2	14	3.27103	1	0.645161
SLCO3A1	14	3.27103	2	1.29032
SNAPC4	14	3.27103	5	3.22581
SNX25	14	3.27103	5	3.22581
SORCS2	14	3.27103	5	3.22581
SPATA31A1	14	3.27103	3	1.93548
SPOCK3	14	3.27103	6	3.87097
STAMBPL1	14	3.27103	2	1.29032
STON1-GTF2A1L	14	3.27103	3	1.93548
STXBP5L	14	3.27103	3	1.93548
SWT1	14	3.27103	5	3.22581
SYNPO	14	3.27103	2	1.29032
TAF1C	14	3.27103	0	0
TAF3	14	3.27103	4	2.58065
TBC1D10B	14	3.27103	1	0.645161
TBC1D4	14	3.27103	4	2.58065
TBC1D8	14	3.27103	1	0.645161
TBX5	14	3.27103	3	1.93548
TCF4	14	3.27103	5	3.22581
TDRD3	14	3.27103	3	1.93548
TECPR2	14	3.27103	3	1.93548
TECRL	14	3.27103	4	2.58065
TEX2	14	3.27103	1	0.645161
TGM4	14	3.27103	2	1.29032
TIMP3	14	3.27103	1	0.645161
TJP1	14	3.27103	5	3.22581
TLR9	14	3.27103	5	3.22581
TMC2	14	3.27103	2	1.29032
TMC5	14	3.27103	4	2.58065
TMTC1	14	3.27103	4	2.58065
TNPO3	14	3.27103	2	1.29032
TOP2A	14	3.27103	5	3.22581
TOPBP1	14	3.27103	5	3.22581
TOPORS	14	3.27103	5	3.22581
TRAK1	14	3.27103	2	1.29032
TRIM45	14	3.27103	0	0
TRIM55	14	3.27103	6	3.87097
TRPM4	14	3.27103	2	1.29032
TSC2	14	3.27103	3	1.93548
TSC22D1	14	3.27103	2	1.29032
TSGA10	14	3.27103	2	1.29032
TTLL7	14	3.27103	3	1.93548
TUB	14	3.27103	4	2.58065
TUBGCP5	14	3.27103	3	1.93548
TUBGCP6	14	3.27103	2	1.29032
TVP23A	14	3.27103	0	0
UBE3B	14	3.27103	4	2.58065
UBE3C	14	3.27103	3	1.93548
UBR1	14	3.27103	2	1.29032
UGGT1	14	3.27103	6	3.87097
UGT3A2	14	3.27103	5	3.22581
URB2	14	3.27103	3	1.93548
UROC1	14	3.27103	3	1.93548
USP31	14	3.27103	6	3.87097
USP42	14	3.27103	2	1.29032
VARS1	14	3.27103	2	1.29032
VAV1	14	3.27103	3	1.93548
VEPH1	14	3.27103	3	1.93548
VPS41	14	3.27103	1	0.645161
VWA7	14	3.27103	1	0.645161
WDR11	14	3.27103	2	1.29032
WDR19	14	3.27103	4	2.58065
WDR47	14	3.27103	4	2.58065
WDR62	14	3.27103	3	1.93548
WDR72	14	3.27103	5	3.22581
WNT16	14	3.27103	0	0
WNT9A	14	3.27103	0	0
XAB2	14	3.27103	2	1.29032
YTHDC1	14	3.27103	5	3.22581
ZAP70	14	3.27103	1	0.645161
ZBTB33	14	3.27103	0	0
ZBTB46	14	3.27103	3	1.93548
ZC3H12C	14	3.27103	4	2.58065
ZFPM2	14	3.27103	12	7.74194
ZHX3	14	3.27103	1	0.645161
ZMYM1	14	3.27103	5	3.22581
ZNF184	14	3.27103	3	1.93548
ZNF304	14	3.27103	5	3.22581
ZNF354C	14	3.27103	4	2.58065
ZNF443	14	3.27103	4	2.58065
ZNF479	14	3.27103	5	3.22581
ZNF483	14	3.27103	3	1.93548
ZNF592	14	3.27103	2	1.29032
ZNF607	14	3.27103	5	3.22581
ZNF827	14	3.27103	1	0.645161
ZNF836	14	3.27103	6	3.87097
ZRANB3	14	3.27103	2	1.29032
ZXDA	14	3.27103	4	2.58065
AATK	13	3.03738	4	2.58065
ABCB8	13	3.03738	2	1.29032
ABCF3	13	3.03738	1	0.645161
ABLIM2	13	3.03738	1	0.645161
ACAP1	13	3.03738	3	1.93548
ACKR3	13	3.03738	3	1.93548
ACSS3	13	3.03738	4	2.58065
ADAM10	13	3.03738	1	0.645161
ADAM11	13	3.03738	1	0.645161
ADAM2	13	3.03738	4	2.58065
ADAMDEC1	13	3.03738	2	1.29032
ADAMTS6	13	3.03738	4	2.58065
ADCY3	13	3.03738	2	1.29032
ADCY4	13	3.03738	2	1.29032
ADCY7	13	3.03738	3	1.93548
ADNP2	13	3.03738	3	1.93548
AFF1	13	3.03738	2	1.29032
AFP	13	3.03738	2	1.29032
AGBL1	13	3.03738	6	3.87097
AGO1	13	3.03738	1	0.645161
AHRR	13	3.03738	0	0
AL136295.1	13	3.03738	4	2.58065
ALG13	13	3.03738	3	1.93548
ALG8	13	3.03738	2	1.29032
ANAPC1	13	3.03738	3	1.93548
ANGPT2	13	3.03738	0	0
ANGPT4	13	3.03738	2	1.29032
AOC2	13	3.03738	0	0
AP3B2	13	3.03738	2	1.29032
APBB3	13	3.03738	0	0
ARHGAP11A	13	3.03738	6	3.87097
ARHGAP17	13	3.03738	2	1.29032
ARHGAP29	13	3.03738	4	2.58065
ARNTL2	13	3.03738	2	1.29032
ARSJ	13	3.03738	3	1.93548
ASAP1	13	3.03738	4	2.58065
ASB5	13	3.03738	2	1.29032
ATF5	13	3.03738	0	0
ATP1A3	13	3.03738	3	1.93548
ATP2C1	13	3.03738	3	1.93548
ATP2C2	13	3.03738	3	1.93548
AVPR1A	13	3.03738	2	1.29032
BCR	13	3.03738	3	1.93548
BEND2	13	3.03738	2	1.29032
BMPER	13	3.03738	3	1.93548
BMPR1B	13	3.03738	1	0.645161
BRD2	13	3.03738	1	0.645161
C1S	13	3.03738	3	1.93548
CAMK2G	13	3.03738	1	0.645161
CARD10	13	3.03738	1	0.645161
CARMIL2	13	3.03738	1	0.645161
CCAR2	13	3.03738	3	1.93548
CCDC102B	13	3.03738	2	1.29032
CCDC18	13	3.03738	2	1.29032
CCDC40	13	3.03738	3	1.93548
CD180	13	3.03738	2	1.29032
CD22	13	3.03738	4	2.58065
CD248	13	3.03738	1	0.645161
CDH13	13	3.03738	4	2.58065
CDH7	13	3.03738	1	0.645161
CDHR2	13	3.03738	6	3.87097
CDK14	13	3.03738	1	0.645161
CEBPZ	13	3.03738	1	0.645161
CEP70	13	3.03738	3	1.93548
CEP83	13	3.03738	4	2.58065
CFAP70	13	3.03738	2	1.29032
CFAP94	13	3.03738	2	1.29032
CHAF1A	13	3.03738	2	1.29032
CHST10	13	3.03738	3	1.93548
CILP2	13	3.03738	3	1.93548
CIZ1	13	3.03738	1	0.645161
CLCA1	13	3.03738	3	1.93548
CNGA3	13	3.03738	4	2.58065
CNR1	13	3.03738	3	1.93548
COBLL1	13	3.03738	6	3.87097
COL25A1	13	3.03738	1	0.645161
CP	13	3.03738	5	3.22581
CPEB2	13	3.03738	3	1.93548
CPSF6	13	3.03738	1	0.645161
CPXCR1	13	3.03738	4	2.58065
CPXM1	13	3.03738	6	3.87097
CPXM2	13	3.03738	5	3.22581
CRISPLD1	13	3.03738	2	1.29032
CSF2RA	13	3.03738	4	2.58065
CSPP1	13	3.03738	4	2.58065
CTDP1	13	3.03738	2	1.29032
CYP20A1	13	3.03738	1	0.645161
CYP4B1	13	3.03738	2	1.29032
DCAF6	13	3.03738	2	1.29032
DCST1	13	3.03738	0	0
DCST2	13	3.03738	1	0.645161
DDR1	13	3.03738	1	0.645161
DDX23	13	3.03738	3	1.93548
DDX43	13	3.03738	3	1.93548
DDX47	13	3.03738	0	0
DENND1C	13	3.03738	2	1.29032
DENND2B	13	3.03738	2	1.29032
DGKH	13	3.03738	6	3.87097
DHX36	13	3.03738	7	4.51613
DKK2	13	3.03738	2	1.29032
DLL1	13	3.03738	4	2.58065
DNAI2	13	3.03738	1	0.645161
DNM1	13	3.03738	3	1.93548
DNM2	13	3.03738	5	3.22581
DOC2A	13	3.03738	1	0.645161
DOK5	13	3.03738	2	1.29032
DPP8	13	3.03738	3	1.93548
DPY19L2	13	3.03738	2	1.29032
DSTYK	13	3.03738	1	0.645161
DTX4	13	3.03738	0	0
DYRK3	13	3.03738	2	1.29032
E2F8	13	3.03738	0	0
EBF3	13	3.03738	4	2.58065
EEF1A2	13	3.03738	1	0.645161
EEF2	13	3.03738	1	0.645161
EFL1	13	3.03738	2	1.29032
EIF3B	13	3.03738	1	0.645161
EIF4G2	13	3.03738	3	1.93548
EMC1	13	3.03738	3	1.93548
EPN1	13	3.03738	3	1.93548
ERBB2	13	3.03738	7	4.51613
ERG	13	3.03738	2	1.29032
ESCO1	13	3.03738	5	3.22581
ESCO2	13	3.03738	2	1.29032
ESF1	13	3.03738	4	2.58065
ESYT3	13	3.03738	3	1.93548
ETV5	13	3.03738	3	1.93548
EXOC6B	13	3.03738	7	4.51613
EXOSC10	13	3.03738	0	0
EZH2	13	3.03738	1	0.645161
FAM120B	13	3.03738	3	1.93548
FAM71B	13	3.03738	4	2.58065
FAM83C	13	3.03738	1	0.645161
FAM9A	13	3.03738	2	1.29032
FBXL18	13	3.03738	0	0
FBXO21	13	3.03738	3	1.93548
FETUB	13	3.03738	0	0
FGA	13	3.03738	7	4.51613
FGD2	13	3.03738	2	1.29032
FGFR1	13	3.03738	2	1.29032
FNBP1	13	3.03738	2	1.29032
FOXI1	13	3.03738	4	2.58065
FOXP2	13	3.03738	6	3.87097
FTSJ3	13	3.03738	2	1.29032
FYN	13	3.03738	1	0.645161
FZD2	13	3.03738	0	0
FZD6	13	3.03738	3	1.93548
GALNTL5	13	3.03738	4	2.58065
GALNTL6	13	3.03738	4	2.58065
GARNL3	13	3.03738	2	1.29032
GATAD2A	13	3.03738	1	0.645161
GBE1	13	3.03738	3	1.93548
GDF2	13	3.03738	0	0
GFPT2	13	3.03738	2	1.29032
GJA10	13	3.03738	4	2.58065
GPC5	13	3.03738	2	1.29032
GPC6	13	3.03738	2	1.29032
GPLD1	13	3.03738	4	2.58065
GPR162	13	3.03738	1	0.645161
GRIN2C	13	3.03738	0	0
GTF2IRD2	13	3.03738	2	1.29032
GTF3C2	13	3.03738	2	1.29032
GZF1	13	3.03738	0	0
HDGFL2	13	3.03738	1	0.645161
HERC5	13	3.03738	4	2.58065
HIC2	13	3.03738	0	0
HIPK1	13	3.03738	2	1.29032
HNRNPDL	13	3.03738	1	0.645161
HRC	13	3.03738	1	0.645161
HTR1E	13	3.03738	3	1.93548
IDE	13	3.03738	3	1.93548
IGDCC3	13	3.03738	3	1.93548
IL21R	13	3.03738	5	3.22581
INO80	13	3.03738	1	0.645161
INPP5F	13	3.03738	3	1.93548
INTS7	13	3.03738	3	1.93548
INTS8	13	3.03738	2	1.29032
IQCE	13	3.03738	2	1.29032
IQCN	13	3.03738	2	1.29032
IQGAP1	13	3.03738	2	1.29032
ISL1	13	3.03738	2	1.29032
ITGA1	13	3.03738	1	0.645161
ITGA3	13	3.03738	4	2.58065
ITGAE	13	3.03738	2	1.29032
ITGB1	13	3.03738	1	0.645161
ITGB6	13	3.03738	3	1.93548
JMJD7-PLA2G4B	13	3.03738	1	0.645161
KANK2	13	3.03738	1	0.645161
KCNC2	13	3.03738	4	2.58065
KCNH6	13	3.03738	2	1.29032
KCNQ1	13	3.03738	0	0
KCNQ4	13	3.03738	0	0
KCNT1	13	3.03738	4	2.58065
KDM5C	13	3.03738	2	1.29032
KEL	13	3.03738	4	2.58065
KIAA1586	13	3.03738	3	1.93548
KIF3A	13	3.03738	3	1.93548
KIF5C	13	3.03738	5	3.22581
KLC2	13	3.03738	0	0
KLF3	13	3.03738	0	0
KLHL25	13	3.03738	0	0
KLHL42	13	3.03738	4	2.58065
KLHL9	13	3.03738	4	2.58065
KRT31	13	3.03738	1	0.645161
KRT34	13	3.03738	1	0.645161
KRT4	13	3.03738	0	0
KRT73	13	3.03738	4	2.58065
KRT85	13	3.03738	3	1.93548
L1TD1	13	3.03738	3	1.93548
LARP1	13	3.03738	6	3.87097
LARP4	13	3.03738	3	1.93548
LATS2	13	3.03738	3	1.93548
LIG1	13	3.03738	1	0.645161
LIMA1	13	3.03738	3	1.93548
LMBRD1	13	3.03738	3	1.93548
LPIN3	13	3.03738	1	0.645161
LRRC37A2	13	3.03738	4	2.58065
LZTS2	13	3.03738	0	0
MAF	13	3.03738	0	0
MAG	13	3.03738	3	1.93548
MAP3K11	13	3.03738	3	1.93548
MAP7	13	3.03738	5	3.22581
MARVELD2	13	3.03738	3	1.93548
MCM10	13	3.03738	3	1.93548
MCM7	13	3.03738	2	1.29032
MCOLN1	13	3.03738	1	0.645161
ME1	13	3.03738	4	2.58065
MED23	13	3.03738	3	1.93548
MED25	13	3.03738	1	0.645161
MICALL2	13	3.03738	0	0
MOGS	13	3.03738	4	2.58065
MOS	13	3.03738	6	3.87097
MOV10	13	3.03738	1	0.645161
MTA1	13	3.03738	0	0
MTDH	13	3.03738	2	1.29032
MTUS1	13	3.03738	3	1.93548
MX1	13	3.03738	0	0
MYBL1	13	3.03738	3	1.93548
MYBPC2	13	3.03738	2	1.29032
MYCBPAP	13	3.03738	2	1.29032
NAP1L2	13	3.03738	2	1.29032
NEUROD4	13	3.03738	2	1.29032
NFATC3	13	3.03738	0	0
NFXL1	13	3.03738	1	0.645161
NKAPL	13	3.03738	3	1.93548
NLGN1	13	3.03738	5	3.22581
NLRP10	13	3.03738	2	1.29032
NLRX1	13	3.03738	5	3.22581
NOBOX	13	3.03738	1	0.645161
NPHP3	13	3.03738	1	0.645161
NR3C2	13	3.03738	5	3.22581
NUTM1	13	3.03738	4	2.58065
NYAP1	13	3.03738	4	2.58065
OLFM1	13	3.03738	4	2.58065
OLFML2A	13	3.03738	0	0
OPTN	13	3.03738	2	1.29032
OR2T12	13	3.03738	1	0.645161
OR4A15	13	3.03738	3	1.93548
OR5D14	13	3.03738	1	0.645161
OR5R1	13	3.03738	2	1.29032
OSBPL1A	13	3.03738	1	0.645161
OSBPL5	13	3.03738	0	0
OSBPL7	13	3.03738	2	1.29032
OTOL1	13	3.03738	3	1.93548
OTOP2	13	3.03738	1	0.645161
PABPC3	13	3.03738	4	2.58065
PABPC4	13	3.03738	2	1.29032
PABPC5	13	3.03738	6	3.87097
PACS2	13	3.03738	0	0
PARP1	13	3.03738	1	0.645161
PCDHGA9	13	3.03738	4	2.58065
PCDHGC3	13	3.03738	2	1.29032
PCDHGC4	13	3.03738	3	1.93548
PDE2A	13	3.03738	1	0.645161
PDE4A	13	3.03738	0	0
PDE9A	13	3.03738	2	1.29032
PDYN	13	3.03738	3	1.93548
PDZD8	13	3.03738	4	2.58065
PDZRN3	13	3.03738	3	1.93548
PER1	13	3.03738	1	0.645161
PHACTR2	13	3.03738	2	1.29032
PHEX	13	3.03738	2	1.29032
PHKB	13	3.03738	4	2.58065
PHTF1	13	3.03738	2	1.29032
PKLR	13	3.03738	1	0.645161
PLCL1	13	3.03738	6	3.87097
PLEKHA7	13	3.03738	2	1.29032
PLEKHG6	13	3.03738	0	0
PNLDC1	13	3.03738	6	3.87097
PNPLA5	13	3.03738	3	1.93548
PNPLA6	13	3.03738	2	1.29032
PNPLA7	13	3.03738	2	1.29032
POGK	13	3.03738	2	1.29032
POU6F2	13	3.03738	1	0.645161
PPP1R16B	13	3.03738	3	1.93548
PPP2R1A	13	3.03738	1	0.645161
PPP2R2C	13	3.03738	3	1.93548
PRKAA2	13	3.03738	3	1.93548
PRKCH	13	3.03738	3	1.93548
PROX1	13	3.03738	3	1.93548
PRR14	13	3.03738	0	0
PTPN12	13	3.03738	4	2.58065
PUM1	13	3.03738	9	5.80645
RAI14	13	3.03738	5	3.22581
RANBP17	13	3.03738	4	2.58065
RASEF	13	3.03738	5	3.22581
RAVER1	13	3.03738	0	0
RBBP7	13	3.03738	3	1.93548
RBM15B	13	3.03738	1	0.645161
RBM19	13	3.03738	1	0.645161
RDX	13	3.03738	3	1.93548
RECQL5	13	3.03738	3	1.93548
RIN2	13	3.03738	2	1.29032
RMC1	13	3.03738	0	0
RNF216	13	3.03738	4	2.58065
ROR1	13	3.03738	6	3.87097
RPS6KA6	13	3.03738	2	1.29032
RTEL1	13	3.03738	3	1.93548
RTL3	13	3.03738	2	1.29032
RXRG	13	3.03738	3	1.93548
SARDH	13	3.03738	1	0.645161
SATB2	13	3.03738	3	1.93548
SCARA5	13	3.03738	3	1.93548
SCUBE2	13	3.03738	2	1.29032
SEC24B	13	3.03738	5	3.22581
SEC24D	13	3.03738	1	0.645161
SECISBP2L	13	3.03738	3	1.93548
SEMA3E	13	3.03738	6	3.87097
SEMA3G	13	3.03738	3	1.93548
SEMA4G	13	3.03738	2	1.29032
SEMA6D	13	3.03738	4	2.58065
SERPINE3	13	3.03738	2	1.29032
SEZ6L2	13	3.03738	5	3.22581
SH3TC2	13	3.03738	1	0.645161
SHC1	13	3.03738	1	0.645161
SHOX	13	3.03738	3	1.93548
SIN3B	13	3.03738	2	1.29032
SLC11A1	13	3.03738	2	1.29032
SLC12A3	13	3.03738	3	1.93548
SLC25A12	13	3.03738	2	1.29032
SLC34A2	13	3.03738	3	1.93548
SLC35F3	13	3.03738	0	0
SLC4A8	13	3.03738	3	1.93548
SLC7A2	13	3.03738	0	0
SLC9A9	13	3.03738	3	1.93548
SLCO4C1	13	3.03738	3	1.93548
SLFN11	13	3.03738	5	3.22581
SLK	13	3.03738	3	1.93548
SMG6	13	3.03738	3	1.93548
SOCS5	13	3.03738	4	2.58065
SOGA1	13	3.03738	5	3.22581
SPARCL1	13	3.03738	0	0
SRRT	13	3.03738	1	0.645161
SSTR4	13	3.03738	3	1.93548
ST8SIA6	13	3.03738	5	3.22581
STAC	13	3.03738	2	1.29032
STK10	13	3.03738	2	1.29032
STOX1	13	3.03738	3	1.93548
SYNE3	13	3.03738	4	2.58065
SYNJ1	13	3.03738	4	2.58065
SYT16	13	3.03738	5	3.22581
SYVN1	13	3.03738	1	0.645161
TAF2	13	3.03738	4	2.58065
TAF4	13	3.03738	7	4.51613
TARBP2	13	3.03738	2	1.29032
TBC1D1	13	3.03738	1	0.645161
TBC1D22A	13	3.03738	3	1.93548
TBX4	13	3.03738	2	1.29032
TCF12	13	3.03738	3	1.93548
TDRD5	13	3.03738	5	3.22581
TFIP11	13	3.03738	1	0.645161
TGFBR1	13	3.03738	4	2.58065
TGM2	13	3.03738	3	1.93548
TGM6	13	3.03738	1	0.645161
THAP12	13	3.03738	3	1.93548
THRB	13	3.03738	1	0.645161
TLR3	13	3.03738	4	2.58065
TMC3	13	3.03738	4	2.58065
TMEM200A	13	3.03738	2	1.29032
TMTC3	13	3.03738	2	1.29032
TNPO2	13	3.03738	1	0.645161
TOX4	13	3.03738	2	1.29032
TP53BP2	13	3.03738	2	1.29032
TPTE2	13	3.03738	7	4.51613
TRAM1L1	13	3.03738	1	0.645161
TRIM51	13	3.03738	1	0.645161
TRIM60	13	3.03738	2	1.29032
TTBK2	13	3.03738	1	0.645161
TTC14	13	3.03738	2	1.29032
TTC17	13	3.03738	2	1.29032
TTI1	13	3.03738	3	1.93548
TTLL12	13	3.03738	2	1.29032
TTLL4	13	3.03738	1	0.645161
TTYH1	13	3.03738	4	2.58065
TUSC3	13	3.03738	4	2.58065
UACA	13	3.03738	6	3.87097
UBQLN2	13	3.03738	3	1.93548
UBR3	13	3.03738	4	2.58065
UGT2B15	13	3.03738	2	1.29032
UGT8	13	3.03738	2	1.29032
UHRF2	13	3.03738	1	0.645161
ULK4	13	3.03738	6	3.87097
UNC5A	13	3.03738	4	2.58065
USP3	13	3.03738	1	0.645161
USP8	13	3.03738	2	1.29032
VCPIP1	13	3.03738	3	1.93548
VILL	13	3.03738	1	0.645161
WDR59	13	3.03738	0	0
WDR6	13	3.03738	3	1.93548
WNT1	13	3.03738	0	0
WNT5A	13	3.03738	0	0
WWC1	13	3.03738	4	2.58065
XKR3	13	3.03738	3	1.93548
XRCC5	13	3.03738	5	3.22581
YEATS2	13	3.03738	3	1.93548
ZBED1	13	3.03738	3	1.93548
ZBTB38	13	3.03738	0	0
ZFYVE9	13	3.03738	3	1.93548
ZNF174	13	3.03738	1	0.645161
ZNF256	13	3.03738	2	1.29032
ZNF326	13	3.03738	2	1.29032
ZNF365	13	3.03738	2	1.29032
ZNF431	13	3.03738	2	1.29032
ZNF445	13	3.03738	3	1.93548
ZNF45	13	3.03738	1	0.645161
ZNF454	13	3.03738	4	2.58065
ZNF492	13	3.03738	4	2.58065
ZNF528	13	3.03738	6	3.87097
ZNF546	13	3.03738	6	3.87097
ZNF567	13	3.03738	2	1.29032
ZNF568	13	3.03738	5	3.22581
ZNF569	13	3.03738	4	2.58065
ZNF574	13	3.03738	2	1.29032
ZNF578	13	3.03738	5	3.22581
ZNF667	13	3.03738	4	2.58065
ZNF761	13	3.03738	3	1.93548
ABCC2	12	2.80374	8	5.16129
ABCC6	12	2.80374	3	1.93548
ABCD2	12	2.80374	5	3.22581
ABCG2	12	2.80374	4	2.58065
ABCG4	12	2.80374	2	1.29032
ABTB1	12	2.80374	0	0
ACLY	12	2.80374	1	0.645161
ACP7	12	2.80374	2	1.29032
ACSM1	12	2.80374	3	1.93548
ACTN1	12	2.80374	6	3.87097
ACTN4	12	2.80374	1	0.645161
ADAMTS14	12	2.80374	6	3.87097
ADAMTS19	12	2.80374	3	1.93548
ADAMTS8	12	2.80374	3	1.93548
ADD2	12	2.80374	2	1.29032
ADGRA2	12	2.80374	3	1.93548
ADGRG3	12	2.80374	0	0
AGAP2	12	2.80374	4	2.58065
AKAP3	12	2.80374	3	1.93548
AKAP4	12	2.80374	4	2.58065
AKAP7	12	2.80374	3	1.93548
AKT1	12	2.80374	0	0
ALDH1A2	12	2.80374	2	1.29032
ALX4	12	2.80374	2	1.29032
AMOT	12	2.80374	1	0.645161
ANGPTL2	12	2.80374	1	0.645161
ANKRD13A	12	2.80374	1	0.645161
ANKS1A	12	2.80374	4	2.58065
ANKS6	12	2.80374	3	1.93548
ANO6	12	2.80374	2	1.29032
ANO8	12	2.80374	0	0
AOC1	12	2.80374	0	0
AP2A1	12	2.80374	1	0.645161
ARHGAP24	12	2.80374	2	1.29032
ARHGAP27	12	2.80374	3	1.93548
ARHGAP4	12	2.80374	1	0.645161
ARHGAP45	12	2.80374	0	0
ARHGEF25	12	2.80374	0	0
ARNTL	12	2.80374	3	1.93548
ASIC5	12	2.80374	3	1.93548
ATIC	12	2.80374	0	0
ATL1	12	2.80374	2	1.29032
ATP13A2	12	2.80374	2	1.29032
ATP7B	12	2.80374	2	1.29032
ATXN1	12	2.80374	3	1.93548
ATXN2	12	2.80374	2	1.29032
AXIN1	12	2.80374	2	1.29032
BAIAP2L1	12	2.80374	2	1.29032
BANP	12	2.80374	2	1.29032
BAZ1B	12	2.80374	5	3.22581
BBS2	12	2.80374	3	1.93548
BBS9	12	2.80374	3	1.93548
BBX	12	2.80374	1	0.645161
BCL6	12	2.80374	3	1.93548
BMP10	12	2.80374	3	1.93548
BMS1	12	2.80374	5	3.22581
BPIFB1	12	2.80374	0	0
BPIFB6	12	2.80374	1	0.645161
BRD8	12	2.80374	3	1.93548
BRF1	12	2.80374	2	1.29032
C14orf39	12	2.80374	5	3.22581
CACNA2D2	12	2.80374	0	0
CAMK1D	12	2.80374	2	1.29032
CATSPER1	12	2.80374	5	3.22581
CBFA2T3	12	2.80374	2	1.29032
CC2D1B	12	2.80374	1	0.645161
CCDC62	12	2.80374	0	0
CCDC85A	12	2.80374	3	1.93548
CCDC87	12	2.80374	2	1.29032
CCDC92	12	2.80374	1	0.645161
CCP110	12	2.80374	3	1.93548
CCPG1	12	2.80374	4	2.58065
CDH20	12	2.80374	2	1.29032
CDK13	12	2.80374	3	1.93548
CDYL2	12	2.80374	5	3.22581
CEMIP2	12	2.80374	4	2.58065
CEP104	12	2.80374	5	3.22581
CES3	12	2.80374	1	0.645161
CFAP46	12	2.80374	6	3.87097
CHRNA4	12	2.80374	2	1.29032
CHST1	12	2.80374	1	0.645161
CLCA2	12	2.80374	3	1.93548
CLCN1	12	2.80374	3	1.93548
CLCN3	12	2.80374	4	2.58065
CNGA1	12	2.80374	4	2.58065
COL4A3	12	2.80374	3	1.93548
COL6A5	12	2.80374	4	2.58065
COL9A2	12	2.80374	0	0
COLGALT1	12	2.80374	1	0.645161
COPB1	12	2.80374	5	3.22581
CORO7	12	2.80374	2	1.29032
CRACDL	12	2.80374	0	0
CRAT	12	2.80374	1	0.645161
CSF2RB	12	2.80374	1	0.645161
CUL3	12	2.80374	0	0
CUL5	12	2.80374	4	2.58065
CYLD	12	2.80374	5	3.22581
CYP1B1	12	2.80374	2	1.29032
CYP4Z1	12	2.80374	5	3.22581
DAAM1	12	2.80374	3	1.93548
DARS2	12	2.80374	2	1.29032
DBF4B	12	2.80374	0	0
DCAF4L1	12	2.80374	0	0
DDX18	12	2.80374	2	1.29032
DDX31	12	2.80374	3	1.93548
DDX50	12	2.80374	2	1.29032
DENND4C	12	2.80374	4	2.58065
DGCR2	12	2.80374	1	0.645161
DGKA	12	2.80374	1	0.645161
DNA2	12	2.80374	0	0
DNAI1	12	2.80374	6	3.87097
DNAJC10	12	2.80374	2	1.29032
DNTTIP2	12	2.80374	1	0.645161
DPP4	12	2.80374	0	0
DSG1	12	2.80374	3	1.93548
DSG3	12	2.80374	2	1.29032
DSG4	12	2.80374	3	1.93548
DTNA	12	2.80374	5	3.22581
DUSP16	12	2.80374	2	1.29032
DZIP3	12	2.80374	6	3.87097
ECE1	12	2.80374	2	1.29032
ECT2	12	2.80374	2	1.29032
EEF2K	12	2.80374	2	1.29032
EFHC2	12	2.80374	3	1.93548
EHMT2	12	2.80374	6	3.87097
ELAPOR1	12	2.80374	2	1.29032
ELAVL4	12	2.80374	1	0.645161
ELL	12	2.80374	3	1.93548
ENOX2	12	2.80374	1	0.645161
ENPEP	12	2.80374	3	1.93548
EPB41	12	2.80374	1	0.645161
ERCC4	12	2.80374	3	1.93548
ERCC6L2	12	2.80374	5	3.22581
ESPNL	12	2.80374	4	2.58065
ESYT2	12	2.80374	1	0.645161
ETAA1	12	2.80374	4	2.58065
ETNPPL	12	2.80374	2	1.29032
FAHD2B	12	2.80374	0	0
FAM114A1	12	2.80374	4	2.58065
FAM13A	12	2.80374	3	1.93548
FAM171B	12	2.80374	4	2.58065
FAM78B	12	2.80374	1	0.645161
FANCI	12	2.80374	3	1.93548
FARP1	12	2.80374	6	3.87097
FARP2	12	2.80374	1	0.645161
FBXO34	12	2.80374	5	3.22581
FBXO38	12	2.80374	2	1.29032
FBXO40	12	2.80374	4	2.58065
FIG4	12	2.80374	1	0.645161
FSCB	12	2.80374	5	3.22581
FUBP3	12	2.80374	1	0.645161
FXR2	12	2.80374	2	1.29032
FZD3	12	2.80374	2	1.29032
FZD7	12	2.80374	0	0
GAB4	12	2.80374	2	1.29032
GABRA2	12	2.80374	2	1.29032
GABRA6	12	2.80374	2	1.29032
GABRG2	12	2.80374	7	4.51613
GALNT14	12	2.80374	4	2.58065
GBA2	12	2.80374	1	0.645161
GBP6	12	2.80374	2	1.29032
GCNT4	12	2.80374	2	1.29032
GMPS	12	2.80374	3	1.93548
GNB4	12	2.80374	0	0
GOT1L1	12	2.80374	0	0
GPHN	12	2.80374	3	1.93548
GPR101	12	2.80374	4	2.58065
GPR139	12	2.80374	3	1.93548
GPR156	12	2.80374	4	2.58065
GPR50	12	2.80374	2	1.29032
GPRASP2	12	2.80374	4	2.58065
GRIPAP1	12	2.80374	3	1.93548
GRM4	12	2.80374	3	1.93548
GTDC1	12	2.80374	3	1.93548
GTF3C3	12	2.80374	4	2.58065
GUCY2D	12	2.80374	2	1.29032
HAPLN1	12	2.80374	3	1.93548
HAUS6	12	2.80374	3	1.93548
HECTD2	12	2.80374	4	2.58065
HHIPL2	12	2.80374	0	0
HLX	12	2.80374	2	1.29032
HRH2	12	2.80374	2	1.29032
HS6ST3	12	2.80374	0	0
HSP90B1	12	2.80374	3	1.93548
HTR1B	12	2.80374	2	1.29032
IFT88	12	2.80374	3	1.93548
IL12RB2	12	2.80374	3	1.93548
IL6ST	12	2.80374	3	1.93548
INPP4B	12	2.80374	3	1.93548
INTS5	12	2.80374	4	2.58065
IPO9	12	2.80374	1	0.645161
IQUB	12	2.80374	3	1.93548
ITGB3	12	2.80374	3	1.93548
ITPRID1	12	2.80374	4	2.58065
JAK2	12	2.80374	4	2.58065
JAK3	12	2.80374	2	1.29032
JAKMIP3	12	2.80374	5	3.22581
KAT2B	12	2.80374	3	1.93548
KCNA6	12	2.80374	3	1.93548
KCND1	12	2.80374	1	0.645161
KCNG2	12	2.80374	2	1.29032
KCNH2	12	2.80374	7	4.51613
KCNV1	12	2.80374	2	1.29032
KHSRP	12	2.80374	2	1.29032
KIAA0408	12	2.80374	4	2.58065
KIAA1522	12	2.80374	4	2.58065
KIF18A	12	2.80374	3	1.93548
KIF18B	12	2.80374	1	0.645161
KIF1C	12	2.80374	0	0
KIF24	12	2.80374	2	1.29032
KIF6	12	2.80374	1	0.645161
KLHL14	12	2.80374	1	0.645161
KLHL40	12	2.80374	1	0.645161
KNOP1	12	2.80374	0	0
KRT71	12	2.80374	0	0
KRT75	12	2.80374	0	0
L1CAM	12	2.80374	3	1.93548
L3MBTL3	12	2.80374	3	1.93548
L3MBTL4	12	2.80374	3	1.93548
LAMB3	12	2.80374	4	2.58065
LAMC2	12	2.80374	3	1.93548
LCA5	12	2.80374	4	2.58065
LEMD3	12	2.80374	2	1.29032
LEO1	12	2.80374	4	2.58065
LETM1	12	2.80374	0	0
LIMCH1	12	2.80374	2	1.29032
LMBRD2	12	2.80374	2	1.29032
LMTK2	12	2.80374	3	1.93548
LONRF1	12	2.80374	2	1.29032
LRIG3	12	2.80374	7	4.51613
LRPPRC	12	2.80374	3	1.93548
LRRC17	12	2.80374	3	1.93548
LRRC31	12	2.80374	4	2.58065
LRRC36	12	2.80374	1	0.645161
LRRC4C	12	2.80374	8	5.16129
LSR	12	2.80374	4	2.58065
LZTS1	12	2.80374	2	1.29032
MAB21L2	12	2.80374	0	0
MAN1A1	12	2.80374	2	1.29032
MAP3K14	12	2.80374	1	0.645161
MAP3K19	12	2.80374	3	1.93548
MAPK8IP1	12	2.80374	2	1.29032
MAPT	12	2.80374	3	1.93548
MARCO	12	2.80374	2	1.29032
MARK3	12	2.80374	3	1.93548
MBTPS1	12	2.80374	2	1.29032
MCM6	12	2.80374	3	1.93548
MCOLN3	12	2.80374	3	1.93548
MCPH1	12	2.80374	4	2.58065
MCTP2	12	2.80374	4	2.58065
MEF2C	12	2.80374	2	1.29032
MEIS2	12	2.80374	6	3.87097
MFGE8	12	2.80374	2	1.29032
MICAL1	12	2.80374	1	0.645161
MINDY4	12	2.80374	2	1.29032
MLLT10	12	2.80374	4	2.58065
MMP13	12	2.80374	1	0.645161
MPHOSPH8	12	2.80374	1	0.645161
MPP2	12	2.80374	3	1.93548
MPP4	12	2.80374	2	1.29032
MROH7	12	2.80374	2	1.29032
MTF2	12	2.80374	4	2.58065
MTHFD1L	12	2.80374	4	2.58065
MTMR6	12	2.80374	1	0.645161
MTO1	12	2.80374	0	0
MTR	12	2.80374	3	1.93548
MYBPC1	12	2.80374	4	2.58065
MYBPH	12	2.80374	1	0.645161
MYEF2	12	2.80374	2	1.29032
MYO19	12	2.80374	2	1.29032
MYO5B	12	2.80374	3	1.93548
MYO6	12	2.80374	6	3.87097
MYORG	12	2.80374	3	1.93548
N4BP1	12	2.80374	3	1.93548
NCKAP1	12	2.80374	4	2.58065
NDST2	12	2.80374	2	1.29032
NEK4	12	2.80374	2	1.29032
NEK5	12	2.80374	5	3.22581
NIBAN1	12	2.80374	3	1.93548
NIBAN2	12	2.80374	0	0
NLRP12	12	2.80374	5	3.22581
NOX4	12	2.80374	3	1.93548
NPBWR1	12	2.80374	3	1.93548
NPR1	12	2.80374	6	3.87097
NPTX2	12	2.80374	1	0.645161
NPY2R	12	2.80374	1	0.645161
NRBP1	12	2.80374	0	0
NRDE2	12	2.80374	2	1.29032
NRP2	12	2.80374	3	1.93548
NRROS	12	2.80374	2	1.29032
NSUN2	12	2.80374	3	1.93548
NTN4	12	2.80374	4	2.58065
NUP107	12	2.80374	3	1.93548
NUP153	12	2.80374	3	1.93548
ODF2L	12	2.80374	2	1.29032
OR2L3	12	2.80374	4	2.58065
OR4A5	12	2.80374	5	3.22581
OR5D18	12	2.80374	3	1.93548
OR5I1	12	2.80374	2	1.29032
OR6C75	12	2.80374	2	1.29032
OR8H2	12	2.80374	2	1.29032
OTUD7A	12	2.80374	3	1.93548
OXR1	12	2.80374	3	1.93548
P2RY8	12	2.80374	1	0.645161
PALB2	12	2.80374	2	1.29032
PALM2AKAP2	12	2.80374	3	1.93548
PARP4	12	2.80374	2	1.29032
PASD1	12	2.80374	6	3.87097
PAX5	12	2.80374	2	1.29032
PCDHB11	12	2.80374	4	2.58065
PCOLCE2	12	2.80374	2	1.29032
PDE11A	12	2.80374	6	3.87097
PDE4D	12	2.80374	1	0.645161
PDILT	12	2.80374	4	2.58065
PGBD5	12	2.80374	1	0.645161
PHF14	12	2.80374	8	5.16129
PIAS4	12	2.80374	0	0
PIK3CD	12	2.80374	1	0.645161
PIK3R5	12	2.80374	1	0.645161
PKD2L2	12	2.80374	3	1.93548
PKP3	12	2.80374	1	0.645161
PKP4	12	2.80374	1	0.645161
PLA2G4A	12	2.80374	4	2.58065
PLAT	12	2.80374	2	1.29032
PLB1	12	2.80374	6	3.87097
PLD2	12	2.80374	2	1.29032
PMS1	12	2.80374	2	1.29032
POLK	12	2.80374	2	1.29032
POU3F4	12	2.80374	3	1.93548
PPFIBP2	12	2.80374	5	3.22581
PPP1R10	12	2.80374	1	0.645161
PPP2R2B	12	2.80374	1	0.645161
PPP5C	12	2.80374	4	2.58065
PRAMEF20	12	2.80374	5	3.22581
PRICKLE2	12	2.80374	4	2.58065
PRKCI	12	2.80374	4	2.58065
PROM2	12	2.80374	2	1.29032
PRPF3	12	2.80374	1	0.645161
PTCH2	12	2.80374	5	3.22581
PTK7	12	2.80374	2	1.29032
PTOV1	12	2.80374	0	0
PTPN21	12	2.80374	3	1.93548
QRICH1	12	2.80374	1	0.645161
RABGAP1L	12	2.80374	5	3.22581
RADX	12	2.80374	3	1.93548
RANBP10	12	2.80374	0	0
RAPGEF4	12	2.80374	2	1.29032
RASA3	12	2.80374	2	1.29032
RASAL2	12	2.80374	3	1.93548
RB1	12	2.80374	4	2.58065
RBM26	12	2.80374	4	2.58065
RBPJL	12	2.80374	2	1.29032
RECK	12	2.80374	2	1.29032
REPS1	12	2.80374	3	1.93548
REXO5	12	2.80374	1	0.645161
RGL2	12	2.80374	2	1.29032
RGL3	12	2.80374	3	1.93548
RGS6	12	2.80374	1	0.645161
RHOBTB1	12	2.80374	3	1.93548
RING1	12	2.80374	3	1.93548
RIPK4	12	2.80374	1	0.645161
RIPOR1	12	2.80374	2	1.29032
RNASEL	12	2.80374	4	2.58065
RNF128	12	2.80374	2	1.29032
RNF31	12	2.80374	0	0
RPE65	12	2.80374	3	1.93548
RPH3A	12	2.80374	4	2.58065
RRP12	12	2.80374	0	0
RTL5	12	2.80374	2	1.29032
RUBCN	12	2.80374	2	1.29032
RUNX1	12	2.80374	3	1.93548
SATB1	12	2.80374	3	1.93548
SCG2	12	2.80374	5	3.22581
SEC14L1	12	2.80374	3	1.93548
SEC63	12	2.80374	2	1.29032
SELE	12	2.80374	2	1.29032
SEMA3F	12	2.80374	2	1.29032
SEMA4F	12	2.80374	4	2.58065
SEMA6B	12	2.80374	3	1.93548
SF1	12	2.80374	1	0.645161
SFI1	12	2.80374	3	1.93548
SH2D3C	12	2.80374	2	1.29032
SHLD2	12	2.80374	1	0.645161
SIMC1	12	2.80374	1	0.645161
SIPA1	12	2.80374	2	1.29032
SIX4	12	2.80374	4	2.58065
SKIV2L	12	2.80374	1	0.645161
SLC13A1	12	2.80374	3	1.93548
SLC15A1	12	2.80374	3	1.93548
SLC23A1	12	2.80374	1	0.645161
SLC26A9	12	2.80374	2	1.29032
SLC27A5	12	2.80374	4	2.58065
SLC2A14	12	2.80374	4	2.58065
SLC38A9	12	2.80374	1	0.645161
SLC45A4	12	2.80374	2	1.29032
SLC4A2	12	2.80374	4	2.58065
SLC6A1	12	2.80374	3	1.93548
SLC6A11	12	2.80374	3	1.93548
SLTM	12	2.80374	2	1.29032
SMARCAL1	12	2.80374	4	2.58065
SMG5	12	2.80374	2	1.29032
SMO	12	2.80374	2	1.29032
SNX2	12	2.80374	3	1.93548
SORBS1	12	2.80374	4	2.58065
SOX11	12	2.80374	1	0.645161
SOX7	12	2.80374	3	1.93548
SPATA17	12	2.80374	2	1.29032
SPATA5	12	2.80374	2	1.29032
SPECC1L	12	2.80374	0	0
SPG7	12	2.80374	0	0
SPTY2D1	12	2.80374	4	2.58065
SRPK1	12	2.80374	2	1.29032
SSH1	12	2.80374	4	2.58065
STARD13	12	2.80374	0	0
SUGP2	12	2.80374	2	1.29032
SUN2	12	2.80374	1	0.645161
SUSD5	12	2.80374	1	0.645161
SYN3	12	2.80374	1	0.645161
SYNM	12	2.80374	6	3.87097
TASOR	12	2.80374	3	1.93548
TAX1BP1	12	2.80374	2	1.29032
TBC1D10C	12	2.80374	1	0.645161
TBC1D5	12	2.80374	3	1.93548
TBC1D8B	12	2.80374	7	4.51613
TBX20	12	2.80374	3	1.93548
TCERG1L	12	2.80374	2	1.29032
TECPR1	12	2.80374	1	0.645161
TET2	12	2.80374	3	1.93548
TFAP2B	12	2.80374	3	1.93548
TGFBR3	12	2.80374	4	2.58065
TGM5	12	2.80374	6	3.87097
TGM7	12	2.80374	4	2.58065
THEMIS	12	2.80374	3	1.93548
THOC1	12	2.80374	4	2.58065
THOC5	12	2.80374	1	0.645161
TJP3	12	2.80374	3	1.93548
TLE2	12	2.80374	2	1.29032
TLL2	12	2.80374	2	1.29032
TLR8	12	2.80374	7	4.51613
TM9SF3	12	2.80374	1	0.645161
TMEM132A	12	2.80374	1	0.645161
TMEM63B	12	2.80374	2	1.29032
TMEM63C	12	2.80374	0	0
TMOD1	12	2.80374	2	1.29032
TNFRSF19	12	2.80374	2	1.29032
TP63	12	2.80374	3	1.93548
TP73	12	2.80374	0	0
TRAF7	12	2.80374	1	0.645161
TRAK2	12	2.80374	2	1.29032
TRIM22	12	2.80374	1	0.645161
TRIM33	12	2.80374	3	1.93548
TRPV2	12	2.80374	2	1.29032
TYK2	12	2.80374	1	0.645161
UBE2O	12	2.80374	1	0.645161
UBXN4	12	2.80374	0	0
UPF3A	12	2.80374	3	1.93548
URGCP	12	2.80374	3	1.93548
USHBP1	12	2.80374	2	1.29032
USP10	12	2.80374	3	1.93548
USP40	12	2.80374	2	1.29032
USP47	12	2.80374	3	1.93548
VCL	12	2.80374	1	0.645161
VIT	12	2.80374	2	1.29032
VLDLR	12	2.80374	3	1.93548
VN1R2	12	2.80374	2	1.29032
VWA5A	12	2.80374	2	1.29032
WASHC2A	12	2.80374	2	1.29032
WASHC4	12	2.80374	2	1.29032
WFS1	12	2.80374	1	0.645161
WWOX	12	2.80374	2	1.29032
XPO5	12	2.80374	1	0.645161
ZBTB16	12	2.80374	5	3.22581
ZBTB4	12	2.80374	0	0
ZCCHC2	12	2.80374	1	0.645161
ZIC1	12	2.80374	4	2.58065
ZIC3	12	2.80374	1	0.645161
ZIK1	12	2.80374	4	2.58065
ZKSCAN2	12	2.80374	4	2.58065
ZKSCAN5	12	2.80374	2	1.29032
ZMYM5	12	2.80374	4	2.58065
ZNF112	12	2.80374	4	2.58065
ZNF148	12	2.80374	5	3.22581
ZNF16	12	2.80374	1	0.645161
ZNF180	12	2.80374	4	2.58065
ZNF19	12	2.80374	4	2.58065
ZNF205	12	2.80374	1	0.645161
ZNF227	12	2.80374	1	0.645161
ZNF229	12	2.80374	4	2.58065
ZNF26	12	2.80374	1	0.645161
ZNF28	12	2.80374	2	1.29032
ZNF329	12	2.80374	2	1.29032
ZNF331	12	2.80374	3	1.93548
ZNF34	12	2.80374	2	1.29032
ZNF37A	12	2.80374	5	3.22581
ZNF398	12	2.80374	2	1.29032
ZNF404	12	2.80374	1	0.645161
ZNF419	12	2.80374	2	1.29032
ZNF420	12	2.80374	4	2.58065
ZNF442	12	2.80374	3	1.93548
ZNF518B	12	2.80374	6	3.87097
ZNF595	12	2.80374	3	1.93548
ZNF648	12	2.80374	3	1.93548
ZNF687	12	2.80374	3	1.93548
ZNF721	12	2.80374	4	2.58065
ZNF749	12	2.80374	3	1.93548
ZNF780A	12	2.80374	3	1.93548
ZNRF3	12	2.80374	0	0
ZSCAN29	12	2.80374	1	0.645161
ZSCAN31	12	2.80374	1	0.645161
AADACL3	11	2.57009	2	1.29032
ABLIM3	11	2.57009	2	1.29032
ACAD11	11	2.57009	1	0.645161
ACE2	11	2.57009	2	1.29032
ACOT12	11	2.57009	1	0.645161
ACSBG1	11	2.57009	2	1.29032
ADA2	11	2.57009	0	0
ADAD1	11	2.57009	5	3.22581
ADAM17	11	2.57009	2	1.29032
ADAM30	11	2.57009	6	3.87097
AGAP3	11	2.57009	2	1.29032
AGGF1	11	2.57009	6	3.87097
AGO2	11	2.57009	2	1.29032
AK5	11	2.57009	5	3.22581
AKNA	11	2.57009	2	1.29032
AKNAD1	11	2.57009	2	1.29032
AL121899.2	11	2.57009	1	0.645161
AMIGO3	11	2.57009	1	0.645161
AMPD3	11	2.57009	2	1.29032
ANKFN1	11	2.57009	2	1.29032
ANKK1	11	2.57009	1	0.645161
ANKRD28	11	2.57009	3	1.93548
ANO7	11	2.57009	2	1.29032
AOC3	11	2.57009	2	1.29032
AP1G2	11	2.57009	1	0.645161
AP1M1	11	2.57009	1	0.645161
AP2B1	11	2.57009	1	0.645161
APCDD1L	11	2.57009	3	1.93548
APP	11	2.57009	5	3.22581
AQR	11	2.57009	4	2.58065
ARHGAP6	11	2.57009	2	1.29032
ARHGEF12	11	2.57009	4	2.58065
ARHGEF5	11	2.57009	2	1.29032
ARHGEF7	11	2.57009	2	1.29032
ARID5B	11	2.57009	7	4.51613
ARMCX1	11	2.57009	0	0
ARNT2	11	2.57009	2	1.29032
ARSB	11	2.57009	0	0
ARSG	11	2.57009	0	0
ARV1	11	2.57009	1	0.645161
ASB18	11	2.57009	1	0.645161
ASPH	11	2.57009	3	1.93548
ATCAY	11	2.57009	4	2.58065
ATF7IP	11	2.57009	3	1.93548
ATP11B	11	2.57009	4	2.58065
ATP2B1	11	2.57009	3	1.93548
ATP9B	11	2.57009	5	3.22581
ATXN7	11	2.57009	0	0
BARHL2	11	2.57009	2	1.29032
BCAM	11	2.57009	2	1.29032
BCO2	11	2.57009	1	0.645161
BEND5	11	2.57009	2	1.29032
BICD2	11	2.57009	0	0
BMP7	11	2.57009	2	1.29032
BPIFB2	11	2.57009	2	1.29032
C10orf71	11	2.57009	1	0.645161
C12orf40	11	2.57009	4	2.58065
C20orf194	11	2.57009	4	2.58065
C7orf31	11	2.57009	2	1.29032
C8orf34	11	2.57009	3	1.93548
CACNG3	11	2.57009	5	3.22581
CAMKK2	11	2.57009	3	1.93548
CCBE1	11	2.57009	3	1.93548
CCDC136	11	2.57009	5	3.22581
CCDC14	11	2.57009	1	0.645161
CCDC150	11	2.57009	3	1.93548
CCDC160	11	2.57009	2	1.29032
CCDC186	11	2.57009	1	0.645161
CCNT1	11	2.57009	0	0
CCR3	11	2.57009	2	1.29032
CDC25B	11	2.57009	0	0
CDC5L	11	2.57009	1	0.645161
CDC73	11	2.57009	3	1.93548
CDCA7L	11	2.57009	2	1.29032
CDH17	11	2.57009	2	1.29032
CDHR5	11	2.57009	1	0.645161
CDK11B	11	2.57009	1	0.645161
CEL	11	2.57009	2	1.29032
CEP131	11	2.57009	0	0
CEP63	11	2.57009	4	2.58065
CEP95	11	2.57009	5	3.22581
CFAP74	11	2.57009	2	1.29032
CGN	11	2.57009	2	1.29032
CHERP	11	2.57009	1	0.645161
CHTF18	11	2.57009	2	1.29032
CHUK	11	2.57009	2	1.29032
CLASRP	11	2.57009	0	0
CLEC14A	11	2.57009	3	1.93548
CLEC4F	11	2.57009	2	1.29032
CLIP3	11	2.57009	0	0
CNNM2	11	2.57009	3	1.93548
COG1	11	2.57009	0	0
COL23A1	11	2.57009	1	0.645161
COL8A1	11	2.57009	0	0
CPNE8	11	2.57009	1	0.645161
CRAMP1	11	2.57009	1	0.645161
CRNKL1	11	2.57009	4	2.58065
CRYBG2	11	2.57009	0	0
CSE1L	11	2.57009	1	0.645161
CSNK2A2	11	2.57009	1	0.645161
CTCFL	11	2.57009	3	1.93548
CUL2	11	2.57009	4	2.58065
CUL4B	11	2.57009	1	0.645161
CYFIP1	11	2.57009	3	1.93548
CYP11B1	11	2.57009	5	3.22581
CYP4F12	11	2.57009	1	0.645161
CYP4F3	11	2.57009	1	0.645161
CYP7A1	11	2.57009	1	0.645161
DAB2	11	2.57009	2	1.29032
DACT1	11	2.57009	2	1.29032
DAGLA	11	2.57009	2	1.29032
DCAF8L1	11	2.57009	1	0.645161
DCLK2	11	2.57009	6	3.87097
DCLK3	11	2.57009	3	1.93548
DDX11	11	2.57009	1	0.645161
DDX24	11	2.57009	4	2.58065
DEPDC1	11	2.57009	3	1.93548
DEUP1	11	2.57009	2	1.29032
DHX37	11	2.57009	1	0.645161
DISP2	11	2.57009	4	2.58065
DNAAF1	11	2.57009	1	0.645161
DNAAF3	11	2.57009	1	0.645161
DPP3	11	2.57009	2	1.29032
DPYS	11	2.57009	3	1.93548
DPYSL5	11	2.57009	1	0.645161
DSG2	11	2.57009	3	1.93548
DYNC1I2	11	2.57009	1	0.645161
DZANK1	11	2.57009	4	2.58065
ECEL1	11	2.57009	0	0
EDRF1	11	2.57009	2	1.29032
EFNB3	11	2.57009	2	1.29032
EFR3A	11	2.57009	3	1.93548
EGFR	11	2.57009	2	1.29032
EGR3	11	2.57009	1	0.645161
EHMT1	11	2.57009	3	1.93548
EIF2A	11	2.57009	3	1.93548
EIF4B	11	2.57009	2	1.29032
ELAPOR2	11	2.57009	3	1.93548
ELF3	11	2.57009	4	2.58065
ELFN2	11	2.57009	1	0.645161
ELL2	11	2.57009	3	1.93548
ENG	11	2.57009	0	0
EPB41L2	11	2.57009	2	1.29032
EPB41L4B	11	2.57009	2	1.29032
EPHB2	11	2.57009	0	0
EPHX1	11	2.57009	0	0
EPS15	11	2.57009	5	3.22581
EPS8L2	11	2.57009	0	0
ERCC3	11	2.57009	2	1.29032
ESRRG	11	2.57009	5	3.22581
EXO1	11	2.57009	1	0.645161
FADS2	11	2.57009	3	1.93548
FAM120A	11	2.57009	4	2.58065
FAM13C	11	2.57009	6	3.87097
FAM160A2	11	2.57009	1	0.645161
FAM186B	11	2.57009	3	1.93548
FAP	11	2.57009	2	1.29032
FBXL20	11	2.57009	1	0.645161
FBXO11	11	2.57009	3	1.93548
FBXO24	11	2.57009	3	1.93548
FBXO30	11	2.57009	2	1.29032
FCHSD1	11	2.57009	2	1.29032
FEZF2	11	2.57009	1	0.645161
FGD4	11	2.57009	2	1.29032
FKBP10	11	2.57009	1	0.645161
FLII	11	2.57009	2	1.29032
FMO3	11	2.57009	1	0.645161
FNDC3A	11	2.57009	2	1.29032
FOXO4	11	2.57009	1	0.645161
FRMD3	11	2.57009	2	1.29032
FRMPD2	11	2.57009	7	4.51613
FTO	11	2.57009	1	0.645161
FUBP1	11	2.57009	4	2.58065
FUT1	11	2.57009	1	0.645161
G2E3	11	2.57009	2	1.29032
GAD2	11	2.57009	3	1.93548
GALNT3	11	2.57009	0	0
GAS2L1	11	2.57009	1	0.645161
GASK1B	11	2.57009	2	1.29032
GFM1	11	2.57009	0	0
GGA2	11	2.57009	1	0.645161
GIMAP1	11	2.57009	0	0
GIT2	11	2.57009	2	1.29032
GLT8D1	11	2.57009	1	0.645161
GNG12	11	2.57009	0	0
GNPTAB	11	2.57009	2	1.29032
GOLGA1	11	2.57009	0	0
GPR19	11	2.57009	2	1.29032
GPR26	11	2.57009	0	0
GPR32	11	2.57009	4	2.58065
GRAMD1B	11	2.57009	4	2.58065
GYS2	11	2.57009	6	3.87097
HAS1	11	2.57009	1	0.645161
HCLS1	11	2.57009	2	1.29032
HECA	11	2.57009	2	1.29032
HERC4	11	2.57009	3	1.93548
HERC6	11	2.57009	2	1.29032
HID1	11	2.57009	2	1.29032
HK1	11	2.57009	1	0.645161
HK2	11	2.57009	3	1.93548
HPSE	11	2.57009	1	0.645161
HRG	11	2.57009	3	1.93548
HROB	11	2.57009	2	1.29032
HSPA4L	11	2.57009	4	2.58065
HTATSF1	11	2.57009	2	1.29032
HUNK	11	2.57009	2	1.29032
IARS1	11	2.57009	2	1.29032
IFT122	11	2.57009	6	3.87097
IGSF8	11	2.57009	2	1.29032
IKBKE	11	2.57009	3	1.93548
IL4I1	11	2.57009	2	1.29032
ILDR1	11	2.57009	1	0.645161
INTS13	11	2.57009	2	1.29032
INTS6L	11	2.57009	1	0.645161
INVS	11	2.57009	2	1.29032
IPO13	11	2.57009	1	0.645161
IPO4	11	2.57009	0	0
IPO5	11	2.57009	1	0.645161
IQCH	11	2.57009	7	4.51613
IQCJ-SCHIP1	11	2.57009	2	1.29032
IRAK3	11	2.57009	3	1.93548
IRF2	11	2.57009	1	0.645161
IRX6	11	2.57009	2	1.29032
ITPKB	11	2.57009	2	1.29032
ITPRID2	11	2.57009	2	1.29032
JADE2	11	2.57009	2	1.29032
JAM3	11	2.57009	0	0
KANK4	11	2.57009	1	0.645161
KCNF1	11	2.57009	1	0.645161
KCNG4	11	2.57009	1	0.645161
KCNJ4	11	2.57009	1	0.645161
KDM7A	11	2.57009	1	0.645161
KIF12	11	2.57009	0	0
KIF15	11	2.57009	2	1.29032
KIF20A	11	2.57009	0	0
KIF5A	11	2.57009	4	2.58065
KIF9	11	2.57009	4	2.58065
KLC1	11	2.57009	2	1.29032
KLHL10	11	2.57009	2	1.29032
KLHL22	11	2.57009	1	0.645161
KRT33A	11	2.57009	0	0
KRT82	11	2.57009	3	1.93548
LANCL2	11	2.57009	2	1.29032
LCP2	11	2.57009	1	0.645161
LDLRAP1	11	2.57009	1	0.645161
LIG4	11	2.57009	4	2.58065
LIMK1	11	2.57009	1	0.645161
LMF2	11	2.57009	1	0.645161
LRCH2	11	2.57009	4	2.58065
LRIG2	11	2.57009	2	1.29032
LRP3	11	2.57009	0	0
LRRC37A3	11	2.57009	5	3.22581
LRRFIP1	11	2.57009	3	1.93548
LRRFIP2	11	2.57009	5	3.22581
LTF	11	2.57009	2	1.29032
LUZP2	11	2.57009	4	2.58065
MACO1	11	2.57009	3	1.93548
MAEL	11	2.57009	4	2.58065
MAGEA12	11	2.57009	2	1.29032
MAGED2	11	2.57009	3	1.93548
MAK	11	2.57009	3	1.93548
MAP7D2	11	2.57009	3	1.93548
MARCHF4	11	2.57009	0	0
MASP2	11	2.57009	2	1.29032
MATK	11	2.57009	2	1.29032
MATR3	11	2.57009	2	1.29032
MBD4	11	2.57009	1	0.645161
MEGF10	11	2.57009	5	3.22581
MEIOC	11	2.57009	3	1.93548
MELK	11	2.57009	1	0.645161
MEPCE	11	2.57009	4	2.58065
MFN1	11	2.57009	2	1.29032
MIGA1	11	2.57009	2	1.29032
MMP12	11	2.57009	2	1.29032
MMRN1	11	2.57009	5	3.22581
MOCOS	11	2.57009	3	1.93548
MPL	11	2.57009	2	1.29032
MRGPRX3	11	2.57009	3	1.93548
MRTFB	11	2.57009	2	1.29032
MSL3	11	2.57009	2	1.29032
MSN	11	2.57009	2	1.29032
MUSK	11	2.57009	6	3.87097
MYRIP	11	2.57009	4	2.58065
N4BP2L2	11	2.57009	3	1.93548
NAALADL2	11	2.57009	4	2.58065
NAPEPLD	11	2.57009	3	1.93548
NCBP1	11	2.57009	7	4.51613
NDE1	11	2.57009	0	0
NDN	11	2.57009	4	2.58065
NDUFA10	11	2.57009	1	0.645161
NEFL	11	2.57009	2	1.29032
NEK8	11	2.57009	3	1.93548
NELFE	11	2.57009	2	1.29032
NEUROD6	11	2.57009	3	1.93548
NFE2	11	2.57009	3	1.93548
NFE2L3	11	2.57009	2	1.29032
NFIB	11	2.57009	4	2.58065
NHLRC3	11	2.57009	1	0.645161
NIM1K	11	2.57009	3	1.93548
NKAPD1	11	2.57009	2	1.29032
NLGN4Y	11	2.57009	2	1.29032
NOC4L	11	2.57009	0	0
NONO	11	2.57009	1	0.645161
NOP2	11	2.57009	3	1.93548
NPHP1	11	2.57009	2	1.29032
NT5C1B	11	2.57009	1	0.645161
NTM	11	2.57009	5	3.22581
NUP93	11	2.57009	1	0.645161
NVL	11	2.57009	3	1.93548
OCRL	11	2.57009	4	2.58065
OPRD1	11	2.57009	0	0
OR2B2	11	2.57009	4	2.58065
OR2L13	11	2.57009	6	3.87097
OR2M3	11	2.57009	2	1.29032
OR2T33	11	2.57009	3	1.93548
OR2W1	11	2.57009	2	1.29032
OR4A16	11	2.57009	1	0.645161
OR4C15	11	2.57009	3	1.93548
OR4K1	11	2.57009	1	0.645161
OR4K5	11	2.57009	2	1.29032
OR4M1	11	2.57009	1	0.645161
OR4N2	11	2.57009	2	1.29032
OR4P4	11	2.57009	1	0.645161
OR52A5	11	2.57009	3	1.93548
OR5H14	11	2.57009	3	1.93548
OR5W2	11	2.57009	3	1.93548
OR8H1	11	2.57009	3	1.93548
OR9Q2	11	2.57009	0	0
ORC1	11	2.57009	1	0.645161
OSBPL3	11	2.57009	2	1.29032
OTUD6A	11	2.57009	0	0
PAMR1	11	2.57009	4	2.58065
PANK4	11	2.57009	1	0.645161
PAQR9	11	2.57009	3	1.93548
PARP6	11	2.57009	2	1.29032
PARP9	11	2.57009	3	1.93548
PARVB	11	2.57009	2	1.29032
PCCA	11	2.57009	3	1.93548
PCDH1	11	2.57009	1	0.645161
PDE10A	11	2.57009	7	4.51613
PDE5A	11	2.57009	4	2.58065
PDE8A	11	2.57009	0	0
PGM1	11	2.57009	1	0.645161
PHACTR3	11	2.57009	4	2.58065
PHF21A	11	2.57009	3	1.93548
PHF23	11	2.57009	0	0
PIAS3	11	2.57009	0	0
PIGG	11	2.57009	4	2.58065
PIK3R2	11	2.57009	0	0
PIP4K2A	11	2.57009	2	1.29032
PITPNM2	11	2.57009	1	0.645161
PIWIL2	11	2.57009	4	2.58065
PLAGL2	11	2.57009	2	1.29032
PLCB2	11	2.57009	2	1.29032
PLCH2	11	2.57009	1	0.645161
PLOD2	11	2.57009	3	1.93548
PLPPR5	11	2.57009	1	0.645161
PML	11	2.57009	2	1.29032
PNMA8A	11	2.57009	2	1.29032
PNMA8B	11	2.57009	4	2.58065
POLG	11	2.57009	1	0.645161
POLH	11	2.57009	1	0.645161
POLN	11	2.57009	4	2.58065
POMT1	11	2.57009	0	0
POMT2	11	2.57009	3	1.93548
PON1	11	2.57009	2	1.29032
POR	11	2.57009	0	0
POTEA	11	2.57009	2	1.29032
PPFIA3	11	2.57009	1	0.645161
PPM1E	11	2.57009	3	1.93548
PPM1L	11	2.57009	3	1.93548
PPP1R12C	11	2.57009	1	0.645161
PPP2R3A	11	2.57009	6	3.87097
PPP4R1	11	2.57009	1	0.645161
PREP	11	2.57009	2	1.29032
PRICKLE1	11	2.57009	4	2.58065
PRKD2	11	2.57009	0	0
PRKD3	11	2.57009	5	3.22581
PRMT2	11	2.57009	2	1.29032
PROM1	11	2.57009	4	2.58065
PRORP	11	2.57009	1	0.645161
PRRT2	11	2.57009	3	1.93548
PRSS12	11	2.57009	2	1.29032
PRSS35	11	2.57009	2	1.29032
PSPC1	11	2.57009	3	1.93548
PTH2R	11	2.57009	3	1.93548
PTPN4	11	2.57009	6	3.87097
PTPRO	11	2.57009	3	1.93548
PTPRR	11	2.57009	3	1.93548
PWWP3B	11	2.57009	5	3.22581
PYGM	11	2.57009	3	1.93548
QARS1	11	2.57009	0	0
QKI	11	2.57009	1	0.645161
QRFPR	11	2.57009	4	2.58065
R3HDM2	11	2.57009	2	1.29032
RAB3C	11	2.57009	4	2.58065
RANBP6	11	2.57009	5	3.22581
RAPGEF3	11	2.57009	3	1.93548
RBAK	11	2.57009	3	1.93548
RBBP8	11	2.57009	2	1.29032
RBM6	11	2.57009	2	1.29032
RBMXL2	11	2.57009	2	1.29032
RCBTB2	11	2.57009	2	1.29032
RGS9	11	2.57009	4	2.58065
RHBDF2	11	2.57009	1	0.645161
RHBG	11	2.57009	0	0
RINT1	11	2.57009	3	1.93548
RNF139	11	2.57009	2	1.29032
RNF145	11	2.57009	4	2.58065
RNF180	11	2.57009	3	1.93548
RREB1	11	2.57009	2	1.29032
RRP1B	11	2.57009	2	1.29032
RUNX2	11	2.57009	2	1.29032
RXRA	11	2.57009	0	0
S1PR4	11	2.57009	2	1.29032
SCAP	11	2.57009	2	1.29032
SCFD1	11	2.57009	1	0.645161
SDSL	11	2.57009	0	0
SEC14L5	11	2.57009	4	2.58065
SEMA4D	11	2.57009	1	0.645161
SEMA6C	11	2.57009	2	1.29032
SENP5	11	2.57009	5	3.22581
SERAC1	11	2.57009	1	0.645161
SERPINB2	11	2.57009	2	1.29032
SGCZ	11	2.57009	1	0.645161
SH3RF3	11	2.57009	2	1.29032
SIK3	11	2.57009	2	1.29032
SIX5	11	2.57009	1	0.645161
SKIDA1	11	2.57009	1	0.645161
SLAIN1	11	2.57009	1	0.645161
SLC15A2	11	2.57009	5	3.22581
SLC16A7	11	2.57009	6	3.87097
SLC17A5	11	2.57009	2	1.29032
SLC17A6	11	2.57009	3	1.93548
SLC18A2	11	2.57009	2	1.29032
SLC22A10	11	2.57009	2	1.29032
SLC22A16	11	2.57009	4	2.58065
SLC22A7	11	2.57009	1	0.645161
SLC24A1	11	2.57009	2	1.29032
SLC25A13	11	2.57009	2	1.29032
SLC26A8	11	2.57009	4	2.58065
SLC30A9	11	2.57009	5	3.22581
SLC39A12	11	2.57009	1	0.645161
SLC44A1	11	2.57009	2	1.29032
SLC44A4	11	2.57009	2	1.29032
SLC49A3	11	2.57009	0	0
SLC4A4	11	2.57009	5	3.22581
SLC4A9	11	2.57009	4	2.58065
SLC5A8	11	2.57009	5	3.22581
SLC9A1	11	2.57009	3	1.93548
SLC9A4	11	2.57009	5	3.22581
SLC9A5	11	2.57009	0	0
SLCO1B1	11	2.57009	4	2.58065
SLCO4A1	11	2.57009	1	0.645161
SMARCA5	11	2.57009	3	1.93548
SMARCB1	11	2.57009	2	1.29032
SMARCC2	11	2.57009	4	2.58065
SMCR8	11	2.57009	3	1.93548
SMG7	11	2.57009	4	2.58065
SMOX	11	2.57009	1	0.645161
SMPD1	11	2.57009	0	0
SMPD4	11	2.57009	0	0
SMYD1	11	2.57009	3	1.93548
SNX18	11	2.57009	1	0.645161
SNX19	11	2.57009	5	3.22581
SNX33	11	2.57009	1	0.645161
SOBP	11	2.57009	2	1.29032
SOX10	11	2.57009	2	1.29032
SPAG16	11	2.57009	8	5.16129
SPATA16	11	2.57009	0	0
SPIDR	11	2.57009	1	0.645161
SPPL2C	11	2.57009	1	0.645161
SPZ1	11	2.57009	6	3.87097
SREBF1	11	2.57009	1	0.645161
SREBF2	11	2.57009	1	0.645161
SRP68	11	2.57009	4	2.58065
ST6GALNAC3	11	2.57009	4	2.58065
ST8SIA4	11	2.57009	6	3.87097
STAG2	11	2.57009	1	0.645161
STAU2	11	2.57009	1	0.645161
STIP1	11	2.57009	2	1.29032
STK32B	11	2.57009	3	1.93548
STK36	11	2.57009	2	1.29032
STPG2	11	2.57009	6	3.87097
SUCO	11	2.57009	5	3.22581
SV2B	11	2.57009	2	1.29032
SYT3	11	2.57009	1	0.645161
TACR3	11	2.57009	6	3.87097
TAF4B	11	2.57009	1	0.645161
TAOK1	11	2.57009	2	1.29032
TAS1R1	11	2.57009	1	0.645161
TAS1R3	11	2.57009	1	0.645161
TBC1D31	11	2.57009	3	1.93548
TBK1	11	2.57009	1	0.645161
TBL1XR1	11	2.57009	1	0.645161
TCF3	11	2.57009	1	0.645161
TCF7	11	2.57009	1	0.645161
TCOF1	11	2.57009	3	1.93548
TDRD7	11	2.57009	3	1.93548
TESPA1	11	2.57009	3	1.93548
TEX11	11	2.57009	6	3.87097
TEX47	11	2.57009	0	0
TF	11	2.57009	4	2.58065
TFAP2C	11	2.57009	3	1.93548
TFEC	11	2.57009	2	1.29032
THBS3	11	2.57009	2	1.29032
THRAP3	11	2.57009	4	2.58065
THSD4	11	2.57009	2	1.29032
TLE1	11	2.57009	0	0
TLE3	11	2.57009	4	2.58065
TM7SF3	11	2.57009	2	1.29032
TMCO3	11	2.57009	1	0.645161
TMCO6	11	2.57009	0	0
TMEM60	11	2.57009	0	0
TMPRSS11A	11	2.57009	4	2.58065
TMPRSS11D	11	2.57009	2	1.29032
TMPRSS9	11	2.57009	2	1.29032
TNFAIP3	11	2.57009	3	1.93548
TOP1	11	2.57009	5	3.22581
TPCN1	11	2.57009	0	0
TRAIP	11	2.57009	0	0
TRAP1	11	2.57009	2	1.29032
TREH	11	2.57009	1	0.645161
TRIM17	11	2.57009	0	0
TRIM2	11	2.57009	1	0.645161
TRIM35	11	2.57009	1	0.645161
TSPAN10	11	2.57009	2	1.29032
TTC12	11	2.57009	2	1.29032
TTC30A	11	2.57009	0	0
TTF2	11	2.57009	2	1.29032
TTLL8	11	2.57009	0	0
TYR	11	2.57009	2	1.29032
TYW1	11	2.57009	1	0.645161
U2SURP	11	2.57009	3	1.93548
UBASH3A	11	2.57009	2	1.29032
UBQLN3	11	2.57009	3	1.93548
UGP2	11	2.57009	1	0.645161
UGT3A1	11	2.57009	3	1.93548
UMOD	11	2.57009	2	1.29032
UNK	11	2.57009	1	0.645161
USP2	11	2.57009	2	1.29032
USP20	11	2.57009	3	1.93548
USP25	11	2.57009	5	3.22581
USP32	11	2.57009	4	2.58065
USP5	11	2.57009	1	0.645161
USP54	11	2.57009	5	3.22581
USP6NL	11	2.57009	1	0.645161
UTP6	11	2.57009	3	1.93548
VANGL1	11	2.57009	1	0.645161
VANGL2	11	2.57009	1	0.645161
VEGFC	11	2.57009	5	3.22581
VPS16	11	2.57009	0	0
VPS52	11	2.57009	4	2.58065
VTN	11	2.57009	6	3.87097
VWCE	11	2.57009	0	0
WAC	11	2.57009	3	1.93548
WDHD1	11	2.57009	6	3.87097
WDPCP	11	2.57009	4	2.58065
WDR26	11	2.57009	2	1.29032
WDR36	11	2.57009	2	1.29032
WDR5	11	2.57009	0	0
WDR64	11	2.57009	5	3.22581
WWC2	11	2.57009	4	2.58065
YTHDF2	11	2.57009	3	1.93548
YTHDF3	11	2.57009	4	2.58065
ZBTB21	11	2.57009	3	1.93548
ZBTB22	11	2.57009	1	0.645161
ZBTB5	11	2.57009	2	1.29032
ZC3H11A	11	2.57009	4	2.58065
ZC3H3	11	2.57009	0	0
ZER1	11	2.57009	0	0
ZFP90	11	2.57009	5	3.22581
ZKSCAN7	11	2.57009	2	1.29032
ZMYND11	11	2.57009	1	0.645161
ZNF107	11	2.57009	4	2.58065
ZNF135	11	2.57009	0	0
ZNF226	11	2.57009	3	1.93548
ZNF248	11	2.57009	3	1.93548
ZNF273	11	2.57009	3	1.93548
ZNF282	11	2.57009	3	1.93548
ZNF320	11	2.57009	2	1.29032
ZNF337	11	2.57009	2	1.29032
ZNF33A	11	2.57009	6	3.87097
ZNF345	11	2.57009	4	2.58065
ZNF350	11	2.57009	3	1.93548
ZNF382	11	2.57009	6	3.87097
ZNF425	11	2.57009	4	2.58065
ZNF429	11	2.57009	5	3.22581
ZNF493	11	2.57009	5	3.22581
ZNF507	11	2.57009	2	1.29032
ZNF517	11	2.57009	2	1.29032
ZNF532	11	2.57009	3	1.93548
ZNF543	11	2.57009	3	1.93548
ZNF560	11	2.57009	5	3.22581
ZNF572	11	2.57009	3	1.93548
ZNF583	11	2.57009	4	2.58065
ZNF597	11	2.57009	1	0.645161
ZNF608	11	2.57009	4	2.58065
ZNF610	11	2.57009	3	1.93548
ZNF611	11	2.57009	4	2.58065
ZNF653	11	2.57009	3	1.93548
ZNF668	11	2.57009	1	0.645161
ZNF676	11	2.57009	3	1.93548
ZNF699	11	2.57009	1	0.645161
ZNF709	11	2.57009	3	1.93548
ZNF714	11	2.57009	3	1.93548
ZNF74	11	2.57009	3	1.93548
ZNF746	11	2.57009	1	0.645161
ZNF777	11	2.57009	1	0.645161
ZNF791	11	2.57009	1	0.645161
ZNF83	11	2.57009	3	1.93548
ZNF878	11	2.57009	5	3.22581
ZNF93	11	2.57009	3	1.93548
ZRANB1	11	2.57009	2	1.29032
ZSWIM5	11	2.57009	1	0.645161
ZYG11B	11	2.57009	0	0
ABCB9	10	2.33645	3	1.93548
ACRBP	10	2.33645	2	1.29032
ACTL7B	10	2.33645	3	1.93548
ACTR1B	10	2.33645	0	0
ACTRT1	10	2.33645	3	1.93548
ADAM19	10	2.33645	2	1.29032
ADAM22	10	2.33645	2	1.29032
ADAM32	10	2.33645	2	1.29032
ADAMTS15	10	2.33645	1	0.645161
ADARB2	10	2.33645	7	4.51613
ADCK1	10	2.33645	3	1.93548
ADGRA1	10	2.33645	0	0
ADGRE1	10	2.33645	5	3.22581
ADGRE2	10	2.33645	5	3.22581
ADGRE3	10	2.33645	2	1.29032
ADGRF1	10	2.33645	5	3.22581
ADGRF5	10	2.33645	2	1.29032
ADSL	10	2.33645	0	0
ADSS1	10	2.33645	0	0
AHI1	10	2.33645	4	2.58065
AIM2	10	2.33645	1	0.645161
AJAP1	10	2.33645	2	1.29032
AKT3	10	2.33645	4	2.58065
ALAS2	10	2.33645	4	2.58065
ALB	10	2.33645	4	2.58065
ALDH16A1	10	2.33645	2	1.29032
ALDH18A1	10	2.33645	0	0
ALDH1B1	10	2.33645	2	1.29032
ALDH1L1	10	2.33645	5	3.22581
ALDH1L2	10	2.33645	3	1.93548
ALDH3A1	10	2.33645	0	0
ALG10	10	2.33645	2	1.29032
ALG11	10	2.33645	2	1.29032
ALOX12B	10	2.33645	2	1.29032
ALOXE3	10	2.33645	2	1.29032
ALPI	10	2.33645	0	0
ALPL	10	2.33645	1	0.645161
AMER3	10	2.33645	4	2.58065
ANAPC2	10	2.33645	0	0
ANGPTL1	10	2.33645	3	1.93548
ANKFY1	10	2.33645	3	1.93548
ANKMY1	10	2.33645	3	1.93548
ANKRD55	10	2.33645	2	1.29032
ANKRD6	10	2.33645	0	0
ANOS1	10	2.33645	3	1.93548
ANTXR1	10	2.33645	4	2.58065
ANTXR2	10	2.33645	3	1.93548
ANXA13	10	2.33645	3	1.93548
AOX1	10	2.33645	3	1.93548
APC2	10	2.33645	0	0
APMAP	10	2.33645	0	0
ARC	10	2.33645	2	1.29032
ARHGAP15	10	2.33645	4	2.58065
ARHGAP44	10	2.33645	3	1.93548
ARHGAP9	10	2.33645	2	1.29032
ARHGEF2	10	2.33645	2	1.29032
ARHGEF3	10	2.33645	1	0.645161
ARSF	10	2.33645	2	1.29032
ART5	10	2.33645	0	0
ASB15	10	2.33645	1	0.645161
ASIC3	10	2.33645	1	0.645161
ASIC4	10	2.33645	4	2.58065
ATF6	10	2.33645	2	1.29032
ATN1	10	2.33645	2	1.29032
ATP13A1	10	2.33645	0	0
ATP6V0D2	10	2.33645	2	1.29032
ATP8A1	10	2.33645	3	1.93548
AVPR1B	10	2.33645	3	1.93548
B3GAT1	10	2.33645	1	0.645161
BACH1	10	2.33645	3	1.93548
BAHD1	10	2.33645	3	1.93548
BARD1	10	2.33645	2	1.29032
BARHL1	10	2.33645	3	1.93548
BBS12	10	2.33645	2	1.29032
BLK	10	2.33645	2	1.29032
BMP2	10	2.33645	2	1.29032
BRCA1	10	2.33645	3	1.93548
BRSK2	10	2.33645	1	0.645161
BZW1	10	2.33645	1	0.645161
C12orf42	10	2.33645	3	1.93548
C1orf112	10	2.33645	2	1.29032
C4orf50	10	2.33645	1	0.645161
C7	10	2.33645	5	3.22581
C9	10	2.33645	3	1.93548
CA6	10	2.33645	1	0.645161
CAB39L	10	2.33645	3	1.93548
CACNB2	10	2.33645	3	1.93548
CADM3	10	2.33645	2	1.29032
CAPN5	10	2.33645	4	2.58065
CAPRIN1	10	2.33645	2	1.29032
CARNMT1	10	2.33645	2	1.29032
CARS1	10	2.33645	1	0.645161
CASK	10	2.33645	1	0.645161
CBL	10	2.33645	3	1.93548
CBLB	10	2.33645	6	3.87097
CBY2	10	2.33645	4	2.58065
CCDC120	10	2.33645	0	0
CCDC144A	10	2.33645	3	1.93548
CCDC148	10	2.33645	1	0.645161
CCDC151	10	2.33645	1	0.645161
CCDC170	10	2.33645	6	3.87097
CCDC173	10	2.33645	3	1.93548
CCDC66	10	2.33645	4	2.58065
CCDC9	10	2.33645	1	0.645161
CCDC93	10	2.33645	3	1.93548
CCNB3	10	2.33645	5	3.22581
CCNL1	10	2.33645	2	1.29032
CCSER2	10	2.33645	5	3.22581
CD101	10	2.33645	3	1.93548
CD2BP2	10	2.33645	0	0
CD4	10	2.33645	3	1.93548
CD96	10	2.33645	0	0
CDC23	10	2.33645	0	0
CDC7	10	2.33645	2	1.29032
CDKL5	10	2.33645	5	3.22581
CDR2	10	2.33645	2	1.29032
CELF2	10	2.33645	0	0
CERKL	10	2.33645	1	0.645161
CFAP91	10	2.33645	5	3.22581
CHGB	10	2.33645	4	2.58065
CHRDL1	10	2.33645	4	2.58065
CHRNB2	10	2.33645	1	0.645161
CHST3	10	2.33645	3	1.93548
CHST9	10	2.33645	5	3.22581
CHSY3	10	2.33645	1	0.645161
CIAO3	10	2.33645	1	0.645161
CLCN6	10	2.33645	3	1.93548
CLCN7	10	2.33645	0	0
CLDN10	10	2.33645	1	0.645161
CLGN	10	2.33645	3	1.93548
CLMN	10	2.33645	4	2.58065
CLMP	10	2.33645	1	0.645161
CNGA4	10	2.33645	0	0
CNOT4	10	2.33645	3	1.93548
CNTROB	10	2.33645	1	0.645161
COG4	10	2.33645	2	1.29032
COG6	10	2.33645	3	1.93548
COMP	10	2.33645	1	0.645161
COPB2	10	2.33645	3	1.93548
CORO2B	10	2.33645	2	1.29032
CPB2	10	2.33645	3	1.93548
CPEB4	10	2.33645	2	1.29032
CPLANE1	10	2.33645	2	1.29032
CPSF2	10	2.33645	1	0.645161
CPT1B	10	2.33645	1	0.645161
CRIM1	10	2.33645	3	1.93548
CRYGA	10	2.33645	0	0
CSNK1E	10	2.33645	0	0
CSNK1G3	10	2.33645	2	1.29032
CSRNP3	10	2.33645	2	1.29032
CSTF3	10	2.33645	1	0.645161
CTAGE1	10	2.33645	2	1.29032
CWC27	10	2.33645	1	0.645161
CYP27C1	10	2.33645	3	1.93548
CYP2A13	10	2.33645	2	1.29032
CYP2A7	10	2.33645	3	1.93548
CYP2C19	10	2.33645	1	0.645161
CYP2D6	10	2.33645	1	0.645161
CYP2F1	10	2.33645	0	0
CYP4A22	10	2.33645	0	0
DAO	10	2.33645	3	1.93548
DAXX	10	2.33645	3	1.93548
DBT	10	2.33645	0	0
DDX46	10	2.33645	3	1.93548
DGCR8	10	2.33645	1	0.645161
DHX35	10	2.33645	2	1.29032
DIS3	10	2.33645	6	3.87097
DISC1	10	2.33645	4	2.58065
DLG1	10	2.33645	0	0
DLGAP4	10	2.33645	4	2.58065
DMGDH	10	2.33645	3	1.93548
DMRTB1	10	2.33645	3	1.93548
DNAAF4	10	2.33645	3	1.93548
DNAH12	10	2.33645	3	1.93548
DNAJB8	10	2.33645	1	0.645161
DOK1	10	2.33645	1	0.645161
DOK7	10	2.33645	0	0
DPYSL2	10	2.33645	3	1.93548
DPYSL4	10	2.33645	2	1.29032
DRC1	10	2.33645	2	1.29032
DRC7	10	2.33645	1	0.645161
DRP2	10	2.33645	4	2.58065
DSC1	10	2.33645	3	1.93548
DSC2	10	2.33645	2	1.29032
DSE	10	2.33645	4	2.58065
DUSP22	10	2.33645	2	1.29032
DYM	10	2.33645	0	0
DYRK1B	10	2.33645	2	1.29032
EDIL3	10	2.33645	4	2.58065
EFHC1	10	2.33645	3	1.93548
EGF	10	2.33645	4	2.58065
EHD4	10	2.33645	0	0
EHHADH	10	2.33645	3	1.93548
ELAVL3	10	2.33645	2	1.29032
ELF1	10	2.33645	3	1.93548
ELF4	10	2.33645	2	1.29032
ELK3	10	2.33645	0	0
ELOA	10	2.33645	0	0
ELOVL2	10	2.33645	0	0
EMID1	10	2.33645	0	0
EML3	10	2.33645	0	0
ENPP1	10	2.33645	2	1.29032
ENPP3	10	2.33645	6	3.87097
EPHA8	10	2.33645	2	1.29032
EPHB3	10	2.33645	2	1.29032
EPHB4	10	2.33645	4	2.58065
ERCC2	10	2.33645	1	0.645161
ERCC6L	10	2.33645	7	4.51613
ERICH1	10	2.33645	1	0.645161
ESYT1	10	2.33645	0	0
EXOC2	10	2.33645	0	0
EXOC3	10	2.33645	0	0
EXTL3	10	2.33645	3	1.93548
EYA1	10	2.33645	2	1.29032
F13B	10	2.33645	5	3.22581
F2R	10	2.33645	1	0.645161
FAF1	10	2.33645	0	0
FAM110B	10	2.33645	1	0.645161
FAM160B2	10	2.33645	0	0
FAM169A	10	2.33645	2	1.29032
FAM170A	10	2.33645	1	0.645161
FAM20A	10	2.33645	2	1.29032
FAM222B	10	2.33645	4	2.58065
FAM227B	10	2.33645	4	2.58065
FAM71A	10	2.33645	3	1.93548
FAM81B	10	2.33645	2	1.29032
FAM83G	10	2.33645	0	0
FAM91A1	10	2.33645	3	1.93548
FARSB	10	2.33645	2	1.29032
FASTKD1	10	2.33645	3	1.93548
FBF1	10	2.33645	3	1.93548
FBLN1	10	2.33645	1	0.645161
FBXW11	10	2.33645	2	1.29032
FCAMR	10	2.33645	2	1.29032
FCN1	10	2.33645	3	1.93548
FERMT2	10	2.33645	1	0.645161
FGD3	10	2.33645	0	0
FLRT3	10	2.33645	2	1.29032
FLT3	10	2.33645	3	1.93548
FMO1	10	2.33645	0	0
FMO5	10	2.33645	3	1.93548
FMR1	10	2.33645	3	1.93548
FNIP2	10	2.33645	2	1.29032
FOXD4L4	10	2.33645	1	0.645161
FOXD4L5	10	2.33645	1	0.645161
FOXM1	10	2.33645	2	1.29032
FOXP1	10	2.33645	1	0.645161
FRK	10	2.33645	1	0.645161
FRMD6	10	2.33645	3	1.93548
FSCN3	10	2.33645	2	1.29032
GALNT2	10	2.33645	5	3.22581
GAN	10	2.33645	3	1.93548
GAREM1	10	2.33645	1	0.645161
GCLC	10	2.33645	1	0.645161
GCNT2	10	2.33645	2	1.29032
GDF10	10	2.33645	1	0.645161
GDF6	10	2.33645	2	1.29032
GEMIN4	10	2.33645	0	0
GGCX	10	2.33645	2	1.29032
GGNBP2	10	2.33645	3	1.93548
GJB3	10	2.33645	0	0
GK2	10	2.33645	4	2.58065
GLE1	10	2.33645	2	1.29032
GNAO1	10	2.33645	0	0
GNB1L	10	2.33645	1	0.645161
GOLGA2	10	2.33645	2	1.29032
GOLGA5	10	2.33645	2	1.29032
GP5	10	2.33645	1	0.645161
GPBP1	10	2.33645	0	0
GPR12	10	2.33645	3	1.93548
GPR22	10	2.33645	1	0.645161
GRHL2	10	2.33645	3	1.93548
GRIN1	10	2.33645	1	0.645161
GRIN2D	10	2.33645	0	0
GRN	10	2.33645	0	0
GSAP	10	2.33645	1	0.645161
GSK3B	10	2.33645	2	1.29032
GYS1	10	2.33645	2	1.29032
HACE1	10	2.33645	4	2.58065
HAO1	10	2.33645	2	1.29032
HASPIN	10	2.33645	0	0
HAUS3	10	2.33645	2	1.29032
HCRTR2	10	2.33645	3	1.93548
HDGF	10	2.33645	0	0
HEPACAM2	10	2.33645	2	1.29032
HIF1A	10	2.33645	5	3.22581
HLA-C	10	2.33645	0	0
HNRNPA3	10	2.33645	2	1.29032
HNRNPUL1	10	2.33645	2	1.29032
HNRNPUL2	10	2.33645	1	0.645161
HOMEZ	10	2.33645	1	0.645161
HOOK2	10	2.33645	0	0
HPS1	10	2.33645	0	0
HR	10	2.33645	3	1.93548
HS6ST2	10	2.33645	0	0
IDH2	10	2.33645	2	1.29032
IFIT2	10	2.33645	2	1.29032
IGFALS	10	2.33645	2	1.29032
IGHE	10	2.33645	0	0
IGHG2	10	2.33645	2	1.29032
IGHM	10	2.33645	4	2.58065
IGSF22	10	2.33645	1	0.645161
IKZF1	10	2.33645	1	0.645161
IKZF2	10	2.33645	1	0.645161
IKZF4	10	2.33645	1	0.645161
IL17RA	10	2.33645	0	0
IL1RL2	10	2.33645	3	1.93548
IL2RG	10	2.33645	2	1.29032
ILF3	10	2.33645	2	1.29032
ING1	10	2.33645	3	1.93548
INO80D	10	2.33645	1	0.645161
INO80E	10	2.33645	0	0
INSC	10	2.33645	2	1.29032
INSM2	10	2.33645	1	0.645161
INTS4	10	2.33645	4	2.58065
IRX5	10	2.33645	0	0
ITGA2B	10	2.33645	3	1.93548
JPH1	10	2.33645	1	0.645161
JRKL	10	2.33645	2	1.29032
KBTBD3	10	2.33645	3	1.93548
KCNA10	10	2.33645	5	3.22581
KCNK13	10	2.33645	1	0.645161
KCNN2	10	2.33645	0	0
KCNS3	10	2.33645	1	0.645161
KCTD18	10	2.33645	2	1.29032
KHDRBS2	10	2.33645	6	3.87097
KIAA0753	10	2.33645	5	3.22581
KIF14	10	2.33645	3	1.93548
KIF27	10	2.33645	4	2.58065
KIRREL1	10	2.33645	2	1.29032
KIZ	10	2.33645	4	2.58065
KL	10	2.33645	5	3.22581
KLF17	10	2.33645	2	1.29032
KLHL11	10	2.33645	1	0.645161
KLHL23	10	2.33645	5	3.22581
KLHL24	10	2.33645	4	2.58065
KLHL30	10	2.33645	1	0.645161
KLHL32	10	2.33645	3	1.93548
KLHL36	10	2.33645	1	0.645161
KLRK1	10	2.33645	1	0.645161
KMO	10	2.33645	5	3.22581
KRT1	10	2.33645	1	0.645161
KRT222	10	2.33645	3	1.93548
KRT3	10	2.33645	4	2.58065
KRT39	10	2.33645	2	1.29032
KRT40	10	2.33645	2	1.29032
KRT6A	10	2.33645	5	3.22581
KRT6C	10	2.33645	2	1.29032
KRT74	10	2.33645	3	1.93548
KRT79	10	2.33645	2	1.29032
KRT84	10	2.33645	5	3.22581
LARP7	10	2.33645	2	1.29032
LCP1	10	2.33645	2	1.29032
LEF1	10	2.33645	0	0
LGR5	10	2.33645	2	1.29032
LILRA5	10	2.33645	1	0.645161
LILRB1	10	2.33645	7	4.51613
LILRB2	10	2.33645	2	1.29032
LILRB5	10	2.33645	6	3.87097
LINS1	10	2.33645	2	1.29032
LIPI	10	2.33645	1	0.645161
LMCD1	10	2.33645	1	0.645161
LMOD1	10	2.33645	3	1.93548
LPCAT1	10	2.33645	0	0
LRIT1	10	2.33645	2	1.29032
LRRC4B	10	2.33645	0	0
LSM14A	10	2.33645	3	1.93548
LUM	10	2.33645	3	1.93548
MACROH2A2	10	2.33645	3	1.93548
MAGEB6B	10	2.33645	2	1.29032
MAGED1	10	2.33645	1	0.645161
MAGI3	10	2.33645	3	1.93548
MAML1	10	2.33645	2	1.29032
MAML3	10	2.33645	4	2.58065
MAN2A2	10	2.33645	1	0.645161
MAN2B1	10	2.33645	1	0.645161
MAP3K6	10	2.33645	1	0.645161
MATN4	10	2.33645	3	1.93548
MCCC2	10	2.33645	1	0.645161
MDM1	10	2.33645	3	1.93548
ME2	10	2.33645	0	0
MED16	10	2.33645	0	0
MGRN1	10	2.33645	2	1.29032
MIB2	10	2.33645	0	0
MIGA2	10	2.33645	2	1.29032
MLLT1	10	2.33645	1	0.645161
MMP2	10	2.33645	4	2.58065
MMRN2	10	2.33645	1	0.645161
MORC3	10	2.33645	4	2.58065
MORC4	10	2.33645	4	2.58065
MPHOSPH10	10	2.33645	0	0
MPHOSPH9	10	2.33645	2	1.29032
MROH9	10	2.33645	3	1.93548
MTMR1	10	2.33645	4	2.58065
MTMR3	10	2.33645	2	1.29032
MUC5AC	10	2.33645	4	2.58065
MYCN	10	2.33645	2	1.29032
MYF6	10	2.33645	1	0.645161
MYLK3	10	2.33645	6	3.87097
MYO1C	10	2.33645	0	0
MYO1H	10	2.33645	4	2.58065
MYPOP	10	2.33645	0	0
NADSYN1	10	2.33645	0	0
NAT10	10	2.33645	1	0.645161
NBN	10	2.33645	4	2.58065
NCAN	10	2.33645	1	0.645161
NCAPG2	10	2.33645	2	1.29032
NCSTN	10	2.33645	0	0
NEIL1	10	2.33645	0	0
NF2	10	2.33645	2	1.29032
NGLY1	10	2.33645	4	2.58065
NHSL2	10	2.33645	3	1.93548
NIBAN3	10	2.33645	2	1.29032
NOX3	10	2.33645	3	1.93548
NPFFR2	10	2.33645	4	2.58065
NR1H3	10	2.33645	0	0
NR2C2	10	2.33645	1	0.645161
NR2E1	10	2.33645	1	0.645161
NR5A2	10	2.33645	2	1.29032
NTNG1	10	2.33645	4	2.58065
NTRK1	10	2.33645	0	0
NUB1	10	2.33645	2	1.29032
NUF2	10	2.33645	1	0.645161
NUMB	10	2.33645	0	0
ODF2	10	2.33645	3	1.93548
OMD	10	2.33645	5	3.22581
OPA1	10	2.33645	3	1.93548
OPRM1	10	2.33645	1	0.645161
OR10AG1	10	2.33645	2	1.29032
OR10H1	10	2.33645	3	1.93548
OR11H1	10	2.33645	1	0.645161
OR13C3	10	2.33645	3	1.93548
OR14A16	10	2.33645	1	0.645161
OR2A5	10	2.33645	4	2.58065
OR2T6	10	2.33645	2	1.29032
OR2W3	10	2.33645	0	0
OR2Y1	10	2.33645	1	0.645161
OR4C13	10	2.33645	6	3.87097
OR4C16	10	2.33645	1	0.645161
OR4C6	10	2.33645	2	1.29032
OR4D10	10	2.33645	2	1.29032
OR4K15	10	2.33645	1	0.645161
OR51E1	10	2.33645	1	0.645161
OR52D1	10	2.33645	2	1.29032
OR5F1	10	2.33645	3	1.93548
OR5H6	10	2.33645	3	1.93548
OR5K2	10	2.33645	3	1.93548
OR5K3	10	2.33645	2	1.29032
OR5M1	10	2.33645	4	2.58065
OR6T1	10	2.33645	0	0
OR8J1	10	2.33645	4	2.58065
OR8K1	10	2.33645	3	1.93548
ORC3	10	2.33645	1	0.645161
OSBPL10	10	2.33645	2	1.29032
OSR2	10	2.33645	1	0.645161
OTC	10	2.33645	4	2.58065
OXCT2	10	2.33645	3	1.93548
P2RY4	10	2.33645	0	0
P4HB	10	2.33645	0	0
PABPC1	10	2.33645	1	0.645161
PACSIN1	10	2.33645	2	1.29032
PAH	10	2.33645	5	3.22581
PAK4	10	2.33645	1	0.645161
PAN3	10	2.33645	4	2.58065
PANK1	10	2.33645	0	0
PANX2	10	2.33645	3	1.93548
PAPOLA	10	2.33645	3	1.93548
PAPOLB	10	2.33645	6	3.87097
PARP10	10	2.33645	0	0
PAX1	10	2.33645	1	0.645161
PAX2	10	2.33645	3	1.93548
PBXIP1	10	2.33645	0	0
PCDHB16	10	2.33645	7	4.51613
PCID2	10	2.33645	3	1.93548
PDE4B	10	2.33645	3	1.93548
PDIA5	10	2.33645	0	0
PDPR	10	2.33645	5	3.22581
PDXDC1	10	2.33645	2	1.29032
PEX5L	10	2.33645	4	2.58065
PEX6	10	2.33645	0	0
PGAP4	10	2.33645	0	0
PGM5	10	2.33645	3	1.93548
PHACTR4	10	2.33645	1	0.645161
PHAX	10	2.33645	2	1.29032
PIAS1	10	2.33645	4	2.58065
PIBF1	10	2.33645	2	1.29032
PICALM	10	2.33645	2	1.29032
PIEZO2	10	2.33645	2	1.29032
PIK3C2A	10	2.33645	4	2.58065
PINK1	10	2.33645	0	0
PITRM1	10	2.33645	4	2.58065
PIWIL4	10	2.33645	3	1.93548
PKP2	10	2.33645	4	2.58065
PLAG1	10	2.33645	4	2.58065
PLCD1	10	2.33645	3	1.93548
PLEKHA4	10	2.33645	2	1.29032
PLTP	10	2.33645	1	0.645161
PLXDC2	10	2.33645	6	3.87097
PM20D1	10	2.33645	2	1.29032
PMS2	10	2.33645	5	3.22581
PNPT1	10	2.33645	4	2.58065
POLA1	10	2.33645	6	3.87097
POLI	10	2.33645	2	1.29032
POLR1B	10	2.33645	4	2.58065
POM121	10	2.33645	3	1.93548
POM121C	10	2.33645	4	2.58065
POMGNT1	10	2.33645	0	0
POT1	10	2.33645	1	0.645161
POTEH	10	2.33645	3	1.93548
POU2F1	10	2.33645	2	1.29032
PPEF1	10	2.33645	2	1.29032
PPFIBP1	10	2.33645	5	3.22581
PPIG	10	2.33645	2	1.29032
PPIL4	10	2.33645	0	0
PPIP5K2	10	2.33645	3	1.93548
PPP1R12B	10	2.33645	6	3.87097
PPP1R3F	10	2.33645	1	0.645161
PPP2R3B	10	2.33645	0	0
PPP6R3	10	2.33645	8	5.16129
PRAMEF1	10	2.33645	2	1.29032
PRAMEF18	10	2.33645	0	0
PRDM1	10	2.33645	7	4.51613
PRDM4	10	2.33645	4	2.58065
PRKCD	10	2.33645	1	0.645161
PRKCSH	10	2.33645	2	1.29032
PRKG1	10	2.33645	3	1.93548
PRKG2	10	2.33645	4	2.58065
PRLHR	10	2.33645	1	0.645161
PROSER1	10	2.33645	1	0.645161
PRRT3	10	2.33645	2	1.29032
PSMD2	10	2.33645	4	2.58065
PTGS2	10	2.33645	3	1.93548
PTPN1	10	2.33645	2	1.29032
PTPN5	10	2.33645	3	1.93548
PTPRJ	10	2.33645	2	1.29032
PUM2	10	2.33645	1	0.645161
PUM3	10	2.33645	3	1.93548
PURG	10	2.33645	2	1.29032
PWWP3A	10	2.33645	0	0
RAB11FIP2	10	2.33645	2	1.29032
RABGGTA	10	2.33645	1	0.645161
RAD17	10	2.33645	2	1.29032
RAF1	10	2.33645	2	1.29032
RALGDS	10	2.33645	1	0.645161
RASAL1	10	2.33645	2	1.29032
RASSF2	10	2.33645	3	1.93548
RBL1	10	2.33645	3	1.93548
RBM12B	10	2.33645	3	1.93548
RBM28	10	2.33645	1	0.645161
RBM42	10	2.33645	1	0.645161
RCOR3	10	2.33645	0	0
RGS14	10	2.33645	0	0
RHOT1	10	2.33645	5	3.22581
RMI1	10	2.33645	4	2.58065
RNF103	10	2.33645	4	2.58065
RNF150	10	2.33645	2	1.29032
RNF214	10	2.33645	3	1.93548
RNF220	10	2.33645	1	0.645161
RNF25	10	2.33645	1	0.645161
RNF8	10	2.33645	0	0
RPA1	10	2.33645	0	0
RPS6KA1	10	2.33645	3	1.93548
RPS6KA4	10	2.33645	1	0.645161
RPS6KC1	10	2.33645	6	3.87097
RSPH4A	10	2.33645	5	3.22581
RTCB	10	2.33645	1	0.645161
RTN3	10	2.33645	3	1.93548
RTP1	10	2.33645	1	0.645161
RUFY3	10	2.33645	2	1.29032
S1PR1	10	2.33645	3	1.93548
SAMD4A	10	2.33645	2	1.29032
SAMHD1	10	2.33645	2	1.29032
SCAI	10	2.33645	3	1.93548
SCLT1	10	2.33645	1	0.645161
SCYL3	10	2.33645	1	0.645161
SEC24C	10	2.33645	2	1.29032
SERPINB8	10	2.33645	2	1.29032
SF3B4	10	2.33645	0	0
SFRP4	10	2.33645	4	2.58065
SGCD	10	2.33645	0	0
SH3BP2	10	2.33645	0	0
SHCBP1L	10	2.33645	4	2.58065
SHKBP1	10	2.33645	0	0
SIDT2	10	2.33645	1	0.645161
SIRPB1	10	2.33645	1	0.645161
SLC1A3	10	2.33645	4	2.58065
SLC1A7	10	2.33645	1	0.645161
SLC22A14	10	2.33645	3	1.93548
SLC22A6	10	2.33645	2	1.29032
SLC23A2	10	2.33645	2	1.29032
SLC2A13	10	2.33645	1	0.645161
SLC2A3	10	2.33645	1	0.645161
SLC2A7	10	2.33645	4	2.58065
SLC43A3	10	2.33645	2	1.29032
SLC45A1	10	2.33645	2	1.29032
SLC4A1AP	10	2.33645	3	1.93548
SLC5A3	10	2.33645	2	1.29032
SLC6A13	10	2.33645	2	1.29032
SLC6A3	10	2.33645	3	1.93548
SLC6A5	10	2.33645	5	3.22581
SLC7A10	10	2.33645	1	0.645161
SLC8B1	10	2.33645	1	0.645161
SMARCD2	10	2.33645	3	1.93548
SMURF1	10	2.33645	2	1.29032
SNAPC1	10	2.33645	0	0
SNX1	10	2.33645	2	1.29032
SOX13	10	2.33645	0	0
SOX17	10	2.33645	1	0.645161
SP100	10	2.33645	2	1.29032
SP3	10	2.33645	3	1.93548
SPAG1	10	2.33645	3	1.93548
SPATA20	10	2.33645	2	1.29032
SPDL1	10	2.33645	3	1.93548
SPRY3	10	2.33645	3	1.93548
SPTLC2	10	2.33645	1	0.645161
SREK1	10	2.33645	3	1.93548
SRMS	10	2.33645	3	1.93548
SRPX	10	2.33645	1	0.645161
SSBP3	10	2.33645	1	0.645161
ST8SIA3	10	2.33645	5	3.22581
STIM2	10	2.33645	3	1.93548
STK4	10	2.33645	0	0
STON2	10	2.33645	2	1.29032
STRN3	10	2.33645	2	1.29032
STXBP3	10	2.33645	0	0
SULF2	10	2.33645	4	2.58065
SUPT20H	10	2.33645	4	2.58065
SYT5	10	2.33645	1	0.645161
SYTL5	10	2.33645	2	1.29032
TAB2	10	2.33645	2	1.29032
TACC3	10	2.33645	1	0.645161
TAF5	10	2.33645	2	1.29032
TBCK	10	2.33645	3	1.93548
TBR1	10	2.33645	1	0.645161
TBX2	10	2.33645	1	0.645161
TCHP	10	2.33645	2	1.29032
TEKT3	10	2.33645	2	1.29032
TENT2	10	2.33645	4	2.58065
TENT4B	10	2.33645	1	0.645161
TENT5D	10	2.33645	3	1.93548
TFE3	10	2.33645	0	0
TGFB2	10	2.33645	5	3.22581
TGFBRAP1	10	2.33645	3	1.93548
TGM1	10	2.33645	0	0
THAP9	10	2.33645	5	3.22581
TIAL1	10	2.33645	1	0.645161
TKFC	10	2.33645	1	0.645161
TKTL2	10	2.33645	2	1.29032
TLR10	10	2.33645	3	1.93548
TM9SF2	10	2.33645	1	0.645161
TMC1	10	2.33645	1	0.645161
TMC4	10	2.33645	2	1.29032
TMCC2	10	2.33645	0	0
TMEM104	10	2.33645	1	0.645161
TMEM200C	10	2.33645	1	0.645161
TMEM26	10	2.33645	0	0
TMEM39A	10	2.33645	0	0
TMPRSS12	10	2.33645	2	1.29032
TNFRSF10A	10	2.33645	0	0
TNS4	10	2.33645	1	0.645161
TOX	10	2.33645	2	1.29032
TPX2	10	2.33645	1	0.645161
TRAF2	10	2.33645	0	0
TRIM29	10	2.33645	1	0.645161
TRIM56	10	2.33645	1	0.645161
TRIM6	10	2.33645	2	1.29032
TRIM67	10	2.33645	4	2.58065
TRIP4	10	2.33645	2	1.29032
TRIP6	10	2.33645	1	0.645161
TRPV1	10	2.33645	1	0.645161
TSHR	10	2.33645	2	1.29032
TSPAN5	10	2.33645	3	1.93548
TSPYL6	10	2.33645	2	1.29032
TTC13	10	2.33645	1	0.645161
TTC16	10	2.33645	2	1.29032
TTC23L	10	2.33645	0	0
TTC29	10	2.33645	3	1.93548
TTC39A	10	2.33645	0	0
TTC39C	10	2.33645	2	1.29032
TTC7A	10	2.33645	1	0.645161
TUBB4A	10	2.33645	1	0.645161
TUBB8	10	2.33645	3	1.93548
TXLNA	10	2.33645	1	0.645161
TXNRD1	10	2.33645	2	1.29032
UBAP2L	10	2.33645	3	1.93548
UBASH3B	10	2.33645	2	1.29032
UBE4A	10	2.33645	4	2.58065
UBP1	10	2.33645	3	1.93548
UGDH	10	2.33645	1	0.645161
UGT2A1	10	2.33645	2	1.29032
USP33	10	2.33645	4	2.58065
USP38	10	2.33645	2	1.29032
USP4	10	2.33645	0	0
USP45	10	2.33645	3	1.93548
USP53	10	2.33645	3	1.93548
UST	10	2.33645	2	1.29032
UXS1	10	2.33645	3	1.93548
VCP	10	2.33645	0	0
VMP1	10	2.33645	2	1.29032
VPS18	10	2.33645	0	0
VPS53	10	2.33645	1	0.645161
VRK2	10	2.33645	5	3.22581
VWA3A	10	2.33645	5	3.22581
VWA3B	10	2.33645	4	2.58065
WBP4	10	2.33645	1	0.645161
WDR13	10	2.33645	5	3.22581
WDR45	10	2.33645	1	0.645161
WDR55	10	2.33645	3	1.93548
WDR75	10	2.33645	1	0.645161
WDR81	10	2.33645	2	1.29032
WIPF1	10	2.33645	5	3.22581
WIPF3	10	2.33645	1	0.645161
WRAP53	10	2.33645	1	0.645161
XK	10	2.33645	0	0
XKR7	10	2.33645	1	0.645161
XPNPEP3	10	2.33645	2	1.29032
XPO7	10	2.33645	1	0.645161
YIF1A	10	2.33645	2	1.29032
ZBTB7B	10	2.33645	0	0
ZCCHC14	10	2.33645	2	1.29032
ZCCHC8	10	2.33645	3	1.93548
ZDHHC14	10	2.33645	0	0
ZDHHC5	10	2.33645	2	1.29032
ZFP30	10	2.33645	1	0.645161
ZFP36L1	10	2.33645	0	0
ZFP42	10	2.33645	1	0.645161
ZFP57	10	2.33645	3	1.93548
ZFP64	10	2.33645	2	1.29032
ZFP82	10	2.33645	3	1.93548
ZMAT1	10	2.33645	5	3.22581
ZNF101	10	2.33645	4	2.58065
ZNF117	10	2.33645	4	2.58065
ZNF131	10	2.33645	3	1.93548
ZNF132	10	2.33645	3	1.93548
ZNF133	10	2.33645	0	0
ZNF134	10	2.33645	0	0
ZNF140	10	2.33645	4	2.58065
ZNF20	10	2.33645	2	1.29032
ZNF211	10	2.33645	1	0.645161
ZNF212	10	2.33645	3	1.93548
ZNF214	10	2.33645	2	1.29032
ZNF221	10	2.33645	1	0.645161
ZNF234	10	2.33645	2	1.29032
ZNF257	10	2.33645	7	4.51613
ZNF266	10	2.33645	4	2.58065
ZNF283	10	2.33645	3	1.93548
ZNF354A	10	2.33645	5	3.22581
ZNF384	10	2.33645	1	0.645161
ZNF385A	10	2.33645	2	1.29032
ZNF395	10	2.33645	4	2.58065
ZNF417	10	2.33645	1	0.645161
ZNF44	10	2.33645	4	2.58065
ZNF467	10	2.33645	3	1.93548
ZNF473	10	2.33645	3	1.93548
ZNF484	10	2.33645	2	1.29032
ZNF513	10	2.33645	0	0
ZNF530	10	2.33645	2	1.29032
ZNF564	10	2.33645	2	1.29032
ZNF571	10	2.33645	3	1.93548
ZNF573	10	2.33645	3	1.93548
ZNF585B	10	2.33645	4	2.58065
ZNF594	10	2.33645	4	2.58065
ZNF600	10	2.33645	2	1.29032
ZNF614	10	2.33645	2	1.29032
ZNF675	10	2.33645	3	1.93548
ZNF680	10	2.33645	1	0.645161
ZNF692	10	2.33645	2	1.29032
ZNF700	10	2.33645	4	2.58065
ZNF775	10	2.33645	1	0.645161
ZNF778	10	2.33645	4	2.58065
ZNF790	10	2.33645	4	2.58065
ZSCAN1	10	2.33645	3	1.93548
ZZZ3	10	2.33645	2	1.29032
AADACL4	9	2.1028	2	1.29032
AAK1	9	2.1028	1	0.645161
AARS1	9	2.1028	2	1.29032
ABTB2	9	2.1028	0	0
AC006059.2	9	2.1028	4	2.58065
AC013489.1	9	2.1028	1	0.645161
ACAP3	9	2.1028	1	0.645161
ACOT7	9	2.1028	0	0
ACSBG2	9	2.1028	5	3.22581
ACSL1	9	2.1028	0	0
ACSL5	9	2.1028	0	0
ACSM4	9	2.1028	6	3.87097
ACTL6B	9	2.1028	0	0
ACTN2	9	2.1028	5	3.22581
ACTR3B	9	2.1028	2	1.29032
ADAM15	9	2.1028	2	1.29032
ADAM33	9	2.1028	1	0.645161
ADD1	9	2.1028	1	0.645161
ADGRF4	9	2.1028	2	1.29032
ADORA1	9	2.1028	2	1.29032
ADRA1A	9	2.1028	4	2.58065
ADRA1D	9	2.1028	2	1.29032
AFAP1	9	2.1028	3	1.93548
AFAP1L2	9	2.1028	0	0
AFM	9	2.1028	6	3.87097
AGFG1	9	2.1028	0	0
AGTR1	9	2.1028	3	1.93548
AHR	9	2.1028	3	1.93548
AIFM1	9	2.1028	2	1.29032
AK7	9	2.1028	2	1.29032
AKAP8	9	2.1028	0	0
ALDH1A1	9	2.1028	2	1.29032
ALDH4A1	9	2.1028	1	0.645161
ALDH8A1	9	2.1028	0	0
ALOX15B	9	2.1028	1	0.645161
ALPP	9	2.1028	0	0
ANGEL1	9	2.1028	1	0.645161
ANKLE2	9	2.1028	1	0.645161
ANKRD34A	9	2.1028	0	0
ANO10	9	2.1028	2	1.29032
AP002748.5	9	2.1028	1	0.645161
AP1G1	9	2.1028	1	0.645161
AP1S1	9	2.1028	1	0.645161
AP4B1	9	2.1028	0	0
APBB1IP	9	2.1028	2	1.29032
AQP7	9	2.1028	2	1.29032
ARFIP1	9	2.1028	2	1.29032
ARHGAP10	9	2.1028	2	1.29032
ARHGAP25	9	2.1028	4	2.58065
ARHGEF28	9	2.1028	4	2.58065
ARHGEF9	9	2.1028	4	2.58065
ARID4B	9	2.1028	3	1.93548
ARID5A	9	2.1028	1	0.645161
ARL13B	9	2.1028	0	0
ARMC2	9	2.1028	2	1.29032
ARMH3	9	2.1028	0	0
ARSD	9	2.1028	0	0
ARSL	9	2.1028	1	0.645161
ASAH2	9	2.1028	3	1.93548
ASCC2	9	2.1028	0	0
ASMTL	9	2.1028	3	1.93548
ASZ1	9	2.1028	3	1.93548
ATG4D	9	2.1028	2	1.29032
ATP13A4	9	2.1028	3	1.93548
AURKC	9	2.1028	5	3.22581
BABAM2	9	2.1028	2	1.29032
BACE2	9	2.1028	2	1.29032
BAG6	9	2.1028	2	1.29032
BAIAP3	9	2.1028	1	0.645161
BCAR3	9	2.1028	2	1.29032
BEST1	9	2.1028	0	0
BICD1	9	2.1028	3	1.93548
BMP3	9	2.1028	3	1.93548
BMP5	9	2.1028	4	2.58065
BMPR1A	9	2.1028	2	1.29032
BNIP5	9	2.1028	1	0.645161
BRD7	9	2.1028	2	1.29032
BSX	9	2.1028	2	1.29032
BTN2A1	9	2.1028	0	0
BTN2A2	9	2.1028	2	1.29032
BTRC	9	2.1028	2	1.29032
C11orf87	9	2.1028	2	1.29032
C12orf4	9	2.1028	3	1.93548
C19orf44	9	2.1028	3	1.93548
C21orf58	9	2.1028	0	0
C2orf78	9	2.1028	3	1.93548
C9orf131	9	2.1028	1	0.645161
CABS1	9	2.1028	2	1.29032
CACNB1	9	2.1028	1	0.645161
CACNB4	9	2.1028	3	1.93548
CACNG2	9	2.1028	1	0.645161
CACNG5	9	2.1028	0	0
CACUL1	9	2.1028	0	0
CAMKV	9	2.1028	0	0
CAPN15	9	2.1028	2	1.29032
CAPN3	9	2.1028	2	1.29032
CAPS2	9	2.1028	2	1.29032
CARF	9	2.1028	4	2.58065
CARNS1	9	2.1028	2	1.29032
CATSPER3	9	2.1028	1	0.645161
CAVIN1	9	2.1028	1	0.645161
CBFA2T2	9	2.1028	0	0
CBLL2	9	2.1028	3	1.93548
CBX6	9	2.1028	1	0.645161
CCDC174	9	2.1028	2	1.29032
CCDC181	9	2.1028	2	1.29032
CCDC57	9	2.1028	0	0
CCDC8	9	2.1028	1	0.645161
CCDC96	9	2.1028	1	0.645161
CCER1	9	2.1028	3	1.93548
CCR1	9	2.1028	2	1.29032
CD19	9	2.1028	0	0
CD276	9	2.1028	0	0
CDC20B	9	2.1028	3	1.93548
CDC25A	9	2.1028	0	0
CDC27	9	2.1028	2	1.29032
CDCA2	9	2.1028	3	1.93548
CDHR1	9	2.1028	1	0.645161
CENPI	9	2.1028	0	0
CERS3	9	2.1028	6	3.87097
CES1	9	2.1028	3	1.93548
CES5A	9	2.1028	3	1.93548
CFAP206	9	2.1028	4	2.58065
CFAP20DC	9	2.1028	1	0.645161
CFAP77	9	2.1028	1	0.645161
CFHR4	9	2.1028	2	1.29032
CHIA	9	2.1028	0	0
CHIT1	9	2.1028	2	1.29032
CHPF2	9	2.1028	0	0
CHRDL2	9	2.1028	1	0.645161
CHRNB1	9	2.1028	1	0.645161
CHRND	9	2.1028	0	0
CHST4	9	2.1028	4	2.58065
CHST5	9	2.1028	0	0
CHST6	9	2.1028	1	0.645161
CIB3	9	2.1028	2	1.29032
CLDN18	9	2.1028	1	0.645161
CLEC18B	9	2.1028	2	1.29032
CLK3	9	2.1028	2	1.29032
CLNK	9	2.1028	2	1.29032
CLPTM1	9	2.1028	1	0.645161
CLU	9	2.1028	0	0
CNDP2	9	2.1028	1	0.645161
CNGA2	9	2.1028	5	3.22581
CNOT10	9	2.1028	4	2.58065
CNOT11	9	2.1028	0	0
CNOT9	9	2.1028	0	0
COG2	9	2.1028	3	1.93548
COL9A3	9	2.1028	1	0.645161
COLGALT2	9	2.1028	4	2.58065
COLQ	9	2.1028	1	0.645161
COPS6	9	2.1028	3	1.93548
COX10	9	2.1028	1	0.645161
CPA1	9	2.1028	2	1.29032
CPA5	9	2.1028	2	1.29032
CPEB1	9	2.1028	3	1.93548
CPNE2	9	2.1028	1	0.645161
CPT1A	9	2.1028	4	2.58065
CPT1C	9	2.1028	4	2.58065
CRTAC1	9	2.1028	4	2.58065
CRYZ	9	2.1028	2	1.29032
CSGALNACT2	9	2.1028	2	1.29032
CSNK1D	9	2.1028	1	0.645161
CWC22	9	2.1028	3	1.93548
CX3CR1	9	2.1028	1	0.645161
CXorf66	9	2.1028	1	0.645161
CYC1	9	2.1028	0	0
CYP11B2	9	2.1028	0	0
CYP1A2	9	2.1028	0	0
CYP2R1	9	2.1028	1	0.645161
CYP3A7	9	2.1028	1	0.645161
CYP8B1	9	2.1028	0	0
DBF4	9	2.1028	1	0.645161
DBH	9	2.1028	1	0.645161
DES	9	2.1028	2	1.29032
DGKG	9	2.1028	0	0
DHODH	9	2.1028	1	0.645161
DHTKD1	9	2.1028	3	1.93548
DLD	9	2.1028	1	0.645161
DLG3	9	2.1028	2	1.29032
DLX5	9	2.1028	3	1.93548
DMP1	9	2.1028	2	1.29032
DNAJC16	9	2.1028	2	1.29032
DNAJC28	9	2.1028	3	1.93548
DNM1L	9	2.1028	1	0.645161
DNTT	9	2.1028	3	1.93548
DPEP2	9	2.1028	1	0.645161
DPP9	9	2.1028	2	1.29032
DRD1	9	2.1028	0	0
DSC3	9	2.1028	3	1.93548
DSTN	9	2.1028	1	0.645161
DTL	9	2.1028	1	0.645161
DYTN	9	2.1028	5	3.22581
ECT2L	9	2.1028	5	3.22581
EDEM1	9	2.1028	2	1.29032
EDEM2	9	2.1028	0	0
EDEM3	9	2.1028	3	1.93548
EFCAB7	9	2.1028	0	0
EHBP1L1	9	2.1028	1	0.645161
ELAVL2	9	2.1028	2	1.29032
EME1	9	2.1028	0	0
ENTHD1	9	2.1028	2	1.29032
ENTPD3	9	2.1028	0	0
ENTR1	9	2.1028	0	0
EPB41L4A	9	2.1028	4	2.58065
EPC1	9	2.1028	1	0.645161
EPSTI1	9	2.1028	2	1.29032
ERC1	9	2.1028	3	1.93548
ERMP1	9	2.1028	5	3.22581
ERRFI1	9	2.1028	1	0.645161
ESR2	9	2.1028	2	1.29032
FAM102A	9	2.1028	0	0
FAM120C	9	2.1028	2	1.29032
FAM126A	9	2.1028	5	3.22581
FAM133A	9	2.1028	4	2.58065
FAM161A	9	2.1028	2	1.29032
FAM161B	9	2.1028	2	1.29032
FAM217A	9	2.1028	2	1.29032
FAM98A	9	2.1028	1	0.645161
FBL	9	2.1028	0	0
FBXO41	9	2.1028	1	0.645161
FBXO43	9	2.1028	4	2.58065
FBXO5	9	2.1028	2	1.29032
FCHO1	9	2.1028	1	0.645161
FCN2	9	2.1028	1	0.645161
FFAR3	9	2.1028	2	1.29032
FGF14	9	2.1028	2	1.29032
FIBCD1	9	2.1028	2	1.29032
FIP1L1	9	2.1028	1	0.645161
FIZ1	9	2.1028	0	0
FKBP6	9	2.1028	2	1.29032
FLVCR2	9	2.1028	3	1.93548
FMNL1	9	2.1028	2	1.29032
FMO4	9	2.1028	3	1.93548
FMR1NB	9	2.1028	2	1.29032
FOXRED2	9	2.1028	1	0.645161
FPGT	9	2.1028	2	1.29032
FRS3	9	2.1028	1	0.645161
FSD2	9	2.1028	2	1.29032
FTMT	9	2.1028	1	0.645161
G6PD	9	2.1028	1	0.645161
GAB1	9	2.1028	1	0.645161
GABPA	9	2.1028	3	1.93548
GABRA3	9	2.1028	2	1.29032
GABRB1	9	2.1028	3	1.93548
GABRE	9	2.1028	0	0
GABRR2	9	2.1028	2	1.29032
GABRR3	9	2.1028	3	1.93548
GAL3ST4	9	2.1028	2	1.29032
GALNT11	9	2.1028	1	0.645161
GARRE1	9	2.1028	1	0.645161
GATA1	9	2.1028	1	0.645161
GCC1	9	2.1028	5	3.22581
GCDH	9	2.1028	2	1.29032
GDAP2	9	2.1028	1	0.645161
GDPD2	9	2.1028	1	0.645161
GFRA2	9	2.1028	1	0.645161
GIPC3	9	2.1028	0	0
GJB1	9	2.1028	0	0
GJC1	9	2.1028	2	1.29032
GJD2	9	2.1028	3	1.93548
GLRA3	9	2.1028	2	1.29032
GLRX3	9	2.1028	1	0.645161
GLT6D1	9	2.1028	2	1.29032
GML	9	2.1028	1	0.645161
GNA14	9	2.1028	1	0.645161
GNAQ	9	2.1028	1	0.645161
GNAT1	9	2.1028	0	0
GORASP2	9	2.1028	2	1.29032
GP1BA	9	2.1028	0	0
GP6	9	2.1028	3	1.93548
GPAT3	9	2.1028	3	1.93548
GPC1	9	2.1028	0	0
GPC2	9	2.1028	0	0
GPC3	9	2.1028	3	1.93548
GPC4	9	2.1028	1	0.645161
GPD2	9	2.1028	4	2.58065
GPR20	9	2.1028	0	0
GPRC6A	9	2.1028	2	1.29032
GREM2	9	2.1028	1	0.645161
GRK5	9	2.1028	1	0.645161
GRK6	9	2.1028	1	0.645161
GSPT2	9	2.1028	1	0.645161
H1-2	9	2.1028	1	0.645161
HADHB	9	2.1028	2	1.29032
HAUS5	9	2.1028	0	0
HEATR3	9	2.1028	2	1.29032
HECTD3	9	2.1028	1	0.645161
HELLS	9	2.1028	2	1.29032
HEPH	9	2.1028	4	2.58065
HIP1	9	2.1028	3	1.93548
HLCS	9	2.1028	2	1.29032
HMG20A	9	2.1028	3	1.93548
HMMR	9	2.1028	3	1.93548
HMX2	9	2.1028	1	0.645161
HNRNPK	9	2.1028	2	1.29032
HOXC10	9	2.1028	4	2.58065
HOXD12	9	2.1028	2	1.29032
HSPA6	9	2.1028	2	1.29032
HTR1F	9	2.1028	0	0
HTR3B	9	2.1028	1	0.645161
HTRA1	9	2.1028	1	0.645161
HTRA3	9	2.1028	0	0
HYOU1	9	2.1028	3	1.93548
IBSP	9	2.1028	4	2.58065
ICA1	9	2.1028	2	1.29032
ICAM5	9	2.1028	5	3.22581
IFT74	9	2.1028	2	1.29032
IFT81	9	2.1028	2	1.29032
IGF2	9	2.1028	1	0.645161
IGFN1	9	2.1028	3	1.93548
IGHG1	9	2.1028	0	0
IHH	9	2.1028	1	0.645161
IL17RC	9	2.1028	3	1.93548
IL17RD	9	2.1028	4	2.58065
IL1R1	9	2.1028	2	1.29032
IL31RA	9	2.1028	3	1.93548
ILDR2	9	2.1028	3	1.93548
IMMT	9	2.1028	2	1.29032
INA	9	2.1028	3	1.93548
INAVA	9	2.1028	0	0
INCENP	9	2.1028	1	0.645161
INHA	9	2.1028	2	1.29032
INPP5A	9	2.1028	0	0
INPP5J	9	2.1028	0	0
INSL6	9	2.1028	1	0.645161
INTU	9	2.1028	4	2.58065
IRAK2	9	2.1028	0	0
IRS2	9	2.1028	0	0
ISG20L2	9	2.1028	1	0.645161
ISYNA1	9	2.1028	0	0
ITCH	9	2.1028	1	0.645161
ITGA9	9	2.1028	5	3.22581
ITPRIP	9	2.1028	0	0
KANSL3	9	2.1028	5	3.22581
KAT7	9	2.1028	6	3.87097
KATNB1	9	2.1028	2	1.29032
KCNJ16	9	2.1028	0	0
KCNK10	9	2.1028	2	1.29032
KCNK18	9	2.1028	2	1.29032
KCNK9	9	2.1028	1	0.645161
KERA	9	2.1028	1	0.645161
KHNYN	9	2.1028	0	0
KIAA1958	9	2.1028	1	0.645161
KIF23	9	2.1028	1	0.645161
KIF2C	9	2.1028	3	1.93548
KIF3C	9	2.1028	2	1.29032
KIF7	9	2.1028	2	1.29032
KIFAP3	9	2.1028	2	1.29032
KIFC1	9	2.1028	1	0.645161
KIFC2	9	2.1028	0	0
KIR3DL3	9	2.1028	1	0.645161
KLF8	9	2.1028	1	0.645161
KLHL13	9	2.1028	3	1.93548
KNG1	9	2.1028	2	1.29032
KRI1	9	2.1028	1	0.645161
KRIT1	9	2.1028	3	1.93548
KRT10	9	2.1028	1	0.645161
KRT2	9	2.1028	2	1.29032
KRT37	9	2.1028	3	1.93548
KRT5	9	2.1028	2	1.29032
L3MBTL1	9	2.1028	2	1.29032
L3MBTL2	9	2.1028	0	0
LBR	9	2.1028	3	1.93548
LCMT2	9	2.1028	1	0.645161
LDLRAD3	9	2.1028	1	0.645161
LDOC1	9	2.1028	1	0.645161
LGALS4	9	2.1028	1	0.645161
LGSN	9	2.1028	1	0.645161
LILRB3	9	2.1028	4	2.58065
LIMK2	9	2.1028	3	1.93548
LIPC	9	2.1028	4	2.58065
LLGL2	9	2.1028	2	1.29032
LNX2	9	2.1028	3	1.93548
LPCAT4	9	2.1028	1	0.645161
LPO	9	2.1028	2	1.29032
LRRC1	9	2.1028	2	1.29032
LRRC71	9	2.1028	0	0
LRRIQ4	9	2.1028	3	1.93548
LRRTM3	9	2.1028	2	1.29032
LSAMP	9	2.1028	0	0
LSP1	9	2.1028	1	0.645161
LSS	9	2.1028	1	0.645161
LYAR	9	2.1028	2	1.29032
MAB21L1	9	2.1028	2	1.29032
MACROD2	9	2.1028	1	0.645161
MAGEB2	9	2.1028	2	1.29032
MAGEB4	9	2.1028	1	0.645161
MALT1	9	2.1028	2	1.29032
MANEAL	9	2.1028	0	0
MAP3K15	9	2.1028	4	2.58065
MAP3K2	9	2.1028	4	2.58065
MAP4K1	9	2.1028	2	1.29032
MAP4K3	9	2.1028	5	3.22581
MAP4K5	9	2.1028	1	0.645161
MAPK10	9	2.1028	4	2.58065
MAPK6	9	2.1028	2	1.29032
MATN2	9	2.1028	3	1.93548
MAU2	9	2.1028	1	0.645161
MCCC1	9	2.1028	3	1.93548
MEP1A	9	2.1028	1	0.645161
MEP1B	9	2.1028	2	1.29032
MEPE	9	2.1028	3	1.93548
MERTK	9	2.1028	3	1.93548
MFN2	9	2.1028	0	0
MFSD2A	9	2.1028	1	0.645161
MGAT1	9	2.1028	3	1.93548
MIB1	9	2.1028	5	3.22581
MLIP	9	2.1028	2	1.29032
MMD2	9	2.1028	1	0.645161
MMEL1	9	2.1028	1	0.645161
MMP19	9	2.1028	4	2.58065
MMP3	9	2.1028	2	1.29032
MORC2	9	2.1028	3	1.93548
MPP1	9	2.1028	0	0
MR1	9	2.1028	2	1.29032
MSLN	9	2.1028	0	0
MSLNL	9	2.1028	0	0
MTBP	9	2.1028	3	1.93548
MTHFD1	9	2.1028	0	0
MTHFSD	9	2.1028	2	1.29032
MTIF2	9	2.1028	3	1.93548
MTM1	9	2.1028	2	1.29032
MTMR11	9	2.1028	1	0.645161
MTMR12	9	2.1028	4	2.58065
MTNR1B	9	2.1028	4	2.58065
MTRR	9	2.1028	1	0.645161
MTSS1	9	2.1028	2	1.29032
MTX3	9	2.1028	0	0
MUC20	9	2.1028	0	0
MUC21	9	2.1028	0	0
MYBL2	9	2.1028	1	0.645161
MYO1D	9	2.1028	3	1.93548
MZF1	9	2.1028	1	0.645161
NAA35	9	2.1028	3	1.93548
NAGPA	9	2.1028	0	0
NASP	9	2.1028	1	0.645161
NBPF11	9	2.1028	0	0
NCAPH	9	2.1028	0	0
NCOA4	9	2.1028	1	0.645161
NDC1	9	2.1028	3	1.93548
NECTIN1	9	2.1028	3	1.93548
NEDD1	9	2.1028	3	1.93548
NEPRO	9	2.1028	2	1.29032
NFX1	9	2.1028	3	1.93548
NHLRC2	9	2.1028	0	0
NKX2-2	9	2.1028	0	0
NLN	9	2.1028	2	1.29032
NOLC1	9	2.1028	0	0
NOP58	9	2.1028	2	1.29032
NOP9	9	2.1028	0	0
NOX5	9	2.1028	1	0.645161
NPR3	9	2.1028	0	0
NR1D1	9	2.1028	1	0.645161
NR1D2	9	2.1028	2	1.29032
NRP1	9	2.1028	2	1.29032
NSMAF	9	2.1028	5	3.22581
NSRP1	9	2.1028	0	0
NT5C1A	9	2.1028	3	1.93548
NT5C2	9	2.1028	2	1.29032
NUDT7	9	2.1028	2	1.29032
NUFIP1	9	2.1028	2	1.29032
OAS3	9	2.1028	2	1.29032
OFD1	9	2.1028	4	2.58065
OGT	9	2.1028	3	1.93548
OLFM4	9	2.1028	0	0
OLFML1	9	2.1028	2	1.29032
ONECUT2	9	2.1028	0	0
OOEP	9	2.1028	1	0.645161
OPRK1	9	2.1028	2	1.29032
OPRL1	9	2.1028	0	0
OR10A3	9	2.1028	5	3.22581
OR10G7	9	2.1028	3	1.93548
OR10G9	9	2.1028	2	1.29032
OR10H5	9	2.1028	3	1.93548
OR10J1	9	2.1028	0	0
OR1A2	9	2.1028	1	0.645161
OR1J1	9	2.1028	0	0
OR4C46	9	2.1028	1	0.645161
OR4Q3	9	2.1028	2	1.29032
OR4X1	9	2.1028	1	0.645161
OR51E2	9	2.1028	2	1.29032
OR51V1	9	2.1028	1	0.645161
OR5AR1	9	2.1028	0	0
OR5B3	9	2.1028	2	1.29032
OR5L2	9	2.1028	1	0.645161
OR6K3	9	2.1028	2	1.29032
OR6K6	9	2.1028	3	1.93548
OR6N2	9	2.1028	3	1.93548
OR7C1	9	2.1028	4	2.58065
OR7E24	9	2.1028	4	2.58065
OR9A4	9	2.1028	3	1.93548
OR9G1	9	2.1028	4	2.58065
OSBPL2	9	2.1028	2	1.29032
OSBPL8	9	2.1028	2	1.29032
OSCP1	9	2.1028	0	0
OTOP1	9	2.1028	3	1.93548
OTOP3	9	2.1028	3	1.93548
OTX2	9	2.1028	2	1.29032
P2RY13	9	2.1028	1	0.645161
PADI3	9	2.1028	1	0.645161
PADI6	9	2.1028	2	1.29032
PAF1	9	2.1028	1	0.645161
PAK1	9	2.1028	1	0.645161
PAK3	9	2.1028	4	2.58065
PALMD	9	2.1028	3	1.93548
PARP15	9	2.1028	2	1.29032
PARPBP	9	2.1028	1	0.645161
PCGF2	9	2.1028	1	0.645161
PCSK4	9	2.1028	0	0
PDE3B	9	2.1028	3	1.93548
PDE6C	9	2.1028	3	1.93548
PDGFD	9	2.1028	3	1.93548
PDIA2	9	2.1028	0	0
PDIA3	9	2.1028	3	1.93548
PDLIM1	9	2.1028	0	0
PDLIM5	9	2.1028	3	1.93548
PDZD7	9	2.1028	2	1.29032
PELI3	9	2.1028	1	0.645161
PFKFB1	9	2.1028	3	1.93548
PFKL	9	2.1028	0	0
PGBD4	9	2.1028	4	2.58065
PHC3	9	2.1028	2	1.29032
PHF1	9	2.1028	1	0.645161
PHF12	9	2.1028	2	1.29032
PHF20	9	2.1028	2	1.29032
PHKA1	9	2.1028	2	1.29032
PI15	9	2.1028	2	1.29032
PIGR	9	2.1028	5	3.22581
PIK3C3	9	2.1028	2	1.29032
PIK3R4	9	2.1028	3	1.93548
PIPOX	9	2.1028	1	0.645161
PIWIL3	9	2.1028	4	2.58065
PKP1	9	2.1028	2	1.29032
PLA1A	9	2.1028	2	1.29032
PLEK	9	2.1028	2	1.29032
PLEKHA2	9	2.1028	1	0.645161
PLEKHG3	9	2.1028	1	0.645161
PLEKHH3	9	2.1028	1	0.645161
PLEKHM3	9	2.1028	2	1.29032
PLK4	9	2.1028	2	1.29032
PLOD1	9	2.1028	0	0
PNLIP	9	2.1028	4	2.58065
PODXL	9	2.1028	0	0
POF1B	9	2.1028	1	0.645161
POFUT2	9	2.1028	0	0
POLDIP3	9	2.1028	2	1.29032
PON3	9	2.1028	1	0.645161
PPARGC1B	9	2.1028	3	1.93548
PPFIA1	9	2.1028	5	3.22581
PPP2R5A	9	2.1028	0	0
PPP3CA	9	2.1028	1	0.645161
PRCC	9	2.1028	0	0
PRDM14	9	2.1028	1	0.645161
PRL	9	2.1028	4	2.58065
PRMT7	9	2.1028	1	0.645161
PRPF38B	9	2.1028	3	1.93548
PRPF40A	9	2.1028	2	1.29032
PRRG3	9	2.1028	0	0
PSG1	9	2.1028	4	2.58065
PSG7	9	2.1028	1	0.645161
PSKH2	9	2.1028	0	0
PTER	9	2.1028	1	0.645161
PTGFR	9	2.1028	3	1.93548
PTPN11	9	2.1028	5	3.22581
PTPN6	9	2.1028	0	0
PTPRE	9	2.1028	1	0.645161
PUS10	9	2.1028	2	1.29032
PUS7L	9	2.1028	4	2.58065
PYGO2	9	2.1028	0	0
QSOX2	9	2.1028	0	0
RAB34	9	2.1028	2	1.29032
RAB6B	9	2.1028	2	1.29032
RABGEF1	9	2.1028	1	0.645161
RAD21	9	2.1028	3	1.93548
RAD54B	9	2.1028	2	1.29032
RAE1	9	2.1028	2	1.29032
RANBP3	9	2.1028	1	0.645161
RAPGEF5	9	2.1028	2	1.29032
RARS2	9	2.1028	3	1.93548
RBM48	9	2.1028	2	1.29032
RBMS3	9	2.1028	1	0.645161
RC3H2	9	2.1028	2	1.29032
RCN3	9	2.1028	0	0
RECQL4	9	2.1028	0	0
REL	9	2.1028	2	1.29032
RELA	9	2.1028	1	0.645161
RFX2	9	2.1028	2	1.29032
RFX4	9	2.1028	3	1.93548
RGMB	9	2.1028	2	1.29032
RGS21	9	2.1028	0	0
RGS7	9	2.1028	2	1.29032
RHOBTB3	9	2.1028	2	1.29032
RHPN1	9	2.1028	2	1.29032
RIC1	9	2.1028	3	1.93548
RIMKLB	9	2.1028	3	1.93548
RIN3	9	2.1028	2	1.29032
RIOK1	9	2.1028	2	1.29032
RIT2	9	2.1028	1	0.645161
RNF112	9	2.1028	0	0
RNF165	9	2.1028	2	1.29032
RNF169	9	2.1028	2	1.29032
RPAP2	9	2.1028	3	1.93548
RRAGB	9	2.1028	0	0
RRNAD1	9	2.1028	0	0
RSPH6A	9	2.1028	2	1.29032
RSPO3	9	2.1028	2	1.29032
RTKN	9	2.1028	3	1.93548
RTP5	9	2.1028	1	0.645161
RUFY1	9	2.1028	2	1.29032
RXFP1	9	2.1028	2	1.29032
RYK	9	2.1028	2	1.29032
S1PR5	9	2.1028	1	0.645161
SART3	9	2.1028	2	1.29032
SASH3	9	2.1028	0	0
SASS6	9	2.1028	2	1.29032
SCARB2	9	2.1028	1	0.645161
SCEL	9	2.1028	2	1.29032
SCFD2	9	2.1028	2	1.29032
SCG3	9	2.1028	1	0.645161
SCML2	9	2.1028	2	1.29032
SCNN1B	9	2.1028	1	0.645161
SCNN1G	9	2.1028	3	1.93548
SCUBE1	9	2.1028	1	0.645161
SCYL2	9	2.1028	3	1.93548
SEC14L4	9	2.1028	0	0
SEC16B	9	2.1028	1	0.645161
SEC23IP	9	2.1028	2	1.29032
SEMA4A	9	2.1028	2	1.29032
SERPINE2	9	2.1028	2	1.29032
SERPINI2	9	2.1028	4	2.58065
SESTD1	9	2.1028	3	1.93548
SEZ6	9	2.1028	2	1.29032
SF3B3	9	2.1028	2	1.29032
SFPQ	9	2.1028	2	1.29032
SH3D21	9	2.1028	0	0
SH3GL3	9	2.1028	5	3.22581
SIDT1	9	2.1028	3	1.93548
SIGLEC11	9	2.1028	2	1.29032
SIGLEC5	9	2.1028	2	1.29032
SIGLEC9	9	2.1028	2	1.29032
SIK2	9	2.1028	4	2.58065
SIRPA	9	2.1028	1	0.645161
SIRT1	9	2.1028	3	1.93548
SLC10A2	9	2.1028	4	2.58065
SLC11A2	9	2.1028	1	0.645161
SLC12A4	9	2.1028	4	2.58065
SLC14A2	9	2.1028	4	2.58065
SLC17A1	9	2.1028	1	0.645161
SLC18A1	9	2.1028	1	0.645161
SLC1A1	9	2.1028	3	1.93548
SLC24A4	9	2.1028	1	0.645161
SLC25A23	9	2.1028	0	0
SLC27A2	9	2.1028	1	0.645161
SLC27A3	9	2.1028	2	1.29032
SLC2A2	9	2.1028	1	0.645161
SLC2A4	9	2.1028	1	0.645161
SLC2A9	9	2.1028	2	1.29032
SLC30A8	9	2.1028	3	1.93548
SLC34A1	9	2.1028	0	0
SLC38A10	9	2.1028	0	0
SLC44A2	9	2.1028	1	0.645161
SLC45A3	9	2.1028	0	0
SLC46A3	9	2.1028	2	1.29032
SLC5A4	9	2.1028	4	2.58065
SLC5A6	9	2.1028	2	1.29032
SLC6A12	9	2.1028	4	2.58065
SLC7A1	9	2.1028	0	0
SLC7A11	9	2.1028	2	1.29032
SLC7A3	9	2.1028	3	1.93548
SLC8A3	9	2.1028	6	3.87097
SLC9A2	9	2.1028	2	1.29032
SLC9A7	9	2.1028	3	1.93548
SLCO1A2	9	2.1028	2	1.29032
SLF2	9	2.1028	3	1.93548
SLFN12	9	2.1028	4	2.58065
SLFNL1	9	2.1028	0	0
SLMAP	9	2.1028	1	0.645161
SMARCC1	9	2.1028	2	1.29032
SMG8	9	2.1028	3	1.93548
SNCAIP	9	2.1028	3	1.93548
SNIP1	9	2.1028	0	0
SNRK	9	2.1028	3	1.93548
SNW1	9	2.1028	2	1.29032
SNX14	9	2.1028	2	1.29032
SNX15	9	2.1028	1	0.645161
SPAG6	9	2.1028	5	3.22581
SPATC1	9	2.1028	2	1.29032
SPICE1	9	2.1028	2	1.29032
SPOPL	9	2.1028	2	1.29032
SPTLC1	9	2.1028	1	0.645161
SRL	9	2.1028	0	0
SRP72	9	2.1028	3	1.93548
SSBP4	9	2.1028	3	1.93548
SSRP1	9	2.1028	1	0.645161
ST14	9	2.1028	2	1.29032
ST8SIA1	9	2.1028	0	0
STAT2	9	2.1028	6	3.87097
STAT5A	9	2.1028	2	1.29032
STIL	9	2.1028	3	1.93548
STK39	9	2.1028	1	0.645161
STRIP1	9	2.1028	0	0
STT3A	9	2.1028	3	1.93548
STX11	9	2.1028	1	0.645161
STXBP1	9	2.1028	3	1.93548
SULT6B1	9	2.1028	1	0.645161
SUN1	9	2.1028	1	0.645161
SUSD4	9	2.1028	2	1.29032
SYNCRIP	9	2.1028	2	1.29032
SYT12	9	2.1028	1	0.645161
TAAR9	9	2.1028	2	1.29032
TAB3	9	2.1028	4	2.58065
TADA3	9	2.1028	2	1.29032
TAF6L	9	2.1028	1	0.645161
TBC1D10A	9	2.1028	0	0
TBC1D23	9	2.1028	2	1.29032
TBL1X	9	2.1028	0	0
TBX22	9	2.1028	1	0.645161
TBXAS1	9	2.1028	3	1.93548
TCP11	9	2.1028	1	0.645161
TEKT5	9	2.1028	2	1.29032
TELO2	9	2.1028	1	0.645161
TEPSIN	9	2.1028	0	0
TFDP1	9	2.1028	1	0.645161
TFR2	9	2.1028	3	1.93548
THBS4	9	2.1028	2	1.29032
THYN1	9	2.1028	1	0.645161
TIGD2	9	2.1028	1	0.645161
TINAG	9	2.1028	1	0.645161
TLCD3B	9	2.1028	1	0.645161
TLK1	9	2.1028	1	0.645161
TLK2	9	2.1028	1	0.645161
TLR5	9	2.1028	4	2.58065
TMC6	9	2.1028	0	0
TMCC1	9	2.1028	1	0.645161
TMCC3	9	2.1028	2	1.29032
TMEM108	9	2.1028	2	1.29032
TMEM181	9	2.1028	3	1.93548
TMEM63A	9	2.1028	2	1.29032
TMEM87B	9	2.1028	4	2.58065
TMPRSS6	9	2.1028	2	1.29032
TMTC4	9	2.1028	1	0.645161
TNFRSF8	9	2.1028	0	0
TNIP3	9	2.1028	4	2.58065
TNK1	9	2.1028	1	0.645161
TOMM70	9	2.1028	0	0
TOP3B	9	2.1028	1	0.645161
TOX3	9	2.1028	0	0
TPP1	9	2.1028	0	0
TPSD1	9	2.1028	0	0
TRAF3	9	2.1028	2	1.29032
TRIM4	9	2.1028	1	0.645161
TRIM54	9	2.1028	1	0.645161
TRIM6-TRIM34	9	2.1028	0	0
TRMT12	9	2.1028	1	0.645161
TRPC1	9	2.1028	5	3.22581
TRPC4AP	9	2.1028	3	1.93548
TRPV3	9	2.1028	4	2.58065
TSPYL5	9	2.1028	3	1.93548
TTLL3	9	2.1028	0	0
TTLL9	9	2.1028	1	0.645161
TUBA3E	9	2.1028	3	1.93548
TUBGCP4	9	2.1028	0	0
TUFM	9	2.1028	0	0
TULP1	9	2.1028	1	0.645161
TUT1	9	2.1028	1	0.645161
TWNK	9	2.1028	1	0.645161
TXNRD2	9	2.1028	2	1.29032
UBR2	9	2.1028	4	2.58065
UGT2B11	9	2.1028	2	1.29032
UGT2B4	9	2.1028	2	1.29032
UNC13D	9	2.1028	1	0.645161
URI1	9	2.1028	4	2.58065
USH1G	9	2.1028	2	1.29032
USP1	9	2.1028	4	2.58065
USP11	9	2.1028	2	1.29032
USP13	9	2.1028	3	1.93548
USP17L2	9	2.1028	2	1.29032
USP36	9	2.1028	0	0
UVSSA	9	2.1028	0	0
VEZT	9	2.1028	2	1.29032
VIPR2	9	2.1028	1	0.645161
VNN1	9	2.1028	2	1.29032
VPS33B	9	2.1028	1	0.645161
VPS37B	9	2.1028	0	0
VPS54	9	2.1028	3	1.93548
WAPL	9	2.1028	5	3.22581
WASHC5	9	2.1028	2	1.29032
WDCP	9	2.1028	3	1.93548
WDR1	9	2.1028	1	0.645161
WDR91	9	2.1028	1	0.645161
WHAMM	9	2.1028	2	1.29032
WNT11	9	2.1028	0	0
XIAP	9	2.1028	1	0.645161
XPOT	9	2.1028	1	0.645161
XRCC4	9	2.1028	1	0.645161
XRCC6	9	2.1028	2	1.29032
XRN2	9	2.1028	3	1.93548
YME1L1	9	2.1028	2	1.29032
ZBTB11	9	2.1028	3	1.93548
ZBTB24	9	2.1028	5	3.22581
ZBTB26	9	2.1028	0	0
ZBTB49	9	2.1028	2	1.29032
ZC3H12A	9	2.1028	3	1.93548
ZC3H12B	9	2.1028	3	1.93548
ZC3H7B	9	2.1028	3	1.93548
ZCCHC12	9	2.1028	0	0
ZFP2	9	2.1028	3	1.93548
ZFP37	9	2.1028	3	1.93548
ZFPM1	9	2.1028	3	1.93548
ZMIZ1	9	2.1028	2	1.29032
ZMYND15	9	2.1028	2	1.29032
ZNF10	9	2.1028	1	0.645161
ZNF14	9	2.1028	3	1.93548
ZNF141	9	2.1028	1	0.645161
ZNF175	9	2.1028	3	1.93548
ZNF217	9	2.1028	4	2.58065
ZNF251	9	2.1028	4	2.58065
ZNF264	9	2.1028	2	1.29032
ZNF267	9	2.1028	4	2.58065
ZNF275	9	2.1028	0	0
ZNF284	9	2.1028	4	2.58065
ZNF30	9	2.1028	1	0.645161
ZNF317	9	2.1028	2	1.29032
ZNF347	9	2.1028	4	2.58065
ZNF432	9	2.1028	3	1.93548
ZNF480	9	2.1028	1	0.645161
ZNF490	9	2.1028	5	3.22581
ZNF510	9	2.1028	2	1.29032
ZNF526	9	2.1028	1	0.645161
ZNF529	9	2.1028	3	1.93548
ZNF549	9	2.1028	3	1.93548
ZNF562	9	2.1028	2	1.29032
ZNF587	9	2.1028	4	2.58065
ZNF606	9	2.1028	2	1.29032
ZNF618	9	2.1028	2	1.29032
ZNF628	9	2.1028	2	1.29032
ZNF652	9	2.1028	2	1.29032
ZNF660	9	2.1028	2	1.29032
ZNF683	9	2.1028	0	0
ZNF689	9	2.1028	2	1.29032
ZNF701	9	2.1028	2	1.29032
ZNF704	9	2.1028	2	1.29032
ZNF763	9	2.1028	1	0.645161
ZNF773	9	2.1028	2	1.29032
ZNF780B	9	2.1028	2	1.29032
ZNF800	9	2.1028	5	3.22581
ZNF813	9	2.1028	2	1.29032
ZNF84	9	2.1028	3	1.93548
ZNF85	9	2.1028	4	2.58065
ZNHIT6	9	2.1028	3	1.93548
ZP2	9	2.1028	2	1.29032
ZP4	9	2.1028	4	2.58065
ZSCAN5B	9	2.1028	2	1.29032
ZSWIM4	9	2.1028	3	1.93548
A4GALT	8	1.86916	0	0
AACS	8	1.86916	2	1.29032
AADAC	8	1.86916	2	1.29032
AADACL2	8	1.86916	2	1.29032
ABAT	8	1.86916	1	0.645161
ABCB7	8	1.86916	1	0.645161
ABCD4	8	1.86916	2	1.29032
ABCG1	8	1.86916	2	1.29032
ABCG5	8	1.86916	1	0.645161
ABHD18	8	1.86916	0	0
ABI3	8	1.86916	3	1.93548
ABT1	8	1.86916	1	0.645161
AC008397.2	8	1.86916	0	0
AC098582.1	8	1.86916	3	1.93548
ACO1	8	1.86916	1	0.645161
ACO2	8	1.86916	0	0
ACOX1	8	1.86916	0	0
ACP2	8	1.86916	0	0
ACSF3	8	1.86916	2	1.29032
ACSM2B	8	1.86916	1	0.645161
ACTB	8	1.86916	2	1.29032
ACTBL2	8	1.86916	1	0.645161
ACTG2	8	1.86916	1	0.645161
ACTL6A	8	1.86916	1	0.645161
ACTRT2	8	1.86916	1	0.645161
ADAM28	8	1.86916	4	2.58065
ADAM9	8	1.86916	4	2.58065
ADGRF3	8	1.86916	3	1.93548
ADGRG7	8	1.86916	4	2.58065
ADHFE1	8	1.86916	1	0.645161
ADRB3	8	1.86916	4	2.58065
AFTPH	8	1.86916	3	1.93548
AGBL4	8	1.86916	1	0.645161
AGPAT1	8	1.86916	0	0
AHCYL2	8	1.86916	2	1.29032
AHSG	8	1.86916	1	0.645161
AIDA	8	1.86916	0	0
AIFM3	8	1.86916	0	0
AJM1	8	1.86916	1	0.645161
AKR1B1	8	1.86916	4	2.58065
AL645922.1	8	1.86916	2	1.29032
ALCAM	8	1.86916	0	0
ALDOB	8	1.86916	0	0
ALG10B	8	1.86916	2	1.29032
AMBN	8	1.86916	3	1.93548
AMHR2	8	1.86916	2	1.29032
AMIGO2	8	1.86916	2	1.29032
AMMECR1L	8	1.86916	1	0.645161
AMZ1	8	1.86916	2	1.29032
ANGPT1	8	1.86916	4	2.58065
ANGPTL5	8	1.86916	1	0.645161
ANKMY2	8	1.86916	1	0.645161
ANKRD24	8	1.86916	1	0.645161
ANO1	8	1.86916	2	1.29032
ANO9	8	1.86916	1	0.645161
AP2M1	8	1.86916	1	0.645161
AP4E1	8	1.86916	3	1.93548
APEH	8	1.86916	1	0.645161
APOA4	8	1.86916	1	0.645161
APOA5	8	1.86916	1	0.645161
APOBEC1	8	1.86916	0	0
APOBEC4	8	1.86916	3	1.93548
ARFGAP3	8	1.86916	1	0.645161
ARHGAP18	8	1.86916	3	1.93548
ARHGAP19	8	1.86916	2	1.29032
ARHGEF37	8	1.86916	0	0
ARHGEF4	8	1.86916	2	1.29032
ARMCX5	8	1.86916	3	1.93548
ARMT1	8	1.86916	1	0.645161
ARSA	8	1.86916	2	1.29032
ART1	8	1.86916	0	0
ASAP3	8	1.86916	3	1.93548
ASB11	8	1.86916	1	0.645161
ASB2	8	1.86916	1	0.645161
ASPG	8	1.86916	0	0
ATAT1	8	1.86916	2	1.29032
ATP1B4	8	1.86916	3	1.93548
ATXN3L	8	1.86916	4	2.58065
B3GNT2	8	1.86916	2	1.29032
B4GAT1	8	1.86916	1	0.645161
BAG3	8	1.86916	1	0.645161
BBS7	8	1.86916	2	1.29032
BCAN	8	1.86916	1	0.645161
BCKDK	8	1.86916	1	0.645161
BCL11B	8	1.86916	1	0.645161
BCL6B	8	1.86916	1	0.645161
BEND4	8	1.86916	1	0.645161
BEST3	8	1.86916	4	2.58065
BICRAL	8	1.86916	5	3.22581
BMERB1	8	1.86916	2	1.29032
BMP2K	8	1.86916	2	1.29032
BOP1	8	1.86916	1	0.645161
BPIFB4	8	1.86916	2	1.29032
BRDT	8	1.86916	5	3.22581
BRF2	8	1.86916	1	0.645161
BTBD3	8	1.86916	0	0
BTK	8	1.86916	2	1.29032
BTNL8	8	1.86916	1	0.645161
BTNL9	8	1.86916	0	0
C17orf97	8	1.86916	1	0.645161
C1orf127	8	1.86916	1	0.645161
C2CD6	8	1.86916	3	1.93548
C8A	8	1.86916	4	2.58065
CABP4	8	1.86916	0	0
CABYR	8	1.86916	2	1.29032
CACNG7	8	1.86916	3	1.93548
CACTIN	8	1.86916	1	0.645161
CADM2	8	1.86916	6	3.87097
CALR3	8	1.86916	1	0.645161
CAPN10	8	1.86916	1	0.645161
CAPN12	8	1.86916	0	0
CAPN2	8	1.86916	3	1.93548
CASP4	8	1.86916	2	1.29032
CATSPER4	8	1.86916	2	1.29032
CAVIN2	8	1.86916	2	1.29032
CAVIN4	8	1.86916	2	1.29032
CCDC105	8	1.86916	2	1.29032
CCDC125	8	1.86916	2	1.29032
CCDC138	8	1.86916	3	1.93548
CCDC30	8	1.86916	3	1.93548
CCDC34	8	1.86916	1	0.645161
CCDC38	8	1.86916	1	0.645161
CCDC6	8	1.86916	1	0.645161
CCDC82	8	1.86916	3	1.93548
CCNF	8	1.86916	1	0.645161
CCNL2	8	1.86916	0	0
CCNT2	8	1.86916	4	2.58065
CCR5	8	1.86916	1	0.645161
CCR7	8	1.86916	2	1.29032
CCSER1	8	1.86916	5	3.22581
CCT6A	8	1.86916	3	1.93548
CCZ1	8	1.86916	1	0.645161
CD207	8	1.86916	3	1.93548
CD244	8	1.86916	1	0.645161
CD2AP	8	1.86916	2	1.29032
CD300LG	8	1.86916	1	0.645161
CD5L	8	1.86916	4	2.58065
CD70	8	1.86916	1	0.645161
CDC16	8	1.86916	2	1.29032
CDH24	8	1.86916	1	0.645161
CDH5	8	1.86916	2	1.29032
CDK1	8	1.86916	3	1.93548
CDK16	8	1.86916	2	1.29032
CDKL2	8	1.86916	2	1.29032
CDRT15	8	1.86916	1	0.645161
CDX2	8	1.86916	0	0
CENPU	8	1.86916	3	1.93548
CEP41	8	1.86916	3	1.93548
CEP55	8	1.86916	1	0.645161
CEP72	8	1.86916	1	0.645161
CEP89	8	1.86916	4	2.58065
CEP97	8	1.86916	2	1.29032
CETP	8	1.86916	1	0.645161
CHD1L	8	1.86916	2	1.29032
CHEK1	8	1.86916	2	1.29032
CHPF	8	1.86916	2	1.29032
CHRM4	8	1.86916	1	0.645161
CHRNA2	8	1.86916	1	0.645161
CHRNA5	8	1.86916	1	0.645161
CHRNB3	8	1.86916	5	3.22581
CHST11	8	1.86916	5	3.22581
CIP2A	8	1.86916	4	2.58065
CIR1	8	1.86916	0	0
CLCNKA	8	1.86916	0	0
CLCNKB	8	1.86916	0	0
CLEC4D	8	1.86916	2	1.29032
CLIC6	8	1.86916	1	0.645161
CLUAP1	8	1.86916	1	0.645161
CMTR1	8	1.86916	4	2.58065
CNOT3	8	1.86916	2	1.29032
CNOT7	8	1.86916	1	0.645161
CNTFR	8	1.86916	1	0.645161
COG5	8	1.86916	3	1.93548
COP1	8	1.86916	2	1.29032
COPS2	8	1.86916	2	1.29032
CPE	8	1.86916	5	3.22581
CPNE4	8	1.86916	8	5.16129
CPNE9	8	1.86916	1	0.645161
CREB3	8	1.86916	2	1.29032
CREB3L1	8	1.86916	1	0.645161
CREB5	8	1.86916	2	1.29032
CRNN	8	1.86916	0	0
CRY2	8	1.86916	0	0
CSNK2A1	8	1.86916	0	0
CSPG5	8	1.86916	1	0.645161
CSRNP1	8	1.86916	2	1.29032
CST1	8	1.86916	1	0.645161
CSTF2T	8	1.86916	3	1.93548
CTBP1	8	1.86916	1	0.645161
CWF19L1	8	1.86916	3	1.93548
CXCR2	8	1.86916	2	1.29032
CYP17A1	8	1.86916	0	0
CYP26A1	8	1.86916	2	1.29032
CYP26B1	8	1.86916	2	1.29032
CYP27B1	8	1.86916	1	0.645161
CYP2A6	8	1.86916	3	1.93548
CYP46A1	8	1.86916	0	0
CYP4F2	8	1.86916	1	0.645161
CYP4F22	8	1.86916	3	1.93548
DAG1	8	1.86916	3	1.93548
DAZAP1	8	1.86916	0	0
DBR1	8	1.86916	1	0.645161
DCAF11	8	1.86916	2	1.29032
DCBLD2	8	1.86916	2	1.29032
DCT	8	1.86916	6	3.87097
DCTN2	8	1.86916	1	0.645161
DDB1	8	1.86916	3	1.93548
DDIAS	8	1.86916	2	1.29032
DDX1	8	1.86916	1	0.645161
DDX19A	8	1.86916	1	0.645161
DDX55	8	1.86916	2	1.29032
DEAF1	8	1.86916	1	0.645161
DELE1	8	1.86916	0	0
DGKE	8	1.86916	3	1.93548
DGKK	8	1.86916	4	2.58065
DHX33	8	1.86916	2	1.29032
DHX40	8	1.86916	1	0.645161
DHX58	8	1.86916	1	0.645161
DLG4	8	1.86916	2	1.29032
DMPK	8	1.86916	0	0
DMTN	8	1.86916	1	0.645161
DNAJA1	8	1.86916	1	0.645161
DNAJA4	8	1.86916	0	0
DNAJB7	8	1.86916	1	0.645161
DNAJC1	8	1.86916	0	0
DNAJC11	8	1.86916	2	1.29032
DNAJC21	8	1.86916	2	1.29032
DNAJC22	8	1.86916	0	0
DNAJC3	8	1.86916	2	1.29032
DNAJC7	8	1.86916	3	1.93548
DNMT3A	8	1.86916	3	1.93548
DPY19L4	8	1.86916	4	2.58065
DPYSL3	8	1.86916	1	0.645161
DTWD2	8	1.86916	0	0
DUXA	8	1.86916	1	0.645161
DYNC1LI1	8	1.86916	1	0.645161
DYRK1A	8	1.86916	4	2.58065
DYRK4	8	1.86916	1	0.645161
EBF2	8	1.86916	5	3.22581
EDNRA	8	1.86916	1	0.645161
EFNB1	8	1.86916	0	0
EFTUD2	8	1.86916	2	1.29032
EGFL6	8	1.86916	3	1.93548
EIF2B5	8	1.86916	2	1.29032
EIF3E	8	1.86916	1	0.645161
EIF3J	8	1.86916	2	1.29032
ELL3	8	1.86916	2	1.29032
ELP2	8	1.86916	2	1.29032
EMILIN2	8	1.86916	4	2.58065
EML2	8	1.86916	1	0.645161
ENGASE	8	1.86916	0	0
ENOX1	8	1.86916	1	0.645161
ENPP5	8	1.86916	3	1.93548
EPAS1	8	1.86916	0	0
EPC2	8	1.86916	6	3.87097
EPS15L1	8	1.86916	1	0.645161
EPS8L3	8	1.86916	3	1.93548
ERMN	8	1.86916	1	0.645161
ESX1	8	1.86916	3	1.93548
EVI5L	8	1.86916	1	0.645161
EVL	8	1.86916	0	0
EVX2	8	1.86916	2	1.29032
EWSR1	8	1.86916	1	0.645161
EXOC3L4	8	1.86916	0	0
EZHIP	8	1.86916	3	1.93548
F11	8	1.86916	2	1.29032
F7	8	1.86916	1	0.645161
FAAP100	8	1.86916	2	1.29032
FADS3	8	1.86916	1	0.645161
FAM111B	8	1.86916	2	1.29032
FAM124A	8	1.86916	2	1.29032
FAM160B1	8	1.86916	4	2.58065
FAM171A1	8	1.86916	1	0.645161
FAM189B	8	1.86916	1	0.645161
FAM199X	8	1.86916	0	0
FAM200A	8	1.86916	0	0
FANCC	8	1.86916	1	0.645161
FANCL	8	1.86916	1	0.645161
FAR2	8	1.86916	2	1.29032
FARSA	8	1.86916	1	0.645161
FBLN7	8	1.86916	4	2.58065
FBP2	8	1.86916	2	1.29032
FBXL13	8	1.86916	3	1.93548
FBXL19	8	1.86916	1	0.645161
FBXL3	8	1.86916	1	0.645161
FBXL5	8	1.86916	2	1.29032
FBXO31	8	1.86916	3	1.93548
FBXO42	8	1.86916	2	1.29032
FBXW5	8	1.86916	0	0
FCRL1	8	1.86916	1	0.645161
FDPS	8	1.86916	0	0
FEM1A	8	1.86916	0	0
FES	8	1.86916	1	0.645161
FEZF1	8	1.86916	3	1.93548
FGF10	8	1.86916	1	0.645161
FHL5	8	1.86916	4	2.58065
FIGNL1	8	1.86916	1	0.645161
FKTN	8	1.86916	2	1.29032
FLOT1	8	1.86916	0	0
FLYWCH1	8	1.86916	0	0
FMO2	8	1.86916	2	1.29032
FMOD	8	1.86916	1	0.645161
FOXN1	8	1.86916	0	0
FOXN2	8	1.86916	3	1.93548
FOXRED1	8	1.86916	0	0
FSCN2	8	1.86916	1	0.645161
FUT2	8	1.86916	1	0.645161
FUT9	8	1.86916	5	3.22581
GAB3	8	1.86916	0	0
GABRR1	8	1.86916	3	1.93548
GALNT10	8	1.86916	1	0.645161
GALNT15	8	1.86916	3	1.93548
GALNT5	8	1.86916	5	3.22581
GALNT9	8	1.86916	3	1.93548
GALR1	8	1.86916	2	1.29032
GANC	8	1.86916	3	1.93548
GAS6	8	1.86916	0	0
GAS7	8	1.86916	1	0.645161
GATA2	8	1.86916	3	1.93548
GATAD2B	8	1.86916	1	0.645161
GATB	8	1.86916	1	0.645161
GBP5	8	1.86916	3	1.93548
GBP7	8	1.86916	4	2.58065
GCK	8	1.86916	2	1.29032
GCNT1	8	1.86916	2	1.29032
GEM	8	1.86916	1	0.645161
GGA3	8	1.86916	1	0.645161
GHR	8	1.86916	3	1.93548
GHSR	8	1.86916	0	0
GJA1	8	1.86916	3	1.93548
GLB1	8	1.86916	2	1.29032
GLB1L3	8	1.86916	4	2.58065
GLCE	8	1.86916	3	1.93548
GLP1R	8	1.86916	4	2.58065
GMIP	8	1.86916	2	1.29032
GMPPA	8	1.86916	2	1.29032
GNAZ	8	1.86916	2	1.29032
GNL2	8	1.86916	1	0.645161
GNRHR	8	1.86916	2	1.29032
GORASP1	8	1.86916	2	1.29032
GPCPD1	8	1.86916	1	0.645161
GPNMB	8	1.86916	1	0.645161
GPR141	8	1.86916	1	0.645161
GPR142	8	1.86916	1	0.645161
GPR155	8	1.86916	2	1.29032
GPR160	8	1.86916	1	0.645161
GPR171	8	1.86916	2	1.29032
GPR180	8	1.86916	1	0.645161
GPR3	8	1.86916	0	0
GPR37L1	8	1.86916	1	0.645161
GPR78	8	1.86916	0	0
GPR87	8	1.86916	3	1.93548
GPRIN1	8	1.86916	0	0
GPT	8	1.86916	1	0.645161
GRAMD1C	8	1.86916	3	1.93548
GRAMD4	8	1.86916	1	0.645161
GRIN3B	8	1.86916	0	0
GRK2	8	1.86916	1	0.645161
GRK3	8	1.86916	4	2.58065
GRK4	8	1.86916	0	0
GSTCD	8	1.86916	4	2.58065
GSX2	8	1.86916	0	0
GTPBP3	8	1.86916	1	0.645161
GUSB	8	1.86916	1	0.645161
GXYLT1	8	1.86916	3	1.93548
GZMA	8	1.86916	4	2.58065
GZMK	8	1.86916	1	0.645161
HADHA	8	1.86916	2	1.29032
HAGHL	8	1.86916	0	0
HAPLN4	8	1.86916	0	0
HCK	8	1.86916	0	0
HCN2	8	1.86916	0	0
HDGFL1	8	1.86916	1	0.645161
HEATR6	8	1.86916	1	0.645161
HESX1	8	1.86916	1	0.645161
HGS	8	1.86916	1	0.645161
HGSNAT	8	1.86916	1	0.645161
HHAT	8	1.86916	1	0.645161
HIPK3	8	1.86916	2	1.29032
HIRIP3	8	1.86916	0	0
HJURP	8	1.86916	1	0.645161
HJV	8	1.86916	2	1.29032
HLA-DRA	8	1.86916	0	0
HLTF	8	1.86916	4	2.58065
HNF1B	8	1.86916	2	1.29032
HNRNPM	8	1.86916	1	0.645161
HOOK1	8	1.86916	1	0.645161
HOOK3	8	1.86916	3	1.93548
HOXB3	8	1.86916	2	1.29032
HOXD4	8	1.86916	1	0.645161
HPS3	8	1.86916	3	1.93548
HPS6	8	1.86916	0	0
HS3ST3B1	8	1.86916	3	1.93548
HS3ST4	8	1.86916	5	3.22581
HSD3B1	8	1.86916	2	1.29032
HSPA8	8	1.86916	4	2.58065
HSPH1	8	1.86916	1	0.645161
HTR2B	8	1.86916	1	0.645161
HTR3A	8	1.86916	3	1.93548
HTR3E	8	1.86916	4	2.58065
HTR5A	8	1.86916	3	1.93548
ICE2	8	1.86916	3	1.93548
IDH3G	8	1.86916	0	0
IFRD2	8	1.86916	1	0.645161
IGF2BP3	8	1.86916	1	0.645161
IGSF11	8	1.86916	3	1.93548
IGSF21	8	1.86916	1	0.645161
IGSF5	8	1.86916	3	1.93548
IKBKB	8	1.86916	3	1.93548
IL13RA2	8	1.86916	3	1.93548
IL17RB	8	1.86916	1	0.645161
IL1R2	8	1.86916	4	2.58065
IL1RAP	8	1.86916	4	2.58065
IL3RA	8	1.86916	4	2.58065
ILVBL	8	1.86916	3	1.93548
INPP5E	8	1.86916	0	0
INSYN2A	8	1.86916	2	1.29032
INTS11	8	1.86916	1	0.645161
INTS3	8	1.86916	1	0.645161
INTS6	8	1.86916	4	2.58065
IP6K2	8	1.86916	1	0.645161
IRAK4	8	1.86916	1	0.645161
ISLR	8	1.86916	2	1.29032
ITGA2	8	1.86916	2	1.29032
ITIH3	8	1.86916	5	3.22581
IVNS1ABP	8	1.86916	5	3.22581
IWS1	8	1.86916	1	0.645161
JMY	8	1.86916	2	1.29032
JPH2	8	1.86916	2	1.29032
KBTBD12	8	1.86916	2	1.29032
KCNAB3	8	1.86916	2	1.29032
KCNC1	8	1.86916	4	2.58065
KCNJ10	8	1.86916	0	0
KCNJ12	8	1.86916	0	0
KCNJ2	8	1.86916	2	1.29032
KCNJ5	8	1.86916	0	0
KCNS1	8	1.86916	2	1.29032
KDM1B	8	1.86916	2	1.29032
KDM4C	8	1.86916	2	1.29032
KHDRBS3	8	1.86916	0	0
KIF11	8	1.86916	4	2.58065
KIF19	8	1.86916	4	2.58065
KIFBP	8	1.86916	0	0
KLB	8	1.86916	1	0.645161
KLHDC8B	8	1.86916	1	0.645161
KLHDC9	8	1.86916	0	0
KLHL20	8	1.86916	3	1.93548
KLHL26	8	1.86916	1	0.645161
KLHL3	8	1.86916	2	1.29032
KLHL38	8	1.86916	3	1.93548
KLK4	8	1.86916	1	0.645161
KPNA1	8	1.86916	1	0.645161
KPNA3	8	1.86916	3	1.93548
KPNA4	8	1.86916	2	1.29032
KPNA6	8	1.86916	3	1.93548
KRT17	8	1.86916	1	0.645161
KRT28	8	1.86916	1	0.645161
KRT32	8	1.86916	1	0.645161
KRT33B	8	1.86916	2	1.29032
KRT6B	8	1.86916	0	0
KRT9	8	1.86916	4	2.58065
KRTAP10-6	8	1.86916	0	0
KRTAP27-1	8	1.86916	0	0
LARP1B	8	1.86916	4	2.58065
LCA5L	8	1.86916	4	2.58065
LDHAL6B	8	1.86916	2	1.29032
LDLR	8	1.86916	1	0.645161
LGI1	8	1.86916	2	1.29032
LGR6	8	1.86916	1	0.645161
LHX5	8	1.86916	0	0
LHX6	8	1.86916	0	0
LHX9	8	1.86916	2	1.29032
LILRA4	8	1.86916	2	1.29032
LIMD1	8	1.86916	0	0
LIPT1	8	1.86916	3	1.93548
LMBR1L	8	1.86916	0	0
LMF1	8	1.86916	1	0.645161
LMX1A	8	1.86916	1	0.645161
LMX1B	8	1.86916	0	0
LONP1	8	1.86916	2	1.29032
LONRF3	8	1.86916	2	1.29032
LPAR4	8	1.86916	3	1.93548
LPIN1	8	1.86916	6	3.87097
LPL	8	1.86916	1	0.645161
LRCH1	8	1.86916	5	3.22581
LRFN3	8	1.86916	0	0
LRFN4	8	1.86916	1	0.645161
LRIT2	8	1.86916	3	1.93548
LRP2BP	8	1.86916	0	0
LRRC18	8	1.86916	2	1.29032
LRRC32	8	1.86916	0	0
LRRC56	8	1.86916	0	0
LRRC8E	8	1.86916	2	1.29032
LTK	8	1.86916	1	0.645161
LUC7L3	8	1.86916	3	1.93548
MAEA	8	1.86916	0	0
MAGEC2	8	1.86916	3	1.93548
MAMDC2	8	1.86916	4	2.58065
MAN1A2	8	1.86916	2	1.29032
MAN2B2	8	1.86916	2	1.29032
MAP6	8	1.86916	2	1.29032
MAPK7	8	1.86916	0	0
MARCHF7	8	1.86916	2	1.29032
MAT2B	8	1.86916	3	1.93548
MBOAT1	8	1.86916	2	1.29032
MC3R	8	1.86916	1	0.645161
MCHR1	8	1.86916	3	1.93548
MEAK7	8	1.86916	2	1.29032
MED24	8	1.86916	4	2.58065
MEF2A	8	1.86916	1	0.645161
METTL16	8	1.86916	4	2.58065
METTL22	8	1.86916	0	0
METTL3	8	1.86916	1	0.645161
METTL6	8	1.86916	2	1.29032
MFAP3L	8	1.86916	2	1.29032
MFAP5	8	1.86916	0	0
MFSD2B	8	1.86916	0	0
MGAT4B	8	1.86916	1	0.645161
MICALL1	8	1.86916	0	0
MID2	8	1.86916	0	0
MIEF2	8	1.86916	0	0
MIOS	8	1.86916	4	2.58065
MKX	8	1.86916	0	0
MLXIPL	8	1.86916	0	0
MMP10	8	1.86916	2	1.29032
MMP15	8	1.86916	1	0.645161
MMP26	8	1.86916	3	1.93548
MMUT	8	1.86916	3	1.93548
MNDA	8	1.86916	7	4.51613
MNS1	8	1.86916	3	1.93548
MOG	8	1.86916	2	1.29032
MOK	8	1.86916	1	0.645161
MPEG1	8	1.86916	4	2.58065
MPP3	8	1.86916	2	1.29032
MRAP2	8	1.86916	2	1.29032
MRE11	8	1.86916	4	2.58065
MRGPRX2	8	1.86916	2	1.29032
MROH8	8	1.86916	3	1.93548
MRPL39	8	1.86916	2	1.29032
MSC	8	1.86916	2	1.29032
MSH4	8	1.86916	4	2.58065
MSL2	8	1.86916	2	1.29032
MST1	8	1.86916	1	0.645161
MTHFD2L	8	1.86916	0	0
MTMR2	8	1.86916	1	0.645161
MTMR7	8	1.86916	2	1.29032
MTMR9	8	1.86916	1	0.645161
MTPAP	8	1.86916	2	1.29032
MUC13	8	1.86916	1	0.645161
MUL1	8	1.86916	1	0.645161
MX2	8	1.86916	2	1.29032
MXD3	8	1.86916	0	0
MYC	8	1.86916	1	0.645161
MYOD1	8	1.86916	1	0.645161
MYRF	8	1.86916	2	1.29032
NAB1	8	1.86916	0	0
NACC1	8	1.86916	0	0
NACC2	8	1.86916	0	0
NADK	8	1.86916	1	0.645161
NBR1	8	1.86916	1	0.645161
NCOA7	8	1.86916	1	0.645161
NDC80	8	1.86916	0	0
NDOR1	8	1.86916	1	0.645161
NDST1	8	1.86916	0	0
NECAB3	8	1.86916	1	0.645161
NEK3	8	1.86916	2	1.29032
NEUROD1	8	1.86916	5	3.22581
NFIA	8	1.86916	4	2.58065
NFIC	8	1.86916	1	0.645161
NFKB1	8	1.86916	5	3.22581
NIPA2	8	1.86916	3	1.93548
NKX6-1	8	1.86916	4	2.58065
NLRP6	8	1.86916	1	0.645161
NMD3	8	1.86916	1	0.645161
NME8	8	1.86916	5	3.22581
NMT1	8	1.86916	2	1.29032
NOC3L	8	1.86916	2	1.29032
NOD1	8	1.86916	2	1.29032
NPAS2	8	1.86916	1	0.645161
NPSR1	8	1.86916	2	1.29032
NR1H4	8	1.86916	2	1.29032
NR2F2	8	1.86916	0	0
NR4A3	8	1.86916	3	1.93548
NR5A1	8	1.86916	1	0.645161
NSFL1C	8	1.86916	2	1.29032
NT5DC3	8	1.86916	2	1.29032
NTAN1	8	1.86916	1	0.645161
NTN1	8	1.86916	2	1.29032
NTSR1	8	1.86916	4	2.58065
NUP160	8	1.86916	1	0.645161
NUP42	8	1.86916	1	0.645161
NXF1	8	1.86916	3	1.93548
NYX	8	1.86916	2	1.29032
OBI1	8	1.86916	2	1.29032
OGFRL1	8	1.86916	2	1.29032
OLAH	8	1.86916	1	0.645161
ONECUT1	8	1.86916	0	0
OPN4	8	1.86916	1	0.645161
OR10C1	8	1.86916	1	0.645161
OR10J3	8	1.86916	1	0.645161
OR10J5	8	1.86916	1	0.645161
OR10Z1	8	1.86916	5	3.22581
OR12D2	8	1.86916	2	1.29032
OR13C4	8	1.86916	2	1.29032
OR13C8	8	1.86916	3	1.93548
OR13D1	8	1.86916	2	1.29032
OR14K1	8	1.86916	2	1.29032
OR1L1	8	1.86916	2	1.29032
OR2B6	8	1.86916	0	0
OR2D2	8	1.86916	0	0
OR2G6	8	1.86916	2	1.29032
OR2L2	8	1.86916	2	1.29032
OR2M5	8	1.86916	4	2.58065
OR2T10	8	1.86916	1	0.645161
OR3A1	8	1.86916	1	0.645161
OR4A47	8	1.86916	3	1.93548
OR4D5	8	1.86916	2	1.29032
OR4K2	8	1.86916	1	0.645161
OR51A4	8	1.86916	1	0.645161
OR51B5	8	1.86916	1	0.645161
OR51S1	8	1.86916	4	2.58065
OR52E4	8	1.86916	5	3.22581
OR52J3	8	1.86916	1	0.645161
OR56A3	8	1.86916	1	0.645161
OR5AS1	8	1.86916	1	0.645161
OR5H1	8	1.86916	1	0.645161
OR5M3	8	1.86916	2	1.29032
OR6C68	8	1.86916	2	1.29032
OR6F1	8	1.86916	1	0.645161
OR8G2P	8	1.86916	1	0.645161
OSBP	8	1.86916	0	0
OSBPL11	8	1.86916	3	1.93548
OSGEPL1	8	1.86916	1	0.645161
OSM	8	1.86916	0	0
OVGP1	8	1.86916	2	1.29032
P3H2	8	1.86916	2	1.29032
PABPC1L	8	1.86916	1	0.645161
PACRG	8	1.86916	2	1.29032
PACSIN2	8	1.86916	1	0.645161
PARP3	8	1.86916	0	0
PARP8	8	1.86916	4	2.58065
PCGF1	8	1.86916	0	0
PCMTD1	8	1.86916	2	1.29032
PCNX4	8	1.86916	3	1.93548
PDCD6IP	8	1.86916	4	2.58065
PDE1A	8	1.86916	3	1.93548
PDE6B	8	1.86916	2	1.29032
PDE7A	8	1.86916	2	1.29032
PDK2	8	1.86916	1	0.645161
PDSS1	8	1.86916	5	3.22581
PER2	8	1.86916	2	1.29032
PFKFB2	8	1.86916	3	1.93548
PGAP1	8	1.86916	2	1.29032
PGAP6	8	1.86916	2	1.29032
PGLYRP4	8	1.86916	1	0.645161
PHF24	8	1.86916	3	1.93548
PHF7	8	1.86916	0	0
PHF8	8	1.86916	1	0.645161
PHOX2B	8	1.86916	2	1.29032
PI4KB	8	1.86916	0	0
PIDD1	8	1.86916	0	0
PIGB	8	1.86916	2	1.29032
PIK3AP1	8	1.86916	1	0.645161
PIK3CB	8	1.86916	3	1.93548
PLA2G3	8	1.86916	0	0
PLA2G4D	8	1.86916	2	1.29032
PLA2G4E	8	1.86916	1	0.645161
PLA2G4F	8	1.86916	2	1.29032
PLA2G7	8	1.86916	2	1.29032
PLEKHG4	8	1.86916	1	0.645161
PLEKHN1	8	1.86916	0	0
PLS1	8	1.86916	3	1.93548
PLS3	8	1.86916	4	2.58065
PNMT	8	1.86916	0	0
PNPLA3	8	1.86916	1	0.645161
POGLUT2	8	1.86916	5	3.22581
POMGNT2	8	1.86916	0	0
PPARA	8	1.86916	2	1.29032
PPAT	8	1.86916	4	2.58065
PPEF2	8	1.86916	4	2.58065
PPHLN1	8	1.86916	3	1.93548
PPIE	8	1.86916	0	0
PPM1D	8	1.86916	2	1.29032
PPP1R12A	8	1.86916	3	1.93548
PPP1R13L	8	1.86916	0	0
PPP1R18	8	1.86916	1	0.645161
PPP1R32	8	1.86916	1	0.645161
PPP1R36	8	1.86916	1	0.645161
PPP2R2A	8	1.86916	2	1.29032
PPP2R5E	8	1.86916	0	0
PPP3CB	8	1.86916	3	1.93548
PRAMEF14	8	1.86916	1	0.645161
PRAMEF2	8	1.86916	1	0.645161
PRAMEF7	8	1.86916	0	0
PRDM13	8	1.86916	1	0.645161
PRF1	8	1.86916	1	0.645161
PRIMPOL	8	1.86916	1	0.645161
PRKAA1	8	1.86916	0	0
PRKACG	8	1.86916	2	1.29032
PRKRA	8	1.86916	3	1.93548
PRLR	8	1.86916	2	1.29032
PRMT3	8	1.86916	3	1.93548
PROSER3	8	1.86916	1	0.645161
PRPF31	8	1.86916	0	0
PSAP	8	1.86916	1	0.645161
PSAPL1	8	1.86916	0	0
PSD3	8	1.86916	4	2.58065
PSEN2	8	1.86916	1	0.645161
PSG2	8	1.86916	1	0.645161
PSG8	8	1.86916	1	0.645161
PSMA8	8	1.86916	4	2.58065
PTCD1	8	1.86916	1	0.645161
PTDSS1	8	1.86916	3	1.93548
PTGS1	8	1.86916	2	1.29032
PTH1R	8	1.86916	0	0
PTPN9	8	1.86916	1	0.645161
PUS3	8	1.86916	3	1.93548
PYGL	8	1.86916	4	2.58065
QRSL1	8	1.86916	2	1.29032
QSOX1	8	1.86916	1	0.645161
RAB11FIP4	8	1.86916	3	1.93548
RAB3GAP2	8	1.86916	6	3.87097
RAB40C	8	1.86916	0	0
RAD18	8	1.86916	2	1.29032
RALYL	8	1.86916	1	0.645161
RANBP3L	8	1.86916	4	2.58065
RANBP9	8	1.86916	3	1.93548
RANGAP1	8	1.86916	0	0
RAP1GDS1	8	1.86916	3	1.93548
RARA	8	1.86916	1	0.645161
RARG	8	1.86916	1	0.645161
RBM12	8	1.86916	4	2.58065
RBM43	8	1.86916	4	2.58065
RBM47	8	1.86916	1	0.645161
RECQL	8	1.86916	1	0.645161
RELB	8	1.86916	0	0
REM1	8	1.86916	2	1.29032
RHAG	8	1.86916	4	2.58065
RIC3	8	1.86916	0	0
RIPK1	8	1.86916	0	0
RIPOR3	8	1.86916	4	2.58065
RNF148	8	1.86916	3	1.93548
RNF168	8	1.86916	2	1.29032
RNF19A	8	1.86916	2	1.29032
RNF44	8	1.86916	0	0
RPAP1	8	1.86916	3	1.93548
RPL3L	8	1.86916	1	0.645161
RPUSD4	8	1.86916	0	0
RSBN1	8	1.86916	2	1.29032
RSPH10B2	8	1.86916	5	3.22581
RSPO2	8	1.86916	3	1.93548
RTL1	8	1.86916	2	1.29032
RUVBL1	8	1.86916	2	1.29032
SAMD14	8	1.86916	1	0.645161
SAMD3	8	1.86916	1	0.645161
SAMD7	8	1.86916	1	0.645161
SATL1	8	1.86916	1	0.645161
SAXO2	8	1.86916	2	1.29032
SBSN	8	1.86916	0	0
SCIN	8	1.86916	1	0.645161
SCYL1	8	1.86916	1	0.645161
SDAD1	8	1.86916	0	0
SDS	8	1.86916	0	0
SEC14L3	8	1.86916	1	0.645161
SEC24A	8	1.86916	4	2.58065
SEC31B	8	1.86916	3	1.93548
SEMA3B	8	1.86916	0	0
SEMA4C	8	1.86916	0	0
SERPINA10	8	1.86916	1	0.645161
SERPINA12	8	1.86916	1	0.645161
SERPINB10	8	1.86916	2	1.29032
SERPINB7	8	1.86916	2	1.29032
SERPINE1	8	1.86916	2	1.29032
SESN2	8	1.86916	0	0
SETD3	8	1.86916	3	1.93548
SF3A1	8	1.86916	1	0.645161
SF3B2	8	1.86916	1	0.645161
SFMBT1	8	1.86916	1	0.645161
SFXN2	8	1.86916	1	0.645161
SGCE	8	1.86916	2	1.29032
SGIP1	8	1.86916	3	1.93548
SGSM3	8	1.86916	1	0.645161
SH2D3A	8	1.86916	0	0
SH3KBP1	8	1.86916	2	1.29032
SHCBP1	8	1.86916	1	0.645161
SHOC2	8	1.86916	3	1.93548
SHTN1	8	1.86916	2	1.29032
SIGLEC6	8	1.86916	3	1.93548
SIRT4	8	1.86916	1	0.645161
SKOR1	8	1.86916	1	0.645161
SLA	8	1.86916	0	0
SLC13A2	8	1.86916	1	0.645161
SLC16A13	8	1.86916	0	0
SLC17A7	8	1.86916	1	0.645161
SLC17A8	8	1.86916	2	1.29032
SLC17A9	8	1.86916	3	1.93548
SLC20A2	8	1.86916	3	1.93548
SLC22A13	8	1.86916	2	1.29032
SLC22A2	8	1.86916	2	1.29032
SLC22A3	8	1.86916	2	1.29032
SLC25A2	8	1.86916	1	0.645161
SLC25A28	8	1.86916	1	0.645161
SLC26A4	8	1.86916	6	3.87097
SLC28A1	8	1.86916	2	1.29032
SLC28A2	8	1.86916	1	0.645161
SLC28A3	8	1.86916	3	1.93548
SLC2A10	8	1.86916	2	1.29032
SLC2A5	8	1.86916	1	0.645161
SLC2A8	8	1.86916	1	0.645161
SLC35G2	8	1.86916	3	1.93548
SLC35G3	8	1.86916	1	0.645161
SLC37A1	8	1.86916	1	0.645161
SLC38A1	8	1.86916	3	1.93548
SLC38A4	8	1.86916	0	0
SLC38A6	8	1.86916	2	1.29032
SLC39A5	8	1.86916	1	0.645161
SLC39A7	8	1.86916	2	1.29032
SLC41A3	8	1.86916	1	0.645161
SLC45A2	8	1.86916	2	1.29032
SLC66A1	8	1.86916	0	0
SLC6A17	8	1.86916	2	1.29032
SLC6A20	8	1.86916	0	0
SLC6A4	8	1.86916	1	0.645161
SLC7A4	8	1.86916	0	0
SLC9A8	8	1.86916	2	1.29032
SMC3	8	1.86916	3	1.93548
SMOC1	8	1.86916	2	1.29032
SMPD2	8	1.86916	0	0
SNAP47	8	1.86916	2	1.29032
SNRPN	8	1.86916	1	0.645161
SNX27	8	1.86916	1	0.645161
SNX31	8	1.86916	3	1.93548
SNX32	8	1.86916	1	0.645161
SOCS6	8	1.86916	1	0.645161
SORT1	8	1.86916	4	2.58065
SP140L	8	1.86916	3	1.93548
SP4	8	1.86916	1	0.645161
SPANXD	8	1.86916	0	0
SPANXN2	8	1.86916	2	1.29032
SPARC	8	1.86916	2	1.29032
SPATS2	8	1.86916	1	0.645161
SPEM1	8	1.86916	0	0
SPEM2	8	1.86916	2	1.29032
SPIN1	8	1.86916	1	0.645161
SPOCD1	8	1.86916	2	1.29032
SPOUT1	8	1.86916	0	0
SPRED1	8	1.86916	1	0.645161
SPRED2	8	1.86916	1	0.645161
SPTLC3	8	1.86916	4	2.58065
SRBD1	8	1.86916	2	1.29032
SRPK2	8	1.86916	3	1.93548
SRPK3	8	1.86916	2	1.29032
SRSF6	8	1.86916	1	0.645161
SRSF7	8	1.86916	1	0.645161
SSTR1	8	1.86916	1	0.645161
STAT3	8	1.86916	0	0
STAT4	8	1.86916	3	1.93548
STAT6	8	1.86916	0	0
STC2	8	1.86916	0	0
STEAP2	8	1.86916	1	0.645161
STEAP4	8	1.86916	5	3.22581
STK24	8	1.86916	1	0.645161
STK3	8	1.86916	0	0
STK33	8	1.86916	3	1.93548
STRA8	8	1.86916	2	1.29032
STRADA	8	1.86916	0	0
STRN	8	1.86916	2	1.29032
STT3B	8	1.86916	3	1.93548
STXBP5	8	1.86916	4	2.58065
SUCLA2	8	1.86916	4	2.58065
SUGP1	8	1.86916	0	0
SUPT20HL2	8	1.86916	2	1.29032
SUPT3H	8	1.86916	0	0
SUSD1	8	1.86916	3	1.93548
SYDE1	8	1.86916	3	1.93548
SYNE4	8	1.86916	0	0
SYT1	8	1.86916	0	0
SYT14	8	1.86916	2	1.29032
SYT4	8	1.86916	4	2.58065
SYT9	8	1.86916	3	1.93548
TAB1	8	1.86916	0	0
TACC1	8	1.86916	2	1.29032
TAF15	8	1.86916	1	0.645161
TAF1D	8	1.86916	0	0
TANGO6	8	1.86916	1	0.645161
TAP1	8	1.86916	2	1.29032
TAS2R1	8	1.86916	2	1.29032
TAS2R13	8	1.86916	0	0
TAS2R42	8	1.86916	0	0
TAT	8	1.86916	1	0.645161
TBC1D2	8	1.86916	2	1.29032
TBC1D24	8	1.86916	0	0
TBC1D2B	8	1.86916	1	0.645161
TBCD	8	1.86916	3	1.93548
TBL2	8	1.86916	1	0.645161
TBRG4	8	1.86916	2	1.29032
TBX15	8	1.86916	3	1.93548
TCEA2	8	1.86916	1	0.645161
TCFL5	8	1.86916	1	0.645161
TCIRG1	8	1.86916	0	0
TDO2	8	1.86916	4	2.58065
TDRD1	8	1.86916	4	2.58065
TDRKH	8	1.86916	2	1.29032
TESK2	8	1.86916	3	1.93548
TFRC	8	1.86916	2	1.29032
THADA	8	1.86916	5	3.22581
THNSL1	8	1.86916	2	1.29032
THOP1	8	1.86916	1	0.645161
TIGD7	8	1.86916	2	1.29032
TIMD4	8	1.86916	1	0.645161
TLR4	8	1.86916	3	1.93548
TM4SF4	8	1.86916	1	0.645161
TMEM161B	8	1.86916	1	0.645161
TMEM175	8	1.86916	2	1.29032
TMEM25	8	1.86916	1	0.645161
TMEM44	8	1.86916	0	0
TMEM67	8	1.86916	1	0.645161
TMEM8B	8	1.86916	0	0
TMOD2	8	1.86916	0	0
TMPRSS2	8	1.86916	1	0.645161
TNFRSF11B	8	1.86916	2	1.29032
TNFRSF21	8	1.86916	1	0.645161
TNIP1	8	1.86916	0	0
TNNT2	8	1.86916	0	0
TOP1MT	8	1.86916	1	0.645161
TPCN2	8	1.86916	0	0
TPH2	8	1.86916	1	0.645161
TPST2	8	1.86916	0	0
TRABD	8	1.86916	2	1.29032
TRAF3IP1	8	1.86916	0	0
TRAF5	8	1.86916	1	0.645161
TRAM1	8	1.86916	2	1.29032
TRIM15	8	1.86916	0	0
TRIM23	8	1.86916	2	1.29032
TRIM32	8	1.86916	1	0.645161
TRIM41	8	1.86916	3	1.93548
TRIM49	8	1.86916	2	1.29032
TRIM50	8	1.86916	2	1.29032
TRIML2	8	1.86916	6	3.87097
TRPM5	8	1.86916	1	0.645161
TRUB1	8	1.86916	1	0.645161
TSBP1	8	1.86916	2	1.29032
TSKS	8	1.86916	2	1.29032
TSPEAR	8	1.86916	3	1.93548
TSPYL2	8	1.86916	3	1.93548
TSPYL4	8	1.86916	2	1.29032
TTC30B	8	1.86916	4	2.58065
TTC7B	8	1.86916	2	1.29032
TTYH2	8	1.86916	0	0
TUBB2A	8	1.86916	2	1.29032
TXK	8	1.86916	3	1.93548
TXNDC11	8	1.86916	1	0.645161
TXNDC2	8	1.86916	4	2.58065
UBA7	8	1.86916	2	1.29032
UBQLN1	8	1.86916	2	1.29032
UBQLNL	8	1.86916	4	2.58065
UBTF	8	1.86916	1	0.645161
UBXN7	8	1.86916	2	1.29032
UGT1A7	8	1.86916	0	0
UGT2A3	8	1.86916	4	2.58065
UHRF1	8	1.86916	2	1.29032
UNC5CL	8	1.86916	1	0.645161
UNKL	8	1.86916	2	1.29032
USP16	8	1.86916	1	0.645161
USP9Y	8	1.86916	3	1.93548
USPL1	8	1.86916	2	1.29032
UTP14A	8	1.86916	1	0.645161
UTP25	8	1.86916	3	1.93548
VASN	8	1.86916	1	0.645161
VAV2	8	1.86916	2	1.29032
VGLL4	8	1.86916	1	0.645161
VIL1	8	1.86916	2	1.29032
VPS35L	8	1.86916	2	1.29032
VPS37C	8	1.86916	0	0
VPS45	8	1.86916	1	0.645161
VSIG10	8	1.86916	0	0
VSIR	8	1.86916	0	0
VSTM2A	8	1.86916	3	1.93548
VWA2	8	1.86916	3	1.93548
WDR70	8	1.86916	3	1.93548
WIPF2	8	1.86916	0	0
WIPI2	8	1.86916	1	0.645161
WNT3A	8	1.86916	1	0.645161
WNT7A	8	1.86916	0	0
XPO1	8	1.86916	5	3.22581
XRCC2	8	1.86916	0	0
YY1AP1	8	1.86916	4	2.58065
ZACN	8	1.86916	0	0
ZBP1	8	1.86916	4	2.58065
ZBTB48	8	1.86916	1	0.645161
ZC2HC1C	8	1.86916	1	0.645161
ZC3H7A	8	1.86916	4	2.58065
ZCRB1	8	1.86916	0	0
ZFP3	8	1.86916	3	1.93548
ZFX	8	1.86916	2	1.29032
ZGPAT	8	1.86916	0	0
ZMAT4	8	1.86916	1	0.645161
ZMIZ2	8	1.86916	1	0.645161
ZNF124	8	1.86916	0	0
ZNF154	8	1.86916	5	3.22581
ZNF17	8	1.86916	1	0.645161
ZNF185	8	1.86916	0	0
ZNF189	8	1.86916	2	1.29032
ZNF197	8	1.86916	5	3.22581
ZNF219	8	1.86916	0	0
ZNF224	8	1.86916	2	1.29032
ZNF235	8	1.86916	2	1.29032
ZNF280A	8	1.86916	2	1.29032
ZNF280B	8	1.86916	1	0.645161
ZNF287	8	1.86916	2	1.29032
ZNF300	8	1.86916	2	1.29032
ZNF311	8	1.86916	3	1.93548
ZNF319	8	1.86916	0	0
ZNF330	8	1.86916	2	1.29032
ZNF33B	8	1.86916	4	2.58065
ZNF35	8	1.86916	0	0
ZNF354B	8	1.86916	3	1.93548
ZNF385B	8	1.86916	7	4.51613
ZNF408	8	1.86916	1	0.645161
ZNF430	8	1.86916	3	1.93548
ZNF433	8	1.86916	0	0
ZNF438	8	1.86916	1	0.645161
ZNF470	8	1.86916	6	3.87097
ZNF491	8	1.86916	4	2.58065
ZNF496	8	1.86916	2	1.29032
ZNF497	8	1.86916	0	0
ZNF514	8	1.86916	2	1.29032
ZNF544	8	1.86916	6	3.87097
ZNF548	8	1.86916	2	1.29032
ZNF577	8	1.86916	3	1.93548
ZNF586	8	1.86916	2	1.29032
ZNF599	8	1.86916	2	1.29032
ZNF605	8	1.86916	3	1.93548
ZNF623	8	1.86916	2	1.29032
ZNF624	8	1.86916	2	1.29032
ZNF625	8	1.86916	3	1.93548
ZNF649	8	1.86916	2	1.29032
ZNF654	8	1.86916	2	1.29032
ZNF678	8	1.86916	2	1.29032
ZNF750	8	1.86916	2	1.29032
ZNF768	8	1.86916	2	1.29032
ZNF776	8	1.86916	1	0.645161
ZNF829	8	1.86916	4	2.58065
ZRANB2	8	1.86916	2	1.29032
ZSCAN4	8	1.86916	2	1.29032
ZW10	8	1.86916	5	3.22581
ZXDB	8	1.86916	1	0.645161
A1BG	7	1.63551	0	0
AAAS	7	1.63551	0	0
ABCB10	7	1.63551	2	1.29032
ABCG8	7	1.63551	2	1.29032
ABHD16A	7	1.63551	1	0.645161
AC090517.4	7	1.63551	2	1.29032
AC092143.1	7	1.63551	5	3.22581
ACAA1	7	1.63551	0	0
ACAD9	7	1.63551	3	1.93548
ACADSB	7	1.63551	0	0
ACAP2	7	1.63551	2	1.29032
ACER1	7	1.63551	1	0.645161
ACKR2	7	1.63551	5	3.22581
ACOX3	7	1.63551	3	1.93548
ACSL4	7	1.63551	1	0.645161
ACSL6	7	1.63551	1	0.645161
ACSM2A	7	1.63551	5	3.22581
ACSM5	7	1.63551	3	1.93548
ACTL7A	7	1.63551	5	3.22581
ACVRL1	7	1.63551	0	0
ADAT1	7	1.63551	0	0
ADCK2	7	1.63551	0	0
ADCK5	7	1.63551	0	0
ADRA2B	7	1.63551	0	0
ADRB2	7	1.63551	2	1.29032
AFG3L2	7	1.63551	2	1.29032
AGBL2	7	1.63551	4	2.58065
AGMO	7	1.63551	1	0.645161
AGPAT4	7	1.63551	2	1.29032
AGTR2	7	1.63551	3	1.93548
AGXT2	7	1.63551	2	1.29032
AHCY	7	1.63551	1	0.645161
ALAS1	7	1.63551	4	2.58065
ALDH6A1	7	1.63551	2	1.29032
AMIGO1	7	1.63551	2	1.29032
ANAPC5	7	1.63551	2	1.29032
ANAPC7	7	1.63551	1	0.645161
ANKEF1	7	1.63551	2	1.29032
ANKLE1	7	1.63551	2	1.29032
ANKRD33	7	1.63551	0	0
ANKRD53	7	1.63551	1	0.645161
ANLN	7	1.63551	4	2.58065
ANXA11	7	1.63551	0	0
AOPEP	7	1.63551	1	0.645161
AP002512.3	7	1.63551	3	1.93548
AP1M2	7	1.63551	0	0
APBA3	7	1.63551	1	0.645161
APBB2	7	1.63551	0	0
APCDD1	7	1.63551	2	1.29032
APLNR	7	1.63551	3	1.93548
ARHGAP12	7	1.63551	2	1.29032
ARHGDIB	7	1.63551	0	0
ARL11	7	1.63551	1	0.645161
ARL14EP	7	1.63551	1	0.645161
ARMC5	7	1.63551	1	0.645161
ARMH4	7	1.63551	5	3.22581
ASAH1	7	1.63551	1	0.645161
ASB3	7	1.63551	1	0.645161
ASH2L	7	1.63551	2	1.29032
ASIC1	7	1.63551	1	0.645161
ASMT	7	1.63551	0	0
ASPN	7	1.63551	2	1.29032
ASPRV1	7	1.63551	0	0
ATAD3A	7	1.63551	1	0.645161
ATF6B	7	1.63551	1	0.645161
ATG5	7	1.63551	1	0.645161
ATG9A	7	1.63551	5	3.22581
ATOH1	7	1.63551	2	1.29032
ATP1B2	7	1.63551	1	0.645161
ATPSCKMT	7	1.63551	3	1.93548
ATXN7L2	7	1.63551	0	0
AVPR2	7	1.63551	1	0.645161
AWAT2	7	1.63551	2	1.29032
B3GALT2	7	1.63551	1	0.645161
B3GLCT	7	1.63551	2	1.29032
B4GALT3	7	1.63551	3	1.93548
B4GALT5	7	1.63551	0	0
BCAR1	7	1.63551	0	0
BCAT1	7	1.63551	3	1.93548
BCL3	7	1.63551	0	0
BEST2	7	1.63551	1	0.645161
BEST4	7	1.63551	1	0.645161
BFAR	7	1.63551	0	0
BGN	7	1.63551	2	1.29032
BHLHE22	7	1.63551	1	0.645161
BIN3	7	1.63551	0	0
BLZF1	7	1.63551	3	1.93548
BMP4	7	1.63551	2	1.29032
BRMS1	7	1.63551	0	0
BRS3	7	1.63551	1	0.645161
BTBD10	7	1.63551	2	1.29032
BTBD2	7	1.63551	0	0
BTN1A1	7	1.63551	2	1.29032
BTN3A3	7	1.63551	2	1.29032
BTNL3	7	1.63551	2	1.29032
C12orf50	7	1.63551	2	1.29032
C1QL2	7	1.63551	0	0
C1QTNF3	7	1.63551	1	0.645161
C1RL	7	1.63551	2	1.29032
C1orf100	7	1.63551	1	0.645161
C1orf141	7	1.63551	2	1.29032
C1orf94	7	1.63551	1	0.645161
C22orf23	7	1.63551	1	0.645161
C6orf15	7	1.63551	1	0.645161
C7orf50	7	1.63551	0	0
CA2	7	1.63551	2	1.29032
CA3	7	1.63551	2	1.29032
CA9	7	1.63551	0	0
CABP2	7	1.63551	0	0
CACNG1	7	1.63551	0	0
CALHM5	7	1.63551	1	0.645161
CAMK2B	7	1.63551	2	1.29032
CAMK2D	7	1.63551	1	0.645161
CAPSL	7	1.63551	3	1.93548
CAPZB	7	1.63551	1	0.645161
CARD14	7	1.63551	2	1.29032
CARD9	7	1.63551	1	0.645161
CARS2	7	1.63551	0	0
CASQ2	7	1.63551	2	1.29032
CBLIF	7	1.63551	2	1.29032
CBLN2	7	1.63551	0	0
CBLN3	7	1.63551	1	0.645161
CCDC112	7	1.63551	3	1.93548
CCDC146	7	1.63551	4	2.58065
CCDC157	7	1.63551	3	1.93548
CCDC168	7	1.63551	2	1.29032
CCDC17	7	1.63551	0	0
CCDC172	7	1.63551	2	1.29032
CCDC191	7	1.63551	4	2.58065
CCDC27	7	1.63551	1	0.645161
CCDC42	7	1.63551	1	0.645161
CCDC59	7	1.63551	0	0
CCDC60	7	1.63551	1	0.645161
CCDC7	7	1.63551	5	3.22581
CCDC74B	7	1.63551	1	0.645161
CCDC77	7	1.63551	2	1.29032
CCKAR	7	1.63551	3	1.93548
CCM2L	7	1.63551	0	0
CCN4	7	1.63551	0	0
CCN6	7	1.63551	1	0.645161
CCNB1	7	1.63551	0	0
CCNK	7	1.63551	1	0.645161
CCT6B	7	1.63551	3	1.93548
CD200R1	7	1.63551	2	1.29032
CD200R1L	7	1.63551	1	0.645161
CD40LG	7	1.63551	1	0.645161
CDC25C	7	1.63551	3	1.93548
CDC40	7	1.63551	2	1.29032
CDC45	7	1.63551	2	1.29032
CDH26	7	1.63551	2	1.29032
CDK17	7	1.63551	0	0
CDK19	7	1.63551	1	0.645161
CDKL4	7	1.63551	2	1.29032
CDNF	7	1.63551	1	0.645161
CDR2L	7	1.63551	1	0.645161
CDS2	7	1.63551	1	0.645161
CELF3	7	1.63551	1	0.645161
CENPN	7	1.63551	1	0.645161
CEP57	7	1.63551	3	1.93548
CEP68	7	1.63551	2	1.29032
CER1	7	1.63551	2	1.29032
CERK	7	1.63551	0	0
CERT1	7	1.63551	4	2.58065
CFAP298-TCP10L	7	1.63551	0	0
CFAP53	7	1.63551	1	0.645161
CFAP57	7	1.63551	2	1.29032
CFHR5	7	1.63551	5	3.22581
CGAS	7	1.63551	4	2.58065
CH25H	7	1.63551	1	0.645161
CHAD	7	1.63551	0	0
CHEK2	7	1.63551	1	0.645161
CHFR	7	1.63551	2	1.29032
CHRM1	7	1.63551	0	0
CHRM5	7	1.63551	1	0.645161
CHRNA1	7	1.63551	2	1.29032
CHRNA3	7	1.63551	3	1.93548
CHRNA6	7	1.63551	5	3.22581
CHRNG	7	1.63551	1	0.645161
CHST8	7	1.63551	1	0.645161
CKM	7	1.63551	1	0.645161
CLCC1	7	1.63551	2	1.29032
CLCN5	7	1.63551	2	1.29032
CLDN8	7	1.63551	2	1.29032
CLEC4C	7	1.63551	2	1.29032
CLEC5A	7	1.63551	0	0
CLINT1	7	1.63551	3	1.93548
CLK1	7	1.63551	3	1.93548
CLN3	7	1.63551	0	0
CLP1	7	1.63551	0	0
CLPB	7	1.63551	1	0.645161
CLYBL	7	1.63551	1	0.645161
CMIP	7	1.63551	2	1.29032
CMTR2	7	1.63551	2	1.29032
CNKSR3	7	1.63551	1	0.645161
CNN1	7	1.63551	2	1.29032
CNST	7	1.63551	1	0.645161
COG8	7	1.63551	1	0.645161
COL8A2	7	1.63551	1	0.645161
COPG1	7	1.63551	1	0.645161
COQ2	7	1.63551	1	0.645161
COQ8A	7	1.63551	3	1.93548
COQ8B	7	1.63551	1	0.645161
COQ9	7	1.63551	1	0.645161
CORO6	7	1.63551	0	0
CPEB3	7	1.63551	3	1.93548
CPO	7	1.63551	2	1.29032
CR1L	7	1.63551	1	0.645161
CRACR2B	7	1.63551	0	0
CRHR2	7	1.63551	3	1.93548
CRISP1	7	1.63551	3	1.93548
CRPPA	7	1.63551	3	1.93548
CS	7	1.63551	0	0
CSNK1G2	7	1.63551	1	0.645161
CTPS2	7	1.63551	1	0.645161
CTSF	7	1.63551	4	2.58065
CTSH	7	1.63551	1	0.645161
CTSW	7	1.63551	0	0
CTU2	7	1.63551	0	0
CXCR1	7	1.63551	2	1.29032
CXCR4	7	1.63551	2	1.29032
CYP1A1	7	1.63551	3	1.93548
CYP24A1	7	1.63551	1	0.645161
CYP2C8	7	1.63551	4	2.58065
CYP3A4	7	1.63551	1	0.645161
CYP4A11	7	1.63551	2	1.29032
CYP4F8	7	1.63551	1	0.645161
CYP4V2	7	1.63551	1	0.645161
CYSLTR1	7	1.63551	0	0
CYTIP	7	1.63551	0	0
DAPP1	7	1.63551	1	0.645161
DAW1	7	1.63551	6	3.87097
DBN1	7	1.63551	2	1.29032
DCAF12	7	1.63551	1	0.645161
DCAF4	7	1.63551	0	0
DCAF7	7	1.63551	1	0.645161
DCAKD	7	1.63551	1	0.645161
DCDC2	7	1.63551	3	1.93548
DCLRE1A	7	1.63551	3	1.93548
DCLRE1C	7	1.63551	2	1.29032
DCP2	7	1.63551	5	3.22581
DCSTAMP	7	1.63551	5	3.22581
DDHD2	7	1.63551	4	2.58065
DDX10	7	1.63551	2	1.29032
DDX39B	7	1.63551	2	1.29032
DDX6	7	1.63551	1	0.645161
DENND11	7	1.63551	0	0
DENND1A	7	1.63551	4	2.58065
DEPDC7	7	1.63551	2	1.29032
DGAT1	7	1.63551	0	0
DHH	7	1.63551	0	0
DIO3	7	1.63551	1	0.645161
DIPK2B	7	1.63551	1	0.645161
DIRAS2	7	1.63551	1	0.645161
DKK1	7	1.63551	2	1.29032
DKK4	7	1.63551	3	1.93548
DLGAP5	7	1.63551	2	1.29032
DLK1	7	1.63551	0	0
DMBX1	7	1.63551	1	0.645161
DMRT2	7	1.63551	1	0.645161
DMRT3	7	1.63551	3	1.93548
DNAH6	7	1.63551	4	2.58065
DNAJB13	7	1.63551	1	0.645161
DNAJB5	7	1.63551	1	0.645161
DNAJC6	7	1.63551	3	1.93548
DOK4	7	1.63551	0	0
DOK6	7	1.63551	2	1.29032
DOLK	7	1.63551	1	0.645161
DRC3	7	1.63551	0	0
DTNB	7	1.63551	1	0.645161
DUSP4	7	1.63551	0	0
DVL1	7	1.63551	1	0.645161
DYNC2LI1	7	1.63551	2	1.29032
E2F5	7	1.63551	2	1.29032
ECHDC2	7	1.63551	0	0
ECSIT	7	1.63551	2	1.29032
EDAR	7	1.63551	3	1.93548
EDN3	7	1.63551	1	0.645161
EEFSEC	7	1.63551	0	0
EEPD1	7	1.63551	4	2.58065
EFCAB12	7	1.63551	2	1.29032
EID3	7	1.63551	3	1.93548
EIF3D	7	1.63551	1	0.645161
EIF4A2	7	1.63551	1	0.645161
ELAC2	7	1.63551	1	0.645161
ELANE	7	1.63551	0	0
ELF5	7	1.63551	2	1.29032
ELK1	7	1.63551	1	0.645161
ELMO3	7	1.63551	0	0
ELN	7	1.63551	1	0.645161
ELOVL1	7	1.63551	0	0
ELP4	7	1.63551	0	0
EMB	7	1.63551	2	1.29032
EMC7	7	1.63551	1	0.645161
EN1	7	1.63551	1	0.645161
ENAH	7	1.63551	1	0.645161
ENKD1	7	1.63551	0	0
ENTPD2	7	1.63551	1	0.645161
ENTPD7	7	1.63551	0	0
ENTPD8	7	1.63551	2	1.29032
EPB42	7	1.63551	1	0.645161
EPHA1	7	1.63551	2	1.29032
EPHX2	7	1.63551	0	0
EPHX4	7	1.63551	2	1.29032
EPN2	7	1.63551	1	0.645161
ERAP1	7	1.63551	5	3.22581
ERAP2	7	1.63551	3	1.93548
ERLIN2	7	1.63551	1	0.645161
ERMARD	7	1.63551	2	1.29032
ERN1	7	1.63551	1	0.645161
ERP44	7	1.63551	0	0
ESM1	7	1.63551	1	0.645161
ESS2	7	1.63551	0	0
ETS2	7	1.63551	1	0.645161
ETV4	7	1.63551	0	0
EXD1	7	1.63551	1	0.645161
EXOC3L2	7	1.63551	2	1.29032
EXOC5	7	1.63551	1	0.645161
FAIM2	7	1.63551	0	0
FAM149A	7	1.63551	0	0
FAM155A	7	1.63551	4	2.58065
FAM163B	7	1.63551	0	0
FAM181A	7	1.63551	2	1.29032
FAM20B	7	1.63551	0	0
FAM83D	7	1.63551	2	1.29032
FAM90A1	7	1.63551	4	2.58065
FAM9B	7	1.63551	2	1.29032
FAS	7	1.63551	0	0
FASTKD2	7	1.63551	2	1.29032
FASTKD5	7	1.63551	0	0
FBLIM1	7	1.63551	0	0
FBXL14	7	1.63551	0	0
FBXL2	7	1.63551	1	0.645161
FBXO15	7	1.63551	7	4.51613
FBXO22	7	1.63551	1	0.645161
FCGRT	7	1.63551	0	0
FCRL4	7	1.63551	2	1.29032
FERMT1	7	1.63551	0	0
FGF12	7	1.63551	3	1.93548
FGF23	7	1.63551	3	1.93548
FGF5	7	1.63551	7	4.51613
FGFRL1	7	1.63551	1	0.645161
FGG	7	1.63551	0	0
FLI1	7	1.63551	3	1.93548
FMNL2	7	1.63551	5	3.22581
FOLR3	7	1.63551	1	0.645161
FOXB2	7	1.63551	0	0
FOXD4L1	7	1.63551	1	0.645161
FOXE1	7	1.63551	0	0
FOXO1	7	1.63551	2	1.29032
FOXP4	7	1.63551	3	1.93548
FOXS1	7	1.63551	2	1.29032
FRG2C	7	1.63551	0	0
FRRS1L	7	1.63551	3	1.93548
FSD1	7	1.63551	3	1.93548
FSTL1	7	1.63551	2	1.29032
FUT8	7	1.63551	3	1.93548
FZD1	7	1.63551	2	1.29032
FZD9	7	1.63551	3	1.93548
GAL3ST2	7	1.63551	1	0.645161
GALK2	7	1.63551	1	0.645161
GALNS	7	1.63551	1	0.645161
GALNT6	7	1.63551	2	1.29032
GALNT7	7	1.63551	4	2.58065
GALT	7	1.63551	1	0.645161
GAMT	7	1.63551	0	0
GAS2L2	7	1.63551	3	1.93548
GAS2L3	7	1.63551	3	1.93548
GBA3	7	1.63551	1	0.645161
GBP3	7	1.63551	3	1.93548
GDAP1	7	1.63551	1	0.645161
GDF3	7	1.63551	2	1.29032
GDF9	7	1.63551	1	0.645161
GDPD4	7	1.63551	1	0.645161
GDPD5	7	1.63551	0	0
GEN1	7	1.63551	2	1.29032
GFPT1	7	1.63551	3	1.93548
GGA1	7	1.63551	0	0
GIMAP7	7	1.63551	4	2.58065
GIN1	7	1.63551	1	0.645161
GIPC1	7	1.63551	0	0
GJA3	7	1.63551	1	0.645161
GJA9	7	1.63551	1	0.645161
GJD4	7	1.63551	0	0
GLA	7	1.63551	1	0.645161
GLIPR1	7	1.63551	3	1.93548
GLRA1	7	1.63551	2	1.29032
GNA12	7	1.63551	1	0.645161
GNE	7	1.63551	1	0.645161
GNL1	7	1.63551	2	1.29032
GNL3	7	1.63551	0	0
GOLM1	7	1.63551	1	0.645161
GPBP1L1	7	1.63551	2	1.29032
GPM6A	7	1.63551	3	1.93548
GPN1	7	1.63551	0	0
GPR15	7	1.63551	2	1.29032
GPR161	7	1.63551	5	3.22581
GPR34	7	1.63551	1	0.645161
GPR52	7	1.63551	0	0
GPR61	7	1.63551	0	0
GPR68	7	1.63551	0	0
GPRIN3	7	1.63551	2	1.29032
GRAMD1A	7	1.63551	3	1.93548
GRB10	7	1.63551	0	0
GRB7	7	1.63551	1	0.645161
GREB1L	7	1.63551	0	0
GRSF1	7	1.63551	1	0.645161
GRXCR1	7	1.63551	3	1.93548
GSDMC	7	1.63551	3	1.93548
GSDME	7	1.63551	0	0
GSK3A	7	1.63551	2	1.29032
GSN	7	1.63551	0	0
GTF2A1	7	1.63551	0	0
GTF2E1	7	1.63551	1	0.645161
GTF2F1	7	1.63551	3	1.93548
GTF2IRD2B	7	1.63551	2	1.29032
H1-3	7	1.63551	1	0.645161
H6PD	7	1.63551	1	0.645161
HAL	7	1.63551	1	0.645161
HAS2	7	1.63551	2	1.29032
HAVCR2	7	1.63551	3	1.93548
HCFC1R1	7	1.63551	0	0
HDAC11	7	1.63551	0	0
HDC	7	1.63551	9	5.80645
HEATR9	7	1.63551	3	1.93548
HGFAC	7	1.63551	0	0
HIPK4	7	1.63551	0	0
HLA-DPA1	7	1.63551	1	0.645161
HLA-G	7	1.63551	2	1.29032
HLF	7	1.63551	3	1.93548
HMGCR	7	1.63551	3	1.93548
HMGCS2	7	1.63551	1	0.645161
HMX3	7	1.63551	0	0
HNRNPD	7	1.63551	1	0.645161
HORMAD1	7	1.63551	2	1.29032
HOXA1	7	1.63551	1	0.645161
HOXD10	7	1.63551	2	1.29032
HOXD3	7	1.63551	0	0
HPS5	7	1.63551	2	1.29032
HS3ST2	7	1.63551	3	1.93548
HS6ST1	7	1.63551	2	1.29032
HSD17B2	7	1.63551	3	1.93548
HSF2	7	1.63551	1	0.645161
HSP90AA1	7	1.63551	2	1.29032
HTRA4	7	1.63551	0	0
HVCN1	7	1.63551	2	1.29032
IDH1	7	1.63551	1	0.645161
IDO2	7	1.63551	2	1.29032
IFIT1	7	1.63551	3	1.93548
IFNAR1	7	1.63551	1	0.645161
IFNLR1	7	1.63551	1	0.645161
IGHMBP2	7	1.63551	2	1.29032
IGHV1OR21-1	7	1.63551	0	0
IGHV3OR16-8	7	1.63551	1	0.645161
IGKV2-24	7	1.63551	0	0
IHO1	7	1.63551	3	1.93548
IK	7	1.63551	1	0.645161
IKBIP	7	1.63551	1	0.645161
IL11	7	1.63551	0	0
IL20RA	7	1.63551	3	1.93548
IL26	7	1.63551	2	1.29032
IL5RA	7	1.63551	3	1.93548
IMPDH2	7	1.63551	3	1.93548
INTS10	7	1.63551	2	1.29032
IP6K1	7	1.63551	0	0
IPPK	7	1.63551	1	0.645161
IREB2	7	1.63551	4	2.58065
IRF5	7	1.63551	0	0
IRF6	7	1.63551	0	0
IRF7	7	1.63551	0	0
IRGC	7	1.63551	0	0
IRGQ	7	1.63551	1	0.645161
IRX3	7	1.63551	3	1.93548
ISM2	7	1.63551	0	0
ITGB5	7	1.63551	1	0.645161
ITPKC	7	1.63551	1	0.645161
JAML	7	1.63551	3	1.93548
JPT2	7	1.63551	1	0.645161
KANSL2	7	1.63551	2	1.29032
KARS1	7	1.63551	0	0
KATNAL1	7	1.63551	3	1.93548
KBTBD4	7	1.63551	2	1.29032
KCNA2	7	1.63551	6	3.87097
KCNE5	7	1.63551	1	0.645161
KCNIP1	7	1.63551	2	1.29032
KCNJ1	7	1.63551	3	1.93548
KCNK2	7	1.63551	2	1.29032
KCNMB2	7	1.63551	1	0.645161
KCNN1	7	1.63551	2	1.29032
KCTD11	7	1.63551	0	0
KCTD16	7	1.63551	3	1.93548
KCTD9	7	1.63551	0	0
KDM4D	7	1.63551	1	0.645161
KIAA0895	7	1.63551	2	1.29032
KIF2A	7	1.63551	1	0.645161
KIR2DL1	7	1.63551	3	1.93548
KLC3	7	1.63551	0	0
KLC4	7	1.63551	2	1.29032
KLHL18	7	1.63551	1	0.645161
KLHL31	7	1.63551	3	1.93548
KLHL41	7	1.63551	4	2.58065
KLHL7	7	1.63551	3	1.93548
KLK13	7	1.63551	1	0.645161
KRBA1	7	1.63551	2	1.29032
KRR1	7	1.63551	3	1.93548
KRT12	7	1.63551	1	0.645161
KRT72	7	1.63551	0	0
KRT76	7	1.63551	2	1.29032
KRTAP10-7	7	1.63551	1	0.645161
KYAT3	7	1.63551	3	1.93548
LAMP1	7	1.63551	1	0.645161
LCTL	7	1.63551	2	1.29032
LDB1	7	1.63551	2	1.29032
LHPP	7	1.63551	2	1.29032
LHX2	7	1.63551	0	0
LMAN1	7	1.63551	3	1.93548
LMNB1	7	1.63551	4	2.58065
LMNTD1	7	1.63551	3	1.93548
LMOD2	7	1.63551	3	1.93548
LMOD3	7	1.63551	2	1.29032
LONP2	7	1.63551	3	1.93548
LOX	7	1.63551	1	0.645161
LPAR3	7	1.63551	1	0.645161
LPIN2	7	1.63551	3	1.93548
LRCH3	7	1.63551	1	0.645161
LRIF1	7	1.63551	3	1.93548
LRRC28	7	1.63551	1	0.645161
LRRC39	7	1.63551	0	0
LRRC74A	7	1.63551	1	0.645161
LRRC8A	7	1.63551	3	1.93548
LRRC8C	7	1.63551	3	1.93548
LRRTM2	7	1.63551	4	2.58065
LRTM1	7	1.63551	2	1.29032
LTBR	7	1.63551	1	0.645161
LUZP4	7	1.63551	1	0.645161
LYZL1	7	1.63551	0	0
MAGEA11	7	1.63551	1	0.645161
MAGEE2	7	1.63551	4	2.58065
MAML2	7	1.63551	2	1.29032
MAN1C1	7	1.63551	2	1.29032
MANBA	7	1.63551	2	1.29032
MAP3K7	7	1.63551	2	1.29032
MAP4K2	7	1.63551	1	0.645161
MAPK8	7	1.63551	4	2.58065
MAPRE2	7	1.63551	0	0
MARCHF6	7	1.63551	3	1.93548
MARCKSL1	7	1.63551	0	0
MARS2	7	1.63551	1	0.645161
MARVELD3	7	1.63551	1	0.645161
MAT1A	7	1.63551	2	1.29032
MAX	7	1.63551	0	0
MBOAT2	7	1.63551	4	2.58065
MCMBP	7	1.63551	1	0.645161
MCMDC2	7	1.63551	3	1.93548
MCRS1	7	1.63551	0	0
MDH1B	7	1.63551	4	2.58065
MDM4	7	1.63551	2	1.29032
MECP2	7	1.63551	1	0.645161
MED15	7	1.63551	0	0
MED26	7	1.63551	1	0.645161
MEGF9	7	1.63551	0	0
MEIS3	7	1.63551	1	0.645161
METAP2	7	1.63551	2	1.29032
METTL25	7	1.63551	4	2.58065
MEX3C	7	1.63551	1	0.645161
MFHAS1	7	1.63551	1	0.645161
MFSD11	7	1.63551	2	1.29032
MFSD12	7	1.63551	1	0.645161
MFSD13A	7	1.63551	1	0.645161
MFSD14B	7	1.63551	1	0.645161
MFSD6L	7	1.63551	0	0
MIDN	7	1.63551	0	0
MIPEP	7	1.63551	2	1.29032
MKLN1	7	1.63551	4	2.58065
MLC1	7	1.63551	1	0.645161
MLLT3	7	1.63551	2	1.29032
MMP11	7	1.63551	2	1.29032
MMP21	7	1.63551	2	1.29032
MMP25	7	1.63551	1	0.645161
MMP27	7	1.63551	1	0.645161
MMP7	7	1.63551	2	1.29032
MNX1	7	1.63551	0	0
MOCS1	7	1.63551	0	0
MOCS3	7	1.63551	1	0.645161
MOXD1	7	1.63551	2	1.29032
MPIG6B	7	1.63551	0	0
MPP6	7	1.63551	4	2.58065
MPPED1	7	1.63551	0	0
MS4A1	7	1.63551	1	0.645161
MSH5	7	1.63551	1	0.645161
MTCH2	7	1.63551	0	0
MTG1	7	1.63551	0	0
MVD	7	1.63551	0	0
MVP	7	1.63551	0	0
MYCT1	7	1.63551	2	1.29032
MYOZ2	7	1.63551	1	0.645161
MYSM1	7	1.63551	4	2.58065
NAAA	7	1.63551	1	0.645161
NAB2	7	1.63551	1	0.645161
NAIF1	7	1.63551	2	1.29032
NANOS2	7	1.63551	0	0
NAXD	7	1.63551	2	1.29032
NDNF	7	1.63551	1	0.645161
NDUFA9	7	1.63551	1	0.645161
NDUFAF5	7	1.63551	0	0
NECAB1	7	1.63551	1	0.645161
NELFA	7	1.63551	1	0.645161
NELFB	7	1.63551	2	1.29032
NET1	7	1.63551	3	1.93548
NETO2	7	1.63551	2	1.29032
NEUROD2	7	1.63551	0	0
NFIL3	7	1.63551	2	1.29032
NFKBIB	7	1.63551	0	0
NIFK	7	1.63551	1	0.645161
NIPAL3	7	1.63551	1	0.645161
NKPD1	7	1.63551	0	0
NKRF	7	1.63551	1	0.645161
NKX2-1	7	1.63551	0	0
NKX2-5	7	1.63551	0	0
NKX6-2	7	1.63551	1	0.645161
NLE1	7	1.63551	1	0.645161
NOP14	7	1.63551	5	3.22581
NOSIP	7	1.63551	1	0.645161
NOXRED1	7	1.63551	1	0.645161
NPNT	7	1.63551	0	0
NPRL3	7	1.63551	1	0.645161
NR2C1	7	1.63551	1	0.645161
NSF	7	1.63551	2	1.29032
NSL1	7	1.63551	2	1.29032
NTF3	7	1.63551	0	0
NTSR2	7	1.63551	1	0.645161
NUAK2	7	1.63551	1	0.645161
NUDCD1	7	1.63551	4	2.58065
NUP54	7	1.63551	1	0.645161
NUTM2F	7	1.63551	1	0.645161
ODF3L2	7	1.63551	3	1.93548
OGA	7	1.63551	1	0.645161
OLFML3	7	1.63551	2	1.29032
OPN1SW	7	1.63551	0	0
OR10A6	7	1.63551	2	1.29032
OR10H2	7	1.63551	0	0
OR10K1	7	1.63551	0	0
OR10P1	7	1.63551	2	1.29032
OR10R2	7	1.63551	1	0.645161
OR10S1	7	1.63551	1	0.645161
OR10X1	7	1.63551	0	0
OR13F1	7	1.63551	3	1.93548
OR14C36	7	1.63551	4	2.58065
OR1L3	7	1.63551	1	0.645161
OR2AT4	7	1.63551	1	0.645161
OR2G3	7	1.63551	1	0.645161
OR2L8	7	1.63551	5	3.22581
OR2T2	7	1.63551	2	1.29032
OR2T27	7	1.63551	2	1.29032
OR2T8	7	1.63551	1	0.645161
OR4C11	7	1.63551	0	0
OR4S1	7	1.63551	3	1.93548
OR51A7	7	1.63551	2	1.29032
OR51B4	7	1.63551	5	3.22581
OR51M1	7	1.63551	5	3.22581
OR51Q1	7	1.63551	1	0.645161
OR51T1	7	1.63551	2	1.29032
OR52H1	7	1.63551	2	1.29032
OR52I2	7	1.63551	2	1.29032
OR52K2	7	1.63551	0	0
OR52N4	7	1.63551	0	0
OR56A4	7	1.63551	4	2.58065
OR5AN1	7	1.63551	1	0.645161
OR5AP2	7	1.63551	1	0.645161
OR5C1	7	1.63551	0	0
OR5D16	7	1.63551	2	1.29032
OR5M8	7	1.63551	3	1.93548
OR6B2	7	1.63551	0	0
OR6B3	7	1.63551	1	0.645161
OR6C65	7	1.63551	2	1.29032
OR6C70	7	1.63551	1	0.645161
OR7G2	7	1.63551	2	1.29032
OR8K3	7	1.63551	4	2.58065
OR9K2	7	1.63551	1	0.645161
ORC2	7	1.63551	0	0
ORC5	7	1.63551	2	1.29032
OSBPL9	7	1.63551	2	1.29032
OTUD5	7	1.63551	0	0
OXA1L	7	1.63551	3	1.93548
OXER1	7	1.63551	2	1.29032
OXNAD1	7	1.63551	0	0
OXSR1	7	1.63551	2	1.29032
P2RX1	7	1.63551	1	0.645161
P2RX7	7	1.63551	1	0.645161
P2RY10	7	1.63551	2	1.29032
PACSIN3	7	1.63551	0	0
PAK2	7	1.63551	2	1.29032
PAK6	7	1.63551	1	0.645161
PALLD	7	1.63551	4	2.58065
PARD6G	7	1.63551	1	0.645161
PARN	7	1.63551	1	0.645161
PAX7	7	1.63551	2	1.29032
PBX2	7	1.63551	2	1.29032
PCIF1	7	1.63551	4	2.58065
PCSK2	7	1.63551	2	1.29032
PCSK6	7	1.63551	3	1.93548
PCSK9	7	1.63551	1	0.645161
PCYT1B	7	1.63551	3	1.93548
PDE7B	7	1.63551	2	1.29032
PDGFA	7	1.63551	0	0
PDLIM7	7	1.63551	0	0
PELI1	7	1.63551	0	0
PEPD	7	1.63551	0	0
PES1	7	1.63551	0	0
PEX2	7	1.63551	1	0.645161
PGBD1	7	1.63551	3	1.93548
PGK2	7	1.63551	4	2.58065
PGS1	7	1.63551	1	0.645161
PHF13	7	1.63551	1	0.645161
PHTF2	7	1.63551	3	1.93548
PIANP	7	1.63551	2	1.29032
PIGK	7	1.63551	2	1.29032
PIP4P2	7	1.63551	2	1.29032
PIP5K1A	7	1.63551	2	1.29032
PKD1L2	7	1.63551	3	1.93548
PLA2G15	7	1.63551	0	0
PLAAT4	7	1.63551	0	0
PLCD4	7	1.63551	1	0.645161
PLCXD1	7	1.63551	1	0.645161
PLCXD3	7	1.63551	1	0.645161
PLD3	7	1.63551	1	0.645161
PLD5	7	1.63551	4	2.58065
PLEKHG5	7	1.63551	2	1.29032
PLEKHO2	7	1.63551	0	0
PLK2	7	1.63551	2	1.29032
PLOD3	7	1.63551	0	0
PLVAP	7	1.63551	1	0.645161
PMEPA1	7	1.63551	1	0.645161
PNLIPRP3	7	1.63551	6	3.87097
PNMA2	7	1.63551	0	0
POLD3	7	1.63551	2	1.29032
POTED	7	1.63551	2	1.29032
POU3F3	7	1.63551	0	0
PPAN-P2RY11	7	1.63551	2	1.29032
PPM1A	7	1.63551	3	1.93548
PPP1R16A	7	1.63551	0	0
PPP2R5B	7	1.63551	0	0
PPP2R5D	7	1.63551	0	0
PPP4R3A	7	1.63551	4	2.58065
PPWD1	7	1.63551	1	0.645161
PRAME	7	1.63551	2	1.29032
PRAMEF12	7	1.63551	3	1.93548
PRAMEF19	7	1.63551	4	2.58065
PRAMEF8	7	1.63551	1	0.645161
PRDM11	7	1.63551	0	0
PRDM7	7	1.63551	1	0.645161
PRG3	7	1.63551	1	0.645161
PRKAG1	7	1.63551	1	0.645161
PRKCQ	7	1.63551	1	0.645161
PRMT9	7	1.63551	2	1.29032
PROC	7	1.63551	1	0.645161
PRODH2	7	1.63551	0	0
PROKR2	7	1.63551	2	1.29032
PRPF18	7	1.63551	1	0.645161
PRSS37	7	1.63551	0	0
PSG9	7	1.63551	1	0.645161
PSIP1	7	1.63551	0	0
PSMC6	7	1.63551	1	0.645161
PSMD11	7	1.63551	1	0.645161
PSMD5	7	1.63551	1	0.645161
PSTK	7	1.63551	1	0.645161
PTBP1	7	1.63551	0	0
PTBP3	7	1.63551	0	0
PTHLH	7	1.63551	4	2.58065
PUF60	7	1.63551	0	0
PVRIG	7	1.63551	0	0
PWWP2B	7	1.63551	0	0
PXN	7	1.63551	1	0.645161
R3HCC1L	7	1.63551	5	3.22581
R3HDM4	7	1.63551	0	0
RABGGTB	7	1.63551	3	1.93548
RABL6	7	1.63551	2	1.29032
RAD54L	7	1.63551	1	0.645161
RAG2	7	1.63551	2	1.29032
RAI2	7	1.63551	2	1.29032
RALBP1	7	1.63551	3	1.93548
RASGEF1B	7	1.63551	3	1.93548
RASIP1	7	1.63551	1	0.645161
RAVER2	7	1.63551	1	0.645161
RBM17	7	1.63551	0	0
RBM45	7	1.63551	2	1.29032
RBMS1	7	1.63551	1	0.645161
RBMX2	7	1.63551	0	0
RD3	7	1.63551	1	0.645161
REC8	7	1.63551	0	0
REM2	7	1.63551	0	0
REN	7	1.63551	1	0.645161
REPS2	7	1.63551	0	0
RETREG1	7	1.63551	1	0.645161
REXO1	7	1.63551	1	0.645161
RFC4	7	1.63551	1	0.645161
RGL4	7	1.63551	2	1.29032
RGP1	7	1.63551	1	0.645161
RHOA	7	1.63551	2	1.29032
RHPN2	7	1.63551	1	0.645161
RINL	7	1.63551	1	0.645161
RIPOR2	7	1.63551	3	1.93548
RMDN1	7	1.63551	0	0
RNASE10	7	1.63551	0	0
RNF113B	7	1.63551	4	2.58065
RNF32	7	1.63551	0	0
RNF39	7	1.63551	1	0.645161
RO60	7	1.63551	6	3.87097
RPGR	7	1.63551	1	0.645161
RPN1	7	1.63551	1	0.645161
RPS6KA5	7	1.63551	3	1.93548
RPUSD1	7	1.63551	0	0
RRN3	7	1.63551	1	0.645161
RRP9	7	1.63551	2	1.29032
RSPO4	7	1.63551	0	0
RTCA	7	1.63551	1	0.645161
RTF1	7	1.63551	3	1.93548
RTL8A	7	1.63551	1	0.645161
RUBCNL	7	1.63551	4	2.58065
RUNDC3B	7	1.63551	1	0.645161
RWDD2B	7	1.63551	3	1.93548
SAMD4B	7	1.63551	1	0.645161
SC5D	7	1.63551	3	1.93548
SCRN1	7	1.63551	2	1.29032
SEC23A	7	1.63551	4	2.58065
SELENOO	7	1.63551	1	0.645161
SELL	7	1.63551	3	1.93548
SEMA4B	7	1.63551	3	1.93548
SEMG1	7	1.63551	0	0
SEPTIN3	7	1.63551	0	0
SEPTIN9	7	1.63551	0	0
SERPINA5	7	1.63551	1	0.645161
SERPINB12	7	1.63551	2	1.29032
SERPINC1	7	1.63551	0	0
SESN3	7	1.63551	2	1.29032
SGCG	7	1.63551	2	1.29032
SGK1	7	1.63551	1	0.645161
SGPP1	7	1.63551	4	2.58065
SH3BP5	7	1.63551	1	0.645161
SH3RF1	7	1.63551	2	1.29032
SHC2	7	1.63551	0	0
SHE	7	1.63551	3	1.93548
SHF	7	1.63551	0	0
SHFL	7	1.63551	0	0
SHISAL1	7	1.63551	0	0
SHMT1	7	1.63551	1	0.645161
SIGLEC14	7	1.63551	1	0.645161
SIX1	7	1.63551	1	0.645161
SKAP1	7	1.63551	1	0.645161
SLAMF1	7	1.63551	2	1.29032
SLC10A4	7	1.63551	1	0.645161
SLC13A4	7	1.63551	2	1.29032
SLC15A3	7	1.63551	0	0
SLC16A10	7	1.63551	4	2.58065
SLC16A12	7	1.63551	3	1.93548
SLC16A14	7	1.63551	1	0.645161
SLC16A9	7	1.63551	1	0.645161
SLC17A3	7	1.63551	1	0.645161
SLC19A2	7	1.63551	1	0.645161
SLC22A15	7	1.63551	4	2.58065
SLC22A4	7	1.63551	1	0.645161
SLC23A3	7	1.63551	2	1.29032
SLC25A17	7	1.63551	2	1.29032
SLC25A3	7	1.63551	1	0.645161
SLC25A4	7	1.63551	0	0
SLC26A11	7	1.63551	2	1.29032
SLC26A2	7	1.63551	4	2.58065
SLC29A3	7	1.63551	0	0
SLC29A4	7	1.63551	2	1.29032
SLC2A11	7	1.63551	0	0
SLC2A6	7	1.63551	1	0.645161
SLC35C2	7	1.63551	1	0.645161
SLC36A1	7	1.63551	1	0.645161
SLC36A4	7	1.63551	0	0
SLC37A4	7	1.63551	0	0
SLC38A11	7	1.63551	2	1.29032
SLC38A3	7	1.63551	1	0.645161
SLC41A1	7	1.63551	0	0
SLC43A1	7	1.63551	0	0
SLC44A3	7	1.63551	0	0
SLC5A10	7	1.63551	2	1.29032
SLC5A12	7	1.63551	2	1.29032
SLC5A5	7	1.63551	0	0
SLC5A9	7	1.63551	0	0
SLC6A16	7	1.63551	4	2.58065
SLC7A9	7	1.63551	2	1.29032
SLC9B1	7	1.63551	2	1.29032
SLCO1C1	7	1.63551	4	2.58065
SLCO2B1	7	1.63551	1	0.645161
SLF1	7	1.63551	2	1.29032
SLU7	7	1.63551	2	1.29032
SMAD1	7	1.63551	1	0.645161
SMAD9	7	1.63551	2	1.29032
SMARCD3	7	1.63551	2	1.29032
SMOC2	7	1.63551	1	0.645161
SMPD3	7	1.63551	1	0.645161
SNPH	7	1.63551	0	0
SNTB1	7	1.63551	0	0
SNTB2	7	1.63551	0	0
SNTG2	7	1.63551	5	3.22581
SOAT1	7	1.63551	0	0
SOD2	7	1.63551	0	0
SP2	7	1.63551	1	0.645161
SP6	7	1.63551	1	0.645161
SPANXN3	7	1.63551	1	0.645161
SPATA1	7	1.63551	2	1.29032
SPATA31A3	7	1.63551	4	2.58065
SPHK2	7	1.63551	1	0.645161
SPI1	7	1.63551	1	0.645161
SPIRE2	7	1.63551	1	0.645161
SPNS1	7	1.63551	0	0
SPNS2	7	1.63551	1	0.645161
SPOCK1	7	1.63551	0	0
SPRR3	7	1.63551	1	0.645161
SREK1IP1	7	1.63551	5	3.22581
SRSF11	7	1.63551	2	1.29032
SRSF4	7	1.63551	2	1.29032
SSBP2	7	1.63551	0	0
SSX2IP	7	1.63551	2	1.29032
ST3GAL6	7	1.63551	2	1.29032
ST6GALNAC2	7	1.63551	1	0.645161
ST6GALNAC5	7	1.63551	4	2.58065
ST8SIA5	7	1.63551	2	1.29032
STAC2	7	1.63551	1	0.645161
STAMBP	7	1.63551	0	0
STAU1	7	1.63551	4	2.58065
STRBP	7	1.63551	3	1.93548
STRN4	7	1.63551	1	0.645161
STUB1	7	1.63551	0	0
STXBP2	7	1.63551	2	1.29032
SUN5	7	1.63551	1	0.645161
SUOX	7	1.63551	2	1.29032
SUSD2	7	1.63551	0	0
SYBU	7	1.63551	3	1.93548
SYN2	7	1.63551	1	0.645161
SYNGR4	7	1.63551	0	0
SYTL1	7	1.63551	4	2.58065
SYTL4	7	1.63551	1	0.645161
TAAR5	7	1.63551	2	1.29032
TAAR6	7	1.63551	3	1.93548
TAF7L	7	1.63551	4	2.58065
TAGAP	7	1.63551	7	4.51613
TARS1	7	1.63551	3	1.93548
TARS2	7	1.63551	1	0.645161
TARS3	7	1.63551	1	0.645161
TATDN2	7	1.63551	4	2.58065
TBATA	7	1.63551	0	0
TBC1D22B	7	1.63551	0	0
TC2N	7	1.63551	0	0
TCAIM	7	1.63551	2	1.29032
TCEANC	7	1.63551	2	1.29032
TCF19	7	1.63551	1	0.645161
TCF25	7	1.63551	0	0
TCHHL1	7	1.63551	3	1.93548
TDG	7	1.63551	1	0.645161
TDRD15	7	1.63551	2	1.29032
TDRP	7	1.63551	3	1.93548
TEAD1	7	1.63551	0	0
TEKT4	7	1.63551	1	0.645161
TEX13B	7	1.63551	1	0.645161
TFAP2A	7	1.63551	0	0
TFG	7	1.63551	1	0.645161
TFPI	7	1.63551	2	1.29032
TFPI2	7	1.63551	1	0.645161
TGFB1I1	7	1.63551	0	0
TGIF2LX	7	1.63551	2	1.29032
TGS1	7	1.63551	2	1.29032
THEG	7	1.63551	0	0
THEMIS2	7	1.63551	1	0.645161
THSD1	7	1.63551	2	1.29032
TIGD3	7	1.63551	2	1.29032
TINAGL1	7	1.63551	2	1.29032
TLR1	7	1.63551	1	0.645161
TLX2	7	1.63551	1	0.645161
TMBIM4	7	1.63551	1	0.645161
TMEFF2	7	1.63551	3	1.93548
TMEM117	7	1.63551	3	1.93548
TMEM145	7	1.63551	1	0.645161
TMEM184A	7	1.63551	0	0
TMEM260	7	1.63551	5	3.22581
TMEM41A	7	1.63551	1	0.645161
TMOD4	7	1.63551	1	0.645161
TMPRSS11B	7	1.63551	3	1.93548
TMPRSS13	7	1.63551	1	0.645161
TMPRSS3	7	1.63551	2	1.29032
TMPRSS7	7	1.63551	3	1.93548
TMX3	7	1.63551	3	1.93548
TNFAIP2	7	1.63551	1	0.645161
TNFSF13B	7	1.63551	2	1.29032
TONSL	7	1.63551	1	0.645161
TPBG	7	1.63551	0	0
TRAF3IP3	7	1.63551	1	0.645161
TRIB2	7	1.63551	3	1.93548
TRIL	7	1.63551	2	1.29032
TRIM25	7	1.63551	2	1.29032
TRIM26	7	1.63551	0	0
TRIM39	7	1.63551	1	0.645161
TRIM58	7	1.63551	2	1.29032
TRIML1	7	1.63551	1	0.645161
TRMT10A	7	1.63551	1	0.645161
TRMT1L	7	1.63551	2	1.29032
TRMU	7	1.63551	2	1.29032
TROAP	7	1.63551	1	0.645161
TRPV4	7	1.63551	4	2.58065
TRUB2	7	1.63551	0	0
TSPAN7	7	1.63551	1	0.645161
TTC27	7	1.63551	3	1.93548
TTLL1	7	1.63551	2	1.29032
TTLL6	7	1.63551	2	1.29032
TTYH3	7	1.63551	2	1.29032
TUBA3D	7	1.63551	1	0.645161
TUBA4A	7	1.63551	2	1.29032
TUBAL3	7	1.63551	2	1.29032
TUBE1	7	1.63551	1	0.645161
TUBG2	7	1.63551	1	0.645161
TYRO3	7	1.63551	3	1.93548
UBA1	7	1.63551	2	1.29032
UBAP2	7	1.63551	3	1.93548
UBE2Q1	7	1.63551	2	1.29032
UBE2U	7	1.63551	0	0
UBE3D	7	1.63551	0	0
UBQLN4	7	1.63551	1	0.645161
UBXN6	7	1.63551	1	0.645161
UCP1	7	1.63551	0	0
UGT1A4	7	1.63551	1	0.645161
UGT1A6	7	1.63551	1	0.645161
UGT2B10	7	1.63551	4	2.58065
ULBP2	7	1.63551	1	0.645161
UMODL1	7	1.63551	6	3.87097
UNC45A	7	1.63551	1	0.645161
UNC93A	7	1.63551	0	0
UPK1B	7	1.63551	2	1.29032
UPRT	7	1.63551	0	0
USH1C	7	1.63551	2	1.29032
USO1	7	1.63551	2	1.29032
USP21	7	1.63551	1	0.645161
UTP14C	7	1.63551	3	1.93548
UVRAG	7	1.63551	2	1.29032
VAC14	7	1.63551	1	0.645161
VARS2	7	1.63551	0	0
VASH1	7	1.63551	0	0
VASP	7	1.63551	0	0
VEGFB	7	1.63551	0	0
VGLL3	7	1.63551	3	1.93548
VN1R5	7	1.63551	3	1.93548
VPS11	7	1.63551	0	0
VPS4A	7	1.63551	1	0.645161
VPS72	7	1.63551	0	0
VRK1	7	1.63551	2	1.29032
WARS2	7	1.63551	2	1.29032
WDR37	7	1.63551	2	1.29032
WDR41	7	1.63551	1	0.645161
WFIKKN2	7	1.63551	3	1.93548
WIF1	7	1.63551	0	0
WNT10B	7	1.63551	1	0.645161
WNT3	7	1.63551	1	0.645161
WRAP73	7	1.63551	0	0
WSCD1	7	1.63551	2	1.29032
WT1	7	1.63551	3	1.93548
XYLT1	7	1.63551	2	1.29032
YARS2	7	1.63551	2	1.29032
YES1	7	1.63551	1	0.645161
ZBED8	7	1.63551	2	1.29032
ZBTB14	7	1.63551	0	0
ZBTB18	7	1.63551	3	1.93548
ZBTB39	7	1.63551	0	0
ZBTB6	7	1.63551	1	0.645161
ZBTB7A	7	1.63551	1	0.645161
ZC3HAV1	7	1.63551	6	3.87097
ZCCHC7	7	1.63551	1	0.645161
ZDHHC11	7	1.63551	0	0
ZDHHC15	7	1.63551	2	1.29032
ZDHHC16	7	1.63551	1	0.645161
ZDHHC17	7	1.63551	2	1.29032
ZFYVE1	7	1.63551	2	1.29032
ZFYVE27	7	1.63551	0	0
ZIM3	7	1.63551	6	3.87097
ZMAT3	7	1.63551	4	2.58065
ZNF100	7	1.63551	4	2.58065
ZNF136	7	1.63551	3	1.93548
ZNF18	7	1.63551	1	0.645161
ZNF223	7	1.63551	1	0.645161
ZNF24	7	1.63551	3	1.93548
ZNF254	7	1.63551	4	2.58065
ZNF281	7	1.63551	3	1.93548
ZNF286A	7	1.63551	4	2.58065
ZNF302	7	1.63551	1	0.645161
ZNF333	7	1.63551	3	1.93548
ZNF341	7	1.63551	0	0
ZNF367	7	1.63551	0	0
ZNF391	7	1.63551	3	1.93548
ZNF415	7	1.63551	4	2.58065
ZNF436	7	1.63551	0	0
ZNF439	7	1.63551	4	2.58065
ZNF449	7	1.63551	2	1.29032
ZNF460	7	1.63551	2	1.29032
ZNF486	7	1.63551	1	0.645161
ZNF502	7	1.63551	2	1.29032
ZNF519	7	1.63551	1	0.645161
ZNF534	7	1.63551	3	1.93548
ZNF57	7	1.63551	1	0.645161
ZNF570	7	1.63551	4	2.58065
ZNF598	7	1.63551	0	0
ZNF622	7	1.63551	2	1.29032
ZNF665	7	1.63551	5	3.22581
ZNF669	7	1.63551	2	1.29032
ZNF671	7	1.63551	5	3.22581
ZNF71	7	1.63551	1	0.645161
ZNF718	7	1.63551	2	1.29032
ZNF766	7	1.63551	2	1.29032
ZNF772	7	1.63551	3	1.93548
ZNF782	7	1.63551	3	1.93548
ZNF785	7	1.63551	1	0.645161
ZNF786	7	1.63551	2	1.29032
ZNF789	7	1.63551	2	1.29032
ZNF816	7	1.63551	2	1.29032
ZNF839	7	1.63551	3	1.93548
ZNF875	7	1.63551	2	1.29032
ZNF92	7	1.63551	3	1.93548
ZSCAN18	7	1.63551	3	1.93548
ZSCAN2	7	1.63551	3	1.93548
ZSCAN5A	7	1.63551	3	1.93548
ZSWIM2	7	1.63551	5	3.22581
A1CF	6	1.40187	0	0
ABCB6	6	1.40187	5	3.22581
ABCE1	6	1.40187	2	1.29032
ABCF1	6	1.40187	2	1.29032
ABO	6	1.40187	0	0
AC097636.1	6	1.40187	1	0.645161
AC100868.1	6	1.40187	0	0
ACADL	6	1.40187	3	1.93548
ACAT1	6	1.40187	0	0
ACBD5	6	1.40187	2	1.29032
ACKR1	6	1.40187	0	0
ACMSD	6	1.40187	2	1.29032
ACOXL	6	1.40187	4	2.58065
ACP1	6	1.40187	0	0
ACSM3	6	1.40187	2	1.29032
ACSS1	6	1.40187	0	0
ACTN3	6	1.40187	0	0
ACTR5	6	1.40187	2	1.29032
ACTR6	6	1.40187	1	0.645161
ACVR1	6	1.40187	2	1.29032
ACVR1C	6	1.40187	3	1.93548
ADA	6	1.40187	0	0
ADAD2	6	1.40187	1	0.645161
ADAMTSL5	6	1.40187	0	0
ADAP2	6	1.40187	0	0
ADGRG5	6	1.40187	1	0.645161
ADH1C	6	1.40187	2	1.29032
ADIPOR2	6	1.40187	1	0.645161
ADK	6	1.40187	0	0
ADORA2A	6	1.40187	2	1.29032
AFAP1L1	6	1.40187	5	3.22581
AFG1L	6	1.40187	0	0
AGT	6	1.40187	1	0.645161
AGXT	6	1.40187	0	0
AHCYL1	6	1.40187	4	2.58065
AICDA	6	1.40187	2	1.29032
AKAP17A	6	1.40187	2	1.29032
AKAP8L	6	1.40187	1	0.645161
AKR1B10	6	1.40187	0	0
AKR1B15	6	1.40187	2	1.29032
AKT1S1	6	1.40187	0	0
AL441992.2	6	1.40187	1	0.645161
ALDH2	6	1.40187	1	0.645161
ALDH9A1	6	1.40187	0	0
ALG5	6	1.40187	2	1.29032
ALG6	6	1.40187	1	0.645161
ALLC	6	1.40187	4	2.58065
AMACR	6	1.40187	2	1.29032
AMDHD1	6	1.40187	0	0
AMMECR1	6	1.40187	0	0
AMY2A	6	1.40187	5	3.22581
ANGPTL7	6	1.40187	0	0
ANKDD1A	6	1.40187	1	0.645161
ANKRD10	6	1.40187	0	0
ANKRD13B	6	1.40187	0	0
ANKRD40	6	1.40187	0	0
ANKRD49	6	1.40187	1	0.645161
ANKZF1	6	1.40187	3	1.93548
ANXA4	6	1.40187	0	0
ANXA8	6	1.40187	1	0.645161
AP3M2	6	1.40187	3	1.93548
AP4M1	6	1.40187	0	0
API5	6	1.40187	2	1.29032
APLF	6	1.40187	5	3.22581
APOBEC3B	6	1.40187	0	0
APOD	6	1.40187	1	0.645161
APOL5	6	1.40187	0	0
APPBP2	6	1.40187	0	0
APPL2	6	1.40187	1	0.645161
AQP2	6	1.40187	2	1.29032
AQP8	6	1.40187	1	0.645161
ARFGAP2	6	1.40187	2	1.29032
ARHGEF19	6	1.40187	2	1.29032
ARL8B	6	1.40187	0	0
ARMC9	6	1.40187	2	1.29032
ARMCX2	6	1.40187	3	1.93548
ARRDC3	6	1.40187	3	1.93548
ARSI	6	1.40187	2	1.29032
ART3	6	1.40187	1	0.645161
ARVCF	6	1.40187	0	0
ASB14	6	1.40187	1	0.645161
ASB17	6	1.40187	2	1.29032
ASB7	6	1.40187	2	1.29032
ASPHD2	6	1.40187	1	0.645161
ASTE1	6	1.40187	4	2.58065
ASTL	6	1.40187	2	1.29032
ATAD1	6	1.40187	1	0.645161
ATE1	6	1.40187	3	1.93548
ATF7	6	1.40187	1	0.645161
ATF7IP2	6	1.40187	2	1.29032
ATG16L1	6	1.40187	1	0.645161
ATG4B	6	1.40187	0	0
ATP5F1A	6	1.40187	3	1.93548
ATP5F1B	6	1.40187	1	0.645161
ATP6V0A1	6	1.40187	2	1.29032
ATP6V1C2	6	1.40187	1	0.645161
ATRIP	6	1.40187	1	0.645161
ATXN7L1	6	1.40187	1	0.645161
ATXN7L3	6	1.40187	2	1.29032
AVPI1	6	1.40187	0	0
AWAT1	6	1.40187	2	1.29032
B3GALNT1	6	1.40187	2	1.29032
B3GALT4	6	1.40187	1	0.645161
B3GNT7	6	1.40187	2	1.29032
B4GALNT2	6	1.40187	3	1.93548
B4GALT1	6	1.40187	1	0.645161
B4GALT6	6	1.40187	1	0.645161
BACE1	6	1.40187	1	0.645161
BAP1	6	1.40187	2	1.29032
BASP1	6	1.40187	1	0.645161
BAX	6	1.40187	0	0
BBOX1	6	1.40187	2	1.29032
BCKDHB	6	1.40187	1	0.645161
BCL10	6	1.40187	1	0.645161
BFSP1	6	1.40187	2	1.29032
BFSP2	6	1.40187	2	1.29032
BHMT2	6	1.40187	1	0.645161
BIN1	6	1.40187	1	0.645161
BIRC3	6	1.40187	5	3.22581
BMF	6	1.40187	0	0
BPIFA3	6	1.40187	2	1.29032
BPNT1	6	1.40187	0	0
BSCL2	6	1.40187	0	0
BSG	6	1.40187	0	0
BTBD16	6	1.40187	4	2.58065
BTBD8	6	1.40187	2	1.29032
BTBD9	6	1.40187	0	0
C11orf53	6	1.40187	0	0
C11orf80	6	1.40187	1	0.645161
C12orf66	6	1.40187	1	0.645161
C16orf72	6	1.40187	0	0
C17orf78	6	1.40187	0	0
C17orf98	6	1.40187	1	0.645161
C19orf57	6	1.40187	0	0
C1GALT1C1L	6	1.40187	2	1.29032
C1QTNF1	6	1.40187	0	0
C1orf87	6	1.40187	2	1.29032
C20orf85	6	1.40187	1	0.645161
C2CD2	6	1.40187	3	1.93548
C2orf42	6	1.40187	3	1.93548
C3AR1	6	1.40187	5	3.22581
C5orf22	6	1.40187	1	0.645161
C5orf34	6	1.40187	4	2.58065
C6orf58	6	1.40187	0	0
C7orf25	6	1.40187	0	0
C8orf74	6	1.40187	1	0.645161
C9orf43	6	1.40187	4	2.58065
CA14	6	1.40187	1	0.645161
CA7	6	1.40187	0	0
CA8	6	1.40187	2	1.29032
CABLES1	6	1.40187	0	0
CALCR	6	1.40187	2	1.29032
CALN1	6	1.40187	1	0.645161
CAMK1G	6	1.40187	1	0.645161
CAMK4	6	1.40187	2	1.29032
CARM1	6	1.40187	0	0
CASP1	6	1.40187	1	0.645161
CASP2	6	1.40187	0	0
CASP7	6	1.40187	2	1.29032
CAST	6	1.40187	2	1.29032
CAV3	6	1.40187	0	0
CBLN4	6	1.40187	1	0.645161
CBX1	6	1.40187	2	1.29032
CBX3	6	1.40187	2	1.29032
CBX4	6	1.40187	0	0
CC2D2B	6	1.40187	4	2.58065
CCDC198	6	1.40187	1	0.645161
CCDC22	6	1.40187	1	0.645161
CCDC24	6	1.40187	0	0
CCDC54	6	1.40187	1	0.645161
CCDC61	6	1.40187	0	0
CCDC78	6	1.40187	2	1.29032
CCIN	6	1.40187	3	1.93548
CCL14	6	1.40187	1	0.645161
CCM2	6	1.40187	2	1.29032
CCNQ	6	1.40187	0	0
CCS	6	1.40187	0	0
CCT3	6	1.40187	2	1.29032
CCT4	6	1.40187	2	1.29032
CD14	6	1.40187	1	0.645161
CD2	6	1.40187	1	0.645161
CD28	6	1.40187	1	0.645161
CD34	6	1.40187	2	1.29032
CD37	6	1.40187	0	0
CD63	6	1.40187	0	0
CD84	6	1.40187	2	1.29032
CDADC1	6	1.40187	2	1.29032
CDCP1	6	1.40187	0	0
CDH3	6	1.40187	0	0
CDK20	6	1.40187	2	1.29032
CDK5	6	1.40187	1	0.645161
CDK5R1	6	1.40187	0	0
CDK5RAP1	6	1.40187	1	0.645161
CDK8	6	1.40187	4	2.58065
CDKL3	6	1.40187	2	1.29032
CDKN2AIP	6	1.40187	1	0.645161
CDR1	6	1.40187	1	0.645161
CEACAM4	6	1.40187	1	0.645161
CEACAM5	6	1.40187	3	1.93548
CETN3	6	1.40187	1	0.645161
CFHR2	6	1.40187	2	1.29032
CHGA	6	1.40187	2	1.29032
CHI3L1	6	1.40187	1	0.645161
CHI3L2	6	1.40187	2	1.29032
CHML	6	1.40187	4	2.58065
CHMP1A	6	1.40187	0	0
CHMP7	6	1.40187	1	0.645161
CHN1	6	1.40187	2	1.29032
CHODL	6	1.40187	1	0.645161
CHRNE	6	1.40187	1	0.645161
CHST12	6	1.40187	0	0
CIART	6	1.40187	0	0
CKAP2L	6	1.40187	3	1.93548
CKMT2	6	1.40187	3	1.93548
CLDN16	6	1.40187	1	0.645161
CLEC10A	6	1.40187	0	0
CLEC12B	6	1.40187	1	0.645161
CLEC3A	6	1.40187	1	0.645161
CLK4	6	1.40187	1	0.645161
CLPP	6	1.40187	0	0
CLPX	6	1.40187	1	0.645161
CLUL1	6	1.40187	1	0.645161
CMAS	6	1.40187	4	2.58065
CMKLR1	6	1.40187	6	3.87097
CMTM3	6	1.40187	1	0.645161
CMTM5	6	1.40187	2	1.29032
CNDP1	6	1.40187	1	0.645161
CNIH1	6	1.40187	0	0
CNN2	6	1.40187	1	0.645161
CNOT6	6	1.40187	2	1.29032
CNTD1	6	1.40187	0	0
COG7	6	1.40187	2	1.29032
COL26A1	6	1.40187	0	0
COLEC11	6	1.40187	1	0.645161
COPS3	6	1.40187	2	1.29032
COPS7A	6	1.40187	1	0.645161
CORO1A	6	1.40187	0	0
CORO1C	6	1.40187	2	1.29032
CPNE6	6	1.40187	1	0.645161
CPNE7	6	1.40187	1	0.645161
CPSF7	6	1.40187	2	1.29032
CPVL	6	1.40187	1	0.645161
CRB2	6	1.40187	1	0.645161
CRBN	6	1.40187	3	1.93548
CREBRF	6	1.40187	2	1.29032
CREM	6	1.40187	1	0.645161
CRISPLD2	6	1.40187	2	1.29032
CRTC2	6	1.40187	3	1.93548
CRTC3	6	1.40187	1	0.645161
CRY1	6	1.40187	4	2.58065
CSAD	6	1.40187	3	1.93548
CSGALNACT1	6	1.40187	2	1.29032
CSK	6	1.40187	2	1.29032
CSTF1	6	1.40187	0	0
CTIF	6	1.40187	2	1.29032
CTPS1	6	1.40187	2	1.29032
CTSA	6	1.40187	0	0
CUTC	6	1.40187	0	0
CUZD1	6	1.40187	2	1.29032
CWH43	6	1.40187	2	1.29032
CXADR	6	1.40187	3	1.93548
CXCR5	6	1.40187	2	1.29032
CXorf58	6	1.40187	3	1.93548
CYB5R4	6	1.40187	3	1.93548
CYBB	6	1.40187	1	0.645161
CYP11A1	6	1.40187	3	1.93548
CYP19A1	6	1.40187	3	1.93548
CYP2S1	6	1.40187	0	0
CYP2W1	6	1.40187	3	1.93548
CYP3A5	6	1.40187	0	0
CYP51A1	6	1.40187	1	0.645161
CYREN	6	1.40187	0	0
CYRIA	6	1.40187	0	0
CYTH3	6	1.40187	2	1.29032
DAPK2	6	1.40187	0	0
DCAF13	6	1.40187	2	1.29032
DCN	6	1.40187	3	1.93548
DCPS	6	1.40187	2	1.29032
DDC	6	1.40187	1	0.645161
DDX20	6	1.40187	2	1.29032
DDX4	6	1.40187	4	2.58065
DDX49	6	1.40187	0	0
DDX51	6	1.40187	0	0
DDX52	6	1.40187	1	0.645161
DECR1	6	1.40187	1	0.645161
DECR2	6	1.40187	0	0
DEF6	6	1.40187	0	0
DEFB116	6	1.40187	1	0.645161
DEPDC4	6	1.40187	0	0
DHRS9	6	1.40187	1	0.645161
DIPK1C	6	1.40187	0	0
DIRAS1	6	1.40187	1	0.645161
DLX4	6	1.40187	0	0
DNAJA3	6	1.40187	2	1.29032
DNAJB2	6	1.40187	0	0
DNAJC5B	6	1.40187	3	1.93548
DNAJC8	6	1.40187	0	0
DNASE1L2	6	1.40187	1	0.645161
DNPEP	6	1.40187	3	1.93548
DOK3	6	1.40187	1	0.645161
DPAGT1	6	1.40187	2	1.29032
DPF2	6	1.40187	3	1.93548
DPH2	6	1.40187	1	0.645161
DPPA2	6	1.40187	3	1.93548
DRAM2	6	1.40187	1	0.645161
DRD2	6	1.40187	1	0.645161
DRGX	6	1.40187	0	0
DTX3L	6	1.40187	2	1.29032
DUSP6	6	1.40187	1	0.645161
DVL3	6	1.40187	3	1.93548
DYNC2I2	6	1.40187	1	0.645161
E2F3	6	1.40187	1	0.645161
EBPL	6	1.40187	1	0.645161
ECHDC1	6	1.40187	1	0.645161
ECHS1	6	1.40187	1	0.645161
ECI2	6	1.40187	1	0.645161
ECM1	6	1.40187	0	0
EEF1D	6	1.40187	0	0
EFCAB14	6	1.40187	1	0.645161
EFCAB3	6	1.40187	3	1.93548
EFHD1	6	1.40187	2	1.29032
EGLN2	6	1.40187	0	0
EIF3L	6	1.40187	1	0.645161
ELAVL1	6	1.40187	2	1.29032
ELK4	6	1.40187	0	0
ELMOD1	6	1.40187	2	1.29032
ELOVL4	6	1.40187	1	0.645161
EMCN	6	1.40187	1	0.645161
EML6	6	1.40187	2	1.29032
ENDOU	6	1.40187	0	0
ENKUR	6	1.40187	2	1.29032
ENO1	6	1.40187	0	0
ENO3	6	1.40187	1	0.645161
ENPP4	6	1.40187	2	1.29032
ENTPD6	6	1.40187	0	0
EOGT	6	1.40187	2	1.29032
EPM2AIP1	6	1.40187	2	1.29032
EPN3	6	1.40187	1	0.645161
ERO1B	6	1.40187	1	0.645161
ESRRB	6	1.40187	3	1.93548
EXOC3L1	6	1.40187	0	0
EXOC8	6	1.40187	4	2.58065
EXOSC5	6	1.40187	0	0
EXTL1	6	1.40187	2	1.29032
EYA2	6	1.40187	2	1.29032
EZH1	6	1.40187	2	1.29032
F10	6	1.40187	2	1.29032
F11R	6	1.40187	0	0
FAHD2A	6	1.40187	2	1.29032
FAM110C	6	1.40187	0	0
FAM118B	6	1.40187	1	0.645161
FAM13B	6	1.40187	5	3.22581
FAM153B	6	1.40187	1	0.645161
FAM155B	6	1.40187	2	1.29032
FAM166A	6	1.40187	0	0
FAM184B	6	1.40187	0	0
FAM186A	6	1.40187	2	1.29032
FAM189A2	6	1.40187	2	1.29032
FAM220A	6	1.40187	1	0.645161
FAM234A	6	1.40187	1	0.645161
FAM234B	6	1.40187	3	1.93548
FAM50B	6	1.40187	2	1.29032
FAM71C	6	1.40187	1	0.645161
FANCE	6	1.40187	0	0
FANCG	6	1.40187	1	0.645161
FAR1	6	1.40187	2	1.29032
FARS2	6	1.40187	3	1.93548
FBXL17	6	1.40187	2	1.29032
FBXO28	6	1.40187	2	1.29032
FBXO4	6	1.40187	1	0.645161
FBXO48	6	1.40187	2	1.29032
FBXO9	6	1.40187	1	0.645161
FBXW2	6	1.40187	1	0.645161
FCHSD2	6	1.40187	2	1.29032
FCN3	6	1.40187	1	0.645161
FERD3L	6	1.40187	1	0.645161
FERMT3	6	1.40187	3	1.93548
FEZ1	6	1.40187	4	2.58065
FGF20	6	1.40187	1	0.645161
FGFR3	6	1.40187	0	0
FGL1	6	1.40187	3	1.93548
FKBP8	6	1.40187	2	1.29032
FKBPL	6	1.40187	3	1.93548
FMN1	6	1.40187	4	2.58065
FNDC4	6	1.40187	0	0
FNTA	6	1.40187	0	0
FOSB	6	1.40187	1	0.645161
FOXA2	6	1.40187	1	0.645161
FOXL1	6	1.40187	3	1.93548
FOXL2	6	1.40187	0	0
FOXO3	6	1.40187	3	1.93548
FOXR1	6	1.40187	2	1.29032
FPR1	6	1.40187	3	1.93548
FSCN1	6	1.40187	0	0
FSIP1	6	1.40187	3	1.93548
FTSJ1	6	1.40187	0	0
FUT11	6	1.40187	2	1.29032
FUT3	6	1.40187	1	0.645161
FUT5	6	1.40187	1	0.645161
FZD8	6	1.40187	0	0
FZR1	6	1.40187	1	0.645161
G3BP2	6	1.40187	2	1.29032
GAB2	6	1.40187	0	0
GABRD	6	1.40187	1	0.645161
GALNT18	6	1.40187	2	1.29032
GAP43	6	1.40187	3	1.93548
GBP2	6	1.40187	1	0.645161
GBP4	6	1.40187	2	1.29032
GCAT	6	1.40187	2	1.29032
GCFC2	6	1.40187	1	0.645161
GCM1	6	1.40187	2	1.29032
GCM2	6	1.40187	3	1.93548
GDI2	6	1.40187	0	0
GFM2	6	1.40187	3	1.93548
GGN	6	1.40187	1	0.645161
GGT7	6	1.40187	2	1.29032
GIMAP4	6	1.40187	3	1.93548
GIT1	6	1.40187	0	0
GJA4	6	1.40187	1	0.645161
GJA5	6	1.40187	1	0.645161
GLB1L	6	1.40187	1	0.645161
GLI4	6	1.40187	1	0.645161
GLRA2	6	1.40187	1	0.645161
GMDS	6	1.40187	1	0.645161
GMEB1	6	1.40187	3	1.93548
GMPR	6	1.40187	2	1.29032
GNA11	6	1.40187	0	0
GNAI2	6	1.40187	1	0.645161
GNB3	6	1.40187	0	0
GNB5	6	1.40187	1	0.645161
GNL3L	6	1.40187	1	0.645161
GNPAT	6	1.40187	1	0.645161
GNRH1	6	1.40187	1	0.645161
GNS	6	1.40187	1	0.645161
GOLIM4	6	1.40187	3	1.93548
GOT1	6	1.40187	3	1.93548
GPAM	6	1.40187	2	1.29032
GPANK1	6	1.40187	0	0
GPATCH2L	6	1.40187	1	0.645161
GPER1	6	1.40187	0	0
GPR137B	6	1.40187	2	1.29032
GPR151	6	1.40187	0	0
GPR153	6	1.40187	0	0
GPR173	6	1.40187	1	0.645161
GPR182	6	1.40187	1	0.645161
GPR183	6	1.40187	1	0.645161
GPR4	6	1.40187	1	0.645161
GPR42	6	1.40187	0	0
GPR45	6	1.40187	2	1.29032
GPR6	6	1.40187	4	2.58065
GPR85	6	1.40187	1	0.645161
GPR88	6	1.40187	0	0
GPRC5C	6	1.40187	3	1.93548
GPS1	6	1.40187	1	0.645161
GPS2	6	1.40187	1	0.645161
GPX6	6	1.40187	1	0.645161
GSDMA	6	1.40187	1	0.645161
GSG1	6	1.40187	1	0.645161
GSR	6	1.40187	0	0
GSTZ1	6	1.40187	2	1.29032
GTF2H1	6	1.40187	2	1.29032
GYG2	6	1.40187	1	0.645161
GYPA	6	1.40187	1	0.645161
H2AC1	6	1.40187	1	0.645161
H2AC20	6	1.40187	2	1.29032
H3C2	6	1.40187	1	0.645161
HABP2	6	1.40187	2	1.29032
HAP1	6	1.40187	2	1.29032
HAPLN3	6	1.40187	1	0.645161
HAT1	6	1.40187	1	0.645161
HAVCR1	6	1.40187	2	1.29032
HCAR3	6	1.40187	0	0
HCN3	6	1.40187	3	1.93548
HDHD5	6	1.40187	1	0.645161
HEPACAM	6	1.40187	0	0
HEXB	6	1.40187	3	1.93548
HEXIM2	6	1.40187	2	1.29032
HGD	6	1.40187	0	0
HIC1	6	1.40187	0	0
HINFP	6	1.40187	0	0
HLA-DMB	6	1.40187	1	0.645161
HMBS	6	1.40187	1	0.645161
HMGCLL1	6	1.40187	2	1.29032
HNF4A	6	1.40187	4	2.58065
HNRNPA1	6	1.40187	0	0
HNRNPA2B1	6	1.40187	0	0
HNRNPAB	6	1.40187	4	2.58065
HNRNPCL1	6	1.40187	0	0
HNRNPF	6	1.40187	3	1.93548
HNRNPH1	6	1.40187	3	1.93548
HNRNPU	6	1.40187	0	0
HOMER2	6	1.40187	0	0
HOMER3	6	1.40187	0	0
HOXA3	6	1.40187	2	1.29032
HOXA6	6	1.40187	3	1.93548
HOXC13	6	1.40187	1	0.645161
HOXD1	6	1.40187	3	1.93548
HP	6	1.40187	2	1.29032
HP1BP3	6	1.40187	1	0.645161
HPN	6	1.40187	0	0
HPX	6	1.40187	0	0
HRH3	6	1.40187	0	0
HS2ST1	6	1.40187	1	0.645161
HS3ST5	6	1.40187	3	1.93548
HSD17B14	6	1.40187	2	1.29032
HSF1	6	1.40187	0	0
HSPA12B	6	1.40187	0	0
HSPA5	6	1.40187	2	1.29032
HSPA9	6	1.40187	1	0.645161
HTR2A	6	1.40187	4	2.58065
HTR3C	6	1.40187	1	0.645161
HTRA2	6	1.40187	0	0
ICA1L	6	1.40187	2	1.29032
IDI2	6	1.40187	0	0
IDO1	6	1.40187	2	1.29032
IDS	6	1.40187	0	0
IFI35	6	1.40187	0	0
IFIT5	6	1.40187	1	0.645161
IFNGR2	6	1.40187	1	0.645161
IGBP1P2	6	1.40187	3	1.93548
IGFBP3	6	1.40187	1	0.645161
IGFBP4	6	1.40187	0	0
IGHA1	6	1.40187	0	0
IGHG3	6	1.40187	3	1.93548
IGHG4	6	1.40187	2	1.29032
IGHV3-20	6	1.40187	3	1.93548
IGHV4-28	6	1.40187	1	0.645161
IGKV1-5	6	1.40187	1	0.645161
IKZF3	6	1.40187	3	1.93548
IL10RB	6	1.40187	2	1.29032
IL11RA	6	1.40187	1	0.645161
IL12RB1	6	1.40187	1	0.645161
IL1B	6	1.40187	1	0.645161
IL27RA	6	1.40187	2	1.29032
IL4R	6	1.40187	0	0
IL6	6	1.40187	2	1.29032
IL6R	6	1.40187	0	0
IMPA1	6	1.40187	1	0.645161
ING5	6	1.40187	0	0
INKA2	6	1.40187	1	0.645161
INPP1	6	1.40187	0	0
INPP5B	6	1.40187	2	1.29032
INPP5K	6	1.40187	1	0.645161
INSYN1	6	1.40187	0	0
IP6K3	6	1.40187	4	2.58065
IPCEF1	6	1.40187	1	0.645161
IQCB1	6	1.40187	4	2.58065
IRAK1	6	1.40187	0	0
IRF1	6	1.40187	1	0.645161
IRF4	6	1.40187	1	0.645161
IRX2	6	1.40187	1	0.645161
IRX4	6	1.40187	0	0
ISM1	6	1.40187	1	0.645161
ITGB7	6	1.40187	1	0.645161
ITPRIPL2	6	1.40187	0	0
IYD	6	1.40187	0	0
JPH4	6	1.40187	0	0
KAT2A	6	1.40187	2	1.29032
KATNBL1	6	1.40187	2	1.29032
KBTBD8	6	1.40187	4	2.58065
KCNAB1	6	1.40187	2	1.29032
KCNJ9	6	1.40187	0	0
KCNK1	6	1.40187	2	1.29032
KCNK17	6	1.40187	1	0.645161
KCNK3	6	1.40187	0	0
KCNRG	6	1.40187	2	1.29032
KCTD13	6	1.40187	0	0
KCTD15	6	1.40187	1	0.645161
KDELR1	6	1.40187	0	0
KEAP1	6	1.40187	0	0
KHDC3L	6	1.40187	1	0.645161
KHDRBS1	6	1.40187	1	0.645161
KIAA0930	6	1.40187	1	0.645161
KIAA1614	6	1.40187	2	1.29032
KIAA1841	6	1.40187	4	2.58065
KIF22	6	1.40187	2	1.29032
KIF25	6	1.40187	1	0.645161
KIF3B	6	1.40187	1	0.645161
KIR3DL2	6	1.40187	4	2.58065
KLF5	6	1.40187	2	1.29032
KLHDC4	6	1.40187	1	0.645161
KLHDC8A	6	1.40187	0	0
KLHL8	6	1.40187	3	1.93548
KLK15	6	1.40187	1	0.645161
KLK9	6	1.40187	0	0
KRT13	6	1.40187	0	0
KRT15	6	1.40187	2	1.29032
KRT16	6	1.40187	1	0.645161
KRT18	6	1.40187	0	0
KRT25	6	1.40187	1	0.645161
KRT27	6	1.40187	3	1.93548
KRT38	6	1.40187	3	1.93548
KRTAP12-1	6	1.40187	0	0
KRTAP13-1	6	1.40187	0	0
KRTAP4-3	6	1.40187	0	0
KRTAP6-2	6	1.40187	2	1.29032
LAD1	6	1.40187	3	1.93548
LAG3	6	1.40187	1	0.645161
LAMP2	6	1.40187	1	0.645161
LAMP3	6	1.40187	1	0.645161
LANCL1	6	1.40187	2	1.29032
LAP3	6	1.40187	2	1.29032
LARP6	6	1.40187	1	0.645161
LAX1	6	1.40187	1	0.645161
LBH	6	1.40187	0	0
LBP	6	1.40187	1	0.645161
LCE1A	6	1.40187	1	0.645161
LCE2B	6	1.40187	1	0.645161
LDB2	6	1.40187	2	1.29032
LENG1	6	1.40187	1	0.645161
LEPROTL1	6	1.40187	0	0
LGALS3BP	6	1.40187	1	0.645161
LGALS8	6	1.40187	1	0.645161
LGALS9	6	1.40187	1	0.645161
LGI3	6	1.40187	1	0.645161
LGI4	6	1.40187	1	0.645161
LHFPL3	6	1.40187	0	0
LHFPL6	6	1.40187	1	0.645161
LIAS	6	1.40187	3	1.93548
LILRA1	6	1.40187	3	1.93548
LIN54	6	1.40187	2	1.29032
LIN7A	6	1.40187	0	0
LINGO3	6	1.40187	0	0
LINGO4	6	1.40187	3	1.93548
LIPG	6	1.40187	1	0.645161
LIX1	6	1.40187	4	2.58065
LLGL1	6	1.40187	0	0
LNPK	6	1.40187	3	1.93548
LPAR1	6	1.40187	3	1.93548
LPAR5	6	1.40187	0	0
LPAR6	6	1.40187	2	1.29032
LPP	6	1.40187	1	0.645161
LRRC14B	6	1.40187	1	0.645161
LRRC15	6	1.40187	3	1.93548
LRRC27	6	1.40187	0	0
LRRC30	6	1.40187	4	2.58065
LRRC4	6	1.40187	1	0.645161
LRRC52	6	1.40187	2	1.29032
LRRC8D	6	1.40187	3	1.93548
LRRN4	6	1.40187	1	0.645161
LY6G6F-LY6G6D	6	1.40187	0	0
LY6K	6	1.40187	1	0.645161
LY9	6	1.40187	2	1.29032
LY96	6	1.40187	0	0
LYG1	6	1.40187	0	0
LYVE1	6	1.40187	1	0.645161
MAGEA6	6	1.40187	1	0.645161
MAGEB1	6	1.40187	0	0
MAGIX	6	1.40187	2	1.29032
MAGT1	6	1.40187	1	0.645161
MAP3K20	6	1.40187	2	1.29032
MAP3K3	6	1.40187	1	0.645161
MAPK4	6	1.40187	0	0
MAPK9	6	1.40187	2	1.29032
MAPKAP1	6	1.40187	0	0
MATN1	6	1.40187	2	1.29032
MBD3L1	6	1.40187	1	0.645161
MBNL1	6	1.40187	2	1.29032
MBNL2	6	1.40187	2	1.29032
MBP	6	1.40187	0	0
MCAM	6	1.40187	1	0.645161
ME3	6	1.40187	1	0.645161
MEN1	6	1.40187	2	1.29032
MEST	6	1.40187	1	0.645161
METAP1D	6	1.40187	0	0
METRNL	6	1.40187	1	0.645161
METTL15	6	1.40187	1	0.645161
MFSD14A	6	1.40187	1	0.645161
MICU2	6	1.40187	1	0.645161
MICU3	6	1.40187	1	0.645161
MIER2	6	1.40187	1	0.645161
MINDY2	6	1.40187	1	0.645161
MINPP1	6	1.40187	3	1.93548
MISP	6	1.40187	0	0
MKNK2	6	1.40187	0	0
MKS1	6	1.40187	2	1.29032
MLEC	6	1.40187	0	0
MLF2	6	1.40187	1	0.645161
MLNR	6	1.40187	2	1.29032
MMAA	6	1.40187	2	1.29032
MMP17	6	1.40187	0	0
MMP24	6	1.40187	1	0.645161
MMP28	6	1.40187	0	0
MMP8	6	1.40187	0	0
MMS19	6	1.40187	1	0.645161
MNAT1	6	1.40187	0	0
MNT	6	1.40187	2	1.29032
MOGAT2	6	1.40187	0	0
MON1A	6	1.40187	0	0
MORN1	6	1.40187	1	0.645161
MPP5	6	1.40187	1	0.645161
MPPED2	6	1.40187	2	1.29032
MRNIP	6	1.40187	0	0
MRPL16	6	1.40187	0	0
MRPL19	6	1.40187	1	0.645161
MRPL2	6	1.40187	0	0
MRPS22	6	1.40187	1	0.645161
MRPS27	6	1.40187	1	0.645161
MRPS30	6	1.40187	1	0.645161
MRPS9	6	1.40187	0	0
MS4A14	6	1.40187	7	4.51613
MSR1	6	1.40187	2	1.29032
MSX1	6	1.40187	0	0
MTERF3	6	1.40187	1	0.645161
MTFR1L	6	1.40187	1	0.645161
MTMR10	6	1.40187	3	1.93548
MUS81	6	1.40187	1	0.645161
MYCL	6	1.40187	0	0
MYF5	6	1.40187	3	1.93548
MYLK2	6	1.40187	0	0
MYNN	6	1.40187	5	3.22581
MYOG	6	1.40187	2	1.29032
MYOT	6	1.40187	2	1.29032
NAGK	6	1.40187	0	0
NARS2	6	1.40187	2	1.29032
NBPF3	6	1.40187	2	1.29032
NCAPH2	6	1.40187	2	1.29032
NCDN	6	1.40187	3	1.93548
NCEH1	6	1.40187	2	1.29032
NCK2	6	1.40187	2	1.29032
NCKIPSD	6	1.40187	1	0.645161
NCL	6	1.40187	1	0.645161
NEBL	6	1.40187	5	3.22581
NECTIN3	6	1.40187	2	1.29032
NEFH	6	1.40187	3	1.93548
NEK9	6	1.40187	0	0
NEU1	6	1.40187	3	1.93548
NFAT5	6	1.40187	1	0.645161
NFE2L2	6	1.40187	2	1.29032
NFKB2	6	1.40187	2	1.29032
NFKBIZ	6	1.40187	1	0.645161
NFS1	6	1.40187	0	0
NGFR	6	1.40187	2	1.29032
NKAP	6	1.40187	2	1.29032
NKD1	6	1.40187	1	0.645161
NLK	6	1.40187	1	0.645161
NME9	6	1.40187	2	1.29032
NMUR1	6	1.40187	0	0
NOC2L	6	1.40187	5	3.22581
NOL9	6	1.40187	1	0.645161
NOP53	6	1.40187	1	0.645161
NOP56	6	1.40187	4	2.58065
NOS1AP	6	1.40187	1	0.645161
NOSTRIN	6	1.40187	2	1.29032
NPAS1	6	1.40187	0	0
NPEPL1	6	1.40187	1	0.645161
NPHS2	6	1.40187	2	1.29032
NPLOC4	6	1.40187	2	1.29032
NPY5R	6	1.40187	6	3.87097
NR2E3	6	1.40187	1	0.645161
NR3C1	6	1.40187	2	1.29032
NT5C3A	6	1.40187	1	0.645161
NT5C3B	6	1.40187	0	0
NUDT12	6	1.40187	2	1.29032
NUDT13	6	1.40187	2	1.29032
NUDT18	6	1.40187	0	0
NUFIP2	6	1.40187	1	0.645161
NUMBL	6	1.40187	0	0
NUP58	6	1.40187	1	0.645161
NUP88	6	1.40187	4	2.58065
NUTM2A	6	1.40187	0	0
NXF3	6	1.40187	2	1.29032
NXN	6	1.40187	2	1.29032
NXPE4	6	1.40187	3	1.93548
NXPH1	6	1.40187	1	0.645161
NXPH2	6	1.40187	2	1.29032
OCIAD1	6	1.40187	0	0
OIT3	6	1.40187	2	1.29032
OLIG3	6	1.40187	2	1.29032
OPN3	6	1.40187	1	0.645161
OPRPN	6	1.40187	1	0.645161
OR10Q1	6	1.40187	1	0.645161
OR11L1	6	1.40187	0	0
OR13A1	6	1.40187	0	0
OR13C9	6	1.40187	1	0.645161
OR13J1	6	1.40187	0	0
OR14I1	6	1.40187	2	1.29032
OR1E2	6	1.40187	2	1.29032
OR1L8	6	1.40187	2	1.29032
OR2A12	6	1.40187	0	0
OR2A14	6	1.40187	3	1.93548
OR2AK2	6	1.40187	1	0.645161
OR2B11	6	1.40187	3	1.93548
OR2H1	6	1.40187	5	3.22581
OR2H2	6	1.40187	0	0
OR2J3	6	1.40187	2	1.29032
OR2Z1	6	1.40187	0	0
OR4C3	6	1.40187	1	0.645161
OR51I2	6	1.40187	3	1.93548
OR52K1	6	1.40187	0	0
OR52L1	6	1.40187	2	1.29032
OR52N1	6	1.40187	1	0.645161
OR52N5	6	1.40187	1	0.645161
OR56A1	6	1.40187	3	1.93548
OR5B17	6	1.40187	0	0
OR5B2	6	1.40187	2	1.29032
OR5D13	6	1.40187	2	1.29032
OR5H2	6	1.40187	2	1.29032
OR5V1	6	1.40187	2	1.29032
OR6Q1	6	1.40187	2	1.29032
OR7D2	6	1.40187	2	1.29032
OR8B4	6	1.40187	1	0.645161
OR8G1	6	1.40187	1	0.645161
OR8H3	6	1.40187	4	2.58065
OR8I2	6	1.40187	2	1.29032
OR8K5	6	1.40187	2	1.29032
ORAI1	6	1.40187	0	0
ORAI2	6	1.40187	1	0.645161
OTP	6	1.40187	0	0
OTUD6B	6	1.40187	3	1.93548
OTULIN	6	1.40187	2	1.29032
OVCH2	6	1.40187	3	1.93548
OXSM	6	1.40187	4	2.58065
P2RX2	6	1.40187	2	1.29032
P2RX4	6	1.40187	1	0.645161
P2RY2	6	1.40187	1	0.645161
P3H1	6	1.40187	2	1.29032
PACS1	6	1.40187	4	2.58065
PADI4	6	1.40187	1	0.645161
PAFAH1B1	6	1.40187	1	0.645161
PAFAH2	6	1.40187	1	0.645161
PALD1	6	1.40187	2	1.29032
PALM	6	1.40187	0	0
PAN2	6	1.40187	0	0
PANX1	6	1.40187	0	0
PAQR8	6	1.40187	0	0
PARP2	6	1.40187	1	0.645161
PARVG	6	1.40187	1	0.645161
PATL1	6	1.40187	1	0.645161
PATZ1	6	1.40187	2	1.29032
PAX4	6	1.40187	3	1.93548
PAX8	6	1.40187	0	0
PBX1	6	1.40187	1	0.645161
PBX3	6	1.40187	1	0.645161
PCED1B	6	1.40187	4	2.58065
PCGF5	6	1.40187	1	0.645161
PCOLCE	6	1.40187	0	0
PCYOX1	6	1.40187	1	0.645161
PDHA1	6	1.40187	1	0.645161
PDLIM2	6	1.40187	2	1.29032
PDZD3	6	1.40187	2	1.29032
PDZK1	6	1.40187	1	0.645161
PGD	6	1.40187	1	0.645161
PGLYRP2	6	1.40187	2	1.29032
PHF10	6	1.40187	3	1.93548
PHF21B	6	1.40187	1	0.645161
PHKG1	6	1.40187	0	0
PHYH	6	1.40187	1	0.645161
PHYHIP	6	1.40187	1	0.645161
PHYHIPL	6	1.40187	3	1.93548
PHYKPL	6	1.40187	0	0
PIH1D1	6	1.40187	3	1.93548
PIK3R3	6	1.40187	2	1.29032
PIM2	6	1.40187	0	0
PIP4K2B	6	1.40187	2	1.29032
PITPNC1	6	1.40187	1	0.645161
PJA1	6	1.40187	1	0.645161
PKMYT1	6	1.40187	0	0
PKNOX2	6	1.40187	4	2.58065
PLA2G4C	6	1.40187	3	1.93548
PLCD3	6	1.40187	3	1.93548
PLEKHO1	6	1.40187	1	0.645161
PLPPR1	6	1.40187	1	0.645161
PLRG1	6	1.40187	1	0.645161
PLSCR1	6	1.40187	0	0
PLSCR4	6	1.40187	2	1.29032
PLSCR5	6	1.40187	1	0.645161
PMFBP1	6	1.40187	4	2.58065
POLG2	6	1.40187	0	0
POLR2F	6	1.40187	0	0
POLR3D	6	1.40187	0	0
PON2	6	1.40187	2	1.29032
PORCN	6	1.40187	0	0
POU1F1	6	1.40187	3	1.93548
POU2F2	6	1.40187	2	1.29032
POU4F3	6	1.40187	2	1.29032
PPARD	6	1.40187	2	1.29032
PPCS	6	1.40187	2	1.29032
PPM1H	6	1.40187	1	0.645161
PPM1N	6	1.40187	0	0
PPOX	6	1.40187	0	0
PPP1R15B	6	1.40187	2	1.29032
PPP1R3C	6	1.40187	2	1.29032
PPP4R3B	6	1.40187	5	3.22581
PRELP	6	1.40187	2	1.29032
PREPL	6	1.40187	1	0.645161
PRIM1	6	1.40187	0	0
PRKAG2	6	1.40187	3	1.93548
PRKCE	6	1.40187	0	0
PRKCZ	6	1.40187	2	1.29032
PRKN	6	1.40187	2	1.29032
PRMT8	6	1.40187	3	1.93548
PROCA1	6	1.40187	2	1.29032
PRPF4	6	1.40187	0	0
PRR11	6	1.40187	1	0.645161
PRR14L	6	1.40187	2	1.29032
PRR35	6	1.40187	0	0
PRSS1	6	1.40187	1	0.645161
PRSS36	6	1.40187	0	0
PRSS53	6	1.40187	1	0.645161
PRSS54	6	1.40187	2	1.29032
PRSS8	6	1.40187	0	0
PSG3	6	1.40187	1	0.645161
PSG4	6	1.40187	2	1.29032
PSG6	6	1.40187	2	1.29032
PSMC3	6	1.40187	0	0
PSMC4	6	1.40187	0	0
PSMD12	6	1.40187	2	1.29032
PSMD6	6	1.40187	1	0.645161
PSRC1	6	1.40187	1	0.645161
PSTPIP2	6	1.40187	2	1.29032
PTAR1	6	1.40187	0	0
PTCD2	6	1.40187	2	1.29032
PTGIS	6	1.40187	1	0.645161
PTPMT1	6	1.40187	0	0
PTPN2	6	1.40187	1	0.645161
PYGO1	6	1.40187	2	1.29032
PYM1	6	1.40187	1	0.645161
QTRT2	6	1.40187	2	1.29032
RAB11B	6	1.40187	0	0
RAB11FIP5	6	1.40187	1	0.645161
RAB17	6	1.40187	0	0
RAB36	6	1.40187	0	0
RAB3GAP1	6	1.40187	3	1.93548
RAB3IP	6	1.40187	2	1.29032
RAB40AL	6	1.40187	1	0.645161
RABEP1	6	1.40187	1	0.645161
RAD51AP1	6	1.40187	2	1.29032
RAD9B	6	1.40187	1	0.645161
RALGPS2	6	1.40187	3	1.93548
RAMP3	6	1.40187	1	0.645161
RAN	6	1.40187	2	1.29032
RAP1GAP2	6	1.40187	1	0.645161
RASGEF1A	6	1.40187	3	1.93548
RASGRP1	6	1.40187	4	2.58065
RASGRP4	6	1.40187	1	0.645161
RASL10B	6	1.40187	0	0
RASSF4	6	1.40187	0	0
RASSF5	6	1.40187	2	1.29032
RASSF9	6	1.40187	3	1.93548
RBBP5	6	1.40187	1	0.645161
RBCK1	6	1.40187	1	0.645161
RBM14	6	1.40187	3	1.93548
RBM39	6	1.40187	1	0.645161
RBM4B	6	1.40187	1	0.645161
RBPMS	6	1.40187	1	0.645161
RBSN	6	1.40187	4	2.58065
RCOR2	6	1.40187	2	1.29032
RCSD1	6	1.40187	2	1.29032
RCVRN	6	1.40187	1	0.645161
RDH16	6	1.40187	2	1.29032
RELL2	6	1.40187	1	0.645161
RELT	6	1.40187	1	0.645161
RERG	6	1.40187	1	0.645161
RERGL	6	1.40187	0	0
RETSAT	6	1.40187	2	1.29032
RFC5	6	1.40187	2	1.29032
RFX1	6	1.40187	1	0.645161
RFX3	6	1.40187	1	0.645161
RGS10	6	1.40187	1	0.645161
RGS11	6	1.40187	0	0
RGS4	6	1.40187	2	1.29032
RHBDF1	6	1.40187	1	0.645161
RHCE	6	1.40187	0	0
RIDA	6	1.40187	1	0.645161
RIMS3	6	1.40187	0	0
RIN1	6	1.40187	2	1.29032
RLBP1	6	1.40187	1	0.645161
RLIM	6	1.40187	1	0.645161
RNASE11	6	1.40187	0	0
RNF10	6	1.40187	2	1.29032
RNF133	6	1.40187	2	1.29032
RNF151	6	1.40187	0	0
RNF207	6	1.40187	0	0
RNF41	6	1.40187	0	0
RNGTT	6	1.40187	0	0
RNPEPL1	6	1.40187	1	0.645161
RORC	6	1.40187	2	1.29032
RPA4	6	1.40187	1	0.645161
RPL3	6	1.40187	0	0
RPL5	6	1.40187	2	1.29032
RPS6KA3	6	1.40187	4	2.58065
RPS6KB1	6	1.40187	0	0
RPTN	6	1.40187	2	1.29032
RPUSD2	6	1.40187	1	0.645161
RRM1	6	1.40187	2	1.29032
RRS1	6	1.40187	0	0
RSAD1	6	1.40187	0	0
RSAD2	6	1.40187	3	1.93548
RSBN1L	6	1.40187	4	2.58065
RSL1D1	6	1.40187	1	0.645161
RSPH10B	6	1.40187	1	0.645161
RTN4RL1	6	1.40187	0	0
RUFY2	6	1.40187	6	3.87097
RUFY4	6	1.40187	0	0
RUSC1	6	1.40187	0	0
RUVBL2	6	1.40187	2	1.29032
RXRB	6	1.40187	2	1.29032
SAMSN1	6	1.40187	3	1.93548
SCARF2	6	1.40187	1	0.645161
SCD	6	1.40187	0	0
SCML4	6	1.40187	4	2.58065
SCPEP1	6	1.40187	0	0
SCRN3	6	1.40187	2	1.29032
SDCBP2	6	1.40187	0	0
SDF4	6	1.40187	0	0
SECISBP2	6	1.40187	1	0.645161
SEL1L	6	1.40187	2	1.29032
SEPHS1	6	1.40187	1	0.645161
SEPTIN11	6	1.40187	1	0.645161
SEPTIN6	6	1.40187	2	1.29032
SERPINA11	6	1.40187	2	1.29032
SERPINA7	6	1.40187	3	1.93548
SERPINB11	6	1.40187	1	0.645161
SERPINB13	6	1.40187	4	2.58065
SERPINB3	6	1.40187	0	0
SERPIND1	6	1.40187	1	0.645161
SERPINF2	6	1.40187	0	0
SERTAD4	6	1.40187	1	0.645161
SET	6	1.40187	0	0
SETDB2	6	1.40187	2	1.29032
SETMAR	6	1.40187	2	1.29032
SGMS2	6	1.40187	2	1.29032
SH2B1	6	1.40187	0	0
SH2B3	6	1.40187	0	0
SH3D19	6	1.40187	0	0
SH3GL2	6	1.40187	1	0.645161
SH3GLB2	6	1.40187	2	1.29032
SHC4	6	1.40187	2	1.29032
SHH	6	1.40187	1	0.645161
SHISA5	6	1.40187	1	0.645161
SIAE	6	1.40187	3	1.93548
SIAH3	6	1.40187	3	1.93548
SIGLEC7	6	1.40187	4	2.58065
SIX2	6	1.40187	1	0.645161
SIX6	6	1.40187	1	0.645161
SLC10A5	6	1.40187	3	1.93548
SLC10A6	6	1.40187	2	1.29032
SLC13A5	6	1.40187	0	0
SLC14A1	6	1.40187	4	2.58065
SLC17A2	6	1.40187	2	1.29032
SLC17A4	6	1.40187	3	1.93548
SLC18B1	6	1.40187	2	1.29032
SLC19A1	6	1.40187	1	0.645161
SLC1A5	6	1.40187	0	0
SLC22A11	6	1.40187	2	1.29032
SLC22A8	6	1.40187	1	0.645161
SLC25A14	6	1.40187	2	1.29032
SLC25A24	6	1.40187	1	0.645161
SLC25A25	6	1.40187	0	0
SLC25A42	6	1.40187	1	0.645161
SLC25A46	6	1.40187	1	0.645161
SLC25A51	6	1.40187	1	0.645161
SLC26A6	6	1.40187	0	0
SLC30A3	6	1.40187	2	1.29032
SLC35A5	6	1.40187	1	0.645161
SLC35F1	6	1.40187	1	0.645161
SLC35G5	6	1.40187	2	1.29032
SLC37A2	6	1.40187	4	2.58065
SLC38A8	6	1.40187	0	0
SLC39A11	6	1.40187	1	0.645161
SLC39A6	6	1.40187	1	0.645161
SLC43A2	6	1.40187	0	0
SLC46A2	6	1.40187	0	0
SLC47A1	6	1.40187	2	1.29032
SLC5A7	6	1.40187	2	1.29032
SLC6A6	6	1.40187	0	0
SLC6A7	6	1.40187	0	0
SLC6A9	6	1.40187	1	0.645161
SLX4IP	6	1.40187	1	0.645161
SMARCD1	6	1.40187	4	2.58065
SMC6	6	1.40187	3	1.93548
SMTNL1	6	1.40187	2	1.29032
SMUG1	6	1.40187	2	1.29032
SMYD5	6	1.40187	1	0.645161
SNRNP35	6	1.40187	1	0.645161
SNRNP70	6	1.40187	2	1.29032
SNTA1	6	1.40187	1	0.645161
SNX21	6	1.40187	0	0
SNX8	6	1.40187	0	0
SNX9	6	1.40187	2	1.29032
SOX2	6	1.40187	0	0
SP1	6	1.40187	1	0.645161
SPAST	6	1.40187	2	1.29032
SPATA13	6	1.40187	1	0.645161
SPATA18	6	1.40187	1	0.645161
SPATA2L	6	1.40187	1	0.645161
SPATA32	6	1.40187	1	0.645161
SPATA5L1	6	1.40187	1	0.645161
SPATA6L	6	1.40187	1	0.645161
SPATA9	6	1.40187	2	1.29032
SPATC1L	6	1.40187	2	1.29032
SPDYE1	6	1.40187	1	0.645161
SPINT1	6	1.40187	0	0
SPNS3	6	1.40187	0	0
SPOCK2	6	1.40187	1	0.645161
SPON2	6	1.40187	0	0
SPRED3	6	1.40187	0	0
SPRY1	6	1.40187	2	1.29032
SPSB4	6	1.40187	0	0
SRSF5	6	1.40187	3	1.93548
SS18L1	6	1.40187	1	0.645161
SSTR3	6	1.40187	0	0
SSUH2	6	1.40187	2	1.29032
SSX3	6	1.40187	1	0.645161
ST3GAL3	6	1.40187	0	0
STAM2	6	1.40187	0	0
STEAP1	6	1.40187	0	0
STIM1	6	1.40187	2	1.29032
STK11	6	1.40187	0	0
STK11IP	6	1.40187	3	1.93548
STK25	6	1.40187	1	0.645161
STK32A	6	1.40187	1	0.645161
STK38	6	1.40187	2	1.29032
STK40	6	1.40187	2	1.29032
STKLD1	6	1.40187	3	1.93548
STX19	6	1.40187	2	1.29032
STX4	6	1.40187	1	0.645161
STX5	6	1.40187	2	1.29032
STXBP4	6	1.40187	3	1.93548
STYK1	6	1.40187	2	1.29032
SULT1B1	6	1.40187	2	1.29032
SULT1C3	6	1.40187	0	0
SULT1E1	6	1.40187	3	1.93548
SUN3	6	1.40187	4	2.58065
SUPT20HL1	6	1.40187	4	2.58065
SUPT7L	6	1.40187	0	0
SVOPL	6	1.40187	1	0.645161
SWAP70	6	1.40187	1	0.645161
SYK	6	1.40187	4	2.58065
SYN1	6	1.40187	4	2.58065
SYNDIG1	6	1.40187	1	0.645161
SYPL2	6	1.40187	3	1.93548
SYT2	6	1.40187	2	1.29032
SYTL2	6	1.40187	3	1.93548
SYTL3	6	1.40187	2	1.29032
TAAR1	6	1.40187	1	0.645161
TAAR2	6	1.40187	0	0
TACR1	6	1.40187	0	0
TADA2B	6	1.40187	0	0
TAF5L	6	1.40187	1	0.645161
TAFA1	6	1.40187	2	1.29032
TAFA5	6	1.40187	0	0
TANK	6	1.40187	2	1.29032
TAPT1	6	1.40187	1	0.645161
TARBP1	6	1.40187	4	2.58065
TAS2R10	6	1.40187	5	3.22581
TAS2R19	6	1.40187	2	1.29032
TAS2R30	6	1.40187	2	1.29032
TAS2R38	6	1.40187	3	1.93548
TAS2R40	6	1.40187	0	0
TASP1	6	1.40187	3	1.93548
TBC1D20	6	1.40187	2	1.29032
TBCC	6	1.40187	0	0
TBCCD1	6	1.40187	4	2.58065
TBX10	6	1.40187	1	0.645161
TBX19	6	1.40187	2	1.29032
TBX6	6	1.40187	0	0
TCEA1	6	1.40187	1	0.645161
TCEAL4	6	1.40187	1	0.645161
TCEAL6	6	1.40187	1	0.645161
TCF7L1	6	1.40187	0	0
TCP1	6	1.40187	1	0.645161
TCTN1	6	1.40187	1	0.645161
TCTN2	6	1.40187	3	1.93548
TDRD10	6	1.40187	1	0.645161
TEAD4	6	1.40187	1	0.645161
TEC	6	1.40187	3	1.93548
TEFM	6	1.40187	2	1.29032
TENT4A	6	1.40187	2	1.29032
TENT5A	6	1.40187	0	0
TENT5B	6	1.40187	1	0.645161
TERT	6	1.40187	1	0.645161
TESMIN	6	1.40187	1	0.645161
TEX30	6	1.40187	1	0.645161
TFB1M	6	1.40187	3	1.93548
TFDP3	6	1.40187	2	1.29032
TH	6	1.40187	1	0.645161
THBD	6	1.40187	1	0.645161
TIGD4	6	1.40187	1	0.645161
TIMM50	6	1.40187	1	0.645161
TLR2	6	1.40187	5	3.22581
TLR6	6	1.40187	5	3.22581
TM4SF19	6	1.40187	1	0.645161
TMA16	6	1.40187	2	1.29032
TMC8	6	1.40187	0	0
TMED8	6	1.40187	0	0
TMEM109	6	1.40187	0	0
TMEM119	6	1.40187	1	0.645161
TMEM130	6	1.40187	3	1.93548
TMEM135	6	1.40187	2	1.29032
TMEM147	6	1.40187	1	0.645161
TMEM171	6	1.40187	0	0
TMEM178A	6	1.40187	2	1.29032
TMEM183A	6	1.40187	0	0
TMEM185A	6	1.40187	3	1.93548
TMEM214	6	1.40187	2	1.29032
TMEM245	6	1.40187	0	0
TMEM255A	6	1.40187	2	1.29032
TMEM259	6	1.40187	0	0
TMEM30A	6	1.40187	1	0.645161
TMEM35A	6	1.40187	0	0
TMEM52B	6	1.40187	2	1.29032
TMEM59L	6	1.40187	1	0.645161
TMEM64	6	1.40187	2	1.29032
TMIGD1	6	1.40187	1	0.645161
TMPPE	6	1.40187	0	0
TNFAIP1	6	1.40187	0	0
TNFRSF11A	6	1.40187	2	1.29032
TNFRSF9	6	1.40187	1	0.645161
TNFSF11	6	1.40187	0	0
TOM1L2	6	1.40187	1	0.645161
TOR1AIP1	6	1.40187	2	1.29032
TOX2	6	1.40187	1	0.645161
TPM3	6	1.40187	2	1.29032
TPMT	6	1.40187	3	1.93548
TPRX1	6	1.40187	2	1.29032
TRAF1	6	1.40187	2	1.29032
TRAF6	6	1.40187	0	0
TRHR	6	1.40187	2	1.29032
TRIB1	6	1.40187	2	1.29032
TRIM36	6	1.40187	1	0.645161
TRIM43	6	1.40187	2	1.29032
TRIM52	6	1.40187	1	0.645161
TRIM62	6	1.40187	2	1.29032
TRIM65	6	1.40187	0	0
TRIM68	6	1.40187	1	0.645161
TRIM69	6	1.40187	5	3.22581
TRIM72	6	1.40187	1	0.645161
TRMT10B	6	1.40187	0	0
TRMT13	6	1.40187	2	1.29032
TRMT9B	6	1.40187	2	1.29032
TSFM	6	1.40187	2	1.29032
TSNARE1	6	1.40187	0	0
TSNAXIP1	6	1.40187	4	2.58065
TSPAN19	6	1.40187	3	1.93548
TSPAN2	6	1.40187	1	0.645161
TSSK2	6	1.40187	1	0.645161
TTC24	6	1.40187	1	0.645161
TTC31	6	1.40187	1	0.645161
TTC6	6	1.40187	3	1.93548
TTC8	6	1.40187	0	0
TUBA1A	6	1.40187	1	0.645161
TUBA1B	6	1.40187	2	1.29032
TUBB2B	6	1.40187	1	0.645161
TULP2	6	1.40187	1	0.645161
TXLNG	6	1.40187	1	0.645161
TYMP	6	1.40187	0	0
UAP1L1	6	1.40187	0	0
UBA2	6	1.40187	2	1.29032
UBE2E2	6	1.40187	2	1.29032
UBE2NL	6	1.40187	3	1.93548
UBE2R2	6	1.40187	0	0
UBIAD1	6	1.40187	0	0
UBLCP1	6	1.40187	1	0.645161
UCMA	6	1.40187	0	0
UFL1	6	1.40187	2	1.29032
UGT1A9	6	1.40187	3	1.93548
UGT2B7	6	1.40187	2	1.29032
ULBP1	6	1.40187	1	0.645161
ULBP3	6	1.40187	1	0.645161
UPP1	6	1.40187	0	0
UQCC1	6	1.40187	1	0.645161
UROS	6	1.40187	2	1.29032
USP46	6	1.40187	1	0.645161
UTP3	6	1.40187	0	0
VAT1L	6	1.40187	5	3.22581
VDAC1	6	1.40187	0	0
VGLL1	6	1.40187	0	0
VN1R1	6	1.40187	2	1.29032
VPS36	6	1.40187	1	0.645161
VPS51	6	1.40187	1	0.645161
VPS9D1	6	1.40187	1	0.645161
VSTM4	6	1.40187	0	0
VSX2	6	1.40187	0	0
VWC2L	6	1.40187	2	1.29032
WARS1	6	1.40187	2	1.29032
WBP1	6	1.40187	0	0
WDFY4	6	1.40187	2	1.29032
WDR44	6	1.40187	2	1.29032
WDR45B	6	1.40187	1	0.645161
WDR5B	6	1.40187	3	1.93548
WDR87	6	1.40187	2	1.29032
WDR88	6	1.40187	1	0.645161
WDR93	6	1.40187	3	1.93548
WDSUB1	6	1.40187	3	1.93548
WEE2	6	1.40187	5	3.22581
WNT2B	6	1.40187	1	0.645161
WNT4	6	1.40187	1	0.645161
WWP2	6	1.40187	0	0
XKR8	6	1.40187	0	0
XPNPEP1	6	1.40187	2	1.29032
XPNPEP2	6	1.40187	2	1.29032
XRCC1	6	1.40187	0	0
YBX2	6	1.40187	1	0.645161
Z83844.2	6	1.40187	0	0
ZADH2	6	1.40187	3	1.93548
ZBED2	6	1.40187	0	0
ZBTB12	6	1.40187	0	0
ZC3H15	6	1.40187	3	1.93548
ZC3HC1	6	1.40187	3	1.93548
ZC4H2	6	1.40187	1	0.645161
ZCWPW1	6	1.40187	2	1.29032
ZCWPW2	6	1.40187	2	1.29032
ZDHHC2	6	1.40187	2	1.29032
ZDHHC20	6	1.40187	1	0.645161
ZDHHC4	6	1.40187	2	1.29032
ZFAND4	6	1.40187	3	1.93548
ZHX1	6	1.40187	3	1.93548
ZKSCAN4	6	1.40187	1	0.645161
ZMPSTE24	6	1.40187	2	1.29032
ZNF121	6	1.40187	3	1.93548
ZNF155	6	1.40187	1	0.645161
ZNF157	6	1.40187	5	3.22581
ZNF160	6	1.40187	4	2.58065
ZNF181	6	1.40187	3	1.93548
ZNF207	6	1.40187	0	0
ZNF22	6	1.40187	2	1.29032
ZNF230	6	1.40187	1	0.645161
ZNF233	6	1.40187	3	1.93548
ZNF25	6	1.40187	1	0.645161
ZNF253	6	1.40187	0	0
ZNF276	6	1.40187	0	0
ZNF277	6	1.40187	2	1.29032
ZNF285	6	1.40187	4	2.58065
ZNF322	6	1.40187	0	0
ZNF324	6	1.40187	1	0.645161
ZNF346	6	1.40187	1	0.645161
ZNF358	6	1.40187	1	0.645161
ZNF362	6	1.40187	2	1.29032
ZNF383	6	1.40187	0	0
ZNF41	6	1.40187	3	1.93548
ZNF440	6	1.40187	3	1.93548
ZNF446	6	1.40187	0	0
ZNF461	6	1.40187	2	1.29032
ZNF524	6	1.40187	0	0
ZNF527	6	1.40187	1	0.645161
ZNF547	6	1.40187	2	1.29032
ZNF563	6	1.40187	3	1.93548
ZNF566	6	1.40187	1	0.645161
ZNF596	6	1.40187	1	0.645161
ZNF621	6	1.40187	0	0
ZNF639	6	1.40187	0	0
ZNF670	6	1.40187	1	0.645161
ZNF672	6	1.40187	2	1.29032
ZNF674	6	1.40187	2	1.29032
ZNF688	6	1.40187	0	0
ZNF696	6	1.40187	0	0
ZNF70	6	1.40187	1	0.645161
ZNF708	6	1.40187	2	1.29032
ZNF711	6	1.40187	1	0.645161
ZNF713	6	1.40187	1	0.645161
ZNF764	6	1.40187	0	0
ZNF765	6	1.40187	4	2.58065
ZNF770	6	1.40187	2	1.29032
ZNF783	6	1.40187	0	0
ZNF792	6	1.40187	2	1.29032
ZNF8	6	1.40187	1	0.645161
ZNF821	6	1.40187	3	1.93548
ZNF846	6	1.40187	4	2.58065
ZNF883	6	1.40187	1	0.645161
ZNRF4	6	1.40187	2	1.29032
ZP1	6	1.40187	2	1.29032
ZPBP	6	1.40187	4	2.58065
ZSWIM3	6	1.40187	3	1.93548
ZUP1	6	1.40187	3	1.93548
ZWILCH	6	1.40187	1	0.645161
A3GALT2	5	1.16822	0	0
AAMP	5	1.16822	0	0
ABCD3	5	1.16822	0	0
ABHD12	5	1.16822	1	0.645161
ABHD14A-ACY1	5	1.16822	0	0
ABHD2	5	1.16822	2	1.29032
ABLIM1	5	1.16822	3	1.93548
ABRAXAS1	5	1.16822	2	1.29032
AC005324.2	5	1.16822	0	0
AC008676.3	5	1.16822	0	0
AC011455.2	5	1.16822	0	0
AC126283.2	5	1.16822	3	1.93548
AC244197.3	5	1.16822	0	0
ACAD10	5	1.16822	1	0.645161
ACADS	5	1.16822	2	1.29032
ACADVL	5	1.16822	2	1.29032
ACAT2	5	1.16822	1	0.645161
ACD	5	1.16822	0	0
ACHE	5	1.16822	2	1.29032
ACKR4	5	1.16822	3	1.93548
ACOT11	5	1.16822	1	0.645161
ACOT2	5	1.16822	0	0
ACOX2	5	1.16822	1	0.645161
ACP4	5	1.16822	1	0.645161
ACP5	5	1.16822	0	0
ACR	5	1.16822	1	0.645161
ACSL3	5	1.16822	2	1.29032
ACTG1	5	1.16822	0	0
ACTL8	5	1.16822	0	0
ADAL	5	1.16822	1	0.645161
ADCYAP1	5	1.16822	2	1.29032
ADCYAP1R1	5	1.16822	3	1.93548
ADGB	5	1.16822	1	0.645161
ADGRF2	5	1.16822	3	1.93548
ADGRG1	5	1.16822	1	0.645161
ADH1A	5	1.16822	1	0.645161
ADH1B	5	1.16822	2	1.29032
ADH6	5	1.16822	1	0.645161
ADIPOQ	5	1.16822	2	1.29032
ADM	5	1.16822	0	0
ADPGK	5	1.16822	0	0
ADRA1B	5	1.16822	1	0.645161
AGA	5	1.16822	2	1.29032
AGAP6	5	1.16822	0	0
AGER	5	1.16822	1	0.645161
AGFG2	5	1.16822	1	0.645161
AGPAT3	5	1.16822	1	0.645161
AGPAT5	5	1.16822	2	1.29032
AIMP2	5	1.16822	1	0.645161
AK3	5	1.16822	0	0
AKAP5	5	1.16822	1	0.645161
AKR1C1	5	1.16822	1	0.645161
ALDH3A2	5	1.16822	1	0.645161
ALDH3B1	5	1.16822	0	0
ALDH3B2	5	1.16822	2	1.29032
ALDH5A1	5	1.16822	0	0
ALG1	5	1.16822	0	0
ALKBH4	5	1.16822	0	0
ALOX12	5	1.16822	2	1.29032
AMBP	5	1.16822	1	0.645161
ANKRD1	5	1.16822	3	1.93548
ANKRD13C	5	1.16822	1	0.645161
ANKRD36B	5	1.16822	3	1.93548
ANKRD45	5	1.16822	2	1.29032
ANXA1	5	1.16822	4	2.58065
ANXA10	5	1.16822	1	0.645161
ANXA2	5	1.16822	0	0
ANXA7	5	1.16822	3	1.93548
ANXA9	5	1.16822	1	0.645161
AOAH	5	1.16822	0	0
AP1B1	5	1.16822	0	0
APLP2	5	1.16822	2	1.29032
APOBEC3C	5	1.16822	1	0.645161
APOBEC3G	5	1.16822	4	2.58065
APOL3	5	1.16822	1	0.645161
APTX	5	1.16822	1	0.645161
AQP10	5	1.16822	1	0.645161
AQP4	5	1.16822	1	0.645161
AQP9	5	1.16822	3	1.93548
ARCN1	5	1.16822	1	0.645161
AREL1	5	1.16822	1	0.645161
ARFGAP1	5	1.16822	1	0.645161
ARG2	5	1.16822	1	0.645161
ARHGAP26	5	1.16822	4	2.58065
ARID3B	5	1.16822	1	0.645161
ARID3C	5	1.16822	3	1.93548
ARL2BP	5	1.16822	2	1.29032
ARL6	5	1.16822	0	0
ARL6IP6	5	1.16822	1	0.645161
ARMC8	5	1.16822	3	1.93548
ARNT	5	1.16822	1	0.645161
ARR3	5	1.16822	0	0
ARRB1	5	1.16822	1	0.645161
ARRDC1	5	1.16822	0	0
ARSK	5	1.16822	1	0.645161
ASB13	5	1.16822	1	0.645161
ASB16	5	1.16822	1	0.645161
ASCL4	5	1.16822	1	0.645161
ASPA	5	1.16822	1	0.645161
ASPDH	5	1.16822	0	0
ASPHD1	5	1.16822	1	0.645161
ASPSCR1	5	1.16822	2	1.29032
ASS1	5	1.16822	1	0.645161
ATF2	5	1.16822	1	0.645161
ATG10	5	1.16822	2	1.29032
ATG101	5	1.16822	1	0.645161
ATP5F1C	5	1.16822	3	1.93548
ATP6AP1	5	1.16822	0	0
ATP6AP2	5	1.16822	3	1.93548
ATP6V0D1	5	1.16822	2	1.29032
ATP6V1A	5	1.16822	0	0
ATP6V1C1	5	1.16822	1	0.645161
ATP6V1E2	5	1.16822	1	0.645161
ATP6V1H	5	1.16822	3	1.93548
AURKB	5	1.16822	1	0.645161
AVIL	5	1.16822	1	0.645161
B3GALT1	5	1.16822	1	0.645161
B3GALT5	5	1.16822	1	0.645161
B3GNT4	5	1.16822	1	0.645161
B3GNT6	5	1.16822	0	0
B3GNT9	5	1.16822	0	0
B4GALNT3	5	1.16822	1	0.645161
B4GALT2	5	1.16822	1	0.645161
BAAT	5	1.16822	1	0.645161
BABAM1	5	1.16822	0	0
BAG4	5	1.16822	1	0.645161
BAIAP2	5	1.16822	0	0
BATF3	5	1.16822	1	0.645161
BBS4	5	1.16822	1	0.645161
BCAS1	5	1.16822	0	0
BCL2L13	5	1.16822	1	0.645161
BCL2L14	5	1.16822	2	1.29032
BCO1	5	1.16822	0	0
BDKRB1	5	1.16822	1	0.645161
BEGAIN	5	1.16822	0	0
BEX1	5	1.16822	1	0.645161
BHLHE41	5	1.16822	2	1.29032
BHMT	5	1.16822	2	1.29032
BICDL2	5	1.16822	0	0
BIN2	5	1.16822	1	0.645161
BIRC2	5	1.16822	3	1.93548
BLMH	5	1.16822	3	1.93548
BMP15	5	1.16822	1	0.645161
BMX	5	1.16822	1	0.645161
BORA	5	1.16822	0	0
BPHL	5	1.16822	0	0
BPIFA1	5	1.16822	0	0
BPIFC	5	1.16822	3	1.93548
BPNT2	5	1.16822	0	0
BRAT1	5	1.16822	0	0
BRMS1L	5	1.16822	1	0.645161
BSND	5	1.16822	1	0.645161
BTG4	5	1.16822	2	1.29032
BUB1B	5	1.16822	3	1.93548
C11orf42	5	1.16822	2	1.29032
C12orf29	5	1.16822	1	0.645161
C14orf180	5	1.16822	0	0
C14orf93	5	1.16822	0	0
C16orf46	5	1.16822	1	0.645161
C16orf70	5	1.16822	1	0.645161
C17orf75	5	1.16822	1	0.645161
C1D	5	1.16822	1	0.645161
C1GALT1	5	1.16822	0	0
C1GALT1C1	5	1.16822	0	0
C1orf116	5	1.16822	1	0.645161
C1orf122	5	1.16822	0	0
C1orf159	5	1.16822	0	0
C1orf189	5	1.16822	0	0
C2orf73	5	1.16822	1	0.645161
C2orf80	5	1.16822	2	1.29032
C3orf38	5	1.16822	2	1.29032
C5AR1	5	1.16822	2	1.29032
C5AR2	5	1.16822	1	0.645161
C7orf33	5	1.16822	3	1.93548
C7orf57	5	1.16822	1	0.645161
C9orf135	5	1.16822	1	0.645161
C9orf72	5	1.16822	3	1.93548
CA12	5	1.16822	0	0
CA13	5	1.16822	1	0.645161
CABP5	5	1.16822	1	0.645161
CACNB3	5	1.16822	1	0.645161
CACNG6	5	1.16822	1	0.645161
CACNG8	5	1.16822	0	0
CADM4	5	1.16822	2	1.29032
CAGE1	5	1.16822	2	1.29032
CALB2	5	1.16822	1	0.645161
CALCRL	5	1.16822	2	1.29032
CALHM1	5	1.16822	3	1.93548
CALR	5	1.16822	0	0
CAMK1	5	1.16822	2	1.29032
CAMK2A	5	1.16822	2	1.29032
CAMLG	5	1.16822	0	0
CANT1	5	1.16822	0	0
CAP2	5	1.16822	1	0.645161
CAPN14	5	1.16822	0	0
CAPNS2	5	1.16822	0	0
CAPZA2	5	1.16822	1	0.645161
CAPZA3	5	1.16822	3	1.93548
CASP10	5	1.16822	0	0
CASQ1	5	1.16822	1	0.645161
CAT	5	1.16822	2	1.29032
CATSPER2	5	1.16822	3	1.93548
CAVIN3	5	1.16822	0	0
CBLL1	5	1.16822	2	1.29032
CBR3	5	1.16822	0	0
CCDC102A	5	1.16822	0	0
CCDC124	5	1.16822	1	0.645161
CCDC127	5	1.16822	0	0
CCDC130	5	1.16822	1	0.645161
CCDC185	5	1.16822	3	1.93548
CCDC28B	5	1.16822	0	0
CCDC33	5	1.16822	1	0.645161
CCDC50	5	1.16822	4	2.58065
CCDC58	5	1.16822	0	0
CCDC63	5	1.16822	1	0.645161
CCDC71	5	1.16822	1	0.645161
CCDC81	5	1.16822	4	2.58065
CCDC89	5	1.16822	0	0
CCDC91	5	1.16822	1	0.645161
CCK	5	1.16822	0	0
CCL23	5	1.16822	0	0
CCN3	5	1.16822	1	0.645161
CCN5	5	1.16822	2	1.29032
CCNB1IP1	5	1.16822	0	0
CCNE1	5	1.16822	0	0
CCNJ	5	1.16822	0	0
CCNJL	5	1.16822	1	0.645161
CCR2	5	1.16822	3	1.93548
CCT5	5	1.16822	0	0
CD1B	5	1.16822	1	0.645161
CD40	5	1.16822	4	2.58065
CD6	5	1.16822	1	0.645161
CD72	5	1.16822	1	0.645161
CD99L2	5	1.16822	0	0
CDC14B	5	1.16822	2	1.29032
CDC34	5	1.16822	0	0
CDC37	5	1.16822	0	0
CDC42EP4	5	1.16822	1	0.645161
CDCA4	5	1.16822	0	0
CDK11A	5	1.16822	1	0.645161
CDK18	5	1.16822	0	0
CDK2	5	1.16822	1	0.645161
CDK3	5	1.16822	1	0.645161
CDK7	5	1.16822	0	0
CDK9	5	1.16822	2	1.29032
CDKN1B	5	1.16822	2	1.29032
CEACAM20	5	1.16822	1	0.645161
CEBPE	5	1.16822	0	0
CENPB	5	1.16822	2	1.29032
CENPK	5	1.16822	1	0.645161
CEPT1	5	1.16822	1	0.645161
CERS4	5	1.16822	0	0
CERS5	5	1.16822	2	1.29032
CERS6	5	1.16822	3	1.93548
CFAP221	5	1.16822	3	1.93548
CFAP299	5	1.16822	2	1.29032
CFAP300	5	1.16822	0	0
CFAP52	5	1.16822	0	0
CFAP97	5	1.16822	3	1.93548
CFHR3	5	1.16822	1	0.645161
CGB1	5	1.16822	1	0.645161
CHAMP1	5	1.16822	4	2.58065
CHCHD5	5	1.16822	0	0
CHORDC1	5	1.16822	1	0.645161
CHST13	5	1.16822	1	0.645161
CIAPIN1	5	1.16822	0	0
CIBAR2	5	1.16822	2	1.29032
CILK1	5	1.16822	2	1.29032
CLDN17	5	1.16822	1	0.645161
CLDND1	5	1.16822	1	0.645161
CLEC11A	5	1.16822	0	0
CLEC12A	5	1.16822	1	0.645161
CLEC2B	5	1.16822	3	1.93548
CLNS1A	5	1.16822	1	0.645161
CLTA	5	1.16822	1	0.645161
CLVS1	5	1.16822	1	0.645161
CNBD2	5	1.16822	2	1.29032
CNNM4	5	1.16822	1	0.645161
CNOT2	5	1.16822	0	0
CNOT6L	5	1.16822	2	1.29032
CNOT8	5	1.16822	3	1.93548
CNP	5	1.16822	0	0
CNPPD1	5	1.16822	3	1.93548
COG3	5	1.16822	2	1.29032
CPB1	5	1.16822	4	2.58065
CPNE3	5	1.16822	4	2.58065
CPOX	5	1.16822	1	0.645161
CREB3L4	5	1.16822	1	0.645161
CRHBP	5	1.16822	0	0
CRISP3	5	1.16822	0	0
CRKL	5	1.16822	1	0.645161
CRLF3	5	1.16822	2	1.29032
CROT	5	1.16822	3	1.93548
CRTAM	5	1.16822	2	1.29032
CRYBB1	5	1.16822	3	1.93548
CRYL1	5	1.16822	1	0.645161
CRYM	5	1.16822	1	0.645161
CRYZL1	5	1.16822	0	0
CSRNP2	5	1.16822	1	0.645161
CSTF2	5	1.16822	0	0
CSTL1	5	1.16822	0	0
CTDSPL	5	1.16822	0	0
CTSB	5	1.16822	1	0.645161
CTSL	5	1.16822	2	1.29032
CTSS	5	1.16822	0	0
CTSZ	5	1.16822	0	0
CTTNBP2NL	5	1.16822	1	0.645161
CUEDC1	5	1.16822	1	0.645161
CUL4A	5	1.16822	1	0.645161
CXCL16	5	1.16822	0	0
CXCL5	5	1.16822	2	1.29032
CXXC1	5	1.16822	0	0
CXXC5	5	1.16822	0	0
CYB561	5	1.16822	0	0
CYB5R2	5	1.16822	1	0.645161
CYB5RL	5	1.16822	0	0
CYP2E1	5	1.16822	3	1.93548
CYP39A1	5	1.16822	2	1.29032
CYP3A43	5	1.16822	4	2.58065
CYP4F11	5	1.16822	3	1.93548
CYTL1	5	1.16822	1	0.645161
DAGLB	5	1.16822	1	0.645161
DAPK3	5	1.16822	5	3.22581
DCAF15	5	1.16822	1	0.645161
DCAF17	5	1.16822	2	1.29032
DCBLD1	5	1.16822	2	1.29032
DCDC2B	5	1.16822	0	0
DCLRE1B	5	1.16822	0	0
DDIT4L	5	1.16822	2	1.29032
DDN	5	1.16822	0	0
DDX19B	5	1.16822	1	0.645161
DDX21	5	1.16822	2	1.29032
DDX25	5	1.16822	1	0.645161
DDX3X	5	1.16822	0	0
DDX56	5	1.16822	1	0.645161
DDX59	5	1.16822	1	0.645161
DEDD2	5	1.16822	1	0.645161
DEGS1	5	1.16822	2	1.29032
DEK	5	1.16822	1	0.645161
DENND1B	5	1.16822	2	1.29032
DENND2A	5	1.16822	2	1.29032
DENND2D	5	1.16822	4	2.58065
DEPTOR	5	1.16822	3	1.93548
DERA	5	1.16822	3	1.93548
DERL1	5	1.16822	1	0.645161
DERL2	5	1.16822	2	1.29032
DHDDS	5	1.16822	1	0.645161
DHRS2	5	1.16822	1	0.645161
DHRS7C	5	1.16822	3	1.93548
DHX32	5	1.16822	3	1.93548
DIPK2A	5	1.16822	1	0.645161
DIXDC1	5	1.16822	1	0.645161
DKC1	5	1.16822	1	0.645161
DLAT	5	1.16822	2	1.29032
DLX2	5	1.16822	1	0.645161
DMAP1	5	1.16822	2	1.29032
DMRTC2	5	1.16822	1	0.645161
DMTF1	5	1.16822	3	1.93548
DMWD	5	1.16822	1	0.645161
DNAAF2	5	1.16822	2	1.29032
DNAJB12	5	1.16822	1	0.645161
DNAJB14	5	1.16822	1	0.645161
DNAJB9	5	1.16822	2	1.29032
DNAJC14	5	1.16822	2	1.29032
DNAJC2	5	1.16822	4	2.58065
DNALI1	5	1.16822	0	0
DNASE1	5	1.16822	0	0
DNASE1L3	5	1.16822	0	0
DPCD	5	1.16822	0	0
DPF1	5	1.16822	2	1.29032
DPF3	5	1.16822	3	1.93548
DPH1	5	1.16822	2	1.29032
DPH5	5	1.16822	3	1.93548
DPPA4	5	1.16822	2	1.29032
DPY19L1	5	1.16822	4	2.58065
DPY19L3	5	1.16822	4	2.58065
DRAP1	5	1.16822	1	0.645161
DSN1	5	1.16822	0	0
DTWD1	5	1.16822	3	1.93548
DTX2	5	1.16822	0	0
DUOXA2	5	1.16822	0	0
DUS3L	5	1.16822	0	0
DUSP11	5	1.16822	1	0.645161
DUSP29	5	1.16822	0	0
DUSP9	5	1.16822	0	0
DXO	5	1.16822	2	1.29032
E2F4	5	1.16822	1	0.645161
EAF2	5	1.16822	2	1.29032
ECD	5	1.16822	1	0.645161
ECI1	5	1.16822	1	0.645161
EDA2R	5	1.16822	1	0.645161
EDARADD	5	1.16822	2	1.29032
EEF1A1	5	1.16822	1	0.645161
EFEMP2	5	1.16822	1	0.645161
EFNA4	5	1.16822	2	1.29032
EGFL8	5	1.16822	1	0.645161
EHD1	5	1.16822	5	3.22581
EHF	5	1.16822	1	0.645161
EIF2B3	5	1.16822	0	0
EIF4H	5	1.16822	1	0.645161
ELMO2	5	1.16822	2	1.29032
EMD	5	1.16822	3	1.93548
ENDOD1	5	1.16822	2	1.29032
ENOSF1	5	1.16822	1	0.645161
ENPP6	5	1.16822	3	1.93548
ENPP7	5	1.16822	1	0.645161
ENTPD1	5	1.16822	1	0.645161
EPS8	5	1.16822	2	1.29032
ERI2	5	1.16822	0	0
ERI3	5	1.16822	2	1.29032
ERLEC1	5	1.16822	2	1.29032
ERLIN1	5	1.16822	0	0
ERO1A	5	1.16822	1	0.645161
ERP27	5	1.16822	3	1.93548
ERVFRD-1	5	1.16822	3	1.93548
ESRP2	5	1.16822	3	1.93548
ETFA	5	1.16822	1	0.645161
ETNK1	5	1.16822	0	0
ETV3L	5	1.16822	0	0
EVA1C	5	1.16822	2	1.29032
EXOC7	5	1.16822	1	0.645161
EXOSC8	5	1.16822	1	0.645161
EXOSC9	5	1.16822	2	1.29032
EXTL2	5	1.16822	2	1.29032
EZR	5	1.16822	1	0.645161
F2RL2	5	1.16822	2	1.29032
FAAH2	5	1.16822	3	1.93548
FABP2	5	1.16822	0	0
FAF2	5	1.16822	0	0
FAM107B	5	1.16822	3	1.93548
FAM111A	5	1.16822	1	0.645161
FAM114A2	5	1.16822	3	1.93548
FAM118A	5	1.16822	0	0
FAM133B	5	1.16822	1	0.645161
FAM153A	5	1.16822	0	0
FAM168B	5	1.16822	1	0.645161
FAM181B	5	1.16822	0	0
FAM187B	5	1.16822	1	0.645161
FAM204A	5	1.16822	1	0.645161
FAM209B	5	1.16822	1	0.645161
FAM217B	5	1.16822	3	1.93548
FAM53A	5	1.16822	2	1.29032
FAM71D	5	1.16822	0	0
FAM78A	5	1.16822	2	1.29032
FANCB	5	1.16822	2	1.29032
FASTK	5	1.16822	0	0
FBRS	5	1.16822	0	0
FBXL4	5	1.16822	4	2.58065
FBXO3	5	1.16822	1	0.645161
FBXO32	5	1.16822	2	1.29032
FBXO47	5	1.16822	5	3.22581
FBXO7	5	1.16822	2	1.29032
FBXO8	5	1.16822	2	1.29032
FBXW12	5	1.16822	2	1.29032
FBXW4	5	1.16822	1	0.645161
FBXW8	5	1.16822	2	1.29032
FCAR	5	1.16822	1	0.645161
FCMR	5	1.16822	1	0.645161
FCRL2	5	1.16822	3	1.93548
FCRL6	5	1.16822	1	0.645161
FDXR	5	1.16822	0	0
FEM1B	5	1.16822	3	1.93548
FEN1	5	1.16822	2	1.29032
FFAR4	5	1.16822	0	0
FGF3	5	1.16822	1	0.645161
FGF7	5	1.16822	0	0
FGFR4	5	1.16822	1	0.645161
FGGY	5	1.16822	2	1.29032
FH	5	1.16822	0	0
FLAD1	5	1.16822	0	0
FLT3LG	5	1.16822	0	0
FNBP1L	5	1.16822	2	1.29032
FNDC8	5	1.16822	1	0.645161
FNTB	5	1.16822	3	1.93548
FOLR1	5	1.16822	1	0.645161
FOSL1	5	1.16822	0	0
FOXD3	5	1.16822	0	0
FOXF2	5	1.16822	2	1.29032
FOXH1	5	1.16822	0	0
FPR2	5	1.16822	1	0.645161
FPR3	5	1.16822	3	1.93548
FRG2	5	1.16822	1	0.645161
FRMD1	5	1.16822	2	1.29032
FRMD4B	5	1.16822	2	1.29032
FRMD7	5	1.16822	2	1.29032
FRRS1	5	1.16822	2	1.29032
FTCD	5	1.16822	1	0.645161
FUCA2	5	1.16822	2	1.29032
FUT7	5	1.16822	0	0
G6PC3	5	1.16822	0	0
GADL1	5	1.16822	1	0.645161
GALC	5	1.16822	1	0.645161
GALM	5	1.16822	1	0.645161
GALNT12	5	1.16822	3	1.93548
GART	5	1.16822	0	0
GAS8	5	1.16822	0	0
GATA5	5	1.16822	1	0.645161
GCKR	5	1.16822	2	1.29032
GDAP1L1	5	1.16822	0	0
GDF11	5	1.16822	0	0
GDF15	5	1.16822	2	1.29032
GEMIN8	5	1.16822	0	0
GET1	5	1.16822	0	0
GFAP	5	1.16822	1	0.645161
GFOD2	5	1.16822	1	0.645161
GHITM	5	1.16822	1	0.645161
GINS1	5	1.16822	0	0
GK	5	1.16822	1	0.645161
GK5	5	1.16822	3	1.93548
GLIS1	5	1.16822	1	0.645161
GLMP	5	1.16822	0	0
GLP2R	5	1.16822	3	1.93548
GLRA4	5	1.16822	3	1.93548
GLS2	5	1.16822	1	0.645161
GLTPD2	5	1.16822	0	0
GLUD1	5	1.16822	0	0
GNAT3	5	1.16822	1	0.645161
GOPC	5	1.16822	2	1.29032
GORAB	5	1.16822	0	0
GOT2	5	1.16822	0	0
GPAA1	5	1.16822	1	0.645161
GPAT4	5	1.16822	1	0.645161
GPD1L	5	1.16822	1	0.645161
GPR108	5	1.16822	2	1.29032
GPR132	5	1.16822	1	0.645161
GPR137	5	1.16822	2	1.29032
GPR143	5	1.16822	1	0.645161
GPR152	5	1.16822	0	0
GPR174	5	1.16822	6	3.87097
GPR176	5	1.16822	0	0
GPR31	5	1.16822	3	1.93548
GPR75	5	1.16822	3	1.93548
GPR83	5	1.16822	2	1.29032
GPRC5A	5	1.16822	0	0
GPX5	5	1.16822	2	1.29032
GRAP2	5	1.16822	2	1.29032
GRHL3	5	1.16822	2	1.29032
GSTA3	5	1.16822	1	0.645161
GTF2B	5	1.16822	2	1.29032
GTF2I	5	1.16822	0	0
GTF3C5	5	1.16822	2	1.29032
GTPBP1	5	1.16822	1	0.645161
GTPBP2	5	1.16822	1	0.645161
GTPBP4	5	1.16822	3	1.93548
GXYLT2	5	1.16822	2	1.29032
GZMH	5	1.16822	1	0.645161
H1-4	5	1.16822	0	0
H2BC4	5	1.16822	0	0
H2BC6	5	1.16822	0	0
H3-5	5	1.16822	1	0.645161
HAS3	5	1.16822	1	0.645161
HAUS1	5	1.16822	1	0.645161
HDDC2	5	1.16822	0	0
HENMT1	5	1.16822	1	0.645161
HEXD	5	1.16822	0	0
HEY2	5	1.16822	2	1.29032
HEYL	5	1.16822	2	1.29032
HFE	5	1.16822	3	1.93548
HHLA2	5	1.16822	1	0.645161
HIBADH	5	1.16822	0	0
HLA-DPB1	5	1.16822	1	0.645161
HLA-DQA2	5	1.16822	3	1.93548
HLA-E	5	1.16822	0	0
HMBOX1	5	1.16822	0	0
HMCN2	5	1.16822	0	0
HMGN5	5	1.16822	1	0.645161
HMGXB4	5	1.16822	0	0
HMOX1	5	1.16822	0	0
HNMT	5	1.16822	0	0
HNRNPC	5	1.16822	0	0
HNRNPR	5	1.16822	0	0
HOGA1	5	1.16822	1	0.645161
HOXA7	5	1.16822	1	0.645161
HOXB2	5	1.16822	0	0
HOXC4	5	1.16822	1	0.645161
HOXD11	5	1.16822	1	0.645161
HOXD8	5	1.16822	2	1.29032
HPCA	5	1.16822	0	0
HPR	5	1.16822	1	0.645161
HPS4	5	1.16822	0	0
HRH4	5	1.16822	0	0
HS1BP3	5	1.16822	1	0.645161
HS3ST3A1	5	1.16822	1	0.645161
HSD17B6	5	1.16822	1	0.645161
HSF5	5	1.16822	0	0
HSPA13	5	1.16822	2	1.29032
HSPA4	5	1.16822	4	2.58065
HSPBAP1	5	1.16822	1	0.645161
HSPD1	5	1.16822	3	1.93548
HTR4	5	1.16822	2	1.29032
HTR6	5	1.16822	2	1.29032
HYAL1	5	1.16822	1	0.645161
HYAL2	5	1.16822	2	1.29032
HYAL4	5	1.16822	5	3.22581
IDI1	5	1.16822	0	0
IFI44	5	1.16822	2	1.29032
IFI44L	5	1.16822	4	2.58065
IFIT1B	5	1.16822	4	2.58065
IFNA4	5	1.16822	1	0.645161
IFNA8	5	1.16822	0	0
IFNAR2	5	1.16822	2	1.29032
IFT57	5	1.16822	1	0.645161
IGF1	5	1.16822	1	0.645161
IGF2BP2	5	1.16822	3	1.93548
IGHA2	5	1.16822	0	0
IGKV1D-8	5	1.16822	1	0.645161
IGKV3-15	5	1.16822	0	0
IGLON5	5	1.16822	1	0.645161
IKZF5	5	1.16822	1	0.645161
IL13RA1	5	1.16822	1	0.645161
IL17REL	5	1.16822	1	0.645161
IL24	5	1.16822	1	0.645161
IL9R	5	1.16822	2	1.29032
ILK	5	1.16822	1	0.645161
ILRUN	5	1.16822	0	0
IMMP2L	5	1.16822	1	0.645161
IMP4	5	1.16822	0	0
ING3	5	1.16822	0	0
INTS9	5	1.16822	0	0
IPMK	5	1.16822	2	1.29032
IQCG	5	1.16822	1	0.645161
IRF2BPL	5	1.16822	0	0
ISY1-RAB43	5	1.16822	0	0
ITGBL1	5	1.16822	5	3.22581
ITPK1	5	1.16822	0	0
ITPKA	5	1.16822	0	0
ITPRIPL1	5	1.16822	2	1.29032
JADE3	5	1.16822	3	1.93548
JMJD6	5	1.16822	1	0.645161
JSRP1	5	1.16822	0	0
KASH5	5	1.16822	1	0.645161
KAT8	5	1.16822	1	0.645161
KATNAL2	5	1.16822	3	1.93548
KCNAB2	5	1.16822	0	0
KCNIP2	5	1.16822	1	0.645161
KCNJ15	5	1.16822	1	0.645161
KCNK5	5	1.16822	3	1.93548
KCNK7	5	1.16822	1	0.645161
KCNMB1	5	1.16822	0	0
KCNMB4	5	1.16822	1	0.645161
KCTD1	5	1.16822	1	0.645161
KCTD12	5	1.16822	1	0.645161
KCTD14	5	1.16822	1	0.645161
KCTD20	5	1.16822	4	2.58065
KCTD21	5	1.16822	2	1.29032
KDF1	5	1.16822	0	0
KIAA1328	5	1.16822	2	1.29032
KIR3DL1	5	1.16822	0	0
KLF13	5	1.16822	0	0
KLF14	5	1.16822	2	1.29032
KLF15	5	1.16822	1	0.645161
KLF4	5	1.16822	0	0
KLHDC3	5	1.16822	0	0
KLHDC7A	5	1.16822	3	1.93548
KLHDC7B	5	1.16822	0	0
KLHL28	5	1.16822	3	1.93548
KLK1	5	1.16822	0	0
KLK12	5	1.16822	3	1.93548
KLK8	5	1.16822	0	0
KLRD1	5	1.16822	1	0.645161
KLRF1	5	1.16822	2	1.29032
KNCN	5	1.16822	0	0
KPNA2	5	1.16822	0	0
KPNA5	5	1.16822	2	1.29032
KPTN	5	1.16822	0	0
KRT14	5	1.16822	2	1.29032
KRT23	5	1.16822	0	0
KRT35	5	1.16822	3	1.93548
KRT7	5	1.16822	0	0
KRT78	5	1.16822	4	2.58065
KRT81	5	1.16822	1	0.645161
KRT83	5	1.16822	1	0.645161
KRTAP10-11	5	1.16822	0	0
KRTAP10-4	5	1.16822	0	0
KRTAP15-1	5	1.16822	0	0
KRTAP19-5	5	1.16822	2	1.29032
KRTAP24-1	5	1.16822	5	3.22581
KRTAP6-3	5	1.16822	0	0
KYNU	5	1.16822	3	1.93548
LACC1	5	1.16822	0	0
LACRT	5	1.16822	1	0.645161
LACTB	5	1.16822	5	3.22581
LACTB2	5	1.16822	0	0
LAIR1	5	1.16822	0	0
LAS1L	5	1.16822	3	1.93548
LCAT	5	1.16822	1	0.645161
LCLAT1	5	1.16822	1	0.645161
LDHAL6A	5	1.16822	3	1.93548
LDHB	5	1.16822	2	1.29032
LDHC	5	1.16822	1	0.645161
LEXM	5	1.16822	3	1.93548
LGALS13	5	1.16822	1	0.645161
LGI2	5	1.16822	3	1.93548
LILRA2	5	1.16822	2	1.29032
LIPH	5	1.16822	2	1.29032
LIPJ	5	1.16822	2	1.29032
LNP1	5	1.16822	1	0.645161
LOXL1	5	1.16822	0	0
LPAR2	5	1.16822	0	0
LRCH4	5	1.16822	0	0
LRR1	5	1.16822	1	0.645161
LRRC10	5	1.16822	0	0
LRRC14	5	1.16822	1	0.645161
LRRC23	5	1.16822	1	0.645161
LRRC37B	5	1.16822	5	3.22581
LRRC3B	5	1.16822	1	0.645161
LRRC8B	5	1.16822	1	0.645161
LRWD1	5	1.16822	2	1.29032
LSM1	5	1.16822	0	0
LTV1	5	1.16822	3	1.93548
LUC7L2	5	1.16822	3	1.93548
LURAP1	5	1.16822	1	0.645161
LYL1	5	1.16822	0	0
MACIR	5	1.16822	1	0.645161
MACROH2A1	5	1.16822	2	1.29032
MAGEA1	5	1.16822	3	1.93548
MAGEA10	5	1.16822	1	0.645161
MAGEB3	5	1.16822	3	1.93548
MAGEB6	5	1.16822	4	2.58065
MAGEH1	5	1.16822	2	1.29032
MANEA	5	1.16822	1	0.645161
MANF	5	1.16822	0	0
MAP11	5	1.16822	0	0
MAP1LC3B2	5	1.16822	0	0
MAP1LC3C	5	1.16822	0	0
MAPK14	5	1.16822	1	0.645161
MAPK15	5	1.16822	2	1.29032
MAPKAPK2	5	1.16822	2	1.29032
MARCHF8	5	1.16822	2	1.29032
MARCKS	5	1.16822	0	0
MAS1	5	1.16822	2	1.29032
MATN3	5	1.16822	0	0
MB21D2	5	1.16822	2	1.29032
MC4R	5	1.16822	2	1.29032
MCM8	5	1.16822	3	1.93548
MCM9	5	1.16822	3	1.93548
MCOLN2	5	1.16822	2	1.29032
MCTS1	5	1.16822	1	0.645161
MCUB	5	1.16822	0	0
MDH1	5	1.16822	0	0
MDM2	5	1.16822	1	0.645161
MEOX2	5	1.16822	2	1.29032
MESD	5	1.16822	2	1.29032
METTL1	5	1.16822	0	0
MEX3A	5	1.16822	3	1.93548
MFRP	5	1.16822	0	0
MFSD10	5	1.16822	1	0.645161
MFSD4A	5	1.16822	0	0
MGAT4A	5	1.16822	2	1.29032
MIA	5	1.16822	2	1.29032
MIIP	5	1.16822	0	0
MINDY1	5	1.16822	2	1.29032
MIP	5	1.16822	1	0.645161
MKRN1	5	1.16822	1	0.645161
MLPH	5	1.16822	1	0.645161
MLXIP	5	1.16822	0	0
MMADHC	5	1.16822	1	0.645161
MOB3A	5	1.16822	0	0
MOGAT3	5	1.16822	0	0
MORN3	5	1.16822	1	0.645161
MPG	5	1.16822	0	0
MPPE1	5	1.16822	1	0.645161
MPZL1	5	1.16822	0	0
MRGPRX4	5	1.16822	2	1.29032
MRI1	5	1.16822	1	0.645161
MRPL28	5	1.16822	0	0
MRPL38	5	1.16822	1	0.645161
MRPL44	5	1.16822	2	1.29032
MRPL47	5	1.16822	2	1.29032
MRPL54	5	1.16822	2	1.29032
MRPS2	5	1.16822	1	0.645161
MS4A15	5	1.16822	1	0.645161
MS4A8	5	1.16822	1	0.645161
MSANTD4	5	1.16822	2	1.29032
MSX2	5	1.16822	0	0
MTA3	5	1.16822	2	1.29032
MTCH1	5	1.16822	0	0
MTF1	5	1.16822	1	0.645161
MTFR2	5	1.16822	1	0.645161
MTHFR	5	1.16822	2	1.29032
MTMR14	5	1.16822	0	0
MTMR8	5	1.16822	4	2.58065
MTRF1L	5	1.16822	0	0
MTX1	5	1.16822	0	0
MUC15	5	1.16822	2	1.29032
MYADM	5	1.16822	0	0
MYLK4	5	1.16822	1	0.645161
MYMK	5	1.16822	0	0
MYOC	5	1.16822	3	1.93548
MYOZ1	5	1.16822	4	2.58065
MYOZ3	5	1.16822	1	0.645161
NAA80	5	1.16822	0	0
NAF1	5	1.16822	5	3.22581
NAGLU	5	1.16822	1	0.645161
NAGS	5	1.16822	1	0.645161
NAP1L1	5	1.16822	4	2.58065
NAPB	5	1.16822	0	0
NAPRT	5	1.16822	0	0
NAPSA	5	1.16822	2	1.29032
NARF	5	1.16822	2	1.29032
NARS1	5	1.16822	2	1.29032
NBL1	5	1.16822	0	0
NCF2	5	1.16822	2	1.29032
NCF4	5	1.16822	2	1.29032
NCLN	5	1.16822	0	0
NDUFAF1	5	1.16822	0	0
NDUFB5	5	1.16822	0	0
NDUFS2	5	1.16822	3	1.93548
NDUFV1	5	1.16822	1	0.645161
NECTIN2	5	1.16822	2	1.29032
NEIL3	5	1.16822	2	1.29032
NEK11	5	1.16822	3	1.93548
NEMP1	5	1.16822	2	1.29032
NEU2	5	1.16822	1	0.645161
NEUROG1	5	1.16822	1	0.645161
NEUROG3	5	1.16822	0	0
NFKBID	5	1.16822	0	0
NFYC	5	1.16822	1	0.645161
NGEF	5	1.16822	2	1.29032
NHLH1	5	1.16822	0	0
NKAIN3	5	1.16822	1	0.645161
NKD2	5	1.16822	0	0
NKX3-1	5	1.16822	1	0.645161
NMNAT2	5	1.16822	1	0.645161
NOL12	5	1.16822	0	0
NOL7	5	1.16822	0	0
NOTUM	5	1.16822	0	0
NOX1	5	1.16822	1	0.645161
NOXA1	5	1.16822	2	1.29032
NOXO1	5	1.16822	1	0.645161
NPEPPS	5	1.16822	1	0.645161
NPFFR1	5	1.16822	1	0.645161
NPVF	5	1.16822	0	0
NR1I2	5	1.16822	0	0
NR1I3	5	1.16822	1	0.645161
NRBF2	5	1.16822	1	0.645161
NRF1	5	1.16822	3	1.93548
NRN1	5	1.16822	2	1.29032
NRSN2	5	1.16822	0	0
NSUN5	5	1.16822	0	0
NSUN6	5	1.16822	2	1.29032
NT5E	5	1.16822	1	0.645161
NTAQ1	5	1.16822	0	0
NTHL1	5	1.16822	0	0
NTN5	5	1.16822	0	0
NUCB2	5	1.16822	2	1.29032
NUDC	5	1.16822	1	0.645161
NUP43	5	1.16822	2	1.29032
NUP50	5	1.16822	0	0
NUP62	5	1.16822	0	0
NUP85	5	1.16822	1	0.645161
NXPH3	5	1.16822	1	0.645161
ODF1	5	1.16822	2	1.29032
ODF3	5	1.16822	1	0.645161
ODR4	5	1.16822	1	0.645161
OGG1	5	1.16822	0	0
OLA1	5	1.16822	2	1.29032
OLFM3	5	1.16822	4	2.58065
ONECUT3	5	1.16822	0	0
OPHN1	5	1.16822	1	0.645161
OPN5	5	1.16822	2	1.29032
OR10A4	5	1.16822	1	0.645161
OR10T2	5	1.16822	5	3.22581
OR11H6	5	1.16822	2	1.29032
OR13C5	5	1.16822	1	0.645161
OR13G1	5	1.16822	0	0
OR1B1	5	1.16822	3	1.93548
OR1D2	5	1.16822	0	0
OR1D5	5	1.16822	2	1.29032
OR1F1	5	1.16822	2	1.29032
OR1G1	5	1.16822	5	3.22581
OR1J2	5	1.16822	3	1.93548
OR1J4	5	1.16822	0	0
OR1M1	5	1.16822	3	1.93548
OR1N1	5	1.16822	1	0.645161
OR1S2	5	1.16822	0	0
OR2A4	5	1.16822	1	0.645161
OR2C1	5	1.16822	0	0
OR2F1	5	1.16822	2	1.29032
OR2F2	5	1.16822	0	0
OR2G2	5	1.16822	2	1.29032
OR2K2	5	1.16822	2	1.29032
OR2T3	5	1.16822	1	0.645161
OR2T35	5	1.16822	1	0.645161
OR2T4	5	1.16822	3	1.93548
OR3A3	5	1.16822	0	0
OR4D1	5	1.16822	2	1.29032
OR4D11	5	1.16822	1	0.645161
OR4D6	5	1.16822	2	1.29032
OR4K13	5	1.16822	1	0.645161
OR4K17	5	1.16822	1	0.645161
OR4S2	5	1.16822	1	0.645161
OR51A2	5	1.16822	0	0
OR51B2	5	1.16822	5	3.22581
OR51F2	5	1.16822	2	1.29032
OR51G2	5	1.16822	2	1.29032
OR52B2	5	1.16822	0	0
OR52E8	5	1.16822	2	1.29032
OR52M1	5	1.16822	1	0.645161
OR52R1	5	1.16822	1	0.645161
OR56B1	5	1.16822	0	0
OR5AC2	5	1.16822	2	1.29032
OR5B12	5	1.16822	3	1.93548
OR5J2	5	1.16822	1	0.645161
OR5K4	5	1.16822	2	1.29032
OR5L1	5	1.16822	2	1.29032
OR5P2	5	1.16822	1	0.645161
OR5T3	5	1.16822	3	1.93548
OR6C4	5	1.16822	1	0.645161
OR6C76	5	1.16822	0	0
OR6M1	5	1.16822	5	3.22581
OR6S1	5	1.16822	3	1.93548
OR6X1	5	1.16822	1	0.645161
OR6Y1	5	1.16822	3	1.93548
OR7A5	5	1.16822	3	1.93548
OR7G1	5	1.16822	2	1.29032
OR8B3	5	1.16822	1	0.645161
OR8D2	5	1.16822	2	1.29032
OR8D4	5	1.16822	1	0.645161
OR8S1	5	1.16822	0	0
OR9Q1	5	1.16822	1	0.645161
OSGIN2	5	1.16822	3	1.93548
OSTM1	5	1.16822	0	0
OTOG	5	1.16822	1	0.645161
OTX1	5	1.16822	1	0.645161
P2RX3	5	1.16822	2	1.29032
P2RY14	5	1.16822	3	1.93548
P2RY6	5	1.16822	1	0.645161
PABPC4L	5	1.16822	0	0
PACC1	5	1.16822	3	1.93548
PANK3	5	1.16822	2	1.29032
PAPSS1	5	1.16822	2	1.29032
PAPSS2	5	1.16822	1	0.645161
PAQR4	5	1.16822	0	0
PARP12	5	1.16822	1	0.645161
PBDC1	5	1.16822	0	0
PCBP3	5	1.16822	0	0
PCED1A	5	1.16822	0	0
PCK2	5	1.16822	1	0.645161
PCMTD2	5	1.16822	0	0
PCYT1A	5	1.16822	2	1.29032
PDC	5	1.16822	0	0
PDCD1	5	1.16822	0	0
PDCD4	5	1.16822	3	1.93548
PDCD6	5	1.16822	0	0
PDCL	5	1.16822	1	0.645161
PDCL3	5	1.16822	0	0
PDE12	5	1.16822	1	0.645161
PDHX	5	1.16822	0	0
PDIA4	5	1.16822	1	0.645161
PDIA6	5	1.16822	2	1.29032
PDK1	5	1.16822	3	1.93548
PEBP4	5	1.16822	0	0
PEDS1	5	1.16822	1	0.645161
PEX11G	5	1.16822	0	0
PEX13	5	1.16822	2	1.29032
PEX5	5	1.16822	1	0.645161
PGGHG	5	1.16822	1	0.645161
PGLYRP1	5	1.16822	0	0
PGLYRP3	5	1.16822	0	0
PGM2L1	5	1.16822	2	1.29032
PHETA1	5	1.16822	0	0
PHETA2	5	1.16822	0	0
PHF19	5	1.16822	0	0
PHKG2	5	1.16822	1	0.645161
PHLDA1	5	1.16822	3	1.93548
PHLDB3	5	1.16822	0	0
PHYHD1	5	1.16822	0	0
PI16	5	1.16822	1	0.645161
PI4K2A	5	1.16822	0	0
PIAS2	5	1.16822	3	1.93548
PID1	5	1.16822	0	0
PIF1	5	1.16822	1	0.645161
PIGQ	5	1.16822	1	0.645161
PIGT	5	1.16822	2	1.29032
PIGW	5	1.16822	0	0
PIMREG	5	1.16822	2	1.29032
PIP5KL1	5	1.16822	0	0
PITHD1	5	1.16822	0	0
PKIA	5	1.16822	0	0
PKIB	5	1.16822	0	0
PLAA	5	1.16822	3	1.93548
PLEKHA1	5	1.16822	1	0.645161
PLEKHA3	5	1.16822	3	1.93548
PLEKHF1	5	1.16822	0	0
PLEKHS1	5	1.16822	2	1.29032
PLIN3	5	1.16822	1	0.645161
PLIN5	5	1.16822	0	0
PLP1	5	1.16822	2	1.29032
PLSCR3	5	1.16822	2	1.29032
PM20D2	5	1.16822	1	0.645161
PMEL	5	1.16822	2	1.29032
PNLIPRP2	5	1.16822	0	0
PNMA3	5	1.16822	0	0
PNMA5	5	1.16822	1	0.645161
PNN	5	1.16822	2	1.29032
PNO1	5	1.16822	1	0.645161
PNOC	5	1.16822	1	0.645161
PNP	5	1.16822	1	0.645161
PNPLA1	5	1.16822	1	0.645161
PNPLA2	5	1.16822	0	0
PNRC1	5	1.16822	0	0
POC1A	5	1.16822	0	0
POC1B	5	1.16822	3	1.93548
PODNL1	5	1.16822	0	0
PODXL2	5	1.16822	1	0.645161
POFUT1	5	1.16822	0	0
POLB	5	1.16822	2	1.29032
POLD2	5	1.16822	0	0
POLR1E	5	1.16822	3	1.93548
POLR1G	5	1.16822	1	0.645161
POLR2J	5	1.16822	0	0
POLR3C	5	1.16822	2	1.29032
POMK	5	1.16822	0	0
POPDC2	5	1.16822	2	1.29032
POU3F2	5	1.16822	1	0.645161
POU5F1	5	1.16822	1	0.645161
PPA2	5	1.16822	2	1.29032
PPP1R15A	5	1.16822	3	1.93548
PPP1R2	5	1.16822	3	1.93548
PPP1R21	5	1.16822	2	1.29032
PPP1R42	5	1.16822	2	1.29032
PPP2R1B	5	1.16822	2	1.29032
PPP2R2D	5	1.16822	1	0.645161
PPP2R3C	5	1.16822	2	1.29032
PPP2R5C	5	1.16822	2	1.29032
PPP6C	5	1.16822	3	1.93548
PPT2	5	1.16822	1	0.645161
PRAMEF4	5	1.16822	2	1.29032
PRB2	5	1.16822	2	1.29032
PRB4	5	1.16822	1	0.645161
PRDX6	5	1.16822	2	1.29032
PREB	5	1.16822	1	0.645161
PRICKLE3	5	1.16822	4	2.58065
PRIM2	5	1.16822	2	1.29032
PRKAB1	5	1.16822	2	1.29032
PRKAR1B	5	1.16822	1	0.645161
PRKCA	5	1.16822	2	1.29032
PRMT5	5	1.16822	0	0
PROCR	5	1.16822	1	0.645161
PROSER2	5	1.16822	1	0.645161
PROX2	5	1.16822	1	0.645161
PROZ	5	1.16822	1	0.645161
PRPF19	5	1.16822	0	0
PRPF38A	5	1.16822	3	1.93548
PRPS1L1	5	1.16822	1	0.645161
PRPSAP1	5	1.16822	3	1.93548
PRR19	5	1.16822	1	0.645161
PRR30	5	1.16822	1	0.645161
PRR5L	5	1.16822	1	0.645161
PRSS23	5	1.16822	1	0.645161
PRSS55	5	1.16822	2	1.29032
PRTN3	5	1.16822	0	0
PRXL2A	5	1.16822	3	1.93548
PSEN1	5	1.16822	1	0.645161
PSKH1	5	1.16822	0	0
PSMC5	5	1.16822	4	2.58065
PTDSS2	5	1.16822	1	0.645161
PTGDR2	5	1.16822	0	0
PTN	5	1.16822	2	1.29032
PTPN22	5	1.16822	2	1.29032
PTPRA	5	1.16822	4	2.58065
PTX4	5	1.16822	1	0.645161
PWWP2A	5	1.16822	1	0.645161
PXK	5	1.16822	3	1.93548
RAB3B	5	1.16822	2	1.29032
RAB3D	5	1.16822	0	0
RAB4B	5	1.16822	1	0.645161
RAB6C	5	1.16822	1	0.645161
RAB7A	5	1.16822	1	0.645161
RABEP2	5	1.16822	1	0.645161
RAD51C	5	1.16822	0	0
RALGPS1	5	1.16822	2	1.29032
RARS1	5	1.16822	2	1.29032
RASL11A	5	1.16822	1	0.645161
RBFOX2	5	1.16822	0	0
RBM22	5	1.16822	1	0.645161
RBM34	5	1.16822	2	1.29032
RBM4	5	1.16822	3	1.93548
RBM5	5	1.16822	3	1.93548
RBMS2	5	1.16822	1	0.645161
RBPJ	5	1.16822	3	1.93548
RCAN2	5	1.16822	1	0.645161
RCBTB1	5	1.16822	1	0.645161
RCL1	5	1.16822	2	1.29032
RCOR1	5	1.16822	2	1.29032
RDH5	5	1.16822	0	0
REEP2	5	1.16822	2	1.29032
REEP5	5	1.16822	1	0.645161
REG1A	5	1.16822	2	1.29032
RETREG3	5	1.16822	1	0.645161
REXO4	5	1.16822	2	1.29032
RFPL4B	5	1.16822	2	1.29032
RFTN2	5	1.16822	4	2.58065
RGL1	5	1.16822	5	3.22581
RGMA	5	1.16822	1	0.645161
RGS17	5	1.16822	2	1.29032
RGS18	5	1.16822	1	0.645161
RGS2	5	1.16822	4	2.58065
RGS7BP	5	1.16822	2	1.29032
RHBDL3	5	1.16822	3	1.93548
RHCG	5	1.16822	1	0.645161
RHD	5	1.16822	2	1.29032
RHOBTB2	5	1.16822	3	1.93548
RHOT2	5	1.16822	1	0.645161
RIC8B	5	1.16822	3	1.93548
RIOK2	5	1.16822	2	1.29032
RIOX2	5	1.16822	1	0.645161
RMND1	5	1.16822	0	0
RMND5B	5	1.16822	0	0
RND2	5	1.16822	1	0.645161
RNF113A	5	1.16822	1	0.645161
RNF125	5	1.16822	0	0
RNF126	5	1.16822	1	0.645161
RNF208	5	1.16822	0	0
RNFT1	5	1.16822	0	0
RNFT2	5	1.16822	1	0.645161
RNH1	5	1.16822	0	0
RNMT	5	1.16822	3	1.93548
RNPS1	5	1.16822	1	0.645161
RORA	5	1.16822	1	0.645161
RP2	5	1.16822	4	2.58065
RPAP3	5	1.16822	3	1.93548
RPIA	5	1.16822	0	0
RPL10L	5	1.16822	1	0.645161
RPL28	5	1.16822	2	1.29032
RPP40	5	1.16822	1	0.645161
RPRD1B	5	1.16822	0	0
RRM2	5	1.16822	0	0
RRP15	5	1.16822	0	0
RSKR	5	1.16822	1	0.645161
RSPH3	5	1.16822	0	0
RSRC1	5	1.16822	2	1.29032
RSRC2	5	1.16822	2	1.29032
RTL10	5	1.16822	1	0.645161
RTL4	5	1.16822	1	0.645161
RUNX3	5	1.16822	2	1.29032
RUSF1	5	1.16822	0	0
RWDD1	5	1.16822	1	0.645161
S100PBP	5	1.16822	0	0
SAMD11	5	1.16822	1	0.645161
SAMD12	5	1.16822	1	0.645161
SAMD15	5	1.16822	1	0.645161
SCAMP1	5	1.16822	0	0
SCARA3	5	1.16822	0	0
SCARF1	5	1.16822	0	0
SCGN	5	1.16822	0	0
SCN3B	5	1.16822	2	1.29032
SCP2	5	1.16822	1	0.645161
SDC2	5	1.16822	4	2.58065
SDC3	5	1.16822	2	1.29032
SDR39U1	5	1.16822	0	0
SDR9C7	5	1.16822	1	0.645161
SEC13	5	1.16822	0	0
SELENOM	5	1.16822	0	0
SELENON	5	1.16822	1	0.645161
SELENOP	5	1.16822	1	0.645161
SELPLG	5	1.16822	1	0.645161
SENP3	5	1.16822	0	0
SEPTIN2	5	1.16822	1	0.645161
SEPTIN4	5	1.16822	5	3.22581
SEPTIN5	5	1.16822	0	0
SEPTIN8	5	1.16822	3	1.93548
SERINC2	5	1.16822	0	0
SERINC4	5	1.16822	0	0
SERPINA4	5	1.16822	3	1.93548
SERPINA6	5	1.16822	1	0.645161
SERPINA9	5	1.16822	1	0.645161
SERPINH1	5	1.16822	1	0.645161
SERPINI1	5	1.16822	2	1.29032
SESN1	5	1.16822	0	0
SETD1B	5	1.16822	1	0.645161
SF3A2	5	1.16822	1	0.645161
SFRP2	5	1.16822	1	0.645161
SGCA	5	1.16822	0	0
SGCB	5	1.16822	4	2.58065
SGMS1	5	1.16822	1	0.645161
SH2D5	5	1.16822	0	0
SH3GL1	5	1.16822	1	0.645161
SH3GLB1	5	1.16822	1	0.645161
SHB	5	1.16822	0	0
SHBG	5	1.16822	2	1.29032
SHMT2	5	1.16822	1	0.645161
SHQ1	5	1.16822	4	2.58065
SIAH2	5	1.16822	1	0.645161
SIGLEC12	5	1.16822	3	1.93548
SKIL	5	1.16822	3	1.93548
SLAMF7	5	1.16822	0	0
SLC12A8	5	1.16822	1	0.645161
SLC16A5	5	1.16822	1	0.645161
SLC16A8	5	1.16822	0	0
SLC19A3	5	1.16822	1	0.645161
SLC1A2	5	1.16822	3	1.93548
SLC1A4	5	1.16822	1	0.645161
SLC20A1	5	1.16822	1	0.645161
SLC22A1	5	1.16822	1	0.645161
SLC22A5	5	1.16822	0	0
SLC22A9	5	1.16822	2	1.29032
SLC24A5	5	1.16822	1	0.645161
SLC25A18	5	1.16822	1	0.645161
SLC25A19	5	1.16822	0	0
SLC25A43	5	1.16822	1	0.645161
SLC25A48	5	1.16822	1	0.645161
SLC25A5	5	1.16822	0	0
SLC25A52	5	1.16822	1	0.645161
SLC26A1	5	1.16822	0	0
SLC27A4	5	1.16822	0	0
SLC29A2	5	1.16822	1	0.645161
SLC2A1	5	1.16822	1	0.645161
SLC30A10	5	1.16822	3	1.93548
SLC35B1	5	1.16822	1	0.645161
SLC35D3	5	1.16822	0	0
SLC35F5	5	1.16822	3	1.93548
SLC37A3	5	1.16822	2	1.29032
SLC38A7	5	1.16822	1	0.645161
SLC39A14	5	1.16822	1	0.645161
SLC39A4	5	1.16822	1	0.645161
SLC39A8	5	1.16822	0	0
SLC3A1	5	1.16822	1	0.645161
SLC40A1	5	1.16822	2	1.29032
SLC41A2	5	1.16822	2	1.29032
SLC47A2	5	1.16822	1	0.645161
SLC52A1	5	1.16822	1	0.645161
SLC52A2	5	1.16822	2	1.29032
SLC52A3	5	1.16822	1	0.645161
SLC5A11	5	1.16822	1	0.645161
SLC6A18	5	1.16822	2	1.29032
SLC6A19	5	1.16822	1	0.645161
SLC7A14	5	1.16822	2	1.29032
SLC7A5	5	1.16822	1	0.645161
SLC7A8	5	1.16822	1	0.645161
SLC9A6	5	1.16822	1	0.645161
SLC9B2	5	1.16822	0	0
SMARCE1	5	1.16822	1	0.645161
SMPDL3B	5	1.16822	0	0
SMU1	5	1.16822	0	0
SMYD2	5	1.16822	0	0
SMYD3	5	1.16822	2	1.29032
SMYD4	5	1.16822	1	0.645161
SNRNP48	5	1.16822	2	1.29032
SNRPA	5	1.16822	1	0.645161
SNX10	5	1.16822	1	0.645161
SNX17	5	1.16822	2	1.29032
SOCS3	5	1.16822	0	0
SORD	5	1.16822	2	1.29032
SOX15	5	1.16822	1	0.645161
SOX21	5	1.16822	1	0.645161
SOX3	5	1.16822	0	0
SP8	5	1.16822	1	0.645161
SPACA7	5	1.16822	1	0.645161
SPAG11A	5	1.16822	0	0
SPAG8	5	1.16822	0	0
SPAM1	5	1.16822	6	3.87097
SPATA22	5	1.16822	3	1.93548
SPATS1	5	1.16822	0	0
SPDEF	5	1.16822	0	0
SPESP1	5	1.16822	0	0
SPIB	5	1.16822	1	0.645161
SPINDOC	5	1.16822	0	0
SPIRE1	5	1.16822	1	0.645161
SPN	5	1.16822	1	0.645161
SPPL2A	5	1.16822	0	0
SPRY4	5	1.16822	0	0
SPX	5	1.16822	1	0.645161
SQLE	5	1.16822	3	1.93548
SRF	5	1.16822	0	0
SRPRA	5	1.16822	3	1.93548
SRPX2	5	1.16822	1	0.645161
SRR	5	1.16822	2	1.29032
SRSF1	5	1.16822	0	0
SRSF12	5	1.16822	1	0.645161
SSB	5	1.16822	2	1.29032
SSR1	5	1.16822	0	0
SSTR2	5	1.16822	2	1.29032
SSX5	5	1.16822	1	0.645161
ST3GAL1	5	1.16822	2	1.29032
ST6GAL1	5	1.16822	1	0.645161
ST6GALNAC1	5	1.16822	2	1.29032
ST6GALNAC6	5	1.16822	0	0
ST7	5	1.16822	3	1.93548
ST8SIA2	5	1.16822	2	1.29032
STAC3	5	1.16822	1	0.645161
STAP2	5	1.16822	1	0.645161
STARD3	5	1.16822	0	0
STEAP3	5	1.16822	0	0
STK35	5	1.16822	0	0
STMN4	5	1.16822	0	0
STOML1	5	1.16822	0	0
STRA6	5	1.16822	1	0.645161
STRAP	5	1.16822	1	0.645161
STRC	5	1.16822	2	1.29032
STX12	5	1.16822	0	0
STX2	5	1.16822	2	1.29032
STX3	5	1.16822	2	1.29032
STX7	5	1.16822	1	0.645161
STX8	5	1.16822	3	1.93548
STYX	5	1.16822	1	0.645161
STYXL1	5	1.16822	1	0.645161
SULT4A1	5	1.16822	0	0
SUMF1	5	1.16822	0	0
SURF4	5	1.16822	0	0
SURF6	5	1.16822	1	0.645161
SUV39H1	5	1.16822	1	0.645161
SUZ12	5	1.16822	4	2.58065
SVOP	5	1.16822	0	0
SYCE1	5	1.16822	1	0.645161
SYCE2	5	1.16822	0	0
SYF2	5	1.16822	0	0
SYNC	5	1.16822	1	0.645161
SYT17	5	1.16822	2	1.29032
SYT6	5	1.16822	4	2.58065
SYT7	5	1.16822	1	0.645161
TADA2A	5	1.16822	1	0.645161
TAF1A	5	1.16822	1	0.645161
TAF1B	5	1.16822	0	0
TAF6	5	1.16822	1	0.645161
TAS2R39	5	1.16822	3	1.93548
TAS2R50	5	1.16822	3	1.93548
TAS2R7	5	1.16822	1	0.645161
TAS2R8	5	1.16822	1	0.645161
TAZ	5	1.16822	1	0.645161
TBL3	5	1.16822	0	0
TCN2	5	1.16822	1	0.645161
TCP11L1	5	1.16822	1	0.645161
TCTE1	5	1.16822	2	1.29032
TCTN3	5	1.16822	4	2.58065
TEAD3	5	1.16822	0	0
TEF	5	1.16822	0	0
TEKT1	5	1.16822	3	1.93548
TEPP	5	1.16822	2	1.29032
TES	5	1.16822	0	0
TEX13A	5	1.16822	4	2.58065
TEX45	5	1.16822	0	0
TEX9	5	1.16822	2	1.29032
TFB2M	5	1.16822	0	0
TFCP2	5	1.16822	2	1.29032
TFDP2	5	1.16822	0	0
TGFB1	5	1.16822	1	0.645161
TGFBI	5	1.16822	0	0
THAP4	5	1.16822	0	0
TIGD6	5	1.16822	1	0.645161
TIGIT	5	1.16822	2	1.29032
TIMM22	5	1.16822	1	0.645161
TIMM44	5	1.16822	1	0.645161
TIMP4	5	1.16822	0	0
TINF2	5	1.16822	0	0
TIPARP	5	1.16822	2	1.29032
TKT	5	1.16822	0	0
TKTL1	5	1.16822	1	0.645161
TLX1	5	1.16822	4	2.58065
TLX3	5	1.16822	0	0
TM2D2	5	1.16822	0	0
TM6SF2	5	1.16822	0	0
TMBIM1	5	1.16822	0	0
TMCO4	5	1.16822	2	1.29032
TMCO5A	5	1.16822	1	0.645161
TMEFF1	5	1.16822	6	3.87097
TMEM120A	5	1.16822	0	0
TMEM121	5	1.16822	0	0
TMEM140	5	1.16822	1	0.645161
TMEM156	5	1.16822	2	1.29032
TMEM161A	5	1.16822	0	0
TMEM163	5	1.16822	1	0.645161
TMEM164	5	1.16822	2	1.29032
TMEM184C	5	1.16822	2	1.29032
TMEM192	5	1.16822	1	0.645161
TMEM198	5	1.16822	1	0.645161
TMEM215	5	1.16822	0	0
TMEM217	5	1.16822	1	0.645161
TMEM62	5	1.16822	1	0.645161
TMEM74B	5	1.16822	2	1.29032
TMEM92	5	1.16822	0	0
TMPRSS11E	5	1.16822	3	1.93548
TMPRSS11F	5	1.16822	2	1.29032
TMPRSS5	5	1.16822	1	0.645161
TNFAIP8L2	5	1.16822	1	0.645161
TNFRSF10B	5	1.16822	2	1.29032
TNFRSF13B	5	1.16822	2	1.29032
TNFRSF1A	5	1.16822	2	1.29032
TNFSF14	5	1.16822	2	1.29032
TNMD	5	1.16822	1	0.645161
TNNI1	5	1.16822	0	0
TNNI3K	5	1.16822	0	0
TOLLIP	5	1.16822	0	0
TOM1L1	5	1.16822	0	0
TOR1AIP2	5	1.16822	1	0.645161
TOR1B	5	1.16822	0	0
TP53I11	5	1.16822	0	0
TP53INP1	5	1.16822	1	0.645161
TPM1	5	1.16822	0	0
TPPP2	5	1.16822	1	0.645161
TRAF3IP2	5	1.16822	5	3.22581
TRIM10	5	1.16822	2	1.29032
TRIM13	5	1.16822	2	1.29032
TRIM47	5	1.16822	0	0
TRIM48	5	1.16822	2	1.29032
TRIM63	5	1.16822	1	0.645161
TRIM75P	5	1.16822	2	1.29032
TRIP13	5	1.16822	0	0
TRIT1	5	1.16822	1	0.645161
TRMT10C	5	1.16822	2	1.29032
TRNT1	5	1.16822	3	1.93548
TSC22D2	5	1.16822	1	0.645161
TSEN2	5	1.16822	1	0.645161
TSLP	5	1.16822	0	0
TSPAN14	5	1.16822	0	0
TSPAN17	5	1.16822	0	0
TSPAN18	5	1.16822	1	0.645161
TSR1	5	1.16822	4	2.58065
TSTD2	5	1.16822	1	0.645161
TTC38	5	1.16822	1	0.645161
TTLL10	5	1.16822	0	0
TTLL13P	5	1.16822	1	0.645161
TUFT1	5	1.16822	1	0.645161
TULP3	5	1.16822	1	0.645161
TWF1	5	1.16822	2	1.29032
TXNDC16	5	1.16822	1	0.645161
TXNIP	5	1.16822	2	1.29032
TXNL1	5	1.16822	1	0.645161
TYRP1	5	1.16822	2	1.29032
U2AF2	5	1.16822	2	1.29032
UBA3	5	1.16822	1	0.645161
UBA5	5	1.16822	1	0.645161
UBAC1	5	1.16822	2	1.29032
UBE2K	5	1.16822	2	1.29032
UBE2L3	5	1.16822	0	0
UBFD1	5	1.16822	1	0.645161
UBR7	5	1.16822	3	1.93548
UBXN11	5	1.16822	2	1.29032
UBXN8	5	1.16822	0	0
UEVLD	5	1.16822	2	1.29032
UFSP1	5	1.16822	0	0
UGCG	5	1.16822	0	0
UGT1A3	5	1.16822	0	0
UGT1A8	5	1.16822	2	1.29032
UNG	5	1.16822	0	0
UPB1	5	1.16822	3	1.93548
UQCRC1	5	1.16822	2	1.29032
USP12	5	1.16822	1	0.645161
USP22	5	1.16822	0	0
USP30	5	1.16822	3	1.93548
USP37	5	1.16822	2	1.29032
USP49	5	1.16822	1	0.645161
UTP18	5	1.16822	0	0
UTS2R	5	1.16822	0	0
UTY	5	1.16822	1	0.645161
VAX2	5	1.16822	2	1.29032
VDAC2	5	1.16822	0	0
VEGFD	5	1.16822	2	1.29032
VEZF1	5	1.16822	0	0
VGF	5	1.16822	1	0.645161
VIPAS39	5	1.16822	2	1.29032
VMO1	5	1.16822	0	0
VPS26C	5	1.16822	1	0.645161
VPS28	5	1.16822	0	0
VPS39	5	1.16822	1	0.645161
VSIG8	5	1.16822	0	0
VSTM1	5	1.16822	1	0.645161
VSTM2L	5	1.16822	0	0
VTCN1	5	1.16822	1	0.645161
VTI1A	5	1.16822	0	0
WASF1	5	1.16822	4	2.58065
WDFY2	5	1.16822	3	1.93548
WDR24	5	1.16822	1	0.645161
WDR27	5	1.16822	0	0
WDR48	5	1.16822	0	0
WDR53	5	1.16822	1	0.645161
WDR61	5	1.16822	0	0
WDR92	5	1.16822	1	0.645161
WLS	5	1.16822	2	1.29032
WNT10A	5	1.16822	0	0
WTAP	5	1.16822	1	0.645161
XCR1	5	1.16822	4	2.58065
XPC	5	1.16822	2	1.29032
XRRA1	5	1.16822	3	1.93548
XYLB	5	1.16822	2	1.29032
YIPF7	5	1.16822	1	0.645161
YY2	5	1.16822	0	0
ZBTB1	5	1.16822	2	1.29032
ZBTB10	5	1.16822	0	0
ZBTB2	5	1.16822	0	0
ZBTB25	5	1.16822	0	0
ZBTB32	5	1.16822	1	0.645161
ZBTB34	5	1.16822	1	0.645161
ZBTB45	5	1.16822	1	0.645161
ZC3H10	5	1.16822	0	0
ZCCHC13	5	1.16822	0	0
ZCCHC9	5	1.16822	1	0.645161
ZDHHC1	5	1.16822	1	0.645161
ZDHHC9	5	1.16822	1	0.645161
ZFY	5	1.16822	1	0.645161
ZFYVE19	5	1.16822	0	0
ZNF165	5	1.16822	2	1.29032
ZNF182	5	1.16822	3	1.93548
ZNF2	5	1.16822	1	0.645161
ZNF215	5	1.16822	3	1.93548
ZNF222	5	1.16822	1	0.645161
ZNF268	5	1.16822	0	0
ZNF274	5	1.16822	0	0
ZNF280C	5	1.16822	5	3.22581
ZNF3	5	1.16822	3	1.93548
ZNF32	5	1.16822	0	0
ZNF410	5	1.16822	0	0
ZNF426	5	1.16822	3	1.93548
ZNF441	5	1.16822	2	1.29032
ZNF469	5	1.16822	2	1.29032
ZNF48	5	1.16822	1	0.645161
ZNF506	5	1.16822	3	1.93548
ZNF565	5	1.16822	1	0.645161
ZNF584	5	1.16822	1	0.645161
ZNF620	5	1.16822	1	0.645161
ZNF655	5	1.16822	1	0.645161
ZNF662	5	1.16822	1	0.645161
ZNF664	5	1.16822	1	0.645161
ZNF681	5	1.16822	1	0.645161
ZNF695	5	1.16822	1	0.645161
ZNF697	5	1.16822	0	0
ZNF707	5	1.16822	0	0
ZNF710	5	1.16822	2	1.29032
ZNF75A	5	1.16822	0	0
ZNF81	5	1.16822	3	1.93548
ZNF880	5	1.16822	2	1.29032
ZPBP2	5	1.16822	0	0
ZSCAN25	5	1.16822	3	1.93548
ZSWIM1	5	1.16822	0	0
ZXDC	5	1.16822	2	1.29032
A4GNT	4	0.934579	4	2.58065
AAR2	4	0.934579	0	0
AASDHPPT	4	0.934579	2	1.29032
AATF	4	0.934579	1	0.645161
ABHD13	4	0.934579	1	0.645161
ABHD4	4	0.934579	0	0
ABHD6	4	0.934579	1	0.645161
ABHD8	4	0.934579	0	0
ABI1	4	0.934579	1	0.645161
ABI2	4	0.934579	2	1.29032
ABRA	4	0.934579	2	1.29032
ABRAXAS2	4	0.934579	1	0.645161
AC004593.2	4	0.934579	2	1.29032
AC013477.1	4	0.934579	1	0.645161
AC018630.4	4	0.934579	0	0
AC068580.4	4	0.934579	1	0.645161
AC139530.2	4	0.934579	0	0
AC231657.3	4	0.934579	0	0
ACAD8	4	0.934579	1	0.645161
ACADM	4	0.934579	5	3.22581
ACBD3	4	0.934579	3	1.93548
ACCS	4	0.934579	3	1.93548
ACP3	4	0.934579	2	1.29032
ACRV1	4	0.934579	2	1.29032
ACTC1	4	0.934579	0	0
ACTR10	4	0.934579	2	1.29032
ACTR1A	4	0.934579	1	0.645161
ACTR3	4	0.934579	2	1.29032
ACTR8	4	0.934579	3	1.93548
ACTRT3	4	0.934579	1	0.645161
ADH5	4	0.934579	3	1.93548
ADM2	4	0.934579	0	0
ADORA3	4	0.934579	0	0
ADPRHL1	4	0.934579	2	1.29032
ADRA2A	4	0.934579	0	0
ADRB1	4	0.934579	2	1.29032
ADSS2	4	0.934579	2	1.29032
AGAP4	4	0.934579	1	0.645161
AGK	4	0.934579	2	1.29032
AGMAT	4	0.934579	5	3.22581
AGPS	4	0.934579	1	0.645161
AIRE	4	0.934579	0	0
AJUBA	4	0.934579	0	0
AK1	4	0.934579	1	0.645161
AKAP10	4	0.934579	2	1.29032
AKIRIN2	4	0.934579	2	1.29032
AKR1C4	4	0.934579	1	0.645161
AKR1D1	4	0.934579	2	1.29032
AKR1E2	4	0.934579	1	0.645161
AKT2	4	0.934579	1	0.645161
AL031777.2	4	0.934579	0	0
ALAD	4	0.934579	1	0.645161
ALDH7A1	4	0.934579	2	1.29032
ALG2	4	0.934579	0	0
ALKBH5	4	0.934579	1	0.645161
ALOX15	4	0.934579	1	0.645161
ALPG	4	0.934579	2	1.29032
AMFR	4	0.934579	1	0.645161
AMH	4	0.934579	0	0
AMY1C	4	0.934579	0	0
AMY2B	4	0.934579	5	3.22581
AMZ2	4	0.934579	1	0.645161
ANAPC4	4	0.934579	4	2.58065
ANKH	4	0.934579	0	0
ANKRD2	4	0.934579	0	0
ANKRD20A1	4	0.934579	1	0.645161
ANKRD34B	4	0.934579	2	1.29032
AP1S3	4	0.934579	0	0
AP3M1	4	0.934579	0	0
AP5B1	4	0.934579	1	0.645161
AP5S1	4	0.934579	0	0
APCS	4	0.934579	0	0
APEX1	4	0.934579	1	0.645161
APEX2	4	0.934579	2	1.29032
APH1B	4	0.934579	1	0.645161
APOBEC2	4	0.934579	1	0.645161
APOE	4	0.934579	0	0
APOL6	4	0.934579	1	0.645161
AQP1	4	0.934579	0	0
ARF1	4	0.934579	1	0.645161
ARF4	4	0.934579	2	1.29032
ARHGAP1	4	0.934579	1	0.645161
ARHGEF16	4	0.934579	0	0
ARHGEF33	4	0.934579	2	1.29032
ARHGEF39	4	0.934579	0	0
ARIH2	4	0.934579	2	1.29032
ARL10	4	0.934579	0	0
ARL13A	4	0.934579	2	1.29032
ARL14	4	0.934579	0	0
ARMCX3	4	0.934579	2	1.29032
ARMCX5-GPRASP2	4	0.934579	2	1.29032
ARRDC2	4	0.934579	1	0.645161
ARSH	4	0.934579	0	0
ARX	4	0.934579	1	0.645161
ASAH2B	4	0.934579	0	0
ASB4	4	0.934579	2	1.29032
ASB8	4	0.934579	0	0
ASB9	4	0.934579	1	0.645161
ATF1	4	0.934579	1	0.645161
ATG13	4	0.934579	2	1.29032
ATG14	4	0.934579	0	0
ATG4A	4	0.934579	2	1.29032
ATG4C	4	0.934579	3	1.93548
ATG7	4	0.934579	2	1.29032
ATP1B1	4	0.934579	0	0
ATP1B3	4	0.934579	1	0.645161
ATP4B	4	0.934579	0	0
ATP6V0A2	4	0.934579	4	2.58065
ATXN10	4	0.934579	3	1.93548
ATXN3	4	0.934579	1	0.645161
AUH	4	0.934579	0	0
AZIN2	4	0.934579	0	0
B3GNT3	4	0.934579	1	0.645161
B3GNT5	4	0.934579	0	0
B3GNT8	4	0.934579	0	0
B4GALT7	4	0.934579	1	0.645161
B9D2	4	0.934579	0	0
BAG2	4	0.934579	0	0
BAIAP2L2	4	0.934579	1	0.645161
BAK1	4	0.934579	0	0
BAMBI	4	0.934579	2	1.29032
BBOF1	4	0.934579	2	1.29032
BBS10	4	0.934579	3	1.93548
BCAS2	4	0.934579	1	0.645161
BCCIP	4	0.934579	0	0
BCL2L1	4	0.934579	1	0.645161
BCL2L11	4	0.934579	1	0.645161
BCL2L2	4	0.934579	1	0.645161
BCL7C	4	0.934579	0	0
BCLAF3	4	0.934579	1	0.645161
BCS1L	4	0.934579	0	0
BDKRB2	4	0.934579	3	1.93548
BDNF	4	0.934579	2	1.29032
BEND7	4	0.934579	1	0.645161
BHLHE40	4	0.934579	0	0
BLOC1S2	4	0.934579	2	1.29032
BMP6	4	0.934579	0	0
BMT2	4	0.934579	1	0.645161
BNIP2	4	0.934579	0	0
BNIPL	4	0.934579	1	0.645161
BOD1	4	0.934579	0	0
BPI	4	0.934579	3	1.93548
BPIFB3	4	0.934579	3	1.93548
BRAP	4	0.934579	1	0.645161
BRD9	4	0.934579	1	0.645161
BROX	4	0.934579	1	0.645161
BSDC1	4	0.934579	0	0
BST1	4	0.934579	0	0
BTBD1	4	0.934579	3	1.93548
BTD	4	0.934579	0	0
BTN3A2	4	0.934579	3	1.93548
BUB3	4	0.934579	0	0
C10orf88	4	0.934579	1	0.645161
C11orf1	4	0.934579	1	0.645161
C11orf24	4	0.934579	0	0
C11orf49	4	0.934579	2	1.29032
C11orf54	4	0.934579	1	0.645161
C11orf65	4	0.934579	3	1.93548
C11orf68	4	0.934579	0	0
C12orf56	4	0.934579	3	1.93548
C14orf28	4	0.934579	1	0.645161
C16orf71	4	0.934579	2	1.29032
C16orf89	4	0.934579	1	0.645161
C16orf96	4	0.934579	1	0.645161
C17orf58	4	0.934579	0	0
C17orf80	4	0.934579	2	1.29032
C18orf25	4	0.934579	1	0.645161
C19orf18	4	0.934579	3	1.93548
C19orf47	4	0.934579	0	0
C1QA	4	0.934579	1	0.645161
C1QC	4	0.934579	0	0
C1orf115	4	0.934579	0	0
C1orf56	4	0.934579	1	0.645161
C1orf74	4	0.934579	2	1.29032
C2orf15	4	0.934579	2	1.29032
C2orf66	4	0.934579	0	0
C4A	4	0.934579	1	0.645161
C4B	4	0.934579	1	0.645161
C4BPA	4	0.934579	6	3.87097
C6orf136	4	0.934579	1	0.645161
C7orf26	4	0.934579	0	0
C9orf64	4	0.934579	1	0.645161
C9orf78	4	0.934579	1	0.645161
CA4	4	0.934579	0	0
CABP7	4	0.934579	0	0
CACNG4	4	0.934579	1	0.645161
CALCOCO1	4	0.934579	1	0.645161
CALCOCO2	4	0.934579	1	0.645161
CALHM6	4	0.934579	1	0.645161
CALU	4	0.934579	1	0.645161
CAMKK1	4	0.934579	2	1.29032
CAMKMT	4	0.934579	0	0
CANX	4	0.934579	0	0
CAPG	4	0.934579	0	0
CAPN11	4	0.934579	1	0.645161
CAPZA1	4	0.934579	1	0.645161
CARD8	4	0.934579	1	0.645161
CATIP	4	0.934579	2	1.29032
CAV2	4	0.934579	0	0
CBLN1	4	0.934579	1	0.645161
CCDC103	4	0.934579	1	0.645161
CCDC106	4	0.934579	2	1.29032
CCDC113	4	0.934579	1	0.645161
CCDC114	4	0.934579	1	0.645161
CCDC117	4	0.934579	3	1.93548
CCDC142	4	0.934579	0	0
CCDC183	4	0.934579	2	1.29032
CCDC190	4	0.934579	1	0.645161
CCDC197	4	0.934579	1	0.645161
CCDC3	4	0.934579	3	1.93548
CCDC51	4	0.934579	1	0.645161
CCDC65	4	0.934579	2	1.29032
CCDC90B	4	0.934579	1	0.645161
CCDC97	4	0.934579	1	0.645161
CCNA2	4	0.934579	1	0.645161
CCNB2	4	0.934579	0	0
CCNDBP1	4	0.934579	2	1.29032
CCNYL1	4	0.934579	0	0
CCR10	4	0.934579	1	0.645161
CCR4	4	0.934579	2	1.29032
CCR8	4	0.934579	0	0
CCRL2	4	0.934579	1	0.645161
CCSAP	4	0.934579	0	0
CCZ1B	4	0.934579	1	0.645161
CD177	4	0.934579	2	1.29032
CD1D	4	0.934579	2	1.29032
CD200	4	0.934579	2	1.29032
CD27	4	0.934579	0	0
CD320	4	0.934579	0	0
CD33	4	0.934579	2	1.29032
CD38	4	0.934579	1	0.645161
CD44	4	0.934579	2	1.29032
CD46	4	0.934579	1	0.645161
CD47	4	0.934579	1	0.645161
CD48	4	0.934579	1	0.645161
CD55	4	0.934579	0	0
CD7	4	0.934579	0	0
CD79A	4	0.934579	0	0
CD79B	4	0.934579	0	0
CD8B	4	0.934579	0	0
CD9	4	0.934579	0	0
CDCA8	4	0.934579	0	0
CDH15	4	0.934579	2	1.29032
CDK5RAP3	4	0.934579	1	0.645161
CDO1	4	0.934579	1	0.645161
CELA2B	4	0.934579	0	0
CELA3B	4	0.934579	0	0
CELF1	4	0.934579	1	0.645161
CELF6	4	0.934579	0	0
CENPBD1	4	0.934579	1	0.645161
CENPQ	4	0.934579	1	0.645161
CENPV	4	0.934579	0	0
CEP43	4	0.934579	1	0.645161
CEP57L1	4	0.934579	1	0.645161
CEP85	4	0.934579	1	0.645161
CES2	4	0.934579	0	0
CETN1	4	0.934579	4	2.58065
CFAP20	4	0.934579	0	0
CFAP92	4	0.934579	0	0
CFL1	4	0.934579	0	0
CFP	4	0.934579	1	0.645161
CGA	4	0.934579	1	0.645161
CHAC1	4	0.934579	1	0.645161
CHAF1B	4	0.934579	1	0.645161
CHIC2	4	0.934579	0	0
CHKA	4	0.934579	3	1.93548
CHKB	4	0.934579	0	0
CHMP6	4	0.934579	0	0
CHRFAM7A	4	0.934579	0	0
CIDEC	4	0.934579	0	0
CLDN12	4	0.934579	1	0.645161
CLEC18C	4	0.934579	0	0
CLEC1A	4	0.934579	3	1.93548
CLEC4A	4	0.934579	1	0.645161
CLEC4E	4	0.934579	3	1.93548
CLECL1	4	0.934579	0	0
CLHC1	4	0.934579	2	1.29032
CLPTM1L	4	0.934579	0	0
CMA1	4	0.934579	0	0
CMC1	4	0.934579	0	0
CMSS1	4	0.934579	1	0.645161
CMTM1	4	0.934579	0	0
CNMD	4	0.934579	3	1.93548
CNRIP1	4	0.934579	0	0
CNTF	4	0.934579	1	0.645161
COA8	4	0.934579	1	0.645161
COASY	4	0.934579	1	0.645161
COL10A1	4	0.934579	0	0
COPE	4	0.934579	0	0
COPS4	4	0.934579	1	0.645161
COQ4	4	0.934579	0	0
COQ7	4	0.934579	1	0.645161
CORO2A	4	0.934579	0	0
COTL1	4	0.934579	0	0
COX18	4	0.934579	4	2.58065
COX6A2	4	0.934579	0	0
CPA3	4	0.934579	1	0.645161
CPA6	4	0.934579	2	1.29032
CPLX4	4	0.934579	1	0.645161
CPN2	4	0.934579	0	0
CPNE1	4	0.934579	0	0
CREB3L2	4	0.934579	1	0.645161
CREB3L3	4	0.934579	3	1.93548
CREBZF	4	0.934579	1	0.645161
CROCC2	4	0.934579	1	0.645161
CRX	4	0.934579	4	2.58065
CRYGB	4	0.934579	1	0.645161
CRYGC	4	0.934579	0	0
CSF1	4	0.934579	1	0.645161
CSF3	4	0.934579	1	0.645161
CSN1S1	4	0.934579	0	0
CSN3	4	0.934579	0	0
CSNK1G1	4	0.934579	2	1.29032
CST11	4	0.934579	1	0.645161
CST4	4	0.934579	0	0
CTAGE6	4	0.934579	4	2.58065
CTBP2	4	0.934579	0	0
CTDNEP1	4	0.934579	1	0.645161
CTDSP1	4	0.934579	0	0
CTHRC1	4	0.934579	1	0.645161
CTLA4	4	0.934579	1	0.645161
CTNNAL1	4	0.934579	3	1.93548
CTRL	4	0.934579	1	0.645161
CTSO	4	0.934579	2	1.29032
CUEDC2	4	0.934579	1	0.645161
CWC25	4	0.934579	0	0
CX3CL1	4	0.934579	1	0.645161
CXCL9	4	0.934579	1	0.645161
CXCR3	4	0.934579	1	0.645161
CXorf65	4	0.934579	0	0
CYB5R3	4	0.934579	1	0.645161
CYGB	4	0.934579	1	0.645161
CYP27A1	4	0.934579	0	0
CYP2U1	4	0.934579	2	1.29032
CYRIB	4	0.934579	2	1.29032
CYTH1	4	0.934579	2	1.29032
CYTH2	4	0.934579	0	0
CZIB	4	0.934579	1	0.645161
DALRD3	4	0.934579	0	0
DAOA	4	0.934579	0	0
DAP3	4	0.934579	1	0.645161
DBNL	4	0.934579	0	0
DCAF8	4	0.934579	2	1.29032
DCTN4	4	0.934579	0	0
DCUN1D1	4	0.934579	2	1.29032
DDAH1	4	0.934579	0	0
DDHD1	4	0.934579	3	1.93548
DDIT3	4	0.934579	0	0
DDX28	4	0.934579	3	1.93548
DDX39A	4	0.934579	0	0
DDX5	4	0.934579	1	0.645161
DDX53	4	0.934579	1	0.645161
DEDD	4	0.934579	1	0.645161
DEF8	4	0.934579	1	0.645161
DEGS2	4	0.934579	0	0
DENND6B	4	0.934579	0	0
DEPDC1B	4	0.934579	1	0.645161
DFFA	4	0.934579	2	1.29032
DFFB	4	0.934579	0	0
DGLUCY	4	0.934579	1	0.645161
DHCR7	4	0.934579	1	0.645161
DHFR2	4	0.934579	2	1.29032
DHRS1	4	0.934579	0	0
DHRS7	4	0.934579	0	0
DKK3	4	0.934579	2	1.29032
DLK2	4	0.934579	1	0.645161
DLL4	4	0.934579	2	1.29032
DLST	4	0.934579	1	0.645161
DMKN	4	0.934579	3	1.93548
DMRTA1	4	0.934579	2	1.29032
DNAJB11	4	0.934579	0	0
DNAJB4	4	0.934579	0	0
DNAJC18	4	0.934579	1	0.645161
DNAJC27	4	0.934579	0	0
DNAJC5G	4	0.934579	1	0.645161
DNASE2	4	0.934579	0	0
DNASE2B	4	0.934579	1	0.645161
DNTTIP1	4	0.934579	0	0
DOK2	4	0.934579	0	0
DONSON	4	0.934579	2	1.29032
DPEP3	4	0.934579	1	0.645161
DPY30	4	0.934579	0	0
DQX1	4	0.934579	2	1.29032
DRAXIN	4	0.934579	1	0.645161
DRD3	4	0.934579	2	1.29032
DRG1	4	0.934579	1	0.645161
DRG2	4	0.934579	0	0
DRICH1	4	0.934579	0	0
DTNBP1	4	0.934579	0	0
DTX3	4	0.934579	1	0.645161
DUS1L	4	0.934579	1	0.645161
DUSP10	4	0.934579	1	0.645161
DUSP12	4	0.934579	1	0.645161
DUSP3	4	0.934579	1	0.645161
DUSP5	4	0.934579	1	0.645161
DUSP8	4	0.934579	1	0.645161
DYDC2	4	0.934579	1	0.645161
DYNAP	4	0.934579	0	0
DYRK2	4	0.934579	1	0.645161
E2F2	4	0.934579	0	0
EBNA1BP2	4	0.934579	2	1.29032
EDN1	4	0.934579	0	0
EED	4	0.934579	0	0
EEF2KMT	4	0.934579	0	0
EGLN1	4	0.934579	2	1.29032
EGLN3	4	0.934579	0	0
EIF2AK2	4	0.934579	0	0
EIF2B4	4	0.934579	0	0
EIF2D	4	0.934579	1	0.645161
EIF3F	4	0.934579	1	0.645161
EIF3H	4	0.934579	1	0.645161
EIF3I	4	0.934579	0	0
EIF3M	4	0.934579	0	0
EIF5	4	0.934579	1	0.645161
ELAC1	4	0.934579	2	1.29032
ELOVL3	4	0.934579	1	0.645161
ELOVL5	4	0.934579	0	0
ELP3	4	0.934579	1	0.645161
ELP5	4	0.934579	2	1.29032
ELP6	4	0.934579	1	0.645161
EMC2	4	0.934579	2	1.29032
EMC3	4	0.934579	0	0
EMILIN3	4	0.934579	2	1.29032
EMX2	4	0.934579	2	1.29032
ENDOG	4	0.934579	0	0
EPPIN	4	0.934579	1	0.645161
ERAL1	4	0.934579	0	0
ERCC1	4	0.934579	0	0
ERG28	4	0.934579	0	0
ERVW-1	4	0.934579	2	1.29032
ESD	4	0.934579	1	0.645161
ETF1	4	0.934579	2	1.29032
ETFB	4	0.934579	0	0
ETFDH	4	0.934579	1	0.645161
ETV3	4	0.934579	1	0.645161
EVA1A	4	0.934579	2	1.29032
EVI2B	4	0.934579	1	0.645161
EXOSC3	4	0.934579	0	0
EYA3	4	0.934579	1	0.645161
F12	4	0.934579	1	0.645161
FABP6	4	0.934579	0	0
FAH	4	0.934579	2	1.29032
FAM110D	4	0.934579	0	0
FAM117A	4	0.934579	1	0.645161
FAM122C	4	0.934579	1	0.645161
FAM124B	4	0.934579	0	0
FAM126B	4	0.934579	3	1.93548
FAM131C	4	0.934579	1	0.645161
FAM151B	4	0.934579	1	0.645161
FAM162B	4	0.934579	1	0.645161
FAM167A	4	0.934579	2	1.29032
FAM167B	4	0.934579	0	0
FAM174A	4	0.934579	1	0.645161
FAM178B	4	0.934579	0	0
FAM209A	4	0.934579	0	0
FAM216A	4	0.934579	1	0.645161
FAM53C	4	0.934579	1	0.645161
FAM71E1	4	0.934579	1	0.645161
FAM71F1	4	0.934579	0	0
FAM81A	4	0.934579	2	1.29032
FAM83A	4	0.934579	1	0.645161
FAM83F	4	0.934579	0	0
FAM8A1	4	0.934579	0	0
FANK1	4	0.934579	1	0.645161
FASLG	4	0.934579	1	0.645161
FATE1	4	0.934579	1	0.645161
FBLN5	4	0.934579	2	1.29032
FBXL16	4	0.934579	1	0.645161
FBXL6	4	0.934579	1	0.645161
FBXO27	4	0.934579	0	0
FBXO44	4	0.934579	0	0
FBXO6	4	0.934579	1	0.645161
FCGR1A	4	0.934579	1	0.645161
FCGR3A	4	0.934579	2	1.29032
FCRLA	4	0.934579	3	1.93548
FCRLB	4	0.934579	1	0.645161
FECH	4	0.934579	1	0.645161
FEZ2	4	0.934579	2	1.29032
FFAR2	4	0.934579	2	1.29032
FGF1	4	0.934579	0	0
FGF17	4	0.934579	1	0.645161
FGF2	4	0.934579	0	0
FGF9	4	0.934579	1	0.645161
FGFBP1	4	0.934579	0	0
FIBIN	4	0.934579	0	0
FIGNL2	4	0.934579	0	0
FKBP5	4	0.934579	2	1.29032
FKRP	4	0.934579	0	0
FLOT2	4	0.934579	0	0
FN3K	4	0.934579	2	1.29032
FNDC11	4	0.934579	0	0
FOS	4	0.934579	2	1.29032
FOXD4	4	0.934579	0	0
FOXD4L6	4	0.934579	1	0.645161
FOXJ2	4	0.934579	2	1.29032
FOXJ3	4	0.934579	3	1.93548
FOXK2	4	0.934579	1	0.645161
FOXP3	4	0.934579	2	1.29032
FOXR2	4	0.934579	1	0.645161
FPGS	4	0.934579	0	0
FRG2B	4	0.934579	1	0.645161
FRMD5	4	0.934579	1	0.645161
FRZB	4	0.934579	2	1.29032
FTHL17	4	0.934579	2	1.29032
FUCA1	4	0.934579	1	0.645161
FUZ	4	0.934579	1	0.645161
FZD4	4	0.934579	2	1.29032
FZD5	4	0.934579	0	0
G6PC	4	0.934579	0	0
GABPB1	4	0.934579	2	1.29032
GABPB2	4	0.934579	2	1.29032
GADD45GIP1	4	0.934579	0	0
GAL3ST1	4	0.934579	1	0.645161
GALNT1	4	0.934579	1	0.645161
GALNT16	4	0.934579	4	2.58065
GALR2	4	0.934579	0	0
GARS1	4	0.934579	0	0
GAS2	4	0.934579	1	0.645161
GATA4	4	0.934579	1	0.645161
GATA6	4	0.934579	0	0
GBX2	4	0.934579	0	0
GC	4	0.934579	1	0.645161
GCG	4	0.934579	1	0.645161
GCNT3	4	0.934579	2	1.29032
GCOM1	4	0.934579	3	1.93548
GDA	4	0.934579	0	0
GDF7	4	0.934579	0	0
GDPD1	4	0.934579	0	0
GDPGP1	4	0.934579	0	0
GET1-SH3BGR	4	0.934579	1	0.645161
GFOD1	4	0.934579	1	0.645161
GFRA4	4	0.934579	0	0
GGH	4	0.934579	0	0
GGPS1	4	0.934579	2	1.29032
GGT1	4	0.934579	0	0
GH2	4	0.934579	1	0.645161
GHDC	4	0.934579	2	1.29032
GIMAP5	4	0.934579	1	0.645161
GIMAP6	4	0.934579	1	0.645161
GINS3	4	0.934579	1	0.645161
GKN1	4	0.934579	0	0
GLCCI1	4	0.934579	3	1.93548
GLDN	4	0.934579	1	0.645161
GLIS2	4	0.934579	1	0.645161
GLS	4	0.934579	0	0
GLT1D1	4	0.934579	1	0.645161
GLUL	4	0.934579	2	1.29032
GLYATL1	4	0.934579	1	0.645161
GMCL1	4	0.934579	2	1.29032
GMPR2	4	0.934579	2	1.29032
GNA15	4	0.934579	2	1.29032
GNAI1	4	0.934579	2	1.29032
GNAI3	4	0.934579	1	0.645161
GNAL	4	0.934579	2	1.29032
GNAT2	4	0.934579	2	1.29032
GNB1	4	0.934579	2	1.29032
GNPTG	4	0.934579	1	0.645161
GOLGA6A	4	0.934579	3	1.93548
GOLPH3	4	0.934579	1	0.645161
GOLT1B	4	0.934579	1	0.645161
GOSR1	4	0.934579	1	0.645161
GPATCH1	4	0.934579	1	0.645161
GPATCH2	4	0.934579	3	1.93548
GPN2	4	0.934579	0	0
GPR107	4	0.934579	0	0
GPR119	4	0.934579	1	0.645161
GPR146	4	0.934579	0	0
GPR150	4	0.934579	0	0
GPR157	4	0.934579	2	1.29032
GPR25	4	0.934579	0	0
GPR63	4	0.934579	2	1.29032
GPR82	4	0.934579	1	0.645161
GPR84	4	0.934579	1	0.645161
GPRC5B	4	0.934579	1	0.645161
GPRIN2	4	0.934579	1	0.645161
GPSM1	4	0.934579	0	0
GPSM3	4	0.934579	0	0
GPX1	4	0.934579	0	0
GPX2	4	0.934579	0	0
GRAMD2B	4	0.934579	0	0
GRHL1	4	0.934579	2	1.29032
GRPR	4	0.934579	1	0.645161
GSC	4	0.934579	0	0
GSS	4	0.934579	0	0
GSTA1	4	0.934579	1	0.645161
GSTA5	4	0.934579	1	0.645161
GTF2H3	4	0.934579	0	0
GTF3C6	4	0.934579	0	0
GTPBP6	4	0.934579	0	0
GTPBP8	4	0.934579	4	2.58065
GYPB	4	0.934579	1	0.645161
GYPC	4	0.934579	0	0
GZMB	4	0.934579	1	0.645161
H1-1	4	0.934579	0	0
H1-5	4	0.934579	4	2.58065
H2AC6	4	0.934579	0	0
H2BC18	4	0.934579	0	0
H2BC5	4	0.934579	0	0
H3C11	4	0.934579	0	0
H3C4	4	0.934579	0	0
H3C6	4	0.934579	1	0.645161
H4-16	4	0.934579	0	0
H4C12	4	0.934579	0	0
H4C13	4	0.934579	0	0
H4C4	4	0.934579	0	0
H4C7	4	0.934579	0	0
H4C8	4	0.934579	0	0
HACD3	4	0.934579	0	0
HACD4	4	0.934579	0	0
HACL1	4	0.934579	1	0.645161
HAGH	4	0.934579	0	0
HAUS8	4	0.934579	1	0.645161
HAX1	4	0.934579	1	0.645161
HBG2	4	0.934579	0	0
HBP1	4	0.934579	2	1.29032
HCAR2	4	0.934579	1	0.645161
HDHD3	4	0.934579	1	0.645161
HELT	4	0.934579	0	0
HEMGN	4	0.934579	4	2.58065
HERPUD1	4	0.934579	1	0.645161
HEY1	4	0.934579	3	1.93548
HGH1	4	0.934579	1	0.645161
HINT3	4	0.934579	0	0
HLA-DMA	4	0.934579	0	0
HMOX2	4	0.934579	1	0.645161
HNRNPH3	4	0.934579	1	0.645161
HNRNPLL	4	0.934579	0	0
HOXB1	4	0.934579	2	1.29032
HOXC12	4	0.934579	0	0
HOXC9	4	0.934579	1	0.645161
HOXD13	4	0.934579	1	0.645161
HOXD9	4	0.934579	4	2.58065
HRAS	4	0.934579	0	0
HSCB	4	0.934579	2	1.29032
HSD17B10	4	0.934579	2	1.29032
HSD17B13	4	0.934579	0	0
HSD17B4	4	0.934579	1	0.645161
HSD3B7	4	0.934579	0	0
HSPA14	4	0.934579	2	1.29032
HYI	4	0.934579	1	0.645161
HYKK	4	0.934579	1	0.645161
IBA57	4	0.934579	0	0
ICAM1	4	0.934579	0	0
ICOS	4	0.934579	1	0.645161
IDH3A	4	0.934579	2	1.29032
IFI6	4	0.934579	0	0
IFIT3	4	0.934579	2	1.29032
IFNA5	4	0.934579	0	0
IFNG	4	0.934579	1	0.645161
IFNGR1	4	0.934579	2	1.29032
IFNL2	4	0.934579	1	0.645161
IFNL3	4	0.934579	0	0
IFRD1	4	0.934579	2	1.29032
IFT46	4	0.934579	1	0.645161
IGFBP1	4	0.934579	1	0.645161
IGHD	4	0.934579	3	1.93548
IGHV1-46	4	0.934579	0	0
IGHV3-11	4	0.934579	0	0
IGHV3-16	4	0.934579	0	0
IGHV3-23	4	0.934579	0	0
IGHV4-34	4	0.934579	0	0
IGHV5-51	4	0.934579	1	0.645161
IGLV3-10	4	0.934579	1	0.645161
IL15RA	4	0.934579	1	0.645161
IL18	4	0.934579	0	0
IL20	4	0.934579	0	0
IL21	4	0.934579	0	0
IL22RA2	4	0.934579	1	0.645161
IL23R	4	0.934579	3	1.93548
IL2RB	4	0.934579	0	0
IL32	4	0.934579	1	0.645161
IL4	4	0.934579	0	0
IL7	4	0.934579	1	0.645161
IMPA2	4	0.934579	1	0.645161
IMPACT	4	0.934579	2	1.29032
ING2	4	0.934579	2	1.29032
ING4	4	0.934579	0	0
INHBB	4	0.934579	0	0
INHBC	4	0.934579	2	1.29032
IRAG2	4	0.934579	2	1.29032
IRF2BP2	4	0.934579	0	0
IRF8	4	0.934579	1	0.645161
ISL2	4	0.934579	0	0
ITIH4	4	0.934579	1	0.645161
ITM2A	4	0.934579	2	1.29032
ITPA	4	0.934579	0	0
JAZF1	4	0.934579	1	0.645161
JKAMP	4	0.934579	1	0.645161
JUNB	4	0.934579	2	1.29032
KAT5	4	0.934579	3	1.93548
KATNA1	4	0.934579	1	0.645161
KCMF1	4	0.934579	1	0.645161
KCNC4	4	0.934579	4	2.58065
KCNE4	4	0.934579	1	0.645161
KCNG3	4	0.934579	0	0
KCNIP4	4	0.934579	1	0.645161
KCNJ13	4	0.934579	4	2.58065
KCNJ14	4	0.934579	0	0
KCNK4	4	0.934579	1	0.645161
KCP	4	0.934579	0	0
KCTD10	4	0.934579	1	0.645161
KDM5D	4	0.934579	2	1.29032
KDM8	4	0.934579	2	1.29032
KIAA0895L	4	0.934579	1	0.645161
KIAA2013	4	0.934579	0	0
KIN	4	0.934579	2	1.29032
KLF1	4	0.934579	0	0
KLF12	4	0.934579	2	1.29032
KLF7	4	0.934579	0	0
KLHL15	4	0.934579	1	0.645161
KLHL35	4	0.934579	0	0
KLK11	4	0.934579	0	0
KLK6	4	0.934579	1	0.645161
KLRC2	4	0.934579	1	0.645161
KLRG1	4	0.934579	0	0
KMT5A	4	0.934579	1	0.645161
KMT5C	4	0.934579	0	0
KNSTRN	4	0.934579	3	1.93548
KPNB1	4	0.934579	3	1.93548
KRBA2	4	0.934579	2	1.29032
KREMEN1	4	0.934579	1	0.645161
KRT36	4	0.934579	1	0.645161
KRT77	4	0.934579	0	0
KRT80	4	0.934579	1	0.645161
KRTAP1-5	4	0.934579	0	0
KRTAP10-9	4	0.934579	1	0.645161
KRTAP11-1	4	0.934579	0	0
KRTAP19-3	4	0.934579	0	0
KRTAP4-5	4	0.934579	0	0
KRTAP5-8	4	0.934579	1	0.645161
LARGE2	4	0.934579	3	1.93548
LAYN	4	0.934579	2	1.29032
LCK	4	0.934579	1	0.645161
LCN12	4	0.934579	1	0.645161
LEFTY2	4	0.934579	0	0
LETM2	4	0.934579	2	1.29032
LGALS14	4	0.934579	2	1.29032
LGALS9B	4	0.934579	0	0
LHFPL2	4	0.934579	0	0
LHFPL5	4	0.934579	1	0.645161
LHX8	4	0.934579	3	1.93548
LIN9	4	0.934579	1	0.645161
LIPA	4	0.934579	0	0
LLPH	4	0.934579	1	0.645161
LMAN2	4	0.934579	2	1.29032
LMO4	4	0.934579	0	0
LPCAT2	4	0.934579	0	0
LRFN1	4	0.934579	2	1.29032
LRG1	4	0.934579	1	0.645161
LRRC25	4	0.934579	1	0.645161
LRRC37A	4	0.934579	0	0
LRRC55	4	0.934579	0	0
LRRC58	4	0.934579	1	0.645161
LRRC61	4	0.934579	0	0
LRRC75B	4	0.934579	0	0
LRRN2	4	0.934579	0	0
LSG1	4	0.934579	1	0.645161
LSM10	4	0.934579	0	0
LTB	4	0.934579	0	0
LURAP1L	4	0.934579	0	0
LYPD6B	4	0.934579	0	0
LYPLA1	4	0.934579	0	0
LYPLA2	4	0.934579	0	0
LYSMD2	4	0.934579	1	0.645161
LYZL2	4	0.934579	0	0
LZTFL1	4	0.934579	2	1.29032
M1AP	4	0.934579	1	0.645161
MACROD1	4	0.934579	0	0
MADCAM1	4	0.934579	0	0
MAGEA3	4	0.934579	1	0.645161
MAL	4	0.934579	0	0
MALRD1	4	0.934579	1	0.645161
MAMSTR	4	0.934579	3	1.93548
MAP1LC3A	4	0.934579	0	0
MAPK3	4	0.934579	0	0
MAPK8IP2	4	0.934579	0	0
MAPKAPK5	4	0.934579	1	0.645161
MARCHF11	4	0.934579	3	1.93548
MARCHF5	4	0.934579	0	0
MAZ	4	0.934579	0	0
MBD2	4	0.934579	2	1.29032
MBOAT7	4	0.934579	0	0
MBTD1	4	0.934579	0	0
MC1R	4	0.934579	2	1.29032
MC5R	4	0.934579	2	1.29032
MCEE	4	0.934579	2	1.29032
MCM2	4	0.934579	1	0.645161
MCM5	4	0.934579	1	0.645161
MDFIC	4	0.934579	3	1.93548
MDH2	4	0.934579	1	0.645161
MED4	4	0.934579	0	0
MED8	4	0.934579	0	0
MEGF11	4	0.934579	3	1.93548
MEMO1	4	0.934579	4	2.58065
MEOX1	4	0.934579	1	0.645161
METTL14	4	0.934579	3	1.93548
METTL21C	4	0.934579	2	1.29032
METTL24	4	0.934579	3	1.93548
METTL27	4	0.934579	0	0
METTL7A	4	0.934579	3	1.93548
METTL7B	4	0.934579	1	0.645161
METTL8	4	0.934579	0	0
MFF	4	0.934579	3	1.93548
MGP	4	0.934579	0	0
MGST1	4	0.934579	2	1.29032
MICOS13	4	0.934579	1	0.645161
MICU1	4	0.934579	1	0.645161
MID1	4	0.934579	3	1.93548
MID1IP1	4	0.934579	1	0.645161
MIF4GD	4	0.934579	1	0.645161
MINDY3	4	0.934579	2	1.29032
MIOX	4	0.934579	0	0
MIPOL1	4	0.934579	1	0.645161
MLF1	4	0.934579	2	1.29032
MLX	4	0.934579	1	0.645161
MMP1	4	0.934579	2	1.29032
MMP14	4	0.934579	2	1.29032
MMP20	4	0.934579	2	1.29032
MOB3C	4	0.934579	1	0.645161
MOB4	4	0.934579	1	0.645161
MOGAT1	4	0.934579	1	0.645161
MORF4L2	4	0.934579	0	0
MOSPD1	4	0.934579	1	0.645161
MPI	4	0.934579	0	0
MPP7	4	0.934579	3	1.93548
MPV17L2	4	0.934579	1	0.645161
MPZ	4	0.934579	1	0.645161
MREG	4	0.934579	0	0
MRM3	4	0.934579	0	0
MRO	4	0.934579	1	0.645161
MROH2A	4	0.934579	1	0.645161
MROH6	4	0.934579	0	0
MRPL1	4	0.934579	2	1.29032
MRPL13	4	0.934579	2	1.29032
MRPL3	4	0.934579	1	0.645161
MRPL32	4	0.934579	1	0.645161
MRPL46	4	0.934579	0	0
MRPL58	4	0.934579	1	0.645161
MRPL9	4	0.934579	0	0
MRPS11	4	0.934579	0	0
MRPS15	4	0.934579	0	0
MRPS31	4	0.934579	2	1.29032
MRPS7	4	0.934579	0	0
MS4A10	4	0.934579	0	0
MS4A5	4	0.934579	1	0.645161
MS4A7	4	0.934579	1	0.645161
MSRA	4	0.934579	1	0.645161
MSRB3	4	0.934579	2	1.29032
MSS51	4	0.934579	3	1.93548
MSTN	4	0.934579	1	0.645161
MTARC2	4	0.934579	0	0
MTERF1	4	0.934579	3	1.93548
MTERF2	4	0.934579	1	0.645161
MTFR1	4	0.934579	2	1.29032
MTG2	4	0.934579	0	0
MTHFD2	4	0.934579	0	0
MTRES1	4	0.934579	1	0.645161
MTSS2	4	0.934579	1	0.645161
MTURN	4	0.934579	0	0
MUTYH	4	0.934579	4	2.58065
MYB	4	0.934579	4	2.58065
MYL2	4	0.934579	0	0
MYLIP	4	0.934579	0	0
MZT2A	4	0.934579	0	0
NAA11	4	0.934579	1	0.645161
NACAD	4	0.934579	1	0.645161
NAE1	4	0.934579	4	2.58065
NAGA	4	0.934579	1	0.645161
NANOG	4	0.934579	1	0.645161
NANOS3	4	0.934579	0	0
NAPA	4	0.934579	2	1.29032
NAPG	4	0.934579	0	0
NAT2	4	0.934579	1	0.645161
NAT8L	4	0.934579	0	0
NBPF1	4	0.934579	1	0.645161
NCBP2L	4	0.934579	2	1.29032
NDRG1	4	0.934579	0	0
NDUFAF4	4	0.934579	0	0
NDUFAF7	4	0.934579	0	0
NDUFB10	4	0.934579	0	0
NDUFB9	4	0.934579	1	0.645161
NDUFS3	4	0.934579	0	0
NECTIN4	4	0.934579	2	1.29032
NEIL2	4	0.934579	0	0
NEK2	4	0.934579	3	1.93548
NEK6	4	0.934579	0	0
NEK7	4	0.934579	1	0.645161
NEU3	4	0.934579	1	0.645161
NEU4	4	0.934579	3	1.93548
NEURL1	4	0.934579	1	0.645161
NFATC2IP	4	0.934579	1	0.645161
NFIX	4	0.934579	2	1.29032
NFYA	4	0.934579	2	1.29032
NINJ1	4	0.934579	0	0
NIPAL1	4	0.934579	0	0
NIPAL4	4	0.934579	0	0
NIPSNAP1	4	0.934579	0	0
NIT1	4	0.934579	0	0
NLGN2	4	0.934579	2	1.29032
NMBR	4	0.934579	0	0
NME7	4	0.934579	2	1.29032
NMNAT1	4	0.934579	1	0.645161
NMT2	4	0.934579	2	1.29032
NNMT	4	0.934579	1	0.645161
NNT	4	0.934579	3	1.93548
NOMO2	4	0.934579	3	1.93548
NPBWR2	4	0.934579	0	0
NPIPB15	4	0.934579	1	0.645161
NPM1	4	0.934579	1	0.645161
NPM3	4	0.934579	0	0
NPY	4	0.934579	1	0.645161
NPY1R	4	0.934579	1	0.645161
NR1H2	4	0.934579	0	0
NR2F1	4	0.934579	3	1.93548
NR6A1	4	0.934579	0	0
NRG2	4	0.934579	2	1.29032
NSDHL	4	0.934579	0	0
NSG2	4	0.934579	1	0.645161
NSMCE1	4	0.934579	1	0.645161
NSMF	4	0.934579	2	1.29032
NSUN3	4	0.934579	2	1.29032
NSUN4	4	0.934579	1	0.645161
NT5DC1	4	0.934579	0	0
NTMT1	4	0.934579	0	0
NTN3	4	0.934579	1	0.645161
NUBP1	4	0.934579	2	1.29032
NUDCD3	4	0.934579	0	0
NUDT10	4	0.934579	0	0
NUDT11	4	0.934579	1	0.645161
NUDT14	4	0.934579	0	0
NUDT16L1	4	0.934579	0	0
NUDT9	4	0.934579	1	0.645161
NUS1	4	0.934579	2	1.29032
NUTM2D	4	0.934579	0	0
NXPE1	4	0.934579	1	0.645161
NXPE3	4	0.934579	4	2.58065
OCLN	4	0.934579	2	1.29032
ODAPH	4	0.934579	1	0.645161
OGFOD2	4	0.934579	0	0
OGFOD3	4	0.934579	0	0
OMA1	4	0.934579	2	1.29032
OR10A2	4	0.934579	2	1.29032
OR10A7	4	0.934579	1	0.645161
OR10G3	4	0.934579	1	0.645161
OR10H4	4	0.934579	3	1.93548
OR11A1	4	0.934579	1	0.645161
OR11H12	4	0.934579	2	1.29032
OR11H4	4	0.934579	2	1.29032
OR13H1	4	0.934579	1	0.645161
OR14J1	4	0.934579	2	1.29032
OR1A1	4	0.934579	1	0.645161
OR1I1	4	0.934579	2	1.29032
OR1L6	4	0.934579	2	1.29032
OR1Q1	4	0.934579	2	1.29032
OR2A2	4	0.934579	3	1.93548
OR2A25	4	0.934579	2	1.29032
OR2AG1	4	0.934579	0	0
OR2M7	4	0.934579	3	1.93548
OR2T11	4	0.934579	0	0
OR2T29	4	0.934579	0	0
OR2T34	4	0.934579	1	0.645161
OR4C12	4	0.934579	3	1.93548
OR4D9	4	0.934579	3	1.93548
OR4E2	4	0.934579	0	0
OR4K14	4	0.934579	1	0.645161
OR4X2	4	0.934579	1	0.645161
OR51F1	4	0.934579	2	1.29032
OR51G1	4	0.934579	0	0
OR51I1	4	0.934579	3	1.93548
OR52B4	4	0.934579	3	1.93548
OR52B6	4	0.934579	0	0
OR52N2	4	0.934579	2	1.29032
OR5AK2	4	0.934579	1	0.645161
OR5AU1	4	0.934579	0	0
OR5P3	4	0.934579	0	0
OR6C1	4	0.934579	1	0.645161
OR6C2	4	0.934579	2	1.29032
OR6C74	4	0.934579	2	1.29032
OR7A10	4	0.934579	1	0.645161
OR7A17	4	0.934579	1	0.645161
OR7C2	4	0.934579	1	0.645161
OR8G5	4	0.934579	1	0.645161
OR9G4	4	0.934579	4	2.58065
ORC4	4	0.934579	0	0
ORM2	4	0.934579	2	1.29032
OS9	4	0.934579	2	1.29032
OSBP2	4	0.934579	0	0
OSGEP	4	0.934579	1	0.645161
OSTN	4	0.934579	1	0.645161
OTOS	4	0.934579	1	0.645161
OTUB1	4	0.934579	0	0
OXCT1	4	0.934579	2	1.29032
P2RY12	4	0.934579	1	0.645161
P3H4	4	0.934579	0	0
P4HA2	4	0.934579	0	0
P4HA3	4	0.934579	3	1.93548
PACRGL	4	0.934579	1	0.645161
PAGE2	4	0.934579	0	0
PAIP1	4	0.934579	3	1.93548
PAOX	4	0.934579	0	0
PAQR5	4	0.934579	0	0
PARK7	4	0.934579	0	0
PARM1	4	0.934579	1	0.645161
PARP11	4	0.934579	2	1.29032
PATE1	4	0.934579	1	0.645161
PAX9	4	0.934579	0	0
PCBP2	4	0.934579	2	1.29032
PCGF3	4	0.934579	0	0
PCK1	4	0.934579	4	2.58065
PCYOX1L	4	0.934579	0	0
PDCD2	4	0.934579	0	0
PDCD7	4	0.934579	2	1.29032
PDK4	4	0.934579	2	1.29032
PDP1	4	0.934579	5	3.22581
PDP2	4	0.934579	2	1.29032
PEDS1-UBE2V1	4	0.934579	1	0.645161
PELI2	4	0.934579	0	0
PELO	4	0.934579	1	0.645161
PENK	4	0.934579	1	0.645161
PEX11B	4	0.934579	0	0
PEX12	4	0.934579	1	0.645161
PEX14	4	0.934579	0	0
PEX16	4	0.934579	1	0.645161
PFDN4	4	0.934579	0	0
PFKFB4	4	0.934579	0	0
PGAM1	4	0.934579	1	0.645161
PGAP3	4	0.934579	2	1.29032
PGC	4	0.934579	3	1.93548
PGGT1B	4	0.934579	1	0.645161
PGM3	4	0.934579	3	1.93548
PI4K2B	4	0.934579	2	1.29032
PIEZO1	4	0.934579	0	0
PIFO	4	0.934579	0	0
PIGA	4	0.934579	0	0
PIGM	4	0.934579	3	1.93548
PIGN	4	0.934579	2	1.29032
PIGS	4	0.934579	1	0.645161
PIH1D2	4	0.934579	2	1.29032
PIK3IP1	4	0.934579	1	0.645161
PIM1	4	0.934579	1	0.645161
PIR	4	0.934579	1	0.645161
PISD	4	0.934579	2	1.29032
PITX1	4	0.934579	0	0
PITX2	4	0.934579	0	0
PJA2	4	0.934579	0	0
PKDCC	4	0.934579	0	0
PKM	4	0.934579	0	0
PKNOX1	4	0.934579	4	2.58065
PLAAT1	4	0.934579	1	0.645161
PLAAT2	4	0.934579	0	0
PLAGL1	4	0.934579	1	0.645161
PLAU	4	0.934579	1	0.645161
PLBD2	4	0.934579	2	1.29032
PLEK2	4	0.934579	0	0
PLEKHA8	4	0.934579	1	0.645161
PLEKHB1	4	0.934579	0	0
PLEKHF2	4	0.934579	2	1.29032
PLEKHG7	4	0.934579	2	1.29032
PLK3	4	0.934579	0	0
PLSCR2	4	0.934579	1	0.645161
PLXDC1	4	0.934579	3	1.93548
PMP22	4	0.934579	0	0
PMPCA	4	0.934579	1	0.645161
PNCK	4	0.934579	2	1.29032
PNKP	4	0.934579	1	0.645161
PNLIPRP1	4	0.934579	0	0
PNMA1	4	0.934579	4	2.58065
PNPLA4	4	0.934579	0	0
POC1B-GALNT4	4	0.934579	2	1.29032
POGLUT1	4	0.934579	0	0
POGLUT3	4	0.934579	2	1.29032
POLR2E	4	0.934579	0	0
POTEM	4	0.934579	2	1.29032
POU5F2	4	0.934579	3	1.93548
PPID	4	0.934579	3	1.93548
PPIL2	4	0.934579	0	0
PPM1B	4	0.934579	2	1.29032
PPM1K	4	0.934579	2	1.29032
PPM1M	4	0.934579	0	0
PPP1CB	4	0.934579	2	1.29032
PPP1CC	4	0.934579	1	0.645161
PPP1R14A	4	0.934579	1	0.645161
PPP1R7	4	0.934579	2	1.29032
PPP2CB	4	0.934579	1	0.645161
PPP3CC	4	0.934579	2	1.29032
PPP4C	4	0.934579	0	0
PPP4R2	4	0.934579	1	0.645161
PPP6R1	4	0.934579	0	0
PPTC7	4	0.934579	3	1.93548
PRADC1	4	0.934579	0	0
PRB3	4	0.934579	0	0
PRCP	4	0.934579	0	0
PRDM8	4	0.934579	0	0
PRDX2	4	0.934579	0	0
PRG2	4	0.934579	1	0.645161
PRKAB2	4	0.934579	0	0
PRKAG3	4	0.934579	2	1.29032
PRKAR2B	4	0.934579	2	1.29032
PRM3	4	0.934579	1	0.645161
PRMT6	4	0.934579	2	1.29032
PROK2	4	0.934579	0	0
PRPS2	4	0.934579	0	0
PRR5	4	0.934579	0	0
PRR5-ARHGAP8	4	0.934579	2	1.29032
PRRC1	4	0.934579	1	0.645161
PRRX1	4	0.934579	0	0
PRRX2	4	0.934579	0	0
PRSS57	4	0.934579	0	0
PRXL2C	4	0.934579	0	0
PSAT1	4	0.934579	1	0.645161
PSG5	4	0.934579	1	0.645161
PSMA2	4	0.934579	0	0
PSMA3	4	0.934579	2	1.29032
PSMB8	4	0.934579	4	2.58065
PSMC1	4	0.934579	2	1.29032
PSMC2	4	0.934579	1	0.645161
PSMD3	4	0.934579	1	0.645161
PSMD4	4	0.934579	0	0
PSMF1	4	0.934579	2	1.29032
PSMG2	4	0.934579	0	0
PTCD3	4	0.934579	1	0.645161
PTF1A	4	0.934579	0	0
PTGDR	4	0.934579	1	0.645161
PTGES3L-AARSD1	4	0.934579	1	0.645161
PTPDC1	4	0.934579	1	0.645161
PTPN18	4	0.934579	1	0.645161
PTPN7	4	0.934579	1	0.645161
PUS1	4	0.934579	0	0
PXMP2	4	0.934579	0	0
PYROXD1	4	0.934579	4	2.58065
QPRT	4	0.934579	0	0
RAB20	4	0.934579	2	1.29032
RAB27A	4	0.934579	0	0
RAB27B	4	0.934579	0	0
RAB35	4	0.934579	0	0
RAB3IL1	4	0.934579	0	0
RAB42	4	0.934579	0	0
RAB4A	4	0.934579	1	0.645161
RAB5A	4	0.934579	3	1.93548
RAB6A	4	0.934579	1	0.645161
RAB8B	4	0.934579	2	1.29032
RABL2A	4	0.934579	1	0.645161
RAC1	4	0.934579	0	0
RAC2	4	0.934579	1	0.645161
RAD23A	4	0.934579	0	0
RAD23B	4	0.934579	1	0.645161
RALA	4	0.934579	1	0.645161
RALY	4	0.934579	0	0
RAMP1	4	0.934579	0	0
RARRES1	4	0.934579	0	0
RASSF1	4	0.934579	1	0.645161
RASSF10	4	0.934579	1	0.645161
RASSF6	4	0.934579	1	0.645161
RASSF7	4	0.934579	0	0
RBFA	4	0.934579	0	0
RBM38	4	0.934579	1	0.645161
RBM44	4	0.934579	1	0.645161
RBMX	4	0.934579	1	0.645161
RCC1L	4	0.934579	0	0
RCHY1	4	0.934579	0	0
RDH13	4	0.934579	0	0
RDH8	4	0.934579	1	0.645161
RDM1	4	0.934579	0	0
REEP4	4	0.934579	1	0.645161
REG1B	4	0.934579	1	0.645161
REP15	4	0.934579	0	0
RETREG2	4	0.934579	0	0
RFT1	4	0.934579	0	0
RFWD3	4	0.934579	1	0.645161
RGS19	4	0.934579	0	0
RGS8	4	0.934579	2	1.29032
RHBDD3	4	0.934579	1	0.645161
RHBDL1	4	0.934579	1	0.645161
RHOC	4	0.934579	1	0.645161
RHOQ	4	0.934579	0	0
RHOXF2	4	0.934579	0	0
RILP	4	0.934579	0	0
RIOK3	4	0.934579	0	0
RIPK2	4	0.934579	1	0.645161
RIPK3	4	0.934579	2	1.29032
RLN2	4	0.934579	0	0
RMDN2	4	0.934579	1	0.645161
RNASE7	4	0.934579	0	0
RNASE9	4	0.934579	1	0.645161
RND1	4	0.934579	0	0
RNF115	4	0.934579	1	0.645161
RNF130	4	0.934579	2	1.29032
RNF138	4	0.934579	1	0.645161
RNF14	4	0.934579	1	0.645161
RNF146	4	0.934579	1	0.645161
RNF152	4	0.934579	0	0
RNF167	4	0.934579	0	0
RNF175	4	0.934579	1	0.645161
RNF19B	4	0.934579	2	1.29032
RNF212	4	0.934579	0	0
RNF215	4	0.934579	0	0
RNF26	4	0.934579	1	0.645161
RNF34	4	0.934579	2	1.29032
RP9	4	0.934579	0	0
RPE	4	0.934579	0	0
RPF1	4	0.934579	3	1.93548
RPL18A	4	0.934579	0	0
RPL24	4	0.934579	0	0
RPL35	4	0.934579	1	0.645161
RPL4	4	0.934579	1	0.645161
RPL7	4	0.934579	1	0.645161
RPP38	4	0.934579	0	0
RPS23	4	0.934579	0	0
RPS5	4	0.934579	0	0
RPS6KB2	4	0.934579	0	0
RPS7	4	0.934579	0	0
RRH	4	0.934579	3	1.93548
RRP1	4	0.934579	0	0
RS1	4	0.934579	2	1.29032
RSC1A1	4	0.934579	1	0.645161
RSPH1	4	0.934579	2	1.29032
RSPH14	4	0.934579	2	1.29032
RSPO1	4	0.934579	2	1.29032
RSRP1	4	0.934579	0	0
RSU1	4	0.934579	0	0
RTBDN	4	0.934579	0	0
RTL8B	4	0.934579	1	0.645161
RTN4R	4	0.934579	0	0
RTN4RL2	4	0.934579	0	0
RTP2	4	0.934579	0	0
RUNDC3A	4	0.934579	2	1.29032
RXFP4	4	0.934579	0	0
RXYLT1	4	0.934579	0	0
S100A7	4	0.934579	1	0.645161
S100A8	4	0.934579	0	0
SAAL1	4	0.934579	2	1.29032
SAE1	4	0.934579	0	0
SAP30BP	4	0.934579	1	0.645161
SARS1	4	0.934579	1	0.645161
SAT1	4	0.934579	1	0.645161
SAXO1	4	0.934579	2	1.29032
SBK1	4	0.934579	0	0
SBK2	4	0.934579	1	0.645161
SCAMP5	4	0.934579	0	0
SCLY	4	0.934579	0	0
SCN2B	4	0.934579	3	1.93548
SCNM1	4	0.934579	0	0
SCNN1A	4	0.934579	0	0
SCNN1D	4	0.934579	1	0.645161
SCRN2	4	0.934579	0	0
SCTR	4	0.934579	1	0.645161
SDC1	4	0.934579	2	1.29032
SDCCAG8	4	0.934579	2	1.29032
SDF2	4	0.934579	0	0
SDHB	4	0.934579	1	0.645161
SDHD	4	0.934579	1	0.645161
SEC11C	4	0.934579	0	0
SEC22A	4	0.934579	1	0.645161
SEC22C	4	0.934579	2	1.29032
SENP1	4	0.934579	2	1.29032
SENP2	4	0.934579	1	0.645161
SENP8	4	0.934579	0	0
SEPHS2	4	0.934579	0	0
SEPSECS	4	0.934579	1	0.645161
SEPTIN10	4	0.934579	2	1.29032
SEPTIN14	4	0.934579	2	1.29032
SEPTIN7	4	0.934579	1	0.645161
SERGEF	4	0.934579	2	1.29032
SERPINA1	4	0.934579	2	1.29032
SERPINB4	4	0.934579	1	0.645161
SERPINB9	4	0.934579	0	0
SERPINF1	4	0.934579	1	0.645161
SERPING1	4	0.934579	3	1.93548
SERTAD1	4	0.934579	0	0
SERTAD2	4	0.934579	1	0.645161
SETD4	4	0.934579	2	1.29032
SETD7	4	0.934579	2	1.29032
SFRP5	4	0.934579	1	0.645161
SFT2D1	4	0.934579	1	0.645161
SFTPB	4	0.934579	4	2.58065
SFTPD	4	0.934579	1	0.645161
SGK2	4	0.934579	4	2.58065
SGK3	4	0.934579	1	0.645161
SGPL1	4	0.934579	1	0.645161
SGPP2	4	0.934579	2	1.29032
SGTA	4	0.934579	1	0.645161
SH2B2	4	0.934579	1	0.645161
SH3BP5L	4	0.934579	2	1.29032
SH3RF2	4	0.934579	0	0
SH3YL1	4	0.934579	4	2.58065
SHARPIN	4	0.934579	0	0
SHC3	4	0.934579	0	0
SHD	4	0.934579	1	0.645161
SHOX2	4	0.934579	2	1.29032
SHPK	4	0.934579	0	0
SIL1	4	0.934579	1	0.645161
SINHCAF	4	0.934579	1	0.645161
SIRPB2	4	0.934579	1	0.645161
SIRT3	4	0.934579	0	0
SIRT7	4	0.934579	0	0
SKAP2	4	0.934579	2	1.29032
SLAIN2	4	0.934579	3	1.93548
SLAMF9	4	0.934579	1	0.645161
SLBP	4	0.934579	0	0
SLC15A4	4	0.934579	2	1.29032
SLC16A11	4	0.934579	0	0
SLC16A3	4	0.934579	0	0
SLC16A4	4	0.934579	3	1.93548
SLC22A12	4	0.934579	1	0.645161
SLC22A23	4	0.934579	0	0
SLC25A10	4	0.934579	0	0
SLC25A16	4	0.934579	2	1.29032
SLC25A41	4	0.934579	1	0.645161
SLC25A44	4	0.934579	0	0
SLC25A53	4	0.934579	3	1.93548
SLC25A6	4	0.934579	1	0.645161
SLC29A1	4	0.934579	0	0
SLC30A2	4	0.934579	1	0.645161
SLC30A6	4	0.934579	2	1.29032
SLC34A3	4	0.934579	1	0.645161
SLC35E1	4	0.934579	0	0
SLC35E3	4	0.934579	0	0
SLC35F4	4	0.934579	5	3.22581
SLC35G1	4	0.934579	1	0.645161
SLC35G6	4	0.934579	2	1.29032
SLC36A2	4	0.934579	1	0.645161
SLC36A3	4	0.934579	0	0
SLC39A13	4	0.934579	2	1.29032
SLC5A1	4	0.934579	0	0
SLC6A14	4	0.934579	3	1.93548
SLC6A8	4	0.934579	0	0
SLC7A13	4	0.934579	2	1.29032
SLC7A7	4	0.934579	0	0
SMAD5	4	0.934579	3	1.93548
SMAP2	4	0.934579	1	0.645161
SMPX	4	0.934579	0	0
SMR3A	4	0.934579	1	0.645161
SNAI1	4	0.934579	2	1.29032
SNAPC3	4	0.934579	3	1.93548
SNX11	4	0.934579	2	1.29032
SNX30	4	0.934579	0	0
SOAT2	4	0.934579	0	0
SOST	4	0.934579	0	0
SOWAHD	4	0.934579	0	0
SP110	4	0.934579	3	1.93548
SP7	4	0.934579	2	1.29032
SPACA1	4	0.934579	2	1.29032
SPACA3	4	0.934579	1	0.645161
SPACA5B	4	0.934579	1	0.645161
SPACA9	4	0.934579	1	0.645161
SPAG4	4	0.934579	1	0.645161
SPANXB1	4	0.934579	2	1.29032
SPATA19	4	0.934579	2	1.29032
SPATA2	4	0.934579	0	0
SPATS2L	4	0.934579	2	1.29032
SPDYA	4	0.934579	1	0.645161
SPDYE3	4	0.934579	0	0
SPG21	4	0.934579	2	1.29032
SPOP	4	0.934579	1	0.645161
SPP1	4	0.934579	1	0.645161
SPP2	4	0.934579	2	1.29032
SPR	4	0.934579	1	0.645161
SPSB1	4	0.934579	0	0
SQOR	4	0.934579	0	0
SQSTM1	4	0.934579	2	1.29032
SRC	4	0.934579	0	0
SRRM3	4	0.934579	2	1.29032
SRY	4	0.934579	0	0
SSC4D	4	0.934579	2	1.29032
SSH3	4	0.934579	0	0
SSMEM1	4	0.934579	1	0.645161
ST7L	4	0.934579	2	1.29032
STARD10	4	0.934579	0	0
STARD6	4	0.934579	2	1.29032
STC1	4	0.934579	1	0.645161
STING1	4	0.934579	0	0
STK16	4	0.934579	1	0.645161
STK17A	4	0.934579	2	1.29032
STK26	4	0.934579	2	1.29032
STK32C	4	0.934579	0	0
STK38L	4	0.934579	2	1.29032
STX16	4	0.934579	0	0
STX18	4	0.934579	2	1.29032
STX1A	4	0.934579	2	1.29032
STX1B	4	0.934579	2	1.29032
SUCNR1	4	0.934579	4	2.58065
SUGCT	4	0.934579	3	1.93548
SULT1A1	4	0.934579	0	0
SULT1C2	4	0.934579	1	0.645161
SULT2B1	4	0.934579	0	0
SUMF2	4	0.934579	0	0
SYT10	4	0.934579	5	3.22581
SYT11	4	0.934579	1	0.645161
SYT8	4	0.934579	2	1.29032
TAAR8	4	0.934579	2	1.29032
TACR2	4	0.934579	0	0
TADA1	4	0.934579	0	0
TAF11	4	0.934579	0	0
TAF13	4	0.934579	1	0.645161
TAF8	4	0.934579	1	0.645161
TAFA4	4	0.934579	0	0
TAL1	4	0.934579	2	1.29032
TANGO2	4	0.934579	0	0
TAPBP	4	0.934579	2	1.29032
TARDBP	4	0.934579	0	0
TAS2R14	4	0.934579	4	2.58065
TAS2R4	4	0.934579	1	0.645161
TAS2R41	4	0.934579	0	0
TBCA	4	0.934579	1	0.645161
TBCEL	4	0.934579	2	1.29032
TBKBP1	4	0.934579	2	1.29032
TBX1	4	0.934579	0	0
TBXA2R	4	0.934579	0	0
TCEAL1	4	0.934579	0	0
TCTEX1D1	4	0.934579	1	0.645161
TDRD9	4	0.934579	2	1.29032
TEDC1	4	0.934579	0	0
TEKT2	4	0.934579	2	1.29032
TERF1	4	0.934579	3	1.93548
TESK1	4	0.934579	0	0
TEX264	4	0.934579	2	1.29032
TEX37	4	0.934579	1	0.645161
TFEB	4	0.934579	1	0.645161
TGFB3	4	0.934579	0	0
THAP2	4	0.934579	1	0.645161
THAP5	4	0.934579	0	0
THEM4	4	0.934579	0	0
THEM5	4	0.934579	0	0
THG1L	4	0.934579	0	0
THOC3	4	0.934579	1	0.645161
THRA	4	0.934579	1	0.645161
THUMPD2	4	0.934579	2	1.29032
TIA1	4	0.934579	1	0.645161
TIGD5	4	0.934579	1	0.645161
TIMM17B	4	0.934579	0	0
TK1	4	0.934579	0	0
TLE6	4	0.934579	2	1.29032
TM4SF5	4	0.934579	1	0.645161
TM6SF1	4	0.934579	1	0.645161
TM9SF4	4	0.934579	3	1.93548
TMC7	4	0.934579	0	0
TMEM100	4	0.934579	3	1.93548
TMEM115	4	0.934579	0	0
TMEM121B	4	0.934579	0	0
TMEM144	4	0.934579	2	1.29032
TMEM150C	4	0.934579	1	0.645161
TMEM165	4	0.934579	1	0.645161
TMEM169	4	0.934579	1	0.645161
TMEM176B	4	0.934579	1	0.645161
TMEM186	4	0.934579	0	0
TMEM19	4	0.934579	1	0.645161
TMEM190	4	0.934579	0	0
TMEM225	4	0.934579	2	1.29032
TMEM237	4	0.934579	4	2.58065
TMEM241	4	0.934579	0	0
TMEM252	4	0.934579	1	0.645161
TMEM266	4	0.934579	1	0.645161
TMEM33	4	0.934579	0	0
TMEM37	4	0.934579	0	0
TMEM38A	4	0.934579	2	1.29032
TMEM38B	4	0.934579	1	0.645161
TMEM43	4	0.934579	2	1.29032
TMEM47	4	0.934579	1	0.645161
TMEM61	4	0.934579	0	0
TMEM87A	4	0.934579	2	1.29032
TMEM88	4	0.934579	0	0
TMEM97	4	0.934579	0	0
TMIGD3	4	0.934579	0	0
TNFRSF10C	4	0.934579	0	0
TNFRSF6B	4	0.934579	0	0
TNFSF15	4	0.934579	0	0
TNFSF9	4	0.934579	1	0.645161
TNNI3	4	0.934579	1	0.645161
TNNT3	4	0.934579	0	0
TOMM34	4	0.934579	1	0.645161
TOR1A	4	0.934579	2	1.29032
TP53I13	4	0.934579	2	1.29032
TP53TG5	4	0.934579	2	1.29032
TPD52	4	0.934579	0	0
TPD52L1	4	0.934579	2	1.29032
TPD52L2	4	0.934579	0	0
TPD52L3	4	0.934579	0	0
TPGS2	4	0.934579	1	0.645161
TPM2	4	0.934579	0	0
TPPP	4	0.934579	0	0
TPPP3	4	0.934579	0	0
TPST1	4	0.934579	0	0
TRABD2A	4	0.934579	0	0
TRAFD1	4	0.934579	2	1.29032
TRAPPC6A	4	0.934579	1	0.645161
TREM1	4	0.934579	1	0.645161
TREX2	4	0.934579	1	0.645161
TRIM14	4	0.934579	0	0
TRIM27	4	0.934579	2	1.29032
TRIM66	4	0.934579	1	0.645161
TRIM7	4	0.934579	1	0.645161
TRIP10	4	0.934579	1	0.645161
TRMO	4	0.934579	2	1.29032
TRMT44	4	0.934579	0	0
TRMT61A	4	0.934579	0	0
TRMT61B	4	0.934579	0	0
TSC22D4	4	0.934579	1	0.645161
TSEN54	4	0.934579	0	0
TSG101	4	0.934579	0	0
TSGA13	4	0.934579	1	0.645161
TSN	4	0.934579	0	0
TSPAN11	4	0.934579	1	0.645161
TSPAN12	4	0.934579	0	0
TSPAN8	4	0.934579	1	0.645161
TSPO2	4	0.934579	0	0
TSSK4	4	0.934579	0	0
TSSK6	4	0.934579	1	0.645161
TTC22	4	0.934579	0	0
TTC25	4	0.934579	1	0.645161
TTC26	4	0.934579	3	1.93548
TTC39B	4	0.934579	3	1.93548
TTC9	4	0.934579	0	0
TTI2	4	0.934579	1	0.645161
TTLL11	4	0.934579	1	0.645161
TTPAL	4	0.934579	0	0
TUBB4B	4	0.934579	1	0.645161
TYMS	4	0.934579	2	1.29032
TYW3	4	0.934579	3	1.93548
TYW5	4	0.934579	2	1.29032
U2AF1L4	4	0.934579	1	0.645161
UBAC2	4	0.934579	1	0.645161
UBD	4	0.934579	1	0.645161
UBE2A	4	0.934579	3	1.93548
UBE2J2	4	0.934579	1	0.645161
UCKL1	4	0.934579	1	0.645161
UCP2	4	0.934579	0	0
UFSP2	4	0.934579	2	1.29032
UGT1A1	4	0.934579	1	0.645161
UGT1A5	4	0.934579	0	0
UGT2B17	4	0.934579	3	1.93548
ULK3	4	0.934579	0	0
UNC93B1	4	0.934579	0	0
UPF3B	4	0.934579	3	1.93548
UPK1A	4	0.934579	0	0
UQCRB	4	0.934579	0	0
UQCRC2	4	0.934579	1	0.645161
UQCRFS1	4	0.934579	1	0.645161
USB1	4	0.934579	1	0.645161
USF1	4	0.934579	0	0
USP39	4	0.934579	1	0.645161
USP50	4	0.934579	1	0.645161
USP51	4	0.934579	3	1.93548
UTP11	4	0.934579	1	0.645161
UTP23	4	0.934579	1	0.645161
VAPA	4	0.934579	0	0
VAX1	4	0.934579	1	0.645161
VEGFA	4	0.934579	0	0
VENTX	4	0.934579	3	1.93548
VIP	4	0.934579	0	0
VIPR1	4	0.934579	2	1.29032
VNN2	4	0.934579	1	0.645161
VPREB1	4	0.934579	1	0.645161
VPS35	4	0.934579	1	0.645161
VPS4B	4	0.934579	1	0.645161
VSIG1	4	0.934579	3	1.93548
VSIG4	4	0.934579	1	0.645161
VWDE	4	0.934579	2	1.29032
VXN	4	0.934579	0	0
WAS	4	0.934579	2	1.29032
WASF2	4	0.934579	0	0
WBP11	4	0.934579	1	0.645161
WBP1L	4	0.934579	0	0
WDR31	4	0.934579	2	1.29032
WDR4	4	0.934579	0	0
WDR43	4	0.934579	1	0.645161
WDR74	4	0.934579	1	0.645161
WDR86	4	0.934579	2	1.29032
WEE1	4	0.934579	1	0.645161
WFDC5	4	0.934579	0	0
WIPI1	4	0.934579	0	0
WNT2	4	0.934579	7	4.51613
WNT7B	4	0.934579	0	0
WRNIP1	4	0.934579	0	0
WSB2	4	0.934579	0	0
XAGE2	4	0.934579	0	0
XG	4	0.934579	1	0.645161
XKR9	4	0.934579	3	1.93548
XKRX	4	0.934579	3	1.93548
XPA	4	0.934579	0	0
XRCC3	4	0.934579	0	0
YARS1	4	0.934579	0	0
YBEY	4	0.934579	0	0
YBX1	4	0.934579	0	0
YIPF3	4	0.934579	0	0
YIPF4	4	0.934579	0	0
YTHDF1	4	0.934579	1	0.645161
YWHAE	4	0.934579	0	0
ZBTB44	4	0.934579	3	1.93548
ZC3H14	4	0.934579	4	2.58065
ZCCHC4	4	0.934579	0	0
ZDHHC24	4	0.934579	0	0
ZDHHC3	4	0.934579	2	1.29032
ZFP14	4	0.934579	2	1.29032
ZFP69	4	0.934579	0	0
ZFP69B	4	0.934579	1	0.645161
ZFP91	4	0.934579	1	0.645161
ZKSCAN3	4	0.934579	2	1.29032
ZKSCAN8	4	0.934579	2	1.29032
ZMAT2	4	0.934579	0	0
ZMYND12	4	0.934579	2	1.29032
ZNF114	4	0.934579	1	0.645161
ZNF12	4	0.934579	4	2.58065
ZNF169	4	0.934579	3	1.93548
ZNF195	4	0.934579	1	0.645161
ZNF202	4	0.934579	1	0.645161
ZNF213	4	0.934579	0	0
ZNF225	4	0.934579	1	0.645161
ZNF23	4	0.934579	5	3.22581
ZNF385C	4	0.934579	0	0
ZNF394	4	0.934579	0	0
ZNF414	4	0.934579	0	0
ZNF485	4	0.934579	0	0
ZNF488	4	0.934579	3	1.93548
ZNF501	4	0.934579	1	0.645161
ZNF576	4	0.934579	0	0
ZNF579	4	0.934579	0	0
ZNF581	4	0.934579	0	0
ZNF582	4	0.934579	3	1.93548
ZNF589	4	0.934579	0	0
ZNF613	4	0.934579	2	1.29032
ZNF627	4	0.934579	2	1.29032
ZNF682	4	0.934579	2	1.29032
ZNF691	4	0.934579	0	0
ZNF705A	4	0.934579	2	1.29032
ZNF75D	4	0.934579	4	2.58065
ZNF76	4	0.934579	1	0.645161
ZNF77	4	0.934579	2	1.29032
ZNF781	4	0.934579	3	1.93548
ZNF787	4	0.934579	0	0
ZNF79	4	0.934579	2	1.29032
ZNF80	4	0.934579	2	1.29032
ZNF823	4	0.934579	4	2.58065
ZNHIT1	4	0.934579	0	0
ZPLD1	4	0.934579	1	0.645161
ZSCAN22	4	0.934579	2	1.29032
ZSCAN9	4	0.934579	1	0.645161
ZYX	4	0.934579	2	1.29032
AAGAB	3	0.700935	2	1.29032
AANAT	3	0.700935	0	0
AARD	3	0.700935	1	0.645161
ABCF2	3	0.700935	3	1.93548
ABHD1	3	0.700935	0	0
ABHD10	3	0.700935	1	0.645161
ABHD15	3	0.700935	0	0
ABHD17B	3	0.700935	0	0
ABHD17C	3	0.700935	1	0.645161
ABHD5	3	0.700935	2	1.29032
AC023055.1	3	0.700935	1	0.645161
AC024598.1	3	0.700935	0	0
AC097637.1	3	0.700935	0	0
AC134980.2	3	0.700935	3	1.93548
AC136428.1	3	0.700935	0	0
ACBD4	3	0.700935	1	0.645161
ACCSL	3	0.700935	2	1.29032
ACER2	3	0.700935	0	0
ACOT4	3	0.700935	0	0
ACOT8	3	0.700935	0	0
ACOT9	3	0.700935	1	0.645161
ACP6	3	0.700935	0	0
ACSF2	3	0.700935	1	0.645161
ACY3	3	0.700935	0	0
ADAP1	3	0.700935	0	0
ADGRD2	3	0.700935	0	0
ADH7	3	0.700935	0	0
ADPRH	3	0.700935	1	0.645161
ADPRM	3	0.700935	1	0.645161
ADPRS	3	0.700935	1	0.645161
ADRA2C	3	0.700935	1	0.645161
ADRM1	3	0.700935	1	0.645161
ADTRP	3	0.700935	0	0
AEBP2	3	0.700935	0	0
AGBL3	3	0.700935	2	1.29032
AGR2	3	0.700935	0	0
AIP	3	0.700935	0	0
AIPL1	3	0.700935	0	0
AKAP1	3	0.700935	1	0.645161
AKR1C3	3	0.700935	1	0.645161
AKR1C8P	3	0.700935	3	1.93548
AKR7A3	3	0.700935	0	0
AKTIP	3	0.700935	2	1.29032
ALDOA	3	0.700935	0	0
ALDOC	3	0.700935	1	0.645161
ALG12	3	0.700935	1	0.645161
ALG14	3	0.700935	2	1.29032
ALG3	3	0.700935	0	0
ALKBH1	3	0.700935	0	0
ALKBH6	3	0.700935	1	0.645161
ALKBH8	3	0.700935	1	0.645161
AMD1	3	0.700935	3	1.93548
AMDHD2	3	0.700935	1	0.645161
AMOTL2	3	0.700935	1	0.645161
ANGPTL6	3	0.700935	0	0
ANKRA2	3	0.700935	1	0.645161
ANKRD16	3	0.700935	1	0.645161
ANKRD20A4P	3	0.700935	1	0.645161
ANKRD22	3	0.700935	0	0
ANKRD29	3	0.700935	0	0
ANKRD30B	3	0.700935	1	0.645161
ANKRD46	3	0.700935	0	0
ANKRD7	3	0.700935	1	0.645161
ANKS4B	3	0.700935	0	0
ANP32B	3	0.700935	1	0.645161
ANXA3	3	0.700935	0	0
ANXA5	3	0.700935	0	0
AP4S1	3	0.700935	0	0
APIP	3	0.700935	0	0
APOA1	3	0.700935	0	0
APOBEC3A	3	0.700935	0	0
APOBEC3D	3	0.700935	1	0.645161
APOBEC3F	3	0.700935	1	0.645161
APOBEC3H	3	0.700935	0	0
APOF	3	0.700935	0	0
APOH	3	0.700935	2	1.29032
APOL2	3	0.700935	1	0.645161
APOL4	3	0.700935	1	0.645161
AQP3	3	0.700935	1	0.645161
ARF5	3	0.700935	0	0
ARFIP2	3	0.700935	0	0
ARGLU1	3	0.700935	2	1.29032
ARHGAP11B	3	0.700935	0	0
ARHGAP40	3	0.700935	0	0
ARHGAP42	3	0.700935	1	0.645161
ARID3A	3	0.700935	0	0
ARIH1	3	0.700935	2	1.29032
ARL15	3	0.700935	0	0
ARL16	3	0.700935	0	0
ARL6IP5	3	0.700935	0	0
ARMC1	3	0.700935	1	0.645161
ARMC12	3	0.700935	0	0
ARMCX6	3	0.700935	0	0
ARPC2	3	0.700935	1	0.645161
ARPC5	3	0.700935	0	0
ARRDC5	3	0.700935	0	0
AS3MT	3	0.700935	0	0
ASCC1	3	0.700935	1	0.645161
ASF1A	3	0.700935	0	0
ASF1B	3	0.700935	0	0
ASL	3	0.700935	2	1.29032
ATAD3B	3	0.700935	3	1.93548
ATF4	3	0.700935	2	1.29032
ATG16L2	3	0.700935	1	0.645161
ATG3	3	0.700935	1	0.645161
ATL3	3	0.700935	1	0.645161
ATMIN	3	0.700935	2	1.29032
ATP5PB	3	0.700935	0	0
ATP6V0B	3	0.700935	1	0.645161
ATP6V1B2	3	0.700935	2	1.29032
ATP6V1E1	3	0.700935	0	0
ATP6V1G1	3	0.700935	1	0.645161
AUP1	3	0.700935	2	1.29032
AZIN1	3	0.700935	0	0
B3GNTL1	3	0.700935	0	0
BAD	3	0.700935	0	0
BARX1	3	0.700935	0	0
BATF2	3	0.700935	0	0
BBS5	3	0.700935	1	0.645161
BCAT2	3	0.700935	1	0.645161
BCDIN3D	3	0.700935	2	1.29032
BCL2A1	3	0.700935	2	1.29032
BCL2L15	3	0.700935	0	0
BEND6	3	0.700935	2	1.29032
BEX5	3	0.700935	0	0
BGLAP	3	0.700935	0	0
BLID	3	0.700935	1	0.645161
BMI1	3	0.700935	1	0.645161
BMP8A	3	0.700935	0	0
BNIP1	3	0.700935	0	0
BNIP3L	3	0.700935	1	0.645161
BOLA1	3	0.700935	0	0
BOLL	3	0.700935	0	0
BORCS7	3	0.700935	1	0.645161
BRCC3	3	0.700935	2	1.29032
BTF3L4	3	0.700935	0	0
BTG3	3	0.700935	0	0
BUD13	3	0.700935	0	0
C10orf67	3	0.700935	1	0.645161
C12orf54	3	0.700935	1	0.645161
C16orf87	3	0.700935	2	1.29032
C18orf54	3	0.700935	2	1.29032
C19orf53	3	0.700935	0	0
C19orf54	3	0.700935	0	0
C1QL1	3	0.700935	0	0
C1QTNF12	3	0.700935	0	0
C1orf131	3	0.700935	1	0.645161
C1orf146	3	0.700935	0	0
C1orf194	3	0.700935	1	0.645161
C1orf21	3	0.700935	0	0
C1orf50	3	0.700935	0	0
C1orf52	3	0.700935	1	0.645161
C2	3	0.700935	0	0
C22orf15	3	0.700935	0	0
C2CD2L	3	0.700935	0	0
C2orf49	3	0.700935	2	1.29032
C2orf69	3	0.700935	1	0.645161
C2orf88	3	0.700935	1	0.645161
C3orf33	3	0.700935	2	1.29032
C3orf62	3	0.700935	0	0
C4orf17	3	0.700935	0	0
C4orf46	3	0.700935	0	0
C5orf15	3	0.700935	1	0.645161
C6orf201	3	0.700935	0	0
C6orf89	3	0.700935	2	1.29032
C7orf61	3	0.700935	1	0.645161
C8G	3	0.700935	0	0
C8orf33	3	0.700935	0	0
C8orf58	3	0.700935	1	0.645161
C9orf152	3	0.700935	0	0
C9orf40	3	0.700935	0	0
C9orf50	3	0.700935	0	0
CA1	3	0.700935	0	0
CA10	3	0.700935	3	1.93548
CAAP1	3	0.700935	1	0.645161
CABCOCO1	3	0.700935	0	0
CABLES2	3	0.700935	1	0.645161
CACYBP	3	0.700935	1	0.645161
CALB1	3	0.700935	0	0
CALHM2	3	0.700935	0	0
CALML3	3	0.700935	1	0.645161
CALML4	3	0.700935	1	0.645161
CAP1	3	0.700935	1	0.645161
CAPN13	3	0.700935	1	0.645161
CAPNS1	3	0.700935	0	0
CARD16	3	0.700935	0	0
CARD19	3	0.700935	0	0
CARHSP1	3	0.700935	0	0
CASP14	3	0.700935	3	1.93548
CASP9	3	0.700935	0	0
CATSPERG	3	0.700935	1	0.645161
CBARP	3	0.700935	0	0
CBFB	3	0.700935	0	0
CBLC	3	0.700935	0	0
CBR1	3	0.700935	0	0
CBWD2	3	0.700935	1	0.645161
CBX2	3	0.700935	2	1.29032
CBX7	3	0.700935	2	1.29032
CCDC122	3	0.700935	1	0.645161
CCDC126	3	0.700935	0	0
CCDC134	3	0.700935	1	0.645161
CCDC137	3	0.700935	0	0
CCDC149	3	0.700935	1	0.645161
CCDC184	3	0.700935	1	0.645161
CCDC25	3	0.700935	0	0
CCDC47	3	0.700935	2	1.29032
CCDC69	3	0.700935	1	0.645161
CCDC74A	3	0.700935	0	0
CCDC83	3	0.700935	3	1.93548
CCL16	3	0.700935	2	1.29032
CCN2	3	0.700935	0	0
CCNC	3	0.700935	1	0.645161
CCNE2	3	0.700935	3	1.93548
CCNO	3	0.700935	0	0
CCNY	3	0.700935	2	1.29032
CCR6	3	0.700935	0	0
CCR9	3	0.700935	3	1.93548
CCT2	3	0.700935	2	1.29032
CD151	3	0.700935	0	0
CD160	3	0.700935	1	0.645161
CD1C	3	0.700935	1	0.645161
CD209	3	0.700935	1	0.645161
CD226	3	0.700935	1	0.645161
CD247	3	0.700935	1	0.645161
CD300A	3	0.700935	1	0.645161
CD300C	3	0.700935	2	1.29032
CD300LB	3	0.700935	2	1.29032
CD300LD	3	0.700935	0	0
CD36	3	0.700935	2	1.29032
CD5	3	0.700935	2	1.29032
CD53	3	0.700935	3	1.93548
CD69	3	0.700935	3	1.93548
CD74	3	0.700935	0	0
CD80	3	0.700935	2	1.29032
CD86	3	0.700935	1	0.645161
CDC37L1	3	0.700935	1	0.645161
CDC42EP1	3	0.700935	0	0
CDC42EP3	3	0.700935	0	0
CDC6	3	0.700935	2	1.29032
CDCA7	3	0.700935	1	0.645161
CDHR4	3	0.700935	1	0.645161
CDK10	3	0.700935	1	0.645161
CDK15	3	0.700935	2	1.29032
CDK6	3	0.700935	0	0
CDKAL1	3	0.700935	0	0
CDKN1A	3	0.700935	1	0.645161
CEACAM3	3	0.700935	3	1.93548
CEACAM7	3	0.700935	1	0.645161
CEACAM8	3	0.700935	1	0.645161
CELA1	3	0.700935	0	0
CELA2A	3	0.700935	1	0.645161
CELA3A	3	0.700935	2	1.29032
CENPA	3	0.700935	0	0
CENPH	3	0.700935	1	0.645161
CENPO	3	0.700935	3	1.93548
CENPT	3	0.700935	2	1.29032
CENPW	3	0.700935	0	0
CERS1	3	0.700935	1	0.645161
CERS2	3	0.700935	1	0.645161
CFAP126	3	0.700935	1	0.645161
CFAP36	3	0.700935	3	1.93548
CFAP410	3	0.700935	0	0
CFDP1	3	0.700935	3	1.93548
CFHR1	3	0.700935	1	0.645161
CFI	3	0.700935	1	0.645161
CFLAR	3	0.700935	1	0.645161
CHCHD6	3	0.700935	0	0
CHDH	3	0.700935	4	2.58065
CHIC1	3	0.700935	0	0
CHMP2B	3	0.700935	2	1.29032
CHMP3	3	0.700935	0	0
CHRNA10	3	0.700935	1	0.645161
CHRNA9	3	0.700935	1	0.645161
CHST7	3	0.700935	0	0
CIBAR1	3	0.700935	0	0
CIDEA	3	0.700935	1	0.645161
CITED2	3	0.700935	0	0
CKB	3	0.700935	1	0.645161
CKLF	3	0.700935	0	0
CKMT1B	3	0.700935	0	0
CKS1B	3	0.700935	1	0.645161
CLBA1	3	0.700935	0	0
CLCF1	3	0.700935	0	0
CLDN19	3	0.700935	0	0
CLDN4	3	0.700935	0	0
CLDN6	3	0.700935	0	0
CLDN7	3	0.700935	0	0
CLDN9	3	0.700935	0	0
CLEC2D	3	0.700935	0	0
CLEC3B	3	0.700935	0	0
CLEC4G	3	0.700935	1	0.645161
CLEC4M	3	0.700935	0	0
CLEC6A	3	0.700935	0	0
CLEC7A	3	0.700935	3	1.93548
CLEC9A	3	0.700935	1	0.645161
CLIC3	3	0.700935	0	0
CLN6	3	0.700935	0	0
CLRN1	3	0.700935	4	2.58065
CLRN2	3	0.700935	2	1.29032
CLVS2	3	0.700935	2	1.29032
CMC4	3	0.700935	0	0
CMPK1	3	0.700935	1	0.645161
CMTM7	3	0.700935	0	0
CMTM8	3	0.700935	0	0
CNNM3	3	0.700935	2	1.29032
CNPY1	3	0.700935	2	1.29032
CNPY3	3	0.700935	0	0
COA1	3	0.700935	0	0
COA6	3	0.700935	0	0
COCH	3	0.700935	0	0
COLEC10	3	0.700935	1	0.645161
COMMD10	3	0.700935	1	0.645161
COMMD2	3	0.700935	1	0.645161
COPRS	3	0.700935	0	0
COPS5	3	0.700935	2	1.29032
COPS7B	3	0.700935	0	0
COQ3	3	0.700935	0	0
COQ6	3	0.700935	2	1.29032
COX11	3	0.700935	1	0.645161
COX15	3	0.700935	2	1.29032
COX19	3	0.700935	1	0.645161
COX4I1	3	0.700935	0	0
COX5A	3	0.700935	0	0
COX6C	3	0.700935	0	0
CPA4	3	0.700935	1	0.645161
CPLX1	3	0.700935	0	0
CPLX2	3	0.700935	0	0
CPN1	3	0.700935	2	1.29032
CPNE5	3	0.700935	0	0
CPPED1	3	0.700935	2	1.29032
CPSF3	3	0.700935	3	1.93548
CPSF4	3	0.700935	0	0
CRADD	3	0.700935	3	1.93548
CREB1	3	0.700935	1	0.645161
CRHR1	3	0.700935	1	0.645161
CRISP2	3	0.700935	0	0
CRLF1	3	0.700935	0	0
CRTAP	3	0.700935	0	0
CRYBA1	3	0.700935	0	0
CRYBB3	3	0.700935	0	0
CSAG2	3	0.700935	1	0.645161
CSNK1A1	3	0.700935	0	0
CSRP1	3	0.700935	1	0.645161
CST2	3	0.700935	0	0
CST7	3	0.700935	1	0.645161
CTAG2	3	0.700935	1	0.645161
CTAGE15	3	0.700935	2	1.29032
CTAGE9	3	0.700935	0	0
CTDSP2	3	0.700935	1	0.645161
CTDSPL2	3	0.700935	2	1.29032
CTH	3	0.700935	1	0.645161
CTNS	3	0.700935	1	0.645161
CTRB1	3	0.700935	0	0
CTRC	3	0.700935	1	0.645161
CTSE	3	0.700935	1	0.645161
CTSG	3	0.700935	0	0
CTSV	3	0.700935	4	2.58065
CTTN	3	0.700935	1	0.645161
CTXN3	3	0.700935	1	0.645161
CWC15	3	0.700935	1	0.645161
CXorf56	3	0.700935	0	0
CYB5D1	3	0.700935	1	0.645161
CYBC1	3	0.700935	0	0
CYP2B6	3	0.700935	1	0.645161
CYP2C9	3	0.700935	2	1.29032
CYP2J2	3	0.700935	0	0
CYSLTR2	3	0.700935	1	0.645161
D2HGDH	3	0.700935	0	0
DAPL1	3	0.700935	0	0
DAZL	3	0.700935	2	1.29032
DBNDD2	3	0.700935	0	0
DBX2	3	0.700935	3	1.93548
DCAF10	3	0.700935	3	1.93548
DCAF16	3	0.700935	0	0
DCHS2	3	0.700935	1	0.645161
DCP1B	3	0.700935	0	0
DCTD	3	0.700935	0	0
DCTN3	3	0.700935	0	0
DCTPP1	3	0.700935	0	0
DCUN1D3	3	0.700935	0	0
DCUN1D4	3	0.700935	2	1.29032
DDAH2	3	0.700935	0	0
DDI2	3	0.700935	0	0
DDO	3	0.700935	2	1.29032
DEFB106B	3	0.700935	2	1.29032
DEFB118	3	0.700935	1	0.645161
DEFB119	3	0.700935	0	0
DEFB124	3	0.700935	0	0
DGAT2L6	3	0.700935	1	0.645161
DGUOK	3	0.700935	0	0
DHPS	3	0.700935	0	0
DHRSX	3	0.700935	1	0.645161
DIMT1	3	0.700935	0	0
DKKL1	3	0.700935	4	2.58065
DLX3	3	0.700935	0	0
DMAC2	3	0.700935	0	0
DMAC2L	3	0.700935	0	0
DMC1	3	0.700935	1	0.645161
DMRTA2	3	0.700935	0	0
DNAAF6	3	0.700935	0	0
DNAH14	3	0.700935	3	1.93548
DNAJB6	3	0.700935	1	0.645161
DNAJC12	3	0.700935	1	0.645161
DNAJC17	3	0.700935	0	0
DNAJC24	3	0.700935	4	2.58065
DNAJC25	3	0.700935	3	1.93548
DNAJC4	3	0.700935	0	0
DNAJC9	3	0.700935	4	2.58065
DNAL4	3	0.700935	1	0.645161
DPEP1	3	0.700935	1	0.645161
DPH6	3	0.700935	0	0
DPM1	3	0.700935	1	0.645161
DPP7	3	0.700935	0	0
DPPA5	3	0.700935	1	0.645161
DPRX	3	0.700935	1	0.645161
DTD2	3	0.700935	1	0.645161
DTX1	3	0.700935	1	0.645161
DUOXA1	3	0.700935	0	0
DUSP15	3	0.700935	1	0.645161
DUSP2	3	0.700935	1	0.645161
DUSP7	3	0.700935	0	0
DYDC1	3	0.700935	1	0.645161
EAPP	3	0.700935	2	1.29032
EARS2	3	0.700935	2	1.29032
EBLN2	3	0.700935	4	2.58065
EEF1AKMT1	3	0.700935	1	0.645161
EEF1AKMT4	3	0.700935	0	0
EEF1E1	3	0.700935	0	0
EFCAB8	3	0.700935	2	1.29032
EFNA1	3	0.700935	0	0
EFS	3	0.700935	1	0.645161
EGR4	3	0.700935	0	0
EID1	3	0.700935	2	1.29032
EIF2B1	3	0.700935	3	1.93548
EIF2S2	3	0.700935	1	0.645161
EIF2S3	3	0.700935	3	1.93548
EIF3G	3	0.700935	0	0
EIF4A3	3	0.700935	0	0
EIF4E1B	3	0.700935	0	0
EIF4E2	3	0.700935	2	1.29032
EIF4E3	3	0.700935	0	0
EIF4EBP2	3	0.700935	1	0.645161
EIF5A2	3	0.700935	1	0.645161
ELMOD2	3	0.700935	0	0
ELOB	3	0.700935	0	0
ELOVL6	3	0.700935	2	1.29032
ELOVL7	3	0.700935	0	0
EMG1	3	0.700935	2	1.29032
EMP3	3	0.700935	0	0
ENHO	3	0.700935	0	0
ENSA	3	0.700935	1	0.645161
ENY2	3	0.700935	0	0
EOLA1	3	0.700935	0	0
EPYC	3	0.700935	3	1.93548
ERAS	3	0.700935	0	0
ERICH5	3	0.700935	2	1.29032
ERMAP	3	0.700935	3	1.93548
ESAM	3	0.700935	1	0.645161
ESPN	3	0.700935	0	0
ESRRA	3	0.700935	3	1.93548
ETFRF1	3	0.700935	0	0
ETNK2	3	0.700935	1	0.645161
ETS1	3	0.700935	5	3.22581
EXD2	3	0.700935	1	0.645161
EXOSC4	3	0.700935	1	0.645161
EXT2	3	0.700935	1	0.645161
F2RL3	3	0.700935	0	0
F3	3	0.700935	3	1.93548
FAAH	3	0.700935	0	0
FAAP24	3	0.700935	1	0.645161
FAM110A	3	0.700935	0	0
FAM136A	3	0.700935	0	0
FAM163A	3	0.700935	1	0.645161
FAM168A	3	0.700935	1	0.645161
FAM193B	3	0.700935	0	0
FAM207A	3	0.700935	1	0.645161
FAM216B	3	0.700935	1	0.645161
FAM219A	3	0.700935	1	0.645161
FAM222A	3	0.700935	0	0
FAM228A	3	0.700935	1	0.645161
FAM24A	3	0.700935	0	0
FAM3B	3	0.700935	0	0
FAM43A	3	0.700935	0	0
FAM72A	3	0.700935	0	0
FAM76B	3	0.700935	0	0
FAM86B1	3	0.700935	0	0
FANCD2OS	3	0.700935	0	0
FANCF	3	0.700935	1	0.645161
FAXC	3	0.700935	2	1.29032
FAXDC2	3	0.700935	1	0.645161
FBP1	3	0.700935	0	0
FBXL15	3	0.700935	0	0
FBXO2	3	0.700935	0	0
FBXO25	3	0.700935	1	0.645161
FBXO39	3	0.700935	0	0
FBXO46	3	0.700935	0	0
FBXW9	3	0.700935	0	0
FCER1A	3	0.700935	2	1.29032
FCER2	3	0.700935	3	1.93548
FCGR2B	3	0.700935	0	0
FEM1C	3	0.700935	0	0
FGB	3	0.700935	2	1.29032
FGF16	3	0.700935	1	0.645161
FGF18	3	0.700935	1	0.645161
FGF8	3	0.700935	2	1.29032
FGL2	3	0.700935	0	0
FGR	3	0.700935	0	0
FHIT	3	0.700935	1	0.645161
FHL2	3	0.700935	1	0.645161
FIBP	3	0.700935	1	0.645161
FICD	3	0.700935	0	0
FJX1	3	0.700935	0	0
FKBP11	3	0.700935	3	1.93548
FKBP14	3	0.700935	3	1.93548
FKBP4	3	0.700935	2	1.29032
FLACC1	3	0.700935	1	0.645161
FLVCR1	3	0.700935	1	0.645161
FN3KRP	3	0.700935	0	0
FOSL2	3	0.700935	1	0.645161
FOXA1	3	0.700935	1	0.645161
FOXA3	3	0.700935	0	0
FOXC1	3	0.700935	0	0
FOXC2	3	0.700935	2	1.29032
FOXD2	3	0.700935	1	0.645161
FOXD4L3	3	0.700935	0	0
FOXE3	3	0.700935	0	0
FOXF1	3	0.700935	1	0.645161
FOXI2	3	0.700935	0	0
FRA10AC1	3	0.700935	3	1.93548
FRMD8	3	0.700935	0	0
FRS2	3	0.700935	3	1.93548
FST	3	0.700935	2	1.29032
FUNDC2	3	0.700935	1	0.645161
FUOM	3	0.700935	0	0
FUS	3	0.700935	1	0.645161
FUT6	3	0.700935	1	0.645161
FXN	3	0.700935	0	0
FYTTD1	3	0.700935	1	0.645161
GABARAPL1	3	0.700935	0	0
GABRP	3	0.700935	2	1.29032
GAL3ST3	3	0.700935	1	0.645161
GALE	3	0.700935	1	0.645161
GALK1	3	0.700935	0	0
GALNT8	3	0.700935	1	0.645161
GAPDHS	3	0.700935	1	0.645161
GBA	3	0.700935	1	0.645161
GBX1	3	0.700935	1	0.645161
GCH1	3	0.700935	1	0.645161
GCLM	3	0.700935	2	1.29032
GDF1	3	0.700935	1	0.645161
GDI1	3	0.700935	1	0.645161
GEMIN7	3	0.700935	0	0
GET4	3	0.700935	1	0.645161
GFI1	3	0.700935	2	1.29032
GGCT	3	0.700935	2	1.29032
GGT6	3	0.700935	0	0
GGTLC1	3	0.700935	0	0
GIMAP2	3	0.700935	1	0.645161
GIPC2	3	0.700935	3	1.93548
GJB4	3	0.700935	2	1.29032
GJB6	3	0.700935	1	0.645161
GJB7	3	0.700935	2	1.29032
GJC2	3	0.700935	0	0
GLIPR1L2	3	0.700935	0	0
GLRX2	3	0.700935	1	0.645161
GLT8D2	3	0.700935	2	1.29032
GNA13	3	0.700935	0	0
GNG11	3	0.700935	3	1.93548
GNG7	3	0.700935	0	0
GNPDA1	3	0.700935	0	0
GNPDA2	3	0.700935	0	0
GNPNAT1	3	0.700935	0	0
GOSR2	3	0.700935	1	0.645161
GPAT2	3	0.700935	2	1.29032
GPATCH3	3	0.700935	1	0.645161
GPD1	3	0.700935	0	0
GPHB5	3	0.700935	0	0
GPI	3	0.700935	2	1.29032
GPKOW	3	0.700935	2	1.29032
GPR135	3	0.700935	0	0
GPR148	3	0.700935	1	0.645161
GPR17	3	0.700935	2	1.29032
GPR18	3	0.700935	2	1.29032
GPR21	3	0.700935	1	0.645161
GPR27	3	0.700935	0	0
GPR35	3	0.700935	0	0
GPR39	3	0.700935	1	0.645161
GPR65	3	0.700935	1	0.645161
GPR89B	3	0.700935	2	1.29032
GPRC5D	3	0.700935	0	0
GPT2	3	0.700935	2	1.29032
GPX4	3	0.700935	0	0
GRAMD2A	3	0.700935	1	0.645161
GRB14	3	0.700935	2	1.29032
GRINA	3	0.700935	1	0.645161
GRK1	3	0.700935	1	0.645161
GRK7	3	0.700935	3	1.93548
GRP	3	0.700935	0	0
GRPEL1	3	0.700935	0	0
GRXCR2	3	0.700935	1	0.645161
GSTA4	3	0.700935	1	0.645161
GSTT2B	3	0.700935	0	0
GTF3A	3	0.700935	1	0.645161
GTF3C4	3	0.700935	3	1.93548
GTSE1	3	0.700935	1	0.645161
GTSF1L	3	0.700935	0	0
GUCA1A	3	0.700935	1	0.645161
GUCA2B	3	0.700935	1	0.645161
GYPE	3	0.700935	2	1.29032
H1-6	3	0.700935	0	0
H1-7	3	0.700935	1	0.645161
H2AB1	3	0.700935	1	0.645161
H2AC13	3	0.700935	0	0
H2AC4	3	0.700935	0	0
H2AX	3	0.700935	0	0
H2BC1	3	0.700935	1	0.645161
H2BC12	3	0.700935	0	0
H2BC13	3	0.700935	1	0.645161
H2BC3	3	0.700935	3	1.93548
H2BC7	3	0.700935	0	0
H2BC8	3	0.700935	2	1.29032
H2BW1	3	0.700935	1	0.645161
H3C13	3	0.700935	0	0
H4C11	3	0.700935	0	0
H4C5	3	0.700935	0	0
H4C6	3	0.700935	0	0
H4C9	3	0.700935	1	0.645161
HAAO	3	0.700935	0	0
HABP4	3	0.700935	1	0.645161
HACD1	3	0.700935	1	0.645161
HACD2	3	0.700935	1	0.645161
HAND1	3	0.700935	1	0.645161
HAO2	3	0.700935	3	1.93548
HAPLN2	3	0.700935	0	0
HARBI1	3	0.700935	0	0
HBD	3	0.700935	1	0.645161
HCRTR1	3	0.700935	0	0
HDAC10	3	0.700935	1	0.645161
HDHD2	3	0.700935	0	0
HEMK1	3	0.700935	0	0
HES1	3	0.700935	0	0
HEXA	3	0.700935	0	0
HEXIM1	3	0.700935	0	0
HHATL	3	0.700935	5	3.22581
HHIPL1	3	0.700935	0	0
HHLA1	3	0.700935	1	0.645161
HIBCH	3	0.700935	2	1.29032
HIF1AN	3	0.700935	3	1.93548
HIGD1B	3	0.700935	0	0
HINT2	3	0.700935	0	0
HLA-DOA	3	0.700935	3	1.93548
HLA-DQB1	3	0.700935	3	1.93548
HMCES	3	0.700935	1	0.645161
HMG20B	3	0.700935	0	0
HMGB2	3	0.700935	1	0.645161
HMGXB3	3	0.700935	0	0
HMSD	3	0.700935	0	0
HOATZ	3	0.700935	0	0
HOMER1	3	0.700935	2	1.29032
HOXB13	3	0.700935	3	1.93548
HOXB4	3	0.700935	1	0.645161
HOXC5	3	0.700935	0	0
HPCAL1	3	0.700935	1	0.645161
HPD	3	0.700935	3	1.93548
HPDL	3	0.700935	0	0
HRH1	3	0.700935	2	1.29032
HS3ST1	3	0.700935	1	0.645161
HSD11B2	3	0.700935	0	0
HSD17B1	3	0.700935	0	0
HSD17B12	3	0.700935	0	0
HSD17B3	3	0.700935	3	1.93548
HSDL1	3	0.700935	0	0
HSPA1B	3	0.700935	0	0
HSPB11	3	0.700935	0	0
HSPB8	3	0.700935	4	2.58065
HTATIP2	3	0.700935	1	0.645161
HTR1D	3	0.700935	0	0
HUS1	3	0.700935	0	0
HUS1B	3	0.700935	0	0
HYAL3	3	0.700935	0	0
HYLS1	3	0.700935	1	0.645161
ICAM2	3	0.700935	1	0.645161
ICAM4	3	0.700935	1	0.645161
IDUA	3	0.700935	0	0
IFI27L2	3	0.700935	3	1.93548
IFI30	3	0.700935	0	0
IFITM1	3	0.700935	0	0
IFITM5	3	0.700935	0	0
IFNA2	3	0.700935	2	1.29032
IFNA7	3	0.700935	0	0
IFNB1	3	0.700935	1	0.645161
IFT22	3	0.700935	0	0
IFT43	3	0.700935	1	0.645161
IFT52	3	0.700935	0	0
IGFBP2	3	0.700935	1	0.645161
IGFBP7	3	0.700935	0	0
IGFLR1	3	0.700935	2	1.29032
IGHV1-58	3	0.700935	1	0.645161
IGHV1OR15-9	3	0.700935	1	0.645161
IGHV2-5	3	0.700935	0	0
IGHV2-70	3	0.700935	3	1.93548
IGHV3-15	3	0.700935	0	0
IGHV3-21	3	0.700935	1	0.645161
IGHV3-38	3	0.700935	0	0
IGHV3-53	3	0.700935	0	0
IGHV4-31	3	0.700935	1	0.645161
IGKV1D-13	3	0.700935	1	0.645161
IGKV1D-16	3	0.700935	1	0.645161
IGKV1D-43	3	0.700935	0	0
IGKV2D-28	3	0.700935	0	0
IGKV3D-11	3	0.700935	0	0
IGKV6D-41	3	0.700935	1	0.645161
IGLV1-50	3	0.700935	1	0.645161
IGLV2-18	3	0.700935	0	0
IGLV3-9	3	0.700935	1	0.645161
IGLV5-45	3	0.700935	0	0
IL10RA	3	0.700935	2	1.29032
IL17F	3	0.700935	0	0
IL1A	3	0.700935	0	0
IL2	3	0.700935	1	0.645161
IL20RB	3	0.700935	0	0
IL22	3	0.700935	0	0
IL22RA1	3	0.700935	0	0
IL25	3	0.700935	1	0.645161
IL2RA	3	0.700935	0	0
IL37	3	0.700935	1	0.645161
ILKAP	3	0.700935	2	1.29032
IMPDH1	3	0.700935	1	0.645161
INHBE	3	0.700935	1	0.645161
INKA1	3	0.700935	0	0
INSIG1	3	0.700935	0	0
INSIG2	3	0.700935	1	0.645161
INSL3	3	0.700935	0	0
INSYN2B	3	0.700935	1	0.645161
INTS12	3	0.700935	0	0
IPP	3	0.700935	4	2.58065
IQCD	3	0.700935	1	0.645161
IRAK1BP1	3	0.700935	0	0
IRF3	3	0.700935	2	1.29032
IRF9	3	0.700935	0	0
ISCA1	3	0.700935	0	0
ISCA2	3	0.700935	1	0.645161
IST1	3	0.700935	1	0.645161
ITFG1	3	0.700935	2	1.29032
ITFG2	3	0.700935	1	0.645161
ITGB1BP2	3	0.700935	1	0.645161
ITLN1	3	0.700935	0	0
ITM2C	3	0.700935	2	1.29032
IVD	3	0.700935	0	0
IZUMO1R	3	0.700935	0	0
JAM2	3	0.700935	1	0.645161
JCHAIN	3	0.700935	4	2.58065
JOSD1	3	0.700935	0	0
JUN	3	0.700935	1	0.645161
KANK3	3	0.700935	2	1.29032
KCNE1	3	0.700935	0	0
KCNIP3	3	0.700935	0	0
KCNJ11	3	0.700935	2	1.29032
KCNJ6	3	0.700935	5	3.22581
KCNK15	3	0.700935	1	0.645161
KCNMB3	3	0.700935	2	1.29032
KCTD2	3	0.700935	1	0.645161
KCTD4	3	0.700935	3	1.93548
KCTD6	3	0.700935	2	1.29032
KDM1A	3	0.700935	4	2.58065
KDSR	3	0.700935	1	0.645161
KHDC1	3	0.700935	1	0.645161
KHDC4	3	0.700935	4	2.58065
KIAA0513	3	0.700935	1	0.645161
KIAA1671	3	0.700935	1	0.645161
KIR2DL3	3	0.700935	1	0.645161
KIR2DS4	3	0.700935	1	0.645161
KITLG	3	0.700935	0	0
KLF10	3	0.700935	1	0.645161
KLF11	3	0.700935	2	1.29032
KLF2	3	0.700935	0	0
KLF6	3	0.700935	2	1.29032
KLF9	3	0.700935	1	0.645161
KLHDC2	3	0.700935	4	2.58065
KLHL12	3	0.700935	1	0.645161
KLHL2	3	0.700935	3	1.93548
KLHL21	3	0.700935	0	0
KLHL29	3	0.700935	1	0.645161
KLK5	3	0.700935	0	0
KLRC3	3	0.700935	1	0.645161
KLRC4	3	0.700935	1	0.645161
KPNA7	3	0.700935	0	0
KRBOX4	3	0.700935	1	0.645161
KREMEN2	3	0.700935	0	0
KRT19	3	0.700935	1	0.645161
KRT24	3	0.700935	3	1.93548
KRT26	3	0.700935	2	1.29032
KRT8	3	0.700935	1	0.645161
KRT86	3	0.700935	0	0
KRTAP10-10	3	0.700935	0	0
KRTAP10-2	3	0.700935	0	0
KRTAP10-5	3	0.700935	0	0
KRTAP10-8	3	0.700935	1	0.645161
KRTAP12-3	3	0.700935	0	0
KRTAP13-2	3	0.700935	1	0.645161
KRTAP19-1	3	0.700935	0	0
KRTAP20-1	3	0.700935	1	0.645161
KRTAP26-1	3	0.700935	0	0
KRTAP3-1	3	0.700935	0	0
KRTAP4-1	3	0.700935	0	0
KRTAP4-12	3	0.700935	0	0
KRTAP4-2	3	0.700935	0	0
KRTAP5-1	3	0.700935	0	0
KRTAP5-10	3	0.700935	1	0.645161
KXD1	3	0.700935	0	0
KY	3	0.700935	0	0
L2HGDH	3	0.700935	1	0.645161
LAGE3	3	0.700935	1	0.645161
LAIR2	3	0.700935	0	0
LAMP5	3	0.700935	3	1.93548
LAMTOR1	3	0.700935	0	0
LANCL3	3	0.700935	0	0
LAPTM4A	3	0.700935	0	0
LARS2	3	0.700935	1	0.645161
LBX1	3	0.700935	1	0.645161
LCE2C	3	0.700935	0	0
LCE2D	3	0.700935	0	0
LCE3D	3	0.700935	2	1.29032
LCMT1	3	0.700935	1	0.645161
LCN9	3	0.700935	0	0
LDHD	3	0.700935	0	0
LDLRAD2	3	0.700935	1	0.645161
LDLRAD4	3	0.700935	1	0.645161
LEFTY1	3	0.700935	0	0
LELP1	3	0.700935	0	0
LENG9	3	0.700935	1	0.645161
LGALS3	3	0.700935	0	0
LHB	3	0.700935	0	0
LHX3	3	0.700935	0	0
LILRB4	3	0.700935	1	0.645161
LIM2	3	0.700935	0	0
LINC02210-CRHR1	3	0.700935	1	0.645161
LIPK	3	0.700935	2	1.29032
LIPN	3	0.700935	0	0
LLCFC1	3	0.700935	0	0
LMAN1L	3	0.700935	1	0.645161
LMNB2	3	0.700935	1	0.645161
LMNTD2	3	0.700935	0	0
LMO3	3	0.700935	0	0
LOXHD1	3	0.700935	2	1.29032
LPGAT1	3	0.700935	3	1.93548
LRIT3	3	0.700935	1	0.645161
LRP11	3	0.700935	0	0
LRP8	3	0.700935	5	3.22581
LRRC19	3	0.700935	2	1.29032
LRRC2	3	0.700935	1	0.645161
LRRC34	3	0.700935	0	0
LRRC59	3	0.700935	2	1.29032
LRSAM1	3	0.700935	0	0
LRTM2	3	0.700935	1	0.645161
LSMEM1	3	0.700935	0	0
LSMEM2	3	0.700935	0	0
LTA4H	3	0.700935	0	0
LTB4R2	3	0.700935	0	0
LUC7L	3	0.700935	0	0
LY6G6C	3	0.700935	0	0
LY86	3	0.700935	0	0
LYG2	3	0.700935	0	0
LYNX1	3	0.700935	0	0
LYPD2	3	0.700935	0	0
LYPD3	3	0.700935	1	0.645161
LYPD4	3	0.700935	2	1.29032
LYSMD1	3	0.700935	1	0.645161
LYSMD3	3	0.700935	3	1.93548
LYSMD4	3	0.700935	0	0
MAB21L4	3	0.700935	0	0
MAD2L1BP	3	0.700935	1	0.645161
MAD2L2	3	0.700935	0	0
MAFK	3	0.700935	0	0
MAGEA4	3	0.700935	0	0
MAGEB10	3	0.700935	2	1.29032
MAGEB18	3	0.700935	1	0.645161
MAGEB5	3	0.700935	0	0
MAK16	3	0.700935	2	1.29032
MAMDC4	3	0.700935	1	0.645161
MANSC1	3	0.700935	1	0.645161
MAOA	3	0.700935	1	0.645161
MAP3K8	3	0.700935	2	1.29032
MAPK1	3	0.700935	1	0.645161
MAPK13	3	0.700935	0	0
MAPKAPK3	3	0.700935	0	0
MAPRE1	3	0.700935	0	0
MARCHF1	3	0.700935	1	0.645161
MARCHF2	3	0.700935	0	0
MBL2	3	0.700935	1	0.645161
MBLAC2	3	0.700935	0	0
MC2R	3	0.700935	1	0.645161
MCAT	3	0.700935	1	0.645161
MCCD1	3	0.700935	1	0.645161
MCM3	3	0.700935	2	1.29032
MEAF6	3	0.700935	0	0
MECR	3	0.700935	1	0.645161
MED31	3	0.700935	1	0.645161
MED7	3	0.700935	1	0.645161
MEF2D	3	0.700935	2	1.29032
MEIOB	3	0.700935	1	0.645161
METAP1	3	0.700935	0	0
METTL17	3	0.700935	0	0
METTL18	3	0.700935	1	0.645161
METTL21A	3	0.700935	2	1.29032
METTL2A	3	0.700935	1	0.645161
METTL2B	3	0.700935	2	1.29032
METTL4	3	0.700935	0	0
METTL9	3	0.700935	1	0.645161
MEX3D	3	0.700935	2	1.29032
MFAP3	3	0.700935	1	0.645161
MGARP	3	0.700935	1	0.645161
MIER1	3	0.700935	2	1.29032
MIS18A	3	0.700935	0	0
MITD1	3	0.700935	0	0
MKKS	3	0.700935	2	1.29032
MKNK1	3	0.700935	1	0.645161
MLYCD	3	0.700935	1	0.645161
MMACHC	3	0.700935	1	0.645161
MMGT1	3	0.700935	0	0
MOB3B	3	0.700935	0	0
MORF4L1	3	0.700935	1	0.645161
MOSPD2	3	0.700935	3	1.93548
MPND	3	0.700935	0	0
MRGPRD	3	0.700935	1	0.645161
MRGPRE	3	0.700935	1	0.645161
MRGPRF	3	0.700935	0	0
MRPL15	3	0.700935	1	0.645161
MRPL18	3	0.700935	0	0
MRPL48	3	0.700935	0	0
MRPL50	3	0.700935	0	0
MRPS10	3	0.700935	1	0.645161
MRPS12	3	0.700935	0	0
MRPS5	3	0.700935	1	0.645161
MRS2	3	0.700935	1	0.645161
MS4A12	3	0.700935	0	0
MS4A2	3	0.700935	3	1.93548
MSANTD2	3	0.700935	0	0
MSANTD3	3	0.700935	0	0
MSL1	3	0.700935	0	0
MTX2	3	0.700935	0	0
MUC1	3	0.700935	1	0.645161
MUC19	3	0.700935	1	0.645161
MUC7	3	0.700935	0	0
MXD1	3	0.700935	3	1.93548
MXI1	3	0.700935	2	1.29032
MYBPHL	3	0.700935	0	0
MYL4	3	0.700935	1	0.645161
N4BP2L1	3	0.700935	3	1.93548
N6AMT1	3	0.700935	0	0
NACA	3	0.700935	1	0.645161
NACA2	3	0.700935	0	0
NAMPT	3	0.700935	1	0.645161
NAP1L4	3	0.700935	3	1.93548
NAT8	3	0.700935	1	0.645161
NBPF9	3	0.700935	1	0.645161
NCBP2	3	0.700935	1	0.645161
NCBP3	3	0.700935	0	0
NCCRP1	3	0.700935	0	0
NCF1	3	0.700935	2	1.29032
NCS1	3	0.700935	1	0.645161
NDEL1	3	0.700935	2	1.29032
NDFIP1	3	0.700935	2	1.29032
NDRG4	3	0.700935	1	0.645161
NDUFA12	3	0.700935	1	0.645161
NDUFAF2	3	0.700935	0	0
NDUFB11	3	0.700935	0	0
NDUFB3	3	0.700935	0	0
NDUFB8	3	0.700935	1	0.645161
NDUFV2	3	0.700935	0	0
NEGR1	3	0.700935	0	0
NEURL2	3	0.700935	0	0
NEUROG2	3	0.700935	0	0
NFKBIA	3	0.700935	0	0
NFU1	3	0.700935	1	0.645161
NFYB	3	0.700935	1	0.645161
NGDN	3	0.700935	1	0.645161
NGF	3	0.700935	1	0.645161
NGRN	3	0.700935	3	1.93548
NHEJ1	3	0.700935	2	1.29032
NHLH2	3	0.700935	1	0.645161
NICN1	3	0.700935	1	0.645161
NIP7	3	0.700935	1	0.645161
NIPA1	3	0.700935	1	0.645161
NIT2	3	0.700935	2	1.29032
NKIRAS2	3	0.700935	0	0
NKX2-3	3	0.700935	1	0.645161
NME6	3	0.700935	1	0.645161
NMI	3	0.700935	1	0.645161
NMRK1	3	0.700935	0	0
NMS	3	0.700935	0	0
NMU	3	0.700935	0	0
NOA1	3	0.700935	1	0.645161
NOB1	3	0.700935	2	1.29032
NOL10	3	0.700935	1	0.645161
NOL11	3	0.700935	2	1.29032
NOVA2	3	0.700935	3	1.93548
NPM2	3	0.700935	0	0
NPPA	3	0.700935	2	1.29032
NPPB	3	0.700935	2	1.29032
NPTN	3	0.700935	2	1.29032
NPTX1	3	0.700935	2	1.29032
NPTXR	3	0.700935	1	0.645161
NPY4R	3	0.700935	3	1.93548
NQO1	3	0.700935	0	0
NR2F6	3	0.700935	1	0.645161
NREP	3	0.700935	0	0
NRG4	3	0.700935	0	0
NRL	3	0.700935	0	0
NRM	3	0.700935	0	0
NRSN1	3	0.700935	1	0.645161
NSA2	3	0.700935	0	0
NSG1	3	0.700935	0	0
NSMCE4A	3	0.700935	0	0
NT5DC2	3	0.700935	0	0
NT5M	3	0.700935	0	0
NTPCR	3	0.700935	0	0
NTS	3	0.700935	2	1.29032
NUDT15	3	0.700935	2	1.29032
NUDT17	3	0.700935	2	1.29032
NUDT19	3	0.700935	0	0
NUDT3	3	0.700935	0	0
NUDT6	3	0.700935	2	1.29032
OAS1	3	0.700935	2	1.29032
OAT	3	0.700935	2	1.29032
OCM	3	0.700935	0	0
ODAM	3	0.700935	1	0.645161
ODC1	3	0.700935	2	1.29032
ODF3L1	3	0.700935	1	0.645161
ODF4	3	0.700935	1	0.645161
OGFOD1	3	0.700935	1	0.645161
OLFM2	3	0.700935	2	1.29032
OLR1	3	0.700935	2	1.29032
OMP	3	0.700935	1	0.645161
OPTC	3	0.700935	2	1.29032
OR10A5	3	0.700935	1	0.645161
OR10G2	3	0.700935	1	0.645161
OR10G8	3	0.700935	2	1.29032
OR10H3	3	0.700935	1	0.645161
OR10K2	3	0.700935	1	0.645161
OR10V1	3	0.700935	0	0
OR1K1	3	0.700935	2	1.29032
OR1N2	3	0.700935	1	0.645161
OR1S1	3	0.700935	2	1.29032
OR2A42	3	0.700935	0	0
OR2A7	3	0.700935	5	3.22581
OR2AG2	3	0.700935	1	0.645161
OR2B3	3	0.700935	1	0.645161
OR2D3	3	0.700935	2	1.29032
OR2L5	3	0.700935	0	0
OR2V2	3	0.700935	0	0
OR4B1	3	0.700935	1	0.645161
OR4F15	3	0.700935	3	1.93548
OR4F6	3	0.700935	0	0
OR4N5	3	0.700935	2	1.29032
OR51D1	3	0.700935	0	0
OR52A1	3	0.700935	2	1.29032
OR52E2	3	0.700935	4	2.58065
OR52E6	3	0.700935	2	1.29032
OR52I1	3	0.700935	2	1.29032
OR5A1	3	0.700935	1	0.645161
OR5B21	3	0.700935	2	1.29032
OR5K1	3	0.700935	1	0.645161
OR5M10	3	0.700935	3	1.93548
OR5M11	3	0.700935	0	0
OR5T1	3	0.700935	2	1.29032
OR6A2	3	0.700935	2	1.29032
OR6C6	3	0.700935	4	2.58065
OR7D4	3	0.700935	1	0.645161
OR7G3	3	0.700935	0	0
OR8B2	3	0.700935	1	0.645161
OR8B8	3	0.700935	1	0.645161
OR8D1	3	0.700935	2	1.29032
OR8J3	3	0.700935	2	1.29032
OR8U1	3	0.700935	4	2.58065
OR9A2	3	0.700935	1	0.645161
OR9I1	3	0.700935	0	0
ORAI3	3	0.700935	0	0
ORC6	3	0.700935	0	0
OSCAR	3	0.700935	0	0
OSER1	3	0.700935	2	1.29032
OTOR	3	0.700935	0	0
OTUB2	3	0.700935	1	0.645161
OTUD3	3	0.700935	2	1.29032
OTULINL	3	0.700935	0	0
OVOL1	3	0.700935	1	0.645161
OXGR1	3	0.700935	1	0.645161
OXT	3	0.700935	0	0
P2RX5	3	0.700935	1	0.645161
P2RY1	3	0.700935	3	1.93548
P4HTM	3	0.700935	2	1.29032
PAAF1	3	0.700935	1	0.645161
PAGE1	3	0.700935	0	0
PAK1IP1	3	0.700935	0	0
PANK2	3	0.700935	1	0.645161
PANX3	3	0.700935	1	0.645161
PAQR3	3	0.700935	2	1.29032
PAQR6	3	0.700935	1	0.645161
PAQR7	3	0.700935	0	0
PARD6B	3	0.700935	2	1.29032
PATE2	3	0.700935	0	0
PAWR	3	0.700935	3	1.93548
PBK	3	0.700935	1	0.645161
PBLD	3	0.700935	0	0
PBX4	3	0.700935	1	0.645161
PCMT1	3	0.700935	2	1.29032
PCNA	3	0.700935	2	1.29032
PCP2	3	0.700935	0	0
PCTP	3	0.700935	1	0.645161
PCYT2	3	0.700935	1	0.645161
PDE6D	3	0.700935	0	0
PDGFC	3	0.700935	3	1.93548
PDGFRL	3	0.700935	0	0
PDHB	3	0.700935	0	0
PDLIM4	3	0.700935	0	0
PDPN	3	0.700935	1	0.645161
PDRG1	3	0.700935	1	0.645161
PDSS2	3	0.700935	1	0.645161
PDX1	3	0.700935	0	0
PDXK	3	0.700935	0	0
PDZD11	3	0.700935	0	0
PEAK3	3	0.700935	1	0.645161
PEF1	3	0.700935	1	0.645161
PEG10	3	0.700935	3	1.93548
PEX10	3	0.700935	0	0
PEX3	3	0.700935	4	2.58065
PF4	3	0.700935	0	0
PFDN1	3	0.700935	1	0.645161
PFN2	3	0.700935	1	0.645161
PFN4	3	0.700935	0	0
PGA5	3	0.700935	1	0.645161
PGAM2	3	0.700935	0	0
PGAM4	3	0.700935	1	0.645161
PGAM5	3	0.700935	2	1.29032
PGBD2	3	0.700935	1	0.645161
PGK1	3	0.700935	3	1.93548
PHF11	3	0.700935	0	0
PHOSPHO1	3	0.700935	0	0
PICK1	3	0.700935	0	0
PIGP	3	0.700935	1	0.645161
PIGU	3	0.700935	2	1.29032
PIGV	3	0.700935	1	0.645161
PIGZ	3	0.700935	0	0
PILRA	3	0.700935	2	1.29032
PINX1	3	0.700935	1	0.645161
PIP	3	0.700935	2	1.29032
PIP4K2C	3	0.700935	0	0
PIP4P1	3	0.700935	1	0.645161
PIP5K1B	3	0.700935	2	1.29032
PITPNB	3	0.700935	2	1.29032
PJVK	3	0.700935	0	0
PLA2G1B	3	0.700935	1	0.645161
PLAUR	3	0.700935	2	1.29032
PLBD1	3	0.700935	2	1.29032
PLIN1	3	0.700935	3	1.93548
PLIN2	3	0.700935	2	1.29032
PLP2	3	0.700935	0	0
PLPBP	3	0.700935	0	0
PLPP5	3	0.700935	0	0
PLPP7	3	0.700935	2	1.29032
PLPPR2	3	0.700935	0	0
PLPPR3	3	0.700935	0	0
PMF1	3	0.700935	0	0
PMM1	3	0.700935	2	1.29032
PMP2	3	0.700935	1	0.645161
PNKD	3	0.700935	0	0
PNPO	3	0.700935	0	0
POC5	3	0.700935	3	1.93548
POLA2	3	0.700935	1	0.645161
POLR2D	3	0.700935	0	0
POLR2H	3	0.700935	2	1.29032
POLR3F	3	0.700935	1	0.645161
POLR3GL	3	0.700935	0	0
POLR3H	3	0.700935	0	0
POM121L2	3	0.700935	1	0.645161
POMC	3	0.700935	0	0
POP4	3	0.700935	0	0
POPDC3	3	0.700935	3	1.93548
POTEJ	3	0.700935	2	1.29032
POU2AF1	3	0.700935	1	0.645161
POU4F1	3	0.700935	0	0
PPA1	3	0.700935	0	0
PPBP	3	0.700935	0	0
PPIAL4A	3	0.700935	1	0.645161
PPIB	3	0.700935	0	0
PPIL1	3	0.700935	0	0
PPIL6	3	0.700935	1	0.645161
PPM1F	3	0.700935	1	0.645161
PPM1J	3	0.700935	1	0.645161
PPP1CA	3	0.700935	0	0
PPP1R17	3	0.700935	3	1.93548
PPP1R3D	3	0.700935	0	0
PPP3R1	3	0.700935	3	1.93548
PQBP1	3	0.700935	0	0
PRAMEF10	3	0.700935	4	2.58065
PRAMEF15	3	0.700935	2	1.29032
PRAMEF5	3	0.700935	2	1.29032
PRDM12	3	0.700935	0	0
PRELID3A	3	0.700935	0	0
PRIMA1	3	0.700935	0	0
PRKACB	3	0.700935	0	0
PRKAR1A	3	0.700935	4	2.58065
PRMT1	3	0.700935	0	0
PROK1	3	0.700935	0	0
PRPF39	3	0.700935	1	0.645161
PRPH	3	0.700935	1	0.645161
PRPSAP2	3	0.700935	0	0
PRR15L	3	0.700935	1	0.645161
PRRT1	3	0.700935	1	0.645161
PRSS16	3	0.700935	3	1.93548
PRSS21	3	0.700935	0	0
PRSS48	3	0.700935	2	1.29032
PRSS58	3	0.700935	2	1.29032
PRUNE1	3	0.700935	1	0.645161
PSCA	3	0.700935	0	0
PSG11	3	0.700935	2	1.29032
PSMA4	3	0.700935	1	0.645161
PSMA5	3	0.700935	1	0.645161
PSMA7	3	0.700935	1	0.645161
PSMB11	3	0.700935	1	0.645161
PSMB2	3	0.700935	1	0.645161
PSMB3	3	0.700935	1	0.645161
PSMB5	3	0.700935	0	0
PSMD13	3	0.700935	0	0
PSMD14	3	0.700935	2	1.29032
PSMD7	3	0.700935	1	0.645161
PSME3IP1	3	0.700935	0	0
PTCRA	3	0.700935	1	0.645161
PTGDS	3	0.700935	0	0
PTGES2	3	0.700935	0	0
PTGR1	3	0.700935	2	1.29032
PTGR2	3	0.700935	2	1.29032
PTK6	3	0.700935	1	0.645161
PTPA	3	0.700935	0	0
PTPN20	3	0.700935	2	1.29032
PTPRQ	3	0.700935	1	0.645161
PTTG1IP	3	0.700935	0	0
PUDP	3	0.700935	0	0
PURA	3	0.700935	0	0
PXYLP1	3	0.700935	2	1.29032
QPCT	3	0.700935	1	0.645161
R3HDML	3	0.700935	0	0
RAB11A	3	0.700935	2	1.29032
RAB11FIP3	3	0.700935	0	0
RAB14	3	0.700935	1	0.645161
RAB1A	3	0.700935	0	0
RAB1B	3	0.700935	0	0
RAB22A	3	0.700935	0	0
RAB23	3	0.700935	2	1.29032
RAB26	3	0.700935	0	0
RAB31	3	0.700935	1	0.645161
RAB3A	3	0.700935	0	0
RAB40B	3	0.700935	1	0.645161
RAB5C	3	0.700935	0	0
RABEPK	3	0.700935	0	0
RAC3	3	0.700935	1	0.645161
RACGAP1	3	0.700935	0	0
RACK1	3	0.700935	0	0
RAD51D	3	0.700935	1	0.645161
RAD52	3	0.700935	1	0.645161
RAET1E	3	0.700935	0	0
RAET1L	3	0.700935	0	0
RALB	3	0.700935	3	1.93548
RANBP1	3	0.700935	1	0.645161
RAP1GAP	3	0.700935	2	1.29032
RAPSN	3	0.700935	0	0
RASA4	3	0.700935	0	0
RASD1	3	0.700935	1	0.645161
RASGEF1C	3	0.700935	2	1.29032
RASL11B	3	0.700935	0	0
RASL12	3	0.700935	1	0.645161
RASSF8	3	0.700935	1	0.645161
RBAK-RBAKDN	3	0.700935	1	0.645161
RBBP4	3	0.700935	0	0
RBBP9	3	0.700935	0	0
RBIS	3	0.700935	0	0
RBM11	3	0.700935	2	1.29032
RBM18	3	0.700935	0	0
RBM20	3	0.700935	0	0
RBM7	3	0.700935	2	1.29032
RBMXL3	3	0.700935	1	0.645161
RBP4	3	0.700935	0	0
RCN2	3	0.700935	1	0.645161
RDH10	3	0.700935	1	0.645161
REC114	3	0.700935	2	1.29032
REEP3	3	0.700935	2	1.29032
RENBP	3	0.700935	1	0.645161
REPIN1	3	0.700935	0	0
RER1	3	0.700935	1	0.645161
RETN	3	0.700935	0	0
RFFL	3	0.700935	2	1.29032
RFLNB	3	0.700935	0	0
RFXAP	3	0.700935	0	0
RGPD2	3	0.700935	0	0
RGPD3	3	0.700935	2	1.29032
RGPD4	3	0.700935	2	1.29032
RGS16	3	0.700935	0	0
RGS5	3	0.700935	2	1.29032
RGS9BP	3	0.700935	0	0
RHBDD1	3	0.700935	2	1.29032
RHBDD2	3	0.700935	0	0
RHEX	3	0.700935	1	0.645161
RHNO1	3	0.700935	0	0
RHO	3	0.700935	1	0.645161
RHOU	3	0.700935	0	0
RHOXF1	3	0.700935	0	0
RIBC1	3	0.700935	1	0.645161
RIBC2	3	0.700935	5	3.22581
RIC8A	3	0.700935	2	1.29032
RILPL2	3	0.700935	0	0
RIMKLA	3	0.700935	0	0
RIOX1	3	0.700935	1	0.645161
RIPPLY2	3	0.700935	0	0
RMDN3	3	0.700935	0	0
RMND5A	3	0.700935	0	0
RNASE3	3	0.700935	3	1.93548
RNASE4	3	0.700935	2	1.29032
RNASEH2B	3	0.700935	2	1.29032
RNASET2	3	0.700935	1	0.645161
RNF121	3	0.700935	0	0
RNF144A	3	0.700935	1	0.645161
RNF157	3	0.700935	1	0.645161
RNF170	3	0.700935	0	0
RNF182	3	0.700935	1	0.645161
RNF2	3	0.700935	2	1.29032
RNPEP	3	0.700935	1	0.645161
ROM1	3	0.700935	1	0.645161
ROPN1	3	0.700935	0	0
RPF2	3	0.700935	3	1.93548
RPL10A	3	0.700935	1	0.645161
RPL14	3	0.700935	0	0
RPL31	3	0.700935	0	0
RPL32	3	0.700935	0	0
RPL7L1	3	0.700935	0	0
RPP25L	3	0.700935	0	0
RPS11	3	0.700935	0	0
RPS2	3	0.700935	2	1.29032
RPS24	3	0.700935	1	0.645161
RPS6KL1	3	0.700935	1	0.645161
RPSA	3	0.700935	0	0
RRAGC	3	0.700935	1	0.645161
RRAS	3	0.700935	0	0
RRP7A	3	0.700935	0	0
RSPH9	3	0.700935	3	1.93548
RTL8C	3	0.700935	0	0
RTN2	3	0.700935	2	1.29032
RTN4IP1	3	0.700935	1	0.645161
RTRAF	3	0.700935	1	0.645161
RUNDC1	3	0.700935	0	0
RYBP	3	0.700935	0	0
S100A2	3	0.700935	0	0
S100G	3	0.700935	0	0
S1PR2	3	0.700935	1	0.645161
S1PR3	3	0.700935	4	2.58065
SAA2-SAA4	3	0.700935	2	1.29032
SAC3D1	3	0.700935	0	0
SACM1L	3	0.700935	2	1.29032
SAMD8	3	0.700935	0	0
SAP30L	3	0.700935	0	0
SAPCD2	3	0.700935	0	0
SARS2	3	0.700935	0	0
SART1	3	0.700935	1	0.645161
SCAMP3	3	0.700935	0	0
SCD5	3	0.700935	1	0.645161
SCMH1	3	0.700935	1	0.645161
SCN1B	3	0.700935	1	0.645161
SCN4B	3	0.700935	0	0
SCO2	3	0.700935	0	0
SCRT1	3	0.700935	1	0.645161
SDE2	3	0.700935	1	0.645161
SDHAF2	3	0.700935	1	0.645161
SDHAF3	3	0.700935	0	0
SEC14L2	3	0.700935	0	0
SEC23B	3	0.700935	1	0.645161
SEC61B	3	0.700935	0	0
SEC62	3	0.700935	1	0.645161
SECTM1	3	0.700935	0	0
SELENOI	3	0.700935	2	1.29032
SELENOV	3	0.700935	0	0
SEMA7A	3	0.700935	3	1.93548
SEPTIN1	3	0.700935	0	0
SERBP1	3	0.700935	4	2.58065
SERPINA3	3	0.700935	1	0.645161
SERPINB6	3	0.700935	2	1.29032
SERTAD3	3	0.700935	0	0
SF3A3	3	0.700935	1	0.645161
SFRP1	3	0.700935	3	1.93548
SFT2D2	3	0.700935	0	0
SFTPC	3	0.700935	0	0
SFXN4	3	0.700935	1	0.645161
SGSH	3	0.700935	2	1.29032
SGSM2	3	0.700935	3	1.93548
SGTB	3	0.700935	1	0.645161
SH2D2A	3	0.700935	1	0.645161
SH2D4A	3	0.700935	3	1.93548
SH2D4B	3	0.700935	1	0.645161
SH3BGRL2	3	0.700935	0	0
SHISA2	3	0.700935	0	0
SHISA4	3	0.700935	0	0
SHROOM1	3	0.700935	1	0.645161
SIGLECL1	3	0.700935	4	2.58065
SIGMAR1	3	0.700935	0	0
SIM2	3	0.700935	0	0
SIRPG	3	0.700935	1	0.645161
SIRT2	3	0.700935	1	0.645161
SIRT6	3	0.700935	0	0
SKI	3	0.700935	1	0.645161
SKP2	3	0.700935	1	0.645161
SLAMF8	3	0.700935	1	0.645161
SLC10A1	3	0.700935	1	0.645161
SLC10A7	3	0.700935	0	0
SLC16A2	3	0.700935	3	1.93548
SLC22A18	3	0.700935	0	0
SLC22A25	3	0.700935	2	1.29032
SLC25A1	3	0.700935	0	0
SLC25A22	3	0.700935	0	0
SLC25A26	3	0.700935	1	0.645161
SLC25A40	3	0.700935	4	2.58065
SLC25A45	3	0.700935	0	0
SLC2A12	3	0.700935	1	0.645161
SLC30A5	3	0.700935	1	0.645161
SLC30A7	3	0.700935	1	0.645161
SLC33A1	3	0.700935	1	0.645161
SLC35A2	3	0.700935	1	0.645161
SLC35B4	3	0.700935	0	0
SLC35E4	3	0.700935	0	0
SLC39A2	3	0.700935	1	0.645161
SLC39A9	3	0.700935	0	0
SLC49A4	3	0.700935	2	1.29032
SLC51A	3	0.700935	2	1.29032
SLC7A6	3	0.700935	0	0
SLFN12L	3	0.700935	1	0.645161
SLFN14	3	0.700935	2	1.29032
SLPI	3	0.700935	1	0.645161
SMAD6	3	0.700935	0	0
SMAP1	3	0.700935	1	0.645161
SMG9	3	0.700935	0	0
SMIM21	3	0.700935	1	0.645161
SMS	3	0.700935	0	0
SMTNL2	3	0.700935	0	0
SMURF2	3	0.700935	2	1.29032
SNAP25	3	0.700935	1	0.645161
SNAPC2	3	0.700935	2	1.29032
SNRNP27	3	0.700935	0	0
SNU13	3	0.700935	1	0.645161
SNX12	3	0.700935	0	0
SNX16	3	0.700935	3	1.93548
SNX4	3	0.700935	0	0
SORBS3	3	0.700935	0	0
SOWAHB	3	0.700935	3	1.93548
SOX1	3	0.700935	0	0
SOX30	3	0.700935	3	1.93548
SOX4	3	0.700935	0	0
SOX8	3	0.700935	0	0
SP5	3	0.700935	1	0.645161
SPA17	3	0.700935	0	0
SPACA4	3	0.700935	0	0
SPATA25	3	0.700935	0	0
SPATA4	3	0.700935	3	1.93548
SPATA6	3	0.700935	2	1.29032
SPATA7	3	0.700935	1	0.645161
SPC25	3	0.700935	0	0
SPCS3	3	0.700935	0	0
SPDYC	3	0.700935	0	0
SPHK1	3	0.700935	0	0
SPIC	3	0.700935	0	0
SPIN2B	3	0.700935	0	0
SPO11	3	0.700935	2	1.29032
SPPL3	3	0.700935	0	0
SPRING1	3	0.700935	0	0
SPRY2	3	0.700935	0	0
SRP54	3	0.700935	2	1.29032
SRRD	3	0.700935	0	0
SSBP1	3	0.700935	0	0
SST	3	0.700935	0	0
SSU72	3	0.700935	0	0
SSU72P8	3	0.700935	2	1.29032
ST13	3	0.700935	1	0.645161
STAP1	3	0.700935	1	0.645161
STAR	3	0.700935	0	0
STARD3NL	3	0.700935	1	0.645161
STK17B	3	0.700935	0	0
STMN3	3	0.700935	0	0
STN1	3	0.700935	0	0
STOM	3	0.700935	2	1.29032
STOML2	3	0.700935	1	0.645161
STPG1	3	0.700935	3	1.93548
STX6	3	0.700935	0	0
SUCLG1	3	0.700935	1	0.645161
SUCLG2	3	0.700935	0	0
SUFU	3	0.700935	0	0
SULT1A2	3	0.700935	0	0
SUPV3L1	3	0.700935	1	0.645161
SYCP3	3	0.700935	0	0
SYT15	3	0.700935	0	0
TAC1	3	0.700935	0	0
TAC4	3	0.700935	0	0
TACSTD2	3	0.700935	0	0
TAF7	3	0.700935	2	1.29032
TAF9B	3	0.700935	2	1.29032
TAGLN	3	0.700935	2	1.29032
TAPBPL	3	0.700935	1	0.645161
TAS2R16	3	0.700935	2	1.29032
TAS2R3	3	0.700935	1	0.645161
TAS2R43	3	0.700935	1	0.645161
TAS2R46	3	0.700935	1	0.645161
TAS2R60	3	0.700935	3	1.93548
TATDN3	3	0.700935	1	0.645161
TBC1D21	3	0.700935	0	0
TBC1D28	3	0.700935	0	0
TBCE	3	0.700935	1	0.645161
TBPL1	3	0.700935	1	0.645161
TBPL2	3	0.700935	0	0
TBRG1	3	0.700935	0	0
TBX21	3	0.700935	2	1.29032
TCEA3	3	0.700935	0	0
TCEAL5	3	0.700935	0	0
TCEAL9	3	0.700935	1	0.645161
TCF21	3	0.700935	0	0
TCL1A	3	0.700935	0	0
TCN1	3	0.700935	3	1.93548
TCP11L2	3	0.700935	2	1.29032
TDP1	3	0.700935	0	0
TDP2	3	0.700935	2	1.29032
TDRD12	3	0.700935	0	0
TECR	3	0.700935	1	0.645161
TECTB	3	0.700935	2	1.29032
TEDC2	3	0.700935	0	0
TENT5C	3	0.700935	0	0
TERB2	3	0.700935	1	0.645161
TERF2	3	0.700935	4	2.58065
TERF2IP	3	0.700935	2	1.29032
TEX26	3	0.700935	0	0
TEX35	3	0.700935	1	0.645161
TEX43	3	0.700935	0	0
TEX44	3	0.700935	1	0.645161
TEX55	3	0.700935	2	1.29032
TFAM	3	0.700935	1	0.645161
TGIF2	3	0.700935	0	0
TGOLN2	3	0.700935	1	0.645161
THAP10	3	0.700935	1	0.645161
THAP11	3	0.700935	0	0
THAP8	3	0.700935	1	0.645161
THOC6	3	0.700935	0	0
THOC7	3	0.700935	0	0
THTPA	3	0.700935	0	0
THUMPD1	3	0.700935	2	1.29032
THUMPD3	3	0.700935	2	1.29032
TIAF1	3	0.700935	0	0
TIFAB	3	0.700935	0	0
TIMP2	3	0.700935	0	0
TIRAP	3	0.700935	1	0.645161
TJAP1	3	0.700935	2	1.29032
TLCD4	3	0.700935	0	0
TM4SF20	3	0.700935	0	0
TM7SF2	3	0.700935	0	0
TMBIM6	3	0.700935	0	0
TMCO1	3	0.700935	2	1.29032
TMED10	3	0.700935	2	1.29032
TMED2	3	0.700935	1	0.645161
TMED5	3	0.700935	1	0.645161
TMEM101	3	0.700935	0	0
TMEM106B	3	0.700935	2	1.29032
TMEM106C	3	0.700935	1	0.645161
TMEM138	3	0.700935	0	0
TMEM141	3	0.700935	0	0
TMEM143	3	0.700935	0	0
TMEM150A	3	0.700935	0	0
TMEM151A	3	0.700935	2	1.29032
TMEM174	3	0.700935	1	0.645161
TMEM179B	3	0.700935	0	0
TMEM18	3	0.700935	1	0.645161
TMEM182	3	0.700935	1	0.645161
TMEM184B	3	0.700935	0	0
TMEM196	3	0.700935	1	0.645161
TMEM200B	3	0.700935	0	0
TMEM201	3	0.700935	0	0
TMEM202	3	0.700935	1	0.645161
TMEM205	3	0.700935	0	0
TMEM207	3	0.700935	0	0
TMEM216	3	0.700935	1	0.645161
TMEM218	3	0.700935	0	0
TMEM219	3	0.700935	0	0
TMEM222	3	0.700935	0	0
TMEM229B	3	0.700935	1	0.645161
TMEM236	3	0.700935	1	0.645161
TMEM248	3	0.700935	3	1.93548
TMEM255B	3	0.700935	2	1.29032
TMEM267	3	0.700935	3	1.93548
TMEM39B	3	0.700935	0	0
TMEM50A	3	0.700935	1	0.645161
TMEM86A	3	0.700935	1	0.645161
TMUB2	3	0.700935	0	0
TMX1	3	0.700935	0	0
TMX2	3	0.700935	1	0.645161
TMX4	3	0.700935	0	0
TNFAIP6	3	0.700935	4	2.58065
TNFRSF17	3	0.700935	1	0.645161
TNFRSF18	3	0.700935	0	0
TNFRSF25	3	0.700935	0	0
TNFSF18	3	0.700935	3	1.93548
TNFSF8	3	0.700935	1	0.645161
TNIP2	3	0.700935	2	1.29032
TNNC2	3	0.700935	0	0
TOB2	3	0.700935	0	0
TOM1	3	0.700935	0	0
TOMM22	3	0.700935	1	0.645161
TOMM40L	3	0.700935	0	0
TOPAZ1	3	0.700935	2	1.29032
TOR2A	3	0.700935	1	0.645161
TOR3A	3	0.700935	2	1.29032
TOR4A	3	0.700935	1	0.645161
TP53I3	3	0.700935	2	1.29032
TPI1	3	0.700935	0	0
TPRA1	3	0.700935	0	0
TRA2B	3	0.700935	4	2.58065
TRADD	3	0.700935	0	0
TRAF4	3	0.700935	0	0
TRAM2	3	0.700935	1	0.645161
TRAPPC2	3	0.700935	1	0.645161
TRAPPC3	3	0.700935	1	0.645161
TRAPPC5	3	0.700935	0	0
TRDMT1	3	0.700935	3	1.93548
TREML2	3	0.700935	0	0
TRIB3	3	0.700935	2	1.29032
TRIM11	3	0.700935	0	0
TRIM16L	3	0.700935	0	0
TRIM21	3	0.700935	2	1.29032
TRIM28	3	0.700935	2	1.29032
TRIM38	3	0.700935	2	1.29032
TRIM44	3	0.700935	2	1.29032
TRIM5	3	0.700935	0	0
TRIM77	3	0.700935	2	1.29032
TRMT11	3	0.700935	2	1.29032
TRMT2A	3	0.700935	1	0.645161
TSEN15	3	0.700935	3	1.93548
TSEN34	3	0.700935	0	0
TSPAN33	3	0.700935	0	0
TSPAN6	3	0.700935	1	0.645161
TSPAN9	3	0.700935	1	0.645161
TSPYL1	3	0.700935	1	0.645161
TSSC4	3	0.700935	0	0
TSSK3	3	0.700935	2	1.29032
TST	3	0.700935	0	0
TTC23	3	0.700935	1	0.645161
TTC28	3	0.700935	1	0.645161
TTC33	3	0.700935	1	0.645161
TTC5	3	0.700935	1	0.645161
TTL	3	0.700935	3	1.93548
TUBB	3	0.700935	1	0.645161
TUBB1	3	0.700935	2	1.29032
TUBB6	3	0.700935	1	0.645161
TVP23B	3	0.700935	0	0
TWF2	3	0.700935	0	0
TWIST1	3	0.700935	1	0.645161
TWSG1	3	0.700935	2	1.29032
TXNDC17	3	0.700935	0	0
TXNDC5	3	0.700935	1	0.645161
TXNL4A	3	0.700935	0	0
UBA52	3	0.700935	0	0
UBAP1	3	0.700935	0	0
UBB	3	0.700935	2	1.29032
UBC	3	0.700935	0	0
UBE2B	3	0.700935	0	0
UBE2E1	3	0.700935	0	0
UBE2G1	3	0.700935	0	0
UBE2G2	3	0.700935	0	0
UBE2I	3	0.700935	1	0.645161
UBE2T	3	0.700935	0	0
UBTD2	3	0.700935	0	0
UBXN10	3	0.700935	0	0
UBXN2A	3	0.700935	0	0
UBXN2B	3	0.700935	2	1.29032
UCK2	3	0.700935	0	0
UCN2	3	0.700935	0	0
UCP3	3	0.700935	0	0
UFC1	3	0.700935	0	0
UGT2A2	3	0.700935	1	0.645161
UHMK1	3	0.700935	2	1.29032
UIMC1	3	0.700935	2	1.29032
UPK3A	3	0.700935	1	0.645161
UPP2	3	0.700935	3	1.93548
URB1	3	0.700935	1	0.645161
UROD	3	0.700935	1	0.645161
USP14	3	0.700935	0	0
USP18	3	0.700935	2	1.29032
UTP15	3	0.700935	3	1.93548
UTS2B	3	0.700935	0	0
VAMP7	3	0.700935	1	0.645161
VASH2	3	0.700935	1	0.645161
VBP1	3	0.700935	2	1.29032
VCPKMT	3	0.700935	1	0.645161
VCX3B	3	0.700935	0	0
VDAC3	3	0.700935	0	0
VDR	3	0.700935	1	0.645161
VIM	3	0.700935	1	0.645161
VKORC1L1	3	0.700935	1	0.645161
VPS26B	3	0.700935	0	0
VPS37A	3	0.700935	0	0
VRK3	3	0.700935	1	0.645161
VSIG10L	3	0.700935	1	0.645161
VTA1	3	0.700935	0	0
WBP2	3	0.700935	1	0.645161
WDR18	3	0.700935	0	0
WDR25	3	0.700935	1	0.645161
WDR38	3	0.700935	0	0
WDR76	3	0.700935	2	1.29032
WDR89	3	0.700935	1	0.645161
WFDC8	3	0.700935	1	0.645161
WNT5B	3	0.700935	0	0
WNT8A	3	0.700935	1	0.645161
WNT9B	3	0.700935	3	1.93548
WTIP	3	0.700935	2	1.29032
WWTR1	3	0.700935	2	1.29032
YAP1	3	0.700935	1	0.645161
YIF1B	3	0.700935	1	0.645161
YIPF5	3	0.700935	1	0.645161
YIPF6	3	0.700935	0	0
YOD1	3	0.700935	0	0
YWHAQ	3	0.700935	1	0.645161
ZBED6CL	3	0.700935	2	1.29032
ZBTB17	3	0.700935	1	0.645161
ZBTB3	3	0.700935	1	0.645161
ZBTB43	3	0.700935	1	0.645161
ZBTB47	3	0.700935	0	0
ZBTB8A	3	0.700935	2	1.29032
ZDHHC12	3	0.700935	0	0
ZDHHC13	3	0.700935	2	1.29032
ZDHHC19	3	0.700935	1	0.645161
ZDHHC21	3	0.700935	3	1.93548
ZDHHC23	3	0.700935	1	0.645161
ZDHHC6	3	0.700935	1	0.645161
ZFAND3	3	0.700935	1	0.645161
ZFAND5	3	0.700935	1	0.645161
ZFP1	3	0.700935	0	0
ZFP36	3	0.700935	1	0.645161
ZFP62	3	0.700935	0	0
ZFYVE21	3	0.700935	0	0
ZIC5	3	0.700935	0	0
ZKSCAN1	3	0.700935	1	0.645161
ZNF143	3	0.700935	2	1.29032
ZNF146	3	0.700935	1	0.645161
ZNF239	3	0.700935	2	1.29032
ZNF250	3	0.700935	0	0
ZNF260	3	0.700935	2	1.29032
ZNF263	3	0.700935	4	2.58065
ZNF280D	3	0.700935	2	1.29032
ZNF343	3	0.700935	0	0
ZNF396	3	0.700935	3	1.93548
ZNF397	3	0.700935	2	1.29032
ZNF428	3	0.700935	1	0.645161
ZNF468	3	0.700935	2	1.29032
ZNF474	3	0.700935	2	1.29032
ZNF500	3	0.700935	3	1.93548
ZNF641	3	0.700935	0	0
ZNF703	3	0.700935	1	0.645161
ZNF732	3	0.700935	2	1.29032
ZNF774	3	0.700935	1	0.645161
ZNF799	3	0.700935	2	1.29032
ZNF830	3	0.700935	2	1.29032
ZNF841	3	0.700935	1	0.645161
ZNHIT3	3	0.700935	0	0
ZNRF1	3	0.700935	0	0
ZPR1	3	0.700935	2	1.29032
ZRSR2	3	0.700935	0	0
ZSCAN10	3	0.700935	2	1.29032
ZSCAN16	3	0.700935	2	1.29032
ZSCAN30	3	0.700935	3	1.93548
ZYG11A	3	0.700935	2	1.29032
AAMDC	2	0.46729	0	0
ABHD11	2	0.46729	0	0
ABHD12B	2	0.46729	0	0
ABHD16B	2	0.46729	0	0
ABHD3	2	0.46729	2	1.29032
ABRACL	2	0.46729	0	0
AC004832.3	2	0.46729	0	0
AC005833.1	2	0.46729	0	0
AC093525.2	2	0.46729	0	0
AC104452.1	2	0.46729	0	0
AC245033.1	2	0.46729	0	0
ACBD6	2	0.46729	3	1.93548
ACBD7	2	0.46729	1	0.645161
ACER3	2	0.46729	1	0.645161
ACOD1	2	0.46729	0	0
ACOT1	2	0.46729	0	0
ACOT6	2	0.46729	3	1.93548
ACSM6	2	0.46729	0	0
ACTA2	2	0.46729	1	0.645161
ACTL10	2	0.46729	0	0
ACTR2	2	0.46729	3	1.93548
ACYP2	2	0.46729	0	0
ADAM20	2	0.46729	2	1.29032
ADAT2	2	0.46729	1	0.645161
ADI1	2	0.46729	1	0.645161
ADIPOR1	2	0.46729	0	0
AEN	2	0.46729	0	0
AGPAT2	2	0.46729	1	0.645161
AHSA1	2	0.46729	0	0
AIG1	2	0.46729	0	0
AIMP1	2	0.46729	0	0
AK8	2	0.46729	2	1.29032
AKAP14	2	0.46729	1	0.645161
AKR1C2	2	0.46729	1	0.645161
AL035460.1	2	0.46729	0	0
AL035461.3	2	0.46729	0	0
AL358113.1	2	0.46729	0	0
AL669918.1	2	0.46729	0	0
ALG9	2	0.46729	3	1.93548
ALKAL1	2	0.46729	1	0.645161
ALKBH2	2	0.46729	0	0
ALKBH3	2	0.46729	0	0
ALOX5AP	2	0.46729	0	0
ALYREF	2	0.46729	1	0.645161
AMELX	2	0.46729	0	0
AMN	2	0.46729	1	0.645161
AMT	2	0.46729	0	0
ANGEL2	2	0.46729	3	1.93548
ANGPTL8	2	0.46729	0	0
ANKRD18B	2	0.46729	2	1.29032
ANKRD23	2	0.46729	1	0.645161
ANKRD34C	2	0.46729	1	0.645161
ANKRD39	2	0.46729	0	0
ANKRD42	2	0.46729	2	1.29032
ANKRD9	2	0.46729	0	0
ANKS3	2	0.46729	0	0
ANP32D	2	0.46729	3	1.93548
ANP32E	2	0.46729	1	0.645161
AP000311.1	2	0.46729	0	0
AP000721.1	2	0.46729	0	0
AP000812.4	2	0.46729	0	0
AP001781.2	2	0.46729	0	0
AP1AR	2	0.46729	1	0.645161
AP1S2	2	0.46729	2	1.29032
AP3S1	2	0.46729	1	0.645161
AP5M1	2	0.46729	3	1.93548
APOA2	2	0.46729	0	0
APOC4	2	0.46729	0	0
APOL1	2	0.46729	2	1.29032
APOLD1	2	0.46729	0	0
AQP11	2	0.46729	0	0
AQP12A	2	0.46729	0	0
AQP12B	2	0.46729	0	0
AQP5	2	0.46729	0	0
AREG	2	0.46729	1	0.645161
ARG1	2	0.46729	0	0
ARGFX	2	0.46729	1	0.645161
ARHGDIA	2	0.46729	0	0
ARHGEF38	2	0.46729	0	0
ARL2	2	0.46729	1	0.645161
ARL4A	2	0.46729	1	0.645161
ARL4D	2	0.46729	0	0
ARL8A	2	0.46729	0	0
ARL9	2	0.46729	0	0
ARMC10	2	0.46729	1	0.645161
ARMC6	2	0.46729	1	0.645161
ARMH1	2	0.46729	1	0.645161
ARMS2	2	0.46729	0	0
ARPC3	2	0.46729	0	0
ARPIN	2	0.46729	1	0.645161
ARRDC4	2	0.46729	1	0.645161
ART4	2	0.46729	4	2.58065
ASB1	2	0.46729	2	1.29032
ASB10	2	0.46729	0	0
ASB12	2	0.46729	5	3.22581
ASCL1	2	0.46729	0	0
ASGR2	2	0.46729	1	0.645161
ASIP	2	0.46729	0	0
ASNS	2	0.46729	2	1.29032
ASRGL1	2	0.46729	0	0
ATG12	2	0.46729	0	0
ATL2	2	0.46729	1	0.645161
ATP5MC2	2	0.46729	0	0
ATP5MD	2	0.46729	0	0
ATP5MF	2	0.46729	0	0
ATP5PO	2	0.46729	0	0
ATP6V0E2	2	0.46729	0	0
ATP6V1D	2	0.46729	0	0
ATP6V1G2	2	0.46729	1	0.645161
ATP6V1G3	2	0.46729	2	1.29032
ATPAF1	2	0.46729	1	0.645161
ATRAID	2	0.46729	1	0.645161
AURKA	2	0.46729	1	0.645161
AZI2	2	0.46729	0	0
B3GAT3	2	0.46729	1	0.645161
B4GALT4	2	0.46729	0	0
B9D1	2	0.46729	0	0
BAALC	2	0.46729	2	1.29032
BANF1	2	0.46729	1	0.645161
BANF2	2	0.46729	0	0
BARX2	2	0.46729	0	0
BATF	2	0.46729	1	0.645161
BCAS4	2	0.46729	0	0
BCL2L10	2	0.46729	0	0
BCL2L12	2	0.46729	1	0.645161
BCL2L2-PABPN1	2	0.46729	0	0
BCL7A	2	0.46729	1	0.645161
BDH1	2	0.46729	1	0.645161
BDH2	2	0.46729	0	0
BEX3	2	0.46729	2	1.29032
BHLHA15	2	0.46729	0	0
BHLHE23	2	0.46729	0	0
BID	2	0.46729	0	0
BIRC5	2	0.46729	0	0
BIRC7	2	0.46729	0	0
BLNK	2	0.46729	1	0.645161
BLOC1S5	2	0.46729	0	0
BLVRB	2	0.46729	0	0
BNIP3	2	0.46729	0	0
BOK	2	0.46729	0	0
BORCS6	2	0.46729	1	0.645161
BPIFA2	2	0.46729	2	1.29032
BSPRY	2	0.46729	0	0
BTBD17	2	0.46729	1	0.645161
BTBD6	2	0.46729	0	0
BTC	2	0.46729	0	0
BTF3	2	0.46729	0	0
BTLA	2	0.46729	1	0.645161
BTNL2	2	0.46729	2	1.29032
BUD23	2	0.46729	0	0
BVES	2	0.46729	5	3.22581
BYSL	2	0.46729	2	1.29032
BZW2	2	0.46729	1	0.645161
C10orf53	2	0.46729	0	0
C11orf16	2	0.46729	3	1.93548
C11orf71	2	0.46729	0	0
C12orf43	2	0.46729	2	1.29032
C12orf45	2	0.46729	0	0
C12orf60	2	0.46729	1	0.645161
C12orf71	2	0.46729	0	0
C16orf54	2	0.46729	0	0
C16orf78	2	0.46729	1	0.645161
C16orf82	2	0.46729	0	0
C16orf86	2	0.46729	1	0.645161
C17orf100	2	0.46729	0	0
C17orf49	2	0.46729	0	0
C17orf67	2	0.46729	0	0
C19orf12	2	0.46729	0	0
C19orf73	2	0.46729	0	0
C1QB	2	0.46729	0	0
C1QL3	2	0.46729	0	0
C1QL4	2	0.46729	0	0
C1QTNF9	2	0.46729	0	0
C1orf105	2	0.46729	0	0
C1orf158	2	0.46729	0	0
C1orf162	2	0.46729	0	0
C1orf210	2	0.46729	0	0
C1orf226	2	0.46729	2	1.29032
C1orf35	2	0.46729	0	0
C20orf141	2	0.46729	0	0
C20orf27	2	0.46729	0	0
C22orf31	2	0.46729	2	1.29032
C22orf42	2	0.46729	1	0.645161
C2orf74	2	0.46729	0	0
C2orf76	2	0.46729	1	0.645161
C3orf18	2	0.46729	1	0.645161
C3orf22	2	0.46729	0	0
C4orf19	2	0.46729	0	0
C5orf24	2	0.46729	0	0
C5orf38	2	0.46729	2	1.29032
C5orf51	2	0.46729	0	0
C6orf62	2	0.46729	3	1.93548
C8orf37	2	0.46729	1	0.645161
C8orf76	2	0.46729	0	0
C9orf85	2	0.46729	0	0
CA11	2	0.46729	0	0
CA5A	2	0.46729	2	1.29032
CA5B	2	0.46729	1	0.645161
CAB39	2	0.46729	1	0.645161
CACFD1	2	0.46729	0	0
CALCA	2	0.46729	0	0
CALM2	2	0.46729	0	0
CAMP	2	0.46729	1	0.645161
CAPN1	2	0.46729	1	0.645161
CAPS	2	0.46729	0	0
CARTPT	2	0.46729	0	0
CASC3	2	0.46729	2	1.29032
CASP3	2	0.46729	1	0.645161
CASTOR1	2	0.46729	0	0
CBR4	2	0.46729	2	1.29032
CBWD5	2	0.46729	0	0
CBX5	2	0.46729	3	1.93548
CCDC115	2	0.46729	1	0.645161
CCDC153	2	0.46729	1	0.645161
CCDC188	2	0.46729	0	0
CCHCR1	2	0.46729	2	1.29032
CCL1	2	0.46729	0	0
CCL2	2	0.46729	1	0.645161
CCL22	2	0.46729	1	0.645161
CCL24	2	0.46729	0	0
CCL26	2	0.46729	0	0
CCL27	2	0.46729	1	0.645161
CCL28	2	0.46729	0	0
CCL3L3	2	0.46729	0	0
CCL4	2	0.46729	1	0.645161
CCN1	2	0.46729	0	0
CCNG2	2	0.46729	0	0
CCT8	2	0.46729	0	0
CD164	2	0.46729	0	0
CD1A	2	0.46729	0	0
CD300E	2	0.46729	2	1.29032
CD300LF	2	0.46729	0	0
CD3G	2	0.46729	1	0.645161
CD52	2	0.46729	0	0
CD99	2	0.46729	0	0
CDC123	2	0.46729	1	0.645161
CDC20	2	0.46729	0	0
CDC26	2	0.46729	1	0.645161
CDC42	2	0.46729	2	1.29032
CDCA3	2	0.46729	2	1.29032
CDCP2	2	0.46729	1	0.645161
CDIN1	2	0.46729	1	0.645161
CDIP1	2	0.46729	0	0
CDK2AP1	2	0.46729	0	0
CDK4	2	0.46729	1	0.645161
CDKL1	2	0.46729	3	1.93548
CDKN2C	2	0.46729	0	0
CDPF1	2	0.46729	0	0
CDRT15L2	2	0.46729	0	0
CDS1	2	0.46729	2	1.29032
CDSN	2	0.46729	2	1.29032
CDT1	2	0.46729	0	0
CDX4	2	0.46729	1	0.645161
CEACAM21	2	0.46729	1	0.645161
CEBPA	2	0.46729	0	0
CELF5	2	0.46729	0	0
CEND1	2	0.46729	0	0
CENPL	2	0.46729	2	1.29032
CENPP	2	0.46729	0	0
CEP19	2	0.46729	1	0.645161
CEP20	2	0.46729	1	0.645161
CEP295	2	0.46729	2	1.29032
CEP44	2	0.46729	3	1.93548
CEP76	2	0.46729	2	1.29032
CFAP157	2	0.46729	1	0.645161
CFAP161	2	0.46729	2	1.29032
CFC1	2	0.46729	0	0
CFL2	2	0.46729	0	0
CGB5	2	0.46729	1	0.645161
CGGBP1	2	0.46729	2	1.29032
CGRRF1	2	0.46729	0	0
CHCHD2	2	0.46729	0	0
CHID1	2	0.46729	0	0
CHM	2	0.46729	1	0.645161
CHMP2A	2	0.46729	1	0.645161
CHMP4B	2	0.46729	0	0
CHMP4C	2	0.46729	1	0.645161
CHMP5	2	0.46729	1	0.645161
CHP2	2	0.46729	0	0
CHPT1	2	0.46729	2	1.29032
CHRAC1	2	0.46729	0	0
CHRNA7	2	0.46729	1	0.645161
CHST14	2	0.46729	0	0
CHTOP	2	0.46729	1	0.645161
CHURC1	2	0.46729	0	0
CIB1	2	0.46729	0	0
CINP	2	0.46729	0	0
CIPC	2	0.46729	1	0.645161
CISD2	2	0.46729	0	0
CISH	2	0.46729	0	0
CKAP4	2	0.46729	3	1.93548
CLC	2	0.46729	1	0.645161
CLDN11	2	0.46729	1	0.645161
CLDN15	2	0.46729	0	0
CLDN2	2	0.46729	1	0.645161
CLDN5	2	0.46729	0	0
CLDND2	2	0.46729	0	0
CLEC18A	2	0.46729	0	0
CLEC1B	2	0.46729	2	1.29032
CLIC2	2	0.46729	2	1.29032
CLIC4	2	0.46729	2	1.29032
CLK2	2	0.46729	0	0
CLN8	2	0.46729	2	1.29032
CLRN3	2	0.46729	0	0
CLTB	2	0.46729	0	0
CMC2	2	0.46729	0	0
CMPK2	2	0.46729	1	0.645161
CMTM2	2	0.46729	2	1.29032
CMTM6	2	0.46729	0	0
CNIH2	2	0.46729	1	0.645161
CNPY2	2	0.46729	2	1.29032
CNR2	2	0.46729	0	0
COIL	2	0.46729	2	1.29032
COMMD4	2	0.46729	0	0
COMMD5	2	0.46729	0	0
COMMD8	2	0.46729	1	0.645161
COMMD9	2	0.46729	1	0.645161
COPS9	2	0.46729	0	0
COQ5	2	0.46729	0	0
CORO7-PAM16	2	0.46729	0	0
COX16	2	0.46729	0	0
COX5B	2	0.46729	0	0
COX8C	2	0.46729	0	0
CPA2	2	0.46729	1	0.645161
CPLANE2	2	0.46729	0	0
CPM	2	0.46729	3	1.93548
CRABP1	2	0.46729	1	0.645161
CRACR2A	2	0.46729	3	1.93548
CRB3	2	0.46729	0	0
CRELD1	2	0.46729	1	0.645161
CRELD2	2	0.46729	0	0
CRLF2	2	0.46729	1	0.645161
CRYAB	2	0.46729	0	0
CRYBA4	2	0.46729	0	0
CRYGS	2	0.46729	1	0.645161
CSDC2	2	0.46729	3	1.93548
CSH2	2	0.46729	0	0
CSHL1	2	0.46729	1	0.645161
CSN2	2	0.46729	1	0.645161
CSRP2	2	0.46729	1	0.645161
CST8	2	0.46729	0	0
CST9	2	0.46729	0	0
CT55	2	0.46729	1	0.645161
CT83	2	0.46729	0	0
CTAGE4	2	0.46729	0	0
CXCL11	2	0.46729	2	1.29032
CXCL6	2	0.46729	0	0
CXCL8	2	0.46729	2	1.29032
CXorf38	2	0.46729	1	0.645161
CYB561A3	2	0.46729	0	0
CYB5D2	2	0.46729	0	0
CYBA	2	0.46729	0	0
CYP26C1	2	0.46729	0	0
CYP2C18	2	0.46729	3	1.93548
CYP4X1	2	0.46729	0	0
CYTH4	2	0.46729	1	0.645161
CYYR1	2	0.46729	0	0
DACT3	2	0.46729	0	0
DBI	2	0.46729	0	0
DBP	2	0.46729	0	0
DBX1	2	0.46729	0	0
DCANP1	2	0.46729	0	0
DCD	2	0.46729	0	0
DCDC2C	2	0.46729	1	0.645161
DCK	2	0.46729	1	0.645161
DCTN5	2	0.46729	1	0.645161
DDA1	2	0.46729	0	0
DDOST	2	0.46729	0	0
DDX3Y	2	0.46729	0	0
DEFB121	2	0.46729	0	0
DEFB125	2	0.46729	0	0
DEFB126	2	0.46729	2	1.29032
DEFB127	2	0.46729	0	0
DEFB135	2	0.46729	1	0.645161
DEFB136	2	0.46729	3	1.93548
DENND10	2	0.46729	2	1.29032
DENR	2	0.46729	2	1.29032
DESI1	2	0.46729	0	0
DGAT2	2	0.46729	2	1.29032
DGCR6L	2	0.46729	0	0
DGKQ	2	0.46729	0	0
DHDH	2	0.46729	0	0
DHFR	2	0.46729	1	0.645161
DHRS12	2	0.46729	0	0
DHRS13	2	0.46729	0	0
DHRS3	2	0.46729	0	0
DHRS4L2	2	0.46729	0	0
DIABLO	2	0.46729	0	0
DIO1	2	0.46729	2	1.29032
DIO2	2	0.46729	4	2.58065
DIRAS3	2	0.46729	0	0
DLL3	2	0.46729	3	1.93548
DLX1	2	0.46729	0	0
DMAC1	2	0.46729	0	0
DMRT1	2	0.46729	1	0.645161
DNAAF5	2	0.46729	1	0.645161
DNAJC15	2	0.46729	0	0
DNAJC19	2	0.46729	2	1.29032
DNAJC5	2	0.46729	0	0
DND1	2	0.46729	2	1.29032
DNLZ	2	0.46729	0	0
DOHH	2	0.46729	1	0.645161
DPPA3	2	0.46729	2	1.29032
DPT	2	0.46729	0	0
DRAM1	2	0.46729	0	0
DSCC1	2	0.46729	0	0
DTD1	2	0.46729	2	1.29032
DTHD1	2	0.46729	0	0
DUSP13	2	0.46729	0	0
DUSP19	2	0.46729	2	1.29032
DUT	2	0.46729	1	0.645161
EAF1	2	0.46729	0	0
EBAG9	2	0.46729	0	0
EBI3	2	0.46729	1	0.645161
EBP	2	0.46729	0	0
ECE2	2	0.46729	0	0
ECH1	2	0.46729	0	0
ECRG4	2	0.46729	2	1.29032
EDA	2	0.46729	3	1.93548
EDC3	2	0.46729	1	0.645161
EEF1AKMT2	2	0.46729	0	0
EEF1AKMT3	2	0.46729	2	1.29032
EEF1B2	2	0.46729	2	1.29032
EEF1G	2	0.46729	0	0
EFCAB1	2	0.46729	4	2.58065
EFCAB11	2	0.46729	1	0.645161
EFHD2	2	0.46729	0	0
EFNA2	2	0.46729	0	0
EFNA3	2	0.46729	0	0
EFNA5	2	0.46729	2	1.29032
EFNB2	2	0.46729	2	1.29032
EFR3B	2	0.46729	0	0
EGFL7	2	0.46729	0	0
EID2	2	0.46729	1	0.645161
EIF1	2	0.46729	1	0.645161
EIF1B	2	0.46729	1	0.645161
EIF2B2	2	0.46729	1	0.645161
EIF3C	2	0.46729	0	0
EIF3K	2	0.46729	1	0.645161
EIF4E	2	0.46729	1	0.645161
EIF5A	2	0.46729	0	0
EIPR1	2	0.46729	2	1.29032
ELF2	2	0.46729	3	1.93548
EMC10	2	0.46729	0	0
EMC4	2	0.46729	1	0.645161
EMC8	2	0.46729	1	0.645161
EMC9	2	0.46729	1	0.645161
EME2	2	0.46729	1	0.645161
ENDOV	2	0.46729	0	0
ENO2	2	0.46729	1	0.645161
ENO4	2	0.46729	1	0.645161
EPCAM	2	0.46729	0	0
EPHX3	2	0.46729	1	0.645161
EPM2A	2	0.46729	0	0
EREG	2	0.46729	1	0.645161
ERI1	2	0.46729	2	1.29032
ETFBKMT	2	0.46729	0	0
EVA1B	2	0.46729	0	0
EVI2A	2	0.46729	0	0
EXOG	2	0.46729	3	1.93548
EXOSC1	2	0.46729	0	0
EXOSC7	2	0.46729	1	0.645161
FA2H	2	0.46729	0	0
FABP1	2	0.46729	1	0.645161
FABP4	2	0.46729	0	0
FABP5	2	0.46729	1	0.645161
FADD	2	0.46729	0	0
FADS6	2	0.46729	0	0
FAM102B	2	0.46729	1	0.645161
FAM117B	2	0.46729	0	0
FAM120AOS	2	0.46729	0	0
FAM131B	2	0.46729	1	0.645161
FAM149B1	2	0.46729	0	0
FAM174B	2	0.46729	0	0
FAM177A1	2	0.46729	0	0
FAM180A	2	0.46729	1	0.645161
FAM183A	2	0.46729	1	0.645161
FAM205A	2	0.46729	2	1.29032
FAM20C	2	0.46729	0	0
FAM229B	2	0.46729	0	0
FAM32A	2	0.46729	0	0
FAM3D	2	0.46729	0	0
FAM43B	2	0.46729	0	0
FAM50A	2	0.46729	0	0
FAM71F2	2	0.46729	2	1.29032
FAM76A	2	0.46729	1	0.645161
FAM89B	2	0.46729	1	0.645161
FAM98C	2	0.46729	3	1.93548
FAM9C	2	0.46729	0	0
FAU	2	0.46729	2	1.29032
FBRSL1	2	0.46729	0	0
FBXO16	2	0.46729	2	1.29032
FBXO33	2	0.46729	0	0
FBXO45	2	0.46729	1	0.645161
FCF1	2	0.46729	0	0
FCGR2A	2	0.46729	1	0.645161
FCGR3B	2	0.46729	1	0.645161
FDCSP	2	0.46729	0	0
FDFT1	2	0.46729	2	1.29032
FDX2	2	0.46729	2	1.29032
FDXACB1	2	0.46729	1	0.645161
FFAR1	2	0.46729	0	0
FGF11	2	0.46729	0	0
FGF19	2	0.46729	1	0.645161
FGF6	2	0.46729	0	0
FHAD1	2	0.46729	0	0
FITM1	2	0.46729	1	0.645161
FITM2	2	0.46729	0	0
FKBP1A	2	0.46729	1	0.645161
FKBP3	2	0.46729	2	1.29032
FNDC5	2	0.46729	0	0
FNDC7	2	0.46729	2	1.29032
FOLR2	2	0.46729	1	0.645161
FOXB1	2	0.46729	0	0
FOXI3	2	0.46729	1	0.645161
FOXJ1	2	0.46729	1	0.645161
FOXL2NB	2	0.46729	1	0.645161
FOXN4	2	0.46729	3	1.93548
FOXQ1	2	0.46729	0	0
FRAT1	2	0.46729	0	0
FSD1L	2	0.46729	0	0
FSHB	2	0.46729	3	1.93548
FTL	2	0.46729	1	0.645161
FUNDC1	2	0.46729	0	0
FUT10	2	0.46729	2	1.29032
FUT4	2	0.46729	0	0
FXYD5	2	0.46729	0	0
G6PC2	2	0.46729	2	1.29032
GABARAPL2	2	0.46729	1	0.645161
GAGE10	2	0.46729	1	0.645161
GAGE2E	2	0.46729	0	0
GAL	2	0.46729	0	0
GALP	2	0.46729	1	0.645161
GAPDH	2	0.46729	0	0
GAREM2	2	0.46729	0	0
GATD1	2	0.46729	0	0
GATM	2	0.46729	0	0
GCA	2	0.46729	0	0
GDPD3	2	0.46729	0	0
GEMIN6	2	0.46729	0	0
GFI1B	2	0.46729	1	0.645161
GID4	2	0.46729	0	0
GINS2	2	0.46729	1	0.645161
GINS4	2	0.46729	2	1.29032
GIPR	2	0.46729	2	1.29032
GJC3	2	0.46729	2	1.29032
GLIPR1L1	2	0.46729	0	0
GLMN	2	0.46729	2	1.29032
GLO1	2	0.46729	1	0.645161
GLTP	2	0.46729	0	0
GLYAT	2	0.46729	2	1.29032
GLYATL2	2	0.46729	3	1.93548
GLYCTK	2	0.46729	2	1.29032
GM2A	2	0.46729	1	0.645161
GMFG	2	0.46729	0	0
GMNN	2	0.46729	0	0
GMPPB	2	0.46729	0	0
GNB2	2	0.46729	0	0
GNG4	2	0.46729	1	0.645161
GNG5	2	0.46729	0	0
GNLY	2	0.46729	1	0.645161
GNMT	2	0.46729	0	0
GOLGA6B	2	0.46729	1	0.645161
GOLGA6L22	2	0.46729	1	0.645161
GOLGA6L9	2	0.46729	1	0.645161
GOLGA7	2	0.46729	0	0
GOLGA7B	2	0.46729	2	1.29032
GOLM2	2	0.46729	0	0
GPA33	2	0.46729	0	0
GPALPP1	2	0.46729	1	0.645161
GPATCH11	2	0.46729	0	0
GPBAR1	2	0.46729	2	1.29032
GPR62	2	0.46729	0	0
GPR89A	2	0.46729	1	0.645161
GPX3	2	0.46729	2	1.29032
GPX7	2	0.46729	1	0.645161
GPX8	2	0.46729	1	0.645161
GRB2	2	0.46729	1	0.645161
GREM1	2	0.46729	2	1.29032
GRHPR	2	0.46729	1	0.645161
GRID2IP	2	0.46729	0	0
GRTP1	2	0.46729	0	0
GRWD1	2	0.46729	0	0
GSDMB	2	0.46729	1	0.645161
GSTA2	2	0.46729	1	0.645161
GSTP1	2	0.46729	0	0
GSX1	2	0.46729	0	0
GTF2E2	2	0.46729	1	0.645161
GTF2H4	2	0.46729	2	1.29032
GTPBP10	2	0.46729	2	1.29032
GTSF1	2	0.46729	2	1.29032
GUCA1B	2	0.46729	2	1.29032
GUCA1C	2	0.46729	2	1.29032
GULP1	2	0.46729	3	1.93548
GYG1	2	0.46729	1	0.645161
GZMM	2	0.46729	1	0.645161
H1-10	2	0.46729	0	0
H1-8	2	0.46729	1	0.645161
H2AC11	2	0.46729	0	0
H2AC12	2	0.46729	0	0
H2AC14	2	0.46729	0	0
H2AC16	2	0.46729	0	0
H2AC17	2	0.46729	0	0
H2AC21	2	0.46729	1	0.645161
H2BC11	2	0.46729	0	0
H2BC14	2	0.46729	4	2.58065
H3-2	2	0.46729	0	0
H3-3B	2	0.46729	0	0
H3-4	2	0.46729	3	1.93548
H3C1	2	0.46729	0	0
H3C3	2	0.46729	0	0
H3C7	2	0.46729	0	0
H3C8	2	0.46729	0	0
H4C1	2	0.46729	2	1.29032
H4C2	2	0.46729	0	0
HADH	2	0.46729	2	1.29032
HAND2	2	0.46729	1	0.645161
HAUS4	2	0.46729	0	0
HAUS7	2	0.46729	1	0.645161
HBA1	2	0.46729	0	0
HBE1	2	0.46729	0	0
HBEGF	2	0.46729	0	0
HCST	2	0.46729	0	0
HDGFL3	2	0.46729	0	0
HEBP2	2	0.46729	1	0.645161
HEPN1	2	0.46729	0	0
HERPUD2	2	0.46729	0	0
HES5	2	0.46729	0	0
HHEX	2	0.46729	3	1.93548
HIGD2A	2	0.46729	0	0
HLA-F	2	0.46729	0	0
HM13	2	0.46729	3	1.93548
HMGB1	2	0.46729	0	0
HMGB4	2	0.46729	1	0.645161
HMGCS1	2	0.46729	0	0
HMGN3	2	0.46729	0	0
HNF4G	2	0.46729	0	0
HNRNPA0	2	0.46729	0	0
HNRNPH2	2	0.46729	3	1.93548
HOXA10	2	0.46729	0	0
HOXA11	2	0.46729	0	0
HOXA2	2	0.46729	1	0.645161
HOXA4	2	0.46729	0	0
HOXA9	2	0.46729	0	0
HOXB7	2	0.46729	0	0
HOXC11	2	0.46729	2	1.29032
HOXC6	2	0.46729	0	0
HPCAL4	2	0.46729	0	0
HPF1	2	0.46729	1	0.645161
HPRT1	2	0.46729	0	0
HSD11B1	2	0.46729	0	0
HSD17B11	2	0.46729	1	0.645161
HSD17B8	2	0.46729	0	0
HSD3B2	2	0.46729	1	0.645161
HSDL2	2	0.46729	1	0.645161
HSF4	2	0.46729	1	0.645161
HSH2D	2	0.46729	0	0
HSPA1A	2	0.46729	0	0
HSPB2	2	0.46729	1	0.645161
HSPB3	2	0.46729	1	0.645161
HSPB9	2	0.46729	0	0
HTN1	2	0.46729	0	0
HTR3D	2	0.46729	1	0.645161
IAH1	2	0.46729	0	0
ICAM3	2	0.46729	1	0.645161
ICMT	2	0.46729	1	0.645161
IER2	2	0.46729	0	0
IER5	2	0.46729	1	0.645161
IFNA10	2	0.46729	4	2.58065
IFNA21	2	0.46729	1	0.645161
IFNA6	2	0.46729	1	0.645161
IFNK	2	0.46729	2	1.29032
IFNL1	2	0.46729	1	0.645161
IFT27	2	0.46729	0	0
IFTAP	2	0.46729	0	0
IGFBP6	2	0.46729	0	0
IGFL1	2	0.46729	0	0
IGFL3	2	0.46729	0	0
IGHV1-18	2	0.46729	0	0
IGHV1-2	2	0.46729	0	0
IGHV1-24	2	0.46729	3	1.93548
IGHV1-45	2	0.46729	0	0
IGHV3-33	2	0.46729	0	0
IGHV3-35	2	0.46729	1	0.645161
IGHV3-49	2	0.46729	1	0.645161
IGHV3-66	2	0.46729	0	0
IGHV3-7	2	0.46729	0	0
IGHV3-72	2	0.46729	1	0.645161
IGKV1-12	2	0.46729	0	0
IGKV1-27	2	0.46729	1	0.645161
IGKV1-9	2	0.46729	2	1.29032
IGKV1D-33	2	0.46729	1	0.645161
IGKV1D-42	2	0.46729	0	0
IGKV2D-24	2	0.46729	1	0.645161
IGKV2D-29	2	0.46729	0	0
IGKV2D-30	2	0.46729	0	0
IGKV3-11	2	0.46729	0	0
IGKV3D-15	2	0.46729	0	0
IGKV3D-20	2	0.46729	2	1.29032
IGKV4-1	2	0.46729	1	0.645161
IGLL1	2	0.46729	0	0
IGLV1-47	2	0.46729	0	0
IGLV2-14	2	0.46729	1	0.645161
IGLV2-23	2	0.46729	0	0
IGLV2-33	2	0.46729	1	0.645161
IGLV2-8	2	0.46729	1	0.645161
IGLV3-16	2	0.46729	0	0
IGLV3-19	2	0.46729	1	0.645161
IGLV3-25	2	0.46729	1	0.645161
IGLV3-32	2	0.46729	0	0
IGLV7-43	2	0.46729	0	0
IGLV7-46	2	0.46729	1	0.645161
IGLV8-61	2	0.46729	0	0
IGSF6	2	0.46729	0	0
IL10	2	0.46729	2	1.29032
IL12B	2	0.46729	0	0
IL15	2	0.46729	0	0
IL17A	2	0.46729	1	0.645161
IL17RE	2	0.46729	0	0
IL1RN	2	0.46729	2	1.29032
IL27	2	0.46729	1	0.645161
IL3	2	0.46729	1	0.645161
IL31	2	0.46729	2	1.29032
ILF2	2	0.46729	0	0
IMP3	2	0.46729	1	0.645161
INIP	2	0.46729	2	1.29032
INMT	2	0.46729	0	0
INO80B	2	0.46729	1	0.645161
INO80C	2	0.46729	1	0.645161
IQCF1	2	0.46729	2	1.29032
IQCF2	2	0.46729	1	0.645161
ISG15	2	0.46729	1	0.645161
ISG20	2	0.46729	1	0.645161
ISOC1	2	0.46729	0	0
ISY1	2	0.46729	0	0
ITGB1BP1	2	0.46729	0	0
ITLN2	2	0.46729	0	0
ITM2B	2	0.46729	1	0.645161
IZUMO1	2	0.46729	3	1.93548
IZUMO3	2	0.46729	1	0.645161
JMJD8	2	0.46729	0	0
KAZALD1	2	0.46729	0	0
KCNE2	2	0.46729	0	0
KCNE3	2	0.46729	0	0
KCNK12	2	0.46729	0	0
KCNK16	2	0.46729	2	1.29032
KCNK6	2	0.46729	0	0
KCTD5	2	0.46729	0	0
KHK	2	0.46729	0	0
KIAA1191	2	0.46729	1	0.645161
KIR2DL4	2	0.46729	1	0.645161
KLHDC1	2	0.46729	1	0.645161
KLHDC10	2	0.46729	0	0
KLHL17	2	0.46729	0	0
KLHL33	2	0.46729	0	0
KLK14	2	0.46729	0	0
KLRB1	2	0.46729	3	1.93548
KLRC1	2	0.46729	1	0.645161
KLRG2	2	0.46729	0	0
KRT20	2	0.46729	2	1.29032
KRTAP1-1	2	0.46729	0	0
KRTAP10-3	2	0.46729	0	0
KRTAP13-4	2	0.46729	1	0.645161
KRTAP17-1	2	0.46729	0	0
KRTAP19-6	2	0.46729	0	0
KRTAP22-1	2	0.46729	0	0
KRTAP25-1	2	0.46729	1	0.645161
KRTAP3-2	2	0.46729	0	0
KRTAP4-4	2	0.46729	0	0
KRTAP5-3	2	0.46729	1	0.645161
KRTAP5-6	2	0.46729	1	0.645161
KRTAP5-7	2	0.46729	1	0.645161
KRTAP6-1	2	0.46729	0	0
KRTAP9-2	2	0.46729	1	0.645161
KRTAP9-3	2	0.46729	0	0
KRTCAP2	2	0.46729	0	0
KRTCAP3	2	0.46729	0	0
KTI12	2	0.46729	0	0
L3HYPDH	2	0.46729	0	0
LAMTOR2	2	0.46729	1	0.645161
LAT2	2	0.46729	0	0
LBX2	2	0.46729	0	0
LCE1C	2	0.46729	0	0
LCE1D	2	0.46729	1	0.645161
LCE1E	2	0.46729	0	0
LCE1F	2	0.46729	1	0.645161
LCE3E	2	0.46729	0	0
LDAH	2	0.46729	2	1.29032
LDHA	2	0.46729	1	0.645161
LEMD1	2	0.46729	0	0
LEP	2	0.46729	0	0
LEPROT	2	0.46729	1	0.645161
LETMD1	2	0.46729	2	1.29032
LGALS2	2	0.46729	1	0.645161
LGALS7	2	0.46729	0	0
LGALS9C	2	0.46729	1	0.645161
LHFPL4	2	0.46729	2	1.29032
LILRA6	2	0.46729	1	0.645161
LIMD2	2	0.46729	0	0
LIME1	2	0.46729	0	0
LIN28A	2	0.46729	0	0
LIN52	2	0.46729	0	0
LIPM	2	0.46729	1	0.645161
LMLN	2	0.46729	2	1.29032
LMNA	2	0.46729	2	1.29032
LPCAT3	2	0.46729	1	0.645161
LPXN	2	0.46729	0	0
LRMDA	2	0.46729	1	0.645161
LRPAP1	2	0.46729	0	0
LRRC29	2	0.46729	1	0.645161
LRRC57	2	0.46729	3	1.93548
LRRC63	2	0.46729	1	0.645161
LRRC74B	2	0.46729	1	0.645161
LRRD1	2	0.46729	2	1.29032
LRTOMT	2	0.46729	0	0
LSM11	2	0.46729	1	0.645161
LSM14B	2	0.46729	0	0
LSM3	2	0.46729	1	0.645161
LSM4	2	0.46729	0	0
LXN	2	0.46729	0	0
LY6D	2	0.46729	1	0.645161
LY6G5B	2	0.46729	0	0
LY75-CD302	2	0.46729	1	0.645161
LYPD1	2	0.46729	0	0
LYRM2	2	0.46729	1	0.645161
LZIC	2	0.46729	1	0.645161
M6PR	2	0.46729	1	0.645161
MAB21L3	2	0.46729	0	0
MAD2L1	2	0.46729	0	0
MAFB	2	0.46729	0	0
MAGEB16	2	0.46729	3	1.93548
MAGOHB	2	0.46729	1	0.645161
MAL2	2	0.46729	0	0
MANBAL	2	0.46729	0	0
MAOB	2	0.46729	3	1.93548
MAPK11	2	0.46729	1	0.645161
MAPK12	2	0.46729	1	0.645161
MAPK1IP1L	2	0.46729	1	0.645161
MARCHF3	2	0.46729	0	0
MARCHF9	2	0.46729	1	0.645161
MAS1L	2	0.46729	2	1.29032
MAT2A	2	0.46729	0	0
MBTPS2	2	0.46729	1	0.645161
MCFD2	2	0.46729	3	1.93548
MCU	2	0.46729	1	0.645161
MED10	2	0.46729	0	0
MED18	2	0.46729	0	0
MED27	2	0.46729	1	0.645161
MED28	2	0.46729	1	0.645161
MED30	2	0.46729	0	0
MEDAG	2	0.46729	2	1.29032
MEIG1	2	0.46729	0	0
MESP2	2	0.46729	0	0
METTL23	2	0.46729	1	0.645161
METTL26	2	0.46729	0	0
MFAP1	2	0.46729	1	0.645161
MFAP2	2	0.46729	0	0
MFAP4	2	0.46729	0	0
MFNG	2	0.46729	0	0
MFSD4B	2	0.46729	0	0
MGLL	2	0.46729	2	1.29032
MGST2	2	0.46729	0	0
MICB	2	0.46729	2	1.29032
MIEF1	2	0.46729	1	0.645161
MIEN1	2	0.46729	0	0
MIS12	2	0.46729	0	0
MKRN2	2	0.46729	1	0.645161
MLANA	2	0.46729	3	1.93548
MLKL	2	0.46729	1	0.645161
MLST8	2	0.46729	1	0.645161
MMAB	2	0.46729	1	0.645161
MMD	2	0.46729	0	0
MOAP1	2	0.46729	2	1.29032
MOB2	2	0.46729	0	0
MOCS2	2	0.46729	0	0
MORN5	2	0.46729	0	0
MOSPD3	2	0.46729	1	0.645161
MPDU1	2	0.46729	0	0
MPHOSPH6	2	0.46729	0	0
MPLKIP	2	0.46729	1	0.645161
MPV17	2	0.46729	0	0
MPV17L	2	0.46729	1	0.645161
MPZL2	2	0.46729	2	1.29032
MPZL3	2	0.46729	1	0.645161
MRAP	2	0.46729	0	0
MRFAP1L1	2	0.46729	0	0
MRGBP	2	0.46729	0	0
MRPL11	2	0.46729	0	0
MRPL14	2	0.46729	0	0
MRPL17	2	0.46729	0	0
MRPL20	2	0.46729	0	0
MRPL24	2	0.46729	0	0
MRPL30	2	0.46729	0	0
MRPL33	2	0.46729	0	0
MRPL37	2	0.46729	1	0.645161
MRPL40	2	0.46729	0	0
MRPL42	2	0.46729	0	0
MRPL53	2	0.46729	1	0.645161
MRPL55	2	0.46729	0	0
MRPL57	2	0.46729	0	0
MRPS14	2	0.46729	1	0.645161
MRPS16	2	0.46729	0	0
MRPS17	2	0.46729	0	0
MRPS24	2	0.46729	2	1.29032
MRPS25	2	0.46729	1	0.645161
MRPS35	2	0.46729	0	0
MRPS6	2	0.46729	0	0
MRRF	2	0.46729	0	0
MS4A13	2	0.46729	0	0
MS4A3	2	0.46729	0	0
MS4A4A	2	0.46729	1	0.645161
MSANTD3-TMEFF1	2	0.46729	0	0
MSGN1	2	0.46729	1	0.645161
MSMO1	2	0.46729	2	1.29032
MT3	2	0.46729	0	0
MT4	2	0.46729	0	0
MTARC1	2	0.46729	0	0
MTCP1	2	0.46729	0	0
MTERF4	2	0.46729	0	0
MTFP1	2	0.46729	0	0
MTIF3	2	0.46729	0	0
MTRF1	2	0.46729	3	1.93548
MUCL3	2	0.46729	1	0.645161
MXD4	2	0.46729	1	0.645161
MYD88	2	0.46729	1	0.645161
MYG1	2	0.46729	0	0
MYL1	2	0.46729	0	0
MYL10	2	0.46729	1	0.645161
MYL12B	2	0.46729	0	0
MYL5	2	0.46729	2	1.29032
MYL6B	2	0.46729	1	0.645161
MYL7	2	0.46729	0	0
MYL9	2	0.46729	1	0.645161
MYLPF	2	0.46729	1	0.645161
MYZAP	2	0.46729	0	0
MZT2B	2	0.46729	0	0
N4BP3	2	0.46729	1	0.645161
NAA50	2	0.46729	0	0
NAA60	2	0.46729	0	0
NABP2	2	0.46729	0	0
NAP1L5	2	0.46729	0	0
NAT14	2	0.46729	0	0
NAT16	2	0.46729	0	0
NAXE	2	0.46729	1	0.645161
NBPF26	2	0.46729	1	0.645161
NCALD	2	0.46729	1	0.645161
NCR3	2	0.46729	0	0
NDRG3	2	0.46729	0	0
NDUFA11	2	0.46729	0	0
NDUFA13	2	0.46729	0	0
NDUFA3	2	0.46729	0	0
NDUFA4	2	0.46729	1	0.645161
NDUFA4L2	2	0.46729	0	0
NDUFAB1	2	0.46729	1	0.645161
NDUFAF3	2	0.46729	0	0
NDUFAF6	2	0.46729	2	1.29032
NDUFB4	2	0.46729	0	0
NDUFB7	2	0.46729	0	0
NDUFC2	2	0.46729	0	0
NDUFS5	2	0.46729	1	0.645161
NDUFS6	2	0.46729	0	0
NDUFS7	2	0.46729	0	0
NDUFS8	2	0.46729	0	0
NECAB2	2	0.46729	0	0
NECAP2	2	0.46729	3	1.93548
NELFCD	2	0.46729	0	0
NENF	2	0.46729	1	0.645161
NFAM1	2	0.46729	0	0
NFKBIE	2	0.46729	2	1.29032
NFKBIL1	2	0.46729	1	0.645161
NIF3L1	2	0.46729	1	0.645161
NIPAL2	2	0.46729	1	0.645161
NIPSNAP3A	2	0.46729	1	0.645161
NIPSNAP3B	2	0.46729	1	0.645161
NKG7	2	0.46729	2	1.29032
NKX2-8	2	0.46729	0	0
NKX3-2	2	0.46729	1	0.645161
NME5	2	0.46729	2	1.29032
NMNAT3	2	0.46729	2	1.29032
NMRAL1	2	0.46729	0	0
NOG	2	0.46729	2	1.29032
NOMO3	2	0.46729	2	1.29032
NOP10	2	0.46729	0	0
NQO2	2	0.46729	1	0.645161
NR2C2AP	2	0.46729	0	0
NR4A1	2	0.46729	0	0
NRIP2	2	0.46729	0	0
NRIP3	2	0.46729	0	0
NRN1L	2	0.46729	0	0
NSMCE3	2	0.46729	1	0.645161
NSUN7	2	0.46729	1	0.645161
NT5C	2	0.46729	0	0
NTF4	2	0.46729	0	0
NUBP2	2	0.46729	1	0.645161
NUBPL	2	0.46729	0	0
NUCB1	2	0.46729	1	0.645161
NUCKS1	2	0.46729	1	0.645161
NUDT1	2	0.46729	0	0
NUDT22	2	0.46729	0	0
NUDT5	2	0.46729	0	0
NUP35	2	0.46729	0	0
NUP37	2	0.46729	0	0
NUSAP1	2	0.46729	1	0.645161
NUTM2G	2	0.46729	1	0.645161
NWD2	2	0.46729	2	1.29032
NXNL1	2	0.46729	1	0.645161
NXPE2	2	0.46729	0	0
NXT1	2	0.46729	0	0
OAF	2	0.46729	0	0
OASL	2	0.46729	1	0.645161
OAZ1	2	0.46729	1	0.645161
OAZ2	2	0.46729	1	0.645161
OBP2A	2	0.46729	0	0
OCIAD2	2	0.46729	1	0.645161
OGN	2	0.46729	3	1.93548
OLIG1	2	0.46729	0	0
OLIG2	2	0.46729	1	0.645161
OMG	2	0.46729	0	0
OPA3	2	0.46729	0	0
OPN1LW	2	0.46729	1	0.645161
OR10G4	2	0.46729	2	1.29032
OR10W1	2	0.46729	1	0.645161
OR11G2	2	0.46729	2	1.29032
OR13C2	2	0.46729	3	1.93548
OR1L4	2	0.46729	1	0.645161
OR2AE1	2	0.46729	3	1.93548
OR2C3	2	0.46729	2	1.29032
OR2J1	2	0.46729	0	0
OR2J2	2	0.46729	3	1.93548
OR2S2	2	0.46729	0	0
OR4D2	2	0.46729	0	0
OR4F4	2	0.46729	2	1.29032
OR4F5	2	0.46729	0	0
OR51B6	2	0.46729	3	1.93548
OR51L1	2	0.46729	2	1.29032
OR5A2	2	0.46729	2	1.29032
OR5H15	2	0.46729	1	0.645161
OR6P1	2	0.46729	0	0
OR6V1	2	0.46729	0	0
OR8A1	2	0.46729	1	0.645161
OR8B12	2	0.46729	2	1.29032
ORM1	2	0.46729	1	0.645161
OSR1	2	0.46729	0	0
OSTF1	2	0.46729	0	0
OXTR	2	0.46729	1	0.645161
P2RX6	2	0.46729	0	0
P4HA1	2	0.46729	1	0.645161
PA2G4	2	0.46729	2	1.29032
PABPN1L	2	0.46729	1	0.645161
PAG1	2	0.46729	3	1.93548
PAICS	2	0.46729	2	1.29032
PALM3	2	0.46729	1	0.645161
PARP16	2	0.46729	0	0
PARS2	2	0.46729	0	0
PARVA	2	0.46729	0	0
PAXX	2	0.46729	0	0
PBOV1	2	0.46729	0	0
PCBD1	2	0.46729	0	0
PCBP4	2	0.46729	0	0
PCCB	2	0.46729	1	0.645161
PCLAF	2	0.46729	0	0
PCNP	2	0.46729	1	0.645161
PDAP1	2	0.46729	0	0
PDCD10	2	0.46729	2	1.29032
PDCD1LG2	2	0.46729	1	0.645161
PDCD2L	2	0.46729	1	0.645161
PDCD5	2	0.46729	1	0.645161
PDIK1L	2	0.46729	1	0.645161
PDK3	2	0.46729	3	1.93548
PDPK1	2	0.46729	1	0.645161
PECAM1	2	0.46729	1	0.645161
PERP	2	0.46729	0	0
PEX19	2	0.46729	1	0.645161
PEX7	2	0.46729	0	0
PFDN6	2	0.46729	0	0
PFKM	2	0.46729	1	0.645161
PGF	2	0.46729	1	0.645161
PGPEP1	2	0.46729	0	0
PGRMC1	2	0.46729	0	0
PHF6	2	0.46729	0	0
PHGDH	2	0.46729	0	0
PHGR1	2	0.46729	0	0
PHOSPHO2	2	0.46729	3	1.93548
PHOX2A	2	0.46729	1	0.645161
PHPT1	2	0.46729	0	0
PIGC	2	0.46729	1	0.645161
PIGF	2	0.46729	0	0
PIGX	2	0.46729	1	0.645161
PIM3	2	0.46729	1	0.645161
PIN1	2	0.46729	0	0
PITPNA	2	0.46729	0	0
PKIG	2	0.46729	0	0
PLA2G2C	2	0.46729	0	0
PLA2G2D	2	0.46729	0	0
PLA2G2E	2	0.46729	0	0
PLA2G2F	2	0.46729	2	1.29032
PLAAT3	2	0.46729	0	0
PLAAT5	2	0.46729	0	0
PLAC9	2	0.46729	0	0
PLCXD2	2	0.46729	4	2.58065
PLEKHD1	2	0.46729	1	0.645161
PLGRKT	2	0.46729	2	1.29032
PLPP2	2	0.46729	1	0.645161
PLPP3	2	0.46729	0	0
PLPP4	2	0.46729	2	1.29032
PNMA6A	2	0.46729	0	0
POLDIP2	2	0.46729	1	0.645161
POLE3	2	0.46729	0	0
POLL	2	0.46729	1	0.645161
POLR1C	2	0.46729	1	0.645161
POLR1D	2	0.46729	0	0
POLR1F	2	0.46729	3	1.93548
POLR2C	2	0.46729	0	0
POLR2I	2	0.46729	0	0
POLR2M	2	0.46729	0	0
POLR3G	2	0.46729	0	0
POLR3K	2	0.46729	1	0.645161
POMZP3	2	0.46729	0	0
POP5	2	0.46729	0	0
POP7	2	0.46729	0	0
POTEC	2	0.46729	0	0
POU2F3	2	0.46729	2	1.29032
POU3F1	2	0.46729	0	0
PPARG	2	0.46729	0	0
PPIAL4G	2	0.46729	1	0.645161
PPIP5K1	2	0.46729	0	0
PPM1G	2	0.46729	1	0.645161
PPME1	2	0.46729	2	1.29032
PPP1R14D	2	0.46729	1	0.645161
PPP1R1A	2	0.46729	1	0.645161
PPP1R1B	2	0.46729	1	0.645161
PPP1R1C	2	0.46729	1	0.645161
PPP1R3B	2	0.46729	0	0
PPP1R9B	2	0.46729	0	0
PPP3R2	2	0.46729	0	0
PRC1	2	0.46729	3	1.93548
PRDX1	2	0.46729	1	0.645161
PRDX4	2	0.46729	0	0
PRDX5	2	0.46729	0	0
PRELID2	2	0.46729	0	0
PRH2	2	0.46729	0	0
PRKAR2A	2	0.46729	1	0.645161
PRKRIP1	2	0.46729	0	0
PRKX	2	0.46729	1	0.645161
PROP1	2	0.46729	0	0
PRPH2	2	0.46729	1	0.645161
PRR15	2	0.46729	0	0
PRR16	2	0.46729	1	0.645161
PRR22	2	0.46729	0	0
PRR33	2	0.46729	0	0
PRRG4	2	0.46729	1	0.645161
PRSS27	2	0.46729	0	0
PRSS33	2	0.46729	0	0
PRTFDC1	2	0.46729	1	0.645161
PRXL2B	2	0.46729	1	0.645161
PSMA1	2	0.46729	1	0.645161
PSMB1	2	0.46729	0	0
PSMB4	2	0.46729	0	0
PSMB7	2	0.46729	0	0
PSMB9	2	0.46729	2	1.29032
PSMD9	2	0.46729	0	0
PSMG1	2	0.46729	1	0.645161
PSORS1C1	2	0.46729	1	0.645161
PSORS1C2	2	0.46729	1	0.645161
PSPH	2	0.46729	0	0
PSPN	2	0.46729	0	0
PSTPIP1	2	0.46729	1	0.645161
PTAFR	2	0.46729	0	0
PTGES3	2	0.46729	0	0
PTGIR	2	0.46729	0	0
PTH	2	0.46729	2	1.29032
PTMS	2	0.46729	0	0
PTP4A3	2	0.46729	2	1.29032
PTRH1	2	0.46729	0	0
PTRHD1	2	0.46729	2	1.29032
PTTG1	2	0.46729	0	0
PTX3	2	0.46729	0	0
PYCR1	2	0.46729	0	0
PYCR2	2	0.46729	0	0
PYDC1	2	0.46729	0	0
PYROXD2	2	0.46729	0	0
PYY	2	0.46729	0	0
QPCTL	2	0.46729	0	0
QTRT1	2	0.46729	0	0
RAB10	2	0.46729	1	0.645161
RAB12	2	0.46729	0	0
RAB18	2	0.46729	0	0
RAB21	2	0.46729	1	0.645161
RAB24	2	0.46729	0	0
RAB25	2	0.46729	1	0.645161
RAB28	2	0.46729	1	0.645161
RAB29	2	0.46729	2	1.29032
RAB2A	2	0.46729	0	0
RAB33A	2	0.46729	1	0.645161
RAB38	2	0.46729	0	0
RAB39A	2	0.46729	3	1.93548
RAB39B	2	0.46729	1	0.645161
RAB40A	2	0.46729	1	0.645161
RAB41	2	0.46729	3	1.93548
RAB43	2	0.46729	0	0
RAB8A	2	0.46729	0	0
RAB9A	2	0.46729	1	0.645161
RAB9B	2	0.46729	1	0.645161
RABL2B	2	0.46729	1	0.645161
RAD1	2	0.46729	1	0.645161
RAD51B	2	0.46729	0	0
RAD9A	2	0.46729	0	0
RAET1G	2	0.46729	1	0.645161
RAMP2	2	0.46729	0	0
RAP1A	2	0.46729	2	1.29032
RASD2	2	0.46729	1	0.645161
RASSF3	2	0.46729	0	0
RBMXL1	2	0.46729	1	0.645161
RBP2	2	0.46729	1	0.645161
RBP7	2	0.46729	0	0
RBPMS2	2	0.46729	0	0
RCCD1	2	0.46729	1	0.645161
RCE1	2	0.46729	1	0.645161
RCN1	2	0.46729	0	0
RDH11	2	0.46729	2	1.29032
RDH12	2	0.46729	0	0
REEP6	2	0.46729	1	0.645161
REG3A	2	0.46729	0	0
RELL1	2	0.46729	2	1.29032
RETNLB	2	0.46729	0	0
REXO2	2	0.46729	0	0
RFC2	2	0.46729	0	0
RFC3	2	0.46729	0	0
RFESD	2	0.46729	1	0.645161
RFLNA	2	0.46729	0	0
RFX8	2	0.46729	0	0
RFXANK	2	0.46729	0	0
RGN	2	0.46729	1	0.645161
RGPD1	2	0.46729	3	1.93548
RGR	2	0.46729	0	0
RGS1	2	0.46729	0	0
RGS13	2	0.46729	3	1.93548
RGSL1	2	0.46729	1	0.645161
RHBDL2	2	0.46729	2	1.29032
RHEB	2	0.46729	1	0.645161
RHOJ	2	0.46729	3	1.93548
RITA1	2	0.46729	3	1.93548
RLN3	2	0.46729	0	0
RNASEH2A	2	0.46729	2	1.29032
RND3	2	0.46729	2	1.29032
RNF122	2	0.46729	0	0
RNF13	2	0.46729	0	0
RNF135	2	0.46729	0	0
RNF141	2	0.46729	1	0.645161
RNF149	2	0.46729	1	0.645161
RNF166	2	0.46729	0	0
RNF181	2	0.46729	0	0
RNF183	2	0.46729	0	0
RNF212B	2	0.46729	0	0
RNF217	2	0.46729	2	1.29032
RNF24	2	0.46729	1	0.645161
RNF7	2	0.46729	1	0.645161
RPA2	2	0.46729	0	0
RPAIN	2	0.46729	2	1.29032
RPL10	2	0.46729	0	0
RPL12	2	0.46729	0	0
RPL13	2	0.46729	0	0
RPL13A	2	0.46729	1	0.645161
RPL17-C18orf32	2	0.46729	0	0
RPL19	2	0.46729	1	0.645161
RPL22L1	2	0.46729	0	0
RPL26	2	0.46729	0	0
RPL27	2	0.46729	1	0.645161
RPL34	2	0.46729	0	0
RPL36	2	0.46729	0	0
RPL39	2	0.46729	0	0
RPL6	2	0.46729	2	1.29032
RPL8	2	0.46729	1	0.645161
RPL9	2	0.46729	1	0.645161
RPN2	2	0.46729	1	0.645161
RPP14	2	0.46729	1	0.645161
RPP30	2	0.46729	0	0
RPRD1A	2	0.46729	3	1.93548
RPS10-NUDT3	2	0.46729	1	0.645161
RPS13	2	0.46729	0	0
RPS3	2	0.46729	2	1.29032
RPS6	2	0.46729	2	1.29032
RPS9	2	0.46729	0	0
RPUSD3	2	0.46729	0	0
RRAD	2	0.46729	2	1.29032
RRAGD	2	0.46729	1	0.645161
RRAS2	2	0.46729	3	1.93548
RRM2B	2	0.46729	2	1.29032
RRP36	2	0.46729	1	0.645161
RSPRY1	2	0.46729	3	1.93548
RTF2	2	0.46729	1	0.645161
RTP4	2	0.46729	2	1.29032
RWDD3	2	0.46729	1	0.645161
RWDD4	2	0.46729	0	0
S100A11	2	0.46729	0	0
S100A16	2	0.46729	0	0
S100A4	2	0.46729	0	0
S100A7L2	2	0.46729	0	0
S100A9	2	0.46729	0	0
S100B	2	0.46729	2	1.29032
S100Z	2	0.46729	1	0.645161
SAMD1	2	0.46729	0	0
SAMD5	2	0.46729	0	0
SAMM50	2	0.46729	2	1.29032
SAPCD1	2	0.46729	0	0
SAR1A	2	0.46729	1	0.645161
SARAF	2	0.46729	0	0
SAT2	2	0.46729	1	0.645161
SAYSD1	2	0.46729	0	0
SCAMP4	2	0.46729	0	0
SCAND1	2	0.46729	0	0
SCARB1	2	0.46729	1	0.645161
SCCPDH	2	0.46729	0	0
SCGB1D1	2	0.46729	2	1.29032
SCGB1D4	2	0.46729	2	1.29032
SCGB2B2	2	0.46729	0	0
SCML1	2	0.46729	1	0.645161
SCOC	2	0.46729	0	0
SCT	2	0.46729	0	0
SEBOX	2	0.46729	0	0
SEC61A2	2	0.46729	1	0.645161
SELENBP1	2	0.46729	1	0.645161
SELENOK	2	0.46729	0	0
SELENOT	2	0.46729	0	0
SEPTIN12	2	0.46729	0	0
SERINC1	2	0.46729	1	0.645161
SERINC5	2	0.46729	0	0
SERP2	2	0.46729	0	0
SERPINB1	2	0.46729	0	0
SERPINB5	2	0.46729	1	0.645161
SERTM1	2	0.46729	1	0.645161
SETD6	2	0.46729	0	0
SETD9	2	0.46729	1	0.645161
SFXN1	2	0.46729	1	0.645161
SFXN3	2	0.46729	3	1.93548
SGF29	2	0.46729	0	0
SH2D1B	2	0.46729	1	0.645161
SH3BGRL	2	0.46729	1	0.645161
SHISA3	2	0.46729	2	1.29032
SHISA6	2	0.46729	0	0
SHLD1	2	0.46729	2	1.29032
SIGIRR	2	0.46729	0	0
SIGLEC15	2	0.46729	0	0
SIRPD	2	0.46729	1	0.645161
SIRT5	2	0.46729	1	0.645161
SKP1	2	0.46729	0	0
SLA2	2	0.46729	0	0
SLC10A3	2	0.46729	2	1.29032
SLC25A11	2	0.46729	0	0
SLC25A15	2	0.46729	1	0.645161
SLC25A47	2	0.46729	1	0.645161
SLC30A1	2	0.46729	3	1.93548
SLC31A2	2	0.46729	0	0
SLC35A1	2	0.46729	1	0.645161
SLC35B2	2	0.46729	0	0
SLC35B3	2	0.46729	4	2.58065
SLC35D2	2	0.46729	3	1.93548
SLC38A5	2	0.46729	0	0
SLC39A3	2	0.46729	1	0.645161
SLC46A1	2	0.46729	0	0
SLC50A1	2	0.46729	0	0
SLC66A2	2	0.46729	0	0
SLC9A3R1	2	0.46729	0	0
SLC9A3R2	2	0.46729	0	0
SLCO1B3-SLCO1B7	2	0.46729	0	0
SLURP1	2	0.46729	1	0.645161
SMIM15	2	0.46729	0	0
SMIM19	2	0.46729	0	0
SMIM7	2	0.46729	0	0
SMNDC1	2	0.46729	0	0
SMPDL3A	2	0.46729	1	0.645161
SMR3B	2	0.46729	0	0
SNAI2	2	0.46729	1	0.645161
SNAPIN	2	0.46729	1	0.645161
SNCB	2	0.46729	0	0
SNF8	2	0.46729	1	0.645161
SNRNP25	2	0.46729	0	0
SNRNP40	2	0.46729	1	0.645161
SNRPA1	2	0.46729	0	0
SNRPB	2	0.46729	2	1.29032
SNRPB2	2	0.46729	2	1.29032
SNRPE	2	0.46729	0	0
SNTN	2	0.46729	1	0.645161
SNURF	2	0.46729	0	0
SNX20	2	0.46729	2	1.29032
SNX22	2	0.46729	1	0.645161
SNX5	2	0.46729	1	0.645161
SNX6	2	0.46729	0	0
SNX7	2	0.46729	3	1.93548
SOCS1	2	0.46729	0	0
SOCS2	2	0.46729	1	0.645161
SOCS7	2	0.46729	0	0
SOSTDC1	2	0.46729	1	0.645161
SOWAHA	2	0.46729	0	0
SOWAHC	2	0.46729	0	0
SOX18	2	0.46729	0	0
SPATA21	2	0.46729	0	0
SPATA46	2	0.46729	0	0
SPATA48	2	0.46729	1	0.645161
SPCS1	2	0.46729	0	0
SPDYE6	2	0.46729	1	0.645161
SPEF1	2	0.46729	1	0.645161
SPIN2A	2	0.46729	0	0
SPIN3	2	0.46729	1	0.645161
SPINK14	2	0.46729	0	0
SPINK2	2	0.46729	1	0.645161
SPINK4	2	0.46729	1	0.645161
SPINK7	2	0.46729	0	0
SPINK9	2	0.46729	0	0
SPINT2	2	0.46729	2	1.29032
SPRR2F	2	0.46729	1	0.645161
SPRYD3	2	0.46729	1	0.645161
SPRYD7	2	0.46729	0	0
SPSB3	2	0.46729	0	0
SPTSSB	2	0.46729	1	0.645161
SRA1	2	0.46729	0	0
SRD5A2	2	0.46729	2	1.29032
SRD5A3	2	0.46729	0	0
SRGN	2	0.46729	0	0
SRP19	2	0.46729	0	0
SRPRB	2	0.46729	2	1.29032
SRRM5	2	0.46729	1	0.645161
SRSF10	2	0.46729	0	0
SRSF8	2	0.46729	1	0.645161
SRSF9	2	0.46729	0	0
SS18	2	0.46729	0	0
SSC5D	2	0.46729	2	1.29032
SSR2	2	0.46729	0	0
SSR3	2	0.46729	0	0
ST3GAL4	2	0.46729	0	0
ST6GALNAC4	2	0.46729	1	0.645161
STAM	2	0.46729	2	1.29032
STARD4	2	0.46729	1	0.645161
STARD5	2	0.46729	0	0
STARD7	2	0.46729	2	1.29032
STBD1	2	0.46729	0	0
STK19	2	0.46729	1	0.645161
STMN1	2	0.46729	1	0.645161
STMN2	2	0.46729	1	0.645161
STOML3	2	0.46729	3	1.93548
STPG3	2	0.46729	0	0
STRADB	2	0.46729	3	1.93548
STXBP6	2	0.46729	2	1.29032
SUB1	2	0.46729	0	0
SUDS3	2	0.46729	1	0.645161
SUGT1	2	0.46729	1	0.645161
SULT1C4	2	0.46729	1	0.645161
SULT2A1	2	0.46729	1	0.645161
SUSD3	2	0.46729	0	0
SUSD6	2	0.46729	0	0
SUV39H2	2	0.46729	0	0
SVIP	2	0.46729	1	0.645161
SWSAP1	2	0.46729	1	0.645161
SYAP1	2	0.46729	0	0
SYNPR	2	0.46729	1	0.645161
SYP	2	0.46729	0	0
SYPL1	2	0.46729	0	0
SYS1	2	0.46729	0	0
SYT13	2	0.46729	1	0.645161
TAF12	2	0.46729	0	0
TAF9	2	0.46729	2	1.29032
TAFA3	2	0.46729	0	0
TAGLN2	2	0.46729	1	0.645161
TAGLN3	2	0.46729	1	0.645161
TAL2	2	0.46729	0	0
TALDO1	2	0.46729	1	0.645161
TAMALIN	2	0.46729	0	0
TAMM41	2	0.46729	1	0.645161
TAS2R20	2	0.46729	2	1.29032
TAS2R31	2	0.46729	0	0
TAS2R5	2	0.46729	2	1.29032
TATDN1	2	0.46729	1	0.645161
TBC1D3B	2	0.46729	1	0.645161
TBCB	2	0.46729	0	0
TCAF1	2	0.46729	1	0.645161
TCAF2	2	0.46729	4	2.58065
TCL1B	2	0.46729	0	0
TCTE3	2	0.46729	1	0.645161
TCTEX1D2	2	0.46729	0	0
TDGF1	2	0.46729	1	0.645161
TERB1	2	0.46729	0	0
TESC	2	0.46729	1	0.645161
TEX12	2	0.46729	0	0
TEX19	2	0.46729	0	0
TFCP2L1	2	0.46729	2	1.29032
TFF2	2	0.46729	1	0.645161
TFF3	2	0.46729	0	0
TGIF2LY	2	0.46729	0	0
THAP1	2	0.46729	0	0
THAP3	2	0.46729	0	0
THAP6	2	0.46729	0	0
THAP7	2	0.46729	0	0
THPO	2	0.46729	2	1.29032
THRSP	2	0.46729	0	0
TIFA	2	0.46729	1	0.645161
TIMM23	2	0.46729	2	1.29032
TIPRL	2	0.46729	2	1.29032
TK2	2	0.46729	1	0.645161
TLCD1	2	0.46729	1	0.645161
TLCD5	2	0.46729	0	0
TM2D1	2	0.46729	1	0.645161
TM4SF1	2	0.46729	0	0
TM4SF18	2	0.46729	1	0.645161
TMCO2	2	0.46729	1	0.645161
TMED1	2	0.46729	1	0.645161
TMED4	2	0.46729	0	0
TMED7	2	0.46729	0	0
TMED9	2	0.46729	0	0
TMEM116	2	0.46729	2	1.29032
TMEM120B	2	0.46729	2	1.29032
TMEM125	2	0.46729	0	0
TMEM128	2	0.46729	0	0
TMEM129	2	0.46729	1	0.645161
TMEM139	2	0.46729	0	0
TMEM150B	2	0.46729	0	0
TMEM154	2	0.46729	3	1.93548
TMEM155	2	0.46729	0	0
TMEM159	2	0.46729	0	0
TMEM167A	2	0.46729	2	1.29032
TMEM17	2	0.46729	0	0
TMEM170B	2	0.46729	1	0.645161
TMEM177	2	0.46729	3	1.93548
TMEM211	2	0.46729	0	0
TMEM220	2	0.46729	0	0
TMEM242	2	0.46729	1	0.645161
TMEM268	2	0.46729	1	0.645161
TMEM30B	2	0.46729	0	0
TMEM31	2	0.46729	2	1.29032
TMEM45A	2	0.46729	0	0
TMEM50B	2	0.46729	0	0
TMEM51	2	0.46729	0	0
TMEM52	2	0.46729	1	0.645161
TMEM53	2	0.46729	0	0
TMEM54	2	0.46729	0	0
TMEM59	2	0.46729	2	1.29032
TMEM82	2	0.46729	1	0.645161
TMEM9	2	0.46729	1	0.645161
TMEM95	2	0.46729	0	0
TMIGD2	2	0.46729	2	1.29032
TMOD3	2	0.46729	1	0.645161
TNFAIP8	2	0.46729	0	0
TNFAIP8L3	2	0.46729	1	0.645161
TNFRSF10D	2	0.46729	0	0
TNFRSF14	2	0.46729	1	0.645161
TNFRSF1B	2	0.46729	1	0.645161
TNFSF10	2	0.46729	0	0
TNFSF12	2	0.46729	0	0
TNFSF4	2	0.46729	4	2.58065
TNNC1	2	0.46729	0	0
TNNI2	2	0.46729	1	0.645161
TNNT1	2	0.46729	2	1.29032
TP53RK	2	0.46729	1	0.645161
TPH1	2	0.46729	4	2.58065
TPK1	2	0.46729	2	1.29032
TPRKB	2	0.46729	1	0.645161
TPSAB1	2	0.46729	0	0
TPSB2	2	0.46729	0	0
TRA2A	2	0.46729	1	0.645161
TRAPPC3L	2	0.46729	1	0.645161
TRAPPC4	2	0.46729	0	0
TRAT1	2	0.46729	1	0.645161
TRAV22	2	0.46729	1	0.645161
TREM2	2	0.46729	0	0
TREML1	2	0.46729	1	0.645161
TRGC2	2	0.46729	2	1.29032
TRH	2	0.46729	1	0.645161
TRIM31	2	0.46729	0	0
TRIM59	2	0.46729	3	1.93548
TRIM61	2	0.46729	1	0.645161
TRIM73	2	0.46729	0	0
TRIM74	2	0.46729	0	0
TRIM8	2	0.46729	1	0.645161
TRIR	2	0.46729	0	0
TRMT2B	2	0.46729	1	0.645161
TRNAU1AP	2	0.46729	3	1.93548
TRPT1	2	0.46729	0	0
TSACC	2	0.46729	0	0
TSC22D3	2	0.46729	1	0.645161
TSGA10IP	2	0.46729	2	1.29032
TSKU	2	0.46729	1	0.645161
TSPAN13	2	0.46729	1	0.645161
TSPAN3	2	0.46729	2	1.29032
TSPAN31	2	0.46729	0	0
TSR3	2	0.46729	0	0
TTC32	2	0.46729	0	0
TTC34	2	0.46729	1	0.645161
TTC4	2	0.46729	0	0
TTC9B	2	0.46729	0	0
TTPA	2	0.46729	2	1.29032
TTR	2	0.46729	2	1.29032
TUBA1C	2	0.46729	4	2.58065
TUBA8	2	0.46729	1	0.645161
TUBD1	2	0.46729	3	1.93548
TUBG1	2	0.46729	0	0
TUSC1	2	0.46729	0	0
TVP23C	2	0.46729	0	0
TXN	2	0.46729	0	0
TXN2	2	0.46729	0	0
TXNDC15	2	0.46729	1	0.645161
TXNL4B	2	0.46729	0	0
TYROBP	2	0.46729	0	0
TYSND1	2	0.46729	0	0
UAP1	2	0.46729	1	0.645161
UBE2C	2	0.46729	1	0.645161
UBE2F	2	0.46729	0	0
UBE2M	2	0.46729	0	0
UBE2W	2	0.46729	1	0.645161
UBL3	2	0.46729	2	1.29032
UBL7	2	0.46729	0	0
UBOX5	2	0.46729	1	0.645161
UBTD1	2	0.46729	1	0.645161
UBXN1	2	0.46729	1	0.645161
UCN3	2	0.46729	0	0
UFD1	2	0.46729	1	0.645161
UGT1A10	2	0.46729	2	1.29032
UNC50	2	0.46729	0	0
UNCX	2	0.46729	0	0
UPK2	2	0.46729	0	0
UQCC2	2	0.46729	1	0.645161
URAD	2	0.46729	0	0
USF2	2	0.46729	0	0
UTF1	2	0.46729	0	0
VAMP1	2	0.46729	0	0
VAMP4	2	0.46729	1	0.645161
VAMP5	2	0.46729	0	0
VAMP8	2	0.46729	1	0.645161
VAPB	2	0.46729	1	0.645161
VCX	2	0.46729	0	0
VCX2	2	0.46729	0	0
VCX3A	2	0.46729	1	0.645161
VHLL	2	0.46729	0	0
VN1R4	2	0.46729	1	0.645161
VNN3	2	0.46729	0	0
VPS26A	2	0.46729	2	1.29032
VPS29	2	0.46729	0	0
VSIG2	2	0.46729	0	0
VSTM2B	2	0.46729	0	0
VWA1	2	0.46729	0	0
VWA5B1	2	0.46729	0	0
WDFY1	2	0.46729	1	0.645161
WDR20	2	0.46729	0	0
WDR46	2	0.46729	1	0.645161
WDR54	2	0.46729	1	0.645161
WDR73	2	0.46729	1	0.645161
WFDC10B	2	0.46729	0	0
WFDC3	2	0.46729	1	0.645161
WFIKKN1	2	0.46729	1	0.645161
WNT6	2	0.46729	1	0.645161
WNT8B	2	0.46729	1	0.645161
WSB1	2	0.46729	0	0
XAF1	2	0.46729	1	0.645161
XAGE3	2	0.46729	0	0
XAGE5	2	0.46729	1	0.645161
XBP1	2	0.46729	0	0
XCL2	2	0.46729	0	0
XKR5	2	0.46729	1	0.645161
YAF2	2	0.46729	1	0.645161
YBX3	2	0.46729	1	0.645161
YDJC	2	0.46729	0	0
YIPF1	2	0.46729	1	0.645161
YIPF2	2	0.46729	1	0.645161
YPEL2	2	0.46729	1	0.645161
YWHAB	2	0.46729	0	0
YWHAG	2	0.46729	0	0
YWHAZ	2	0.46729	0	0
ZAR1	2	0.46729	1	0.645161
ZAR1L	2	0.46729	1	0.645161
ZBED5	2	0.46729	1	0.645161
ZBTB37	2	0.46729	1	0.645161
ZBTB9	2	0.46729	0	0
ZC2HC1A	2	0.46729	0	0
ZC3H12D	2	0.46729	3	1.93548
ZC3H8	2	0.46729	0	0
ZC3HAV1L	2	0.46729	1	0.645161
ZCCHC17	2	0.46729	1	0.645161
ZCCHC3	2	0.46729	0	0
ZFAND1	2	0.46729	0	0
ZFAND2A	2	0.46729	0	0
ZFP41	2	0.46729	1	0.645161
ZFPL1	2	0.46729	3	1.93548
ZMAT5	2	0.46729	0	0
ZMYND10	2	0.46729	0	0
ZMYND19	2	0.46729	0	0
ZNF138	2	0.46729	1	0.645161
ZNF200	2	0.46729	2	1.29032
ZNF296	2	0.46729	0	0
ZNF324B	2	0.46729	2	1.29032
ZNF511-PRAP1	2	0.46729	0	0
ZNF512	2	0.46729	1	0.645161
ZNF559-ZNF177	2	0.46729	4	2.58065
ZNF575	2	0.46729	0	0
ZNF593	2	0.46729	2	1.29032
ZNF679	2	0.46729	1	0.645161
ZNF684	2	0.46729	3	1.93548
ZNF69	2	0.46729	0	0
ZNF716	2	0.46729	2	1.29032
ZNF717	2	0.46729	0	0
ZNF735	2	0.46729	1	0.645161
ZNF805	2	0.46729	1	0.645161
ZNF814	2	0.46729	1	0.645161
ZNF816-ZNF321P	2	0.46729	3	1.93548
ZNF843	2	0.46729	0	0
ZNF845	2	0.46729	1	0.645161
ZNF860	2	0.46729	0	0
ZNF879	2	0.46729	1	0.645161
ZNF90	2	0.46729	2	1.29032
ZNRD2	2	0.46729	0	0
ZP3	2	0.46729	1	0.645161
ZSCAN21	2	0.46729	1	0.645161
ZSCAN26	2	0.46729	2	1.29032
ZSWIM6	2	0.46729	1	0.645161
ABHD17A	1	0.233645	0	0
ABITRAM	1	0.233645	1	0.645161
AC004076.1	1	0.233645	0	0
AC004997.1	1	0.233645	0	0
AC007040.2	1	0.233645	0	0
AC009779.3	1	0.233645	0	0
AC011448.1	1	0.233645	0	0
AC020907.6	1	0.233645	0	0
AC053503.6	1	0.233645	0	0
AC055839.2	1	0.233645	0	0
AC092718.8	1	0.233645	0	0
AC104389.6	1	0.233645	0	0
AC107871.1	1	0.233645	0	0
AC107959.5	1	0.233645	0	0
AC109583.1	1	0.233645	1	0.645161
AC131160.1	1	0.233645	1	0.645161
AC132217.2	1	0.233645	0	0
AC144573.1	1	0.233645	0	0
AC245748.1	1	0.233645	0	0
ACOT13	1	0.233645	1	0.645161
ACYP1	1	0.233645	1	0.645161
ADIG	1	0.233645	0	0
ADO	1	0.233645	0	0
ADORA2B	1	0.233645	0	0
AF196969.1	1	0.233645	0	0
AGAP5	1	0.233645	0	0
AGTRAP	1	0.233645	0	0
AIF1	1	0.233645	0	0
AIF1L	1	0.233645	0	0
AIFM2	1	0.233645	2	1.29032
AK4	1	0.233645	1	0.645161
AK6	1	0.233645	0	0
AKIP1	1	0.233645	1	0.645161
AKR1A1	1	0.233645	1	0.645161
AKR7A2	1	0.233645	0	0
AL021546.1	1	0.233645	0	0
AL031315.1	1	0.233645	0	0
AL049569.3	1	0.233645	0	0
AL121758.1	1	0.233645	0	0
AL133500.1	1	0.233645	0	0
AL159163.1	1	0.233645	0	0
AL662899.2	1	0.233645	0	0
ALG1L2	1	0.233645	0	0
ALKBH7	1	0.233645	0	0
ALX1	1	0.233645	3	1.93548
ALX3	1	0.233645	0	0
AMTN	1	0.233645	1	0.645161
ANAPC10	1	0.233645	0	0
ANAPC11	1	0.233645	0	0
ANAPC15	1	0.233645	0	0
ANG	1	0.233645	0	0
ANGPTL3	1	0.233645	0	0
ANGPTL4	1	0.233645	1	0.645161
ANKHD1	1	0.233645	0	0
ANKRD18A	1	0.233645	1	0.645161
ANKRD20A2P	1	0.233645	0	0
ANKRD30BL	1	0.233645	1	0.645161
ANKRD36	1	0.233645	0	0
ANKRD37	1	0.233645	0	0
ANKRD54	1	0.233645	0	0
ANKRD60	1	0.233645	0	0
ANKRD61	1	0.233645	0	0
ANKRD65	1	0.233645	0	0
ANKUB1	1	0.233645	1	0.645161
ANP32A	1	0.233645	2	1.29032
ANTKMT	1	0.233645	0	0
ANXA2R	1	0.233645	0	0
ANXA8L1	1	0.233645	0	0
AP000471.1	1	0.233645	0	0
AP001458.2	1	0.233645	0	0
AP3S2	1	0.233645	0	0
APH1A	1	0.233645	0	0
APLN	1	0.233645	1	0.645161
APOC2	1	0.233645	0	0
APOC4-APOC2	1	0.233645	0	0
APOM	1	0.233645	1	0.645161
APOOL	1	0.233645	0	0
AQP6	1	0.233645	1	0.645161
ARF6	1	0.233645	0	0
ARFRP1	1	0.233645	0	0
ARHGAP23	1	0.233645	1	0.645161
ARL1	1	0.233645	2	1.29032
ARL3	1	0.233645	1	0.645161
ARL5A	1	0.233645	1	0.645161
ARL5B	1	0.233645	0	0
ARL6IP1	1	0.233645	1	0.645161
ARL6IP4	1	0.233645	1	0.645161
ARMC7	1	0.233645	0	0
ARPC4	1	0.233645	1	0.645161
ARPC5L	1	0.233645	1	0.645161
ARRB2	1	0.233645	0	0
ARTN	1	0.233645	0	0
ASB6	1	0.233645	1	0.645161
ASCL2	1	0.233645	0	0
ASCL3	1	0.233645	1	0.645161
ATF3	1	0.233645	1	0.645161
ATOH8	1	0.233645	0	0
ATP23	1	0.233645	0	0
ATP5F1D	1	0.233645	1	0.645161
ATP5IF1	1	0.233645	0	0
ATP5MC1	1	0.233645	0	0
ATP5MC3	1	0.233645	0	0
ATP5MF-PTCD1	1	0.233645	0	0
ATP5MPL	1	0.233645	0	0
ATP6V0C	1	0.233645	0	0
AUNIP	1	0.233645	0	0
AVEN	1	0.233645	2	1.29032
AZGP1	1	0.233645	2	1.29032
B3GALT6	1	0.233645	0	0
B3GAT2	1	0.233645	0	0
BAG1	1	0.233645	1	0.645161
BBC3	1	0.233645	0	0
BCL2	1	0.233645	1	0.645161
BECN1	1	0.233645	2	1.29032
BET1	1	0.233645	0	0
BET1L	1	0.233645	0	0
BEX2	1	0.233645	0	0
BLCAP	1	0.233645	1	0.645161
BLOC1S1	1	0.233645	0	0
BLOC1S6	1	0.233645	0	0
BLVRA	1	0.233645	0	0
BMP8B	1	0.233645	0	0
BOLA3	1	0.233645	1	0.645161
BRI3	1	0.233645	0	0
BRI3BP	1	0.233645	1	0.645161
BRICD5	1	0.233645	0	0
BRIX1	1	0.233645	1	0.645161
BST2	1	0.233645	0	0
BTBD18	1	0.233645	2	1.29032
BUD31	1	0.233645	1	0.645161
C10orf62	1	0.233645	0	0
C10orf82	1	0.233645	1	0.645161
C11orf45	1	0.233645	1	0.645161
C11orf52	1	0.233645	1	0.645161
C11orf58	1	0.233645	0	0
C11orf94	1	0.233645	0	0
C12orf65	1	0.233645	0	0
C15orf40	1	0.233645	0	0
C15orf48	1	0.233645	1	0.645161
C16orf74	1	0.233645	0	0
C16orf91	1	0.233645	0	0
C16orf92	1	0.233645	1	0.645161
C17orf50	1	0.233645	0	0
C17orf64	1	0.233645	4	2.58065
C18orf32	1	0.233645	1	0.645161
C19orf25	1	0.233645	0	0
C19orf71	1	0.233645	0	0
C1QBP	1	0.233645	0	0
C1QTNF2	1	0.233645	0	0
C1QTNF4	1	0.233645	0	0
C1QTNF5	1	0.233645	0	0
C1QTNF6	1	0.233645	1	0.645161
C1QTNF7	1	0.233645	0	0
C1orf109	1	0.233645	1	0.645161
C1orf167	1	0.233645	0	0
C1orf174	1	0.233645	0	0
C1orf185	1	0.233645	1	0.645161
C1orf198	1	0.233645	0	0
C1orf216	1	0.233645	0	0
C1orf43	1	0.233645	1	0.645161
C1orf53	1	0.233645	0	0
C1orf68	1	0.233645	0	0
C20orf202	1	0.233645	0	0
C20orf203	1	0.233645	0	0
C20orf96	1	0.233645	2	1.29032
C21orf62	1	0.233645	1	0.645161
C21orf91	1	0.233645	2	1.29032
C22orf39	1	0.233645	0	0
C2CD4A	1	0.233645	0	0
C2CD4C	1	0.233645	0	0
C2orf50	1	0.233645	0	0
C2orf68	1	0.233645	0	0
C3orf52	1	0.233645	0	0
C3orf70	1	0.233645	1	0.645161
C3orf84	1	0.233645	0	0
C4BPB	1	0.233645	1	0.645161
C4orf3	1	0.233645	0	0
C4orf45	1	0.233645	1	0.645161
C4orf51	1	0.233645	1	0.645161
C5orf47	1	0.233645	0	0
C5orf49	1	0.233645	1	0.645161
C6orf120	1	0.233645	0	0
C6orf141	1	0.233645	0	0
C6orf47	1	0.233645	1	0.645161
C8orf48	1	0.233645	2	1.29032
C8orf82	1	0.233645	0	0
C9orf153	1	0.233645	2	1.29032
C9orf16	1	0.233645	0	0
C9orf57	1	0.233645	0	0
CABP1	1	0.233645	0	0
CALCB	1	0.233645	1	0.645161
CALHM3	1	0.233645	0	0
CALHM4	1	0.233645	0	0
CALM1	1	0.233645	1	0.645161
CALML5	1	0.233645	1	0.645161
CALML6	1	0.233645	0	0
CALY	1	0.233645	0	0
CAMK2N2	1	0.233645	0	0
CARD18	1	0.233645	1	0.645161
CASP6	1	0.233645	1	0.645161
CASTOR2	1	0.233645	0	0
CATSPERZ	1	0.233645	0	0
CAV1	1	0.233645	0	0
CBWD1	1	0.233645	0	0
CBWD3	1	0.233645	1	0.645161
CBWD6	1	0.233645	2	1.29032
CBY1	1	0.233645	0	0
CCDC107	1	0.233645	0	0
CCDC12	1	0.233645	1	0.645161
CCDC121	1	0.233645	0	0
CCDC154	1	0.233645	0	0
CCDC159	1	0.233645	2	1.29032
CCDC163	1	0.233645	0	0
CCDC167	1	0.233645	0	0
CCDC182	1	0.233645	0	0
CCDC189	1	0.233645	0	0
CCDC32	1	0.233645	1	0.645161
CCDC70	1	0.233645	3	1.93548
CCDC86	1	0.233645	3	1.93548
CCL11	1	0.233645	1	0.645161
CCL13	1	0.233645	0	0
CCL15	1	0.233645	0	0
CCL17	1	0.233645	0	0
CCL18	1	0.233645	0	0
CCL21	1	0.233645	0	0
CCL25	1	0.233645	0	0
CCL4L2	1	0.233645	1	0.645161
CCL7	1	0.233645	0	0
CCNG1	1	0.233645	2	1.29032
CCNH	1	0.233645	2	1.29032
CCNI	1	0.233645	3	1.93548
CCNI2	1	0.233645	0	0
CCNP	1	0.233645	1	0.645161
CCT7	1	0.233645	1	0.645161
CD164L2	1	0.233645	0	0
CD274	1	0.233645	1	0.645161
CD3D	1	0.233645	0	0
CD68	1	0.233645	0	0
CD82	1	0.233645	1	0.645161
CD83	1	0.233645	1	0.645161
CD8A	1	0.233645	2	1.29032
CDC42EP2	1	0.233645	0	0
CDC42EP5	1	0.233645	0	0
CDC42SE1	1	0.233645	0	0
CDCA5	1	0.233645	1	0.645161
CDIPT	1	0.233645	1	0.645161
CDK5R2	1	0.233645	0	0
CDKN2A	1	0.233645	0	0
CDKN2B	1	0.233645	0	0
CDKN2D	1	0.233645	0	0
CDKN3	1	0.233645	0	0
CDRT4	1	0.233645	0	0
CEACAM6	1	0.233645	0	0
CEBPB	1	0.233645	0	0
CEBPG	1	0.233645	1	0.645161
CEMP1	1	0.233645	0	0
CENATAC	1	0.233645	1	0.645161
CENPM	1	0.233645	0	0
CENPS-CORT	1	0.233645	1	0.645161
CENPX	1	0.233645	0	0
CEP295NL	1	0.233645	1	0.645161
CERCAM	1	0.233645	3	1.93548
CETN2	1	0.233645	0	0
CFD	1	0.233645	0	0
CGB2	1	0.233645	0	0
CGB8	1	0.233645	0	0
CGREF1	1	0.233645	0	0
CHADL	1	0.233645	0	0
CHCHD1	1	0.233645	0	0
CHCHD3	1	0.233645	2	1.29032
CHCHD4	1	0.233645	0	0
CHMP1B	1	0.233645	0	0
CHN2	1	0.233645	0	0
CHRNB4	1	0.233645	0	0
CIAO1	1	0.233645	0	0
CIAO2A	1	0.233645	0	0
CIAO2B	1	0.233645	0	0
CIB2	1	0.233645	0	0
CIDEB	1	0.233645	0	0
CIRBP	1	0.233645	1	0.645161
CISD3	1	0.233645	0	0
CKLF-CMTM1	1	0.233645	0	0
CLDN1	1	0.233645	0	0
CLDN20	1	0.233645	0	0
CLDN22	1	0.233645	0	0
CLDN23	1	0.233645	0	0
CLDN25	1	0.233645	3	1.93548
CLEC17A	1	0.233645	1	0.645161
CLEC2A	1	0.233645	1	0.645161
CLEC2L	1	0.233645	1	0.645161
CLIC1	1	0.233645	0	0
CLN5	1	0.233645	1	0.645161
CLPS	1	0.233645	2	1.29032
CMBL	1	0.233645	1	0.645161
CMTM4	1	0.233645	0	0
CNBP	1	0.233645	0	0
CNFN	1	0.233645	1	0.645161
CNIH3	1	0.233645	1	0.645161
CNN3	1	0.233645	0	0
CNPY4	1	0.233645	0	0
COA4	1	0.233645	0	0
COA5	1	0.233645	1	0.645161
COA7	1	0.233645	0	0
COMMD3-BMI1	1	0.233645	0	0
COMMD7	1	0.233645	0	0
COPG2	1	0.233645	2	1.29032
COPZ1	1	0.233645	1	0.645161
COPZ2	1	0.233645	1	0.645161
COQ10A	1	0.233645	2	1.29032
COQ10B	1	0.233645	2	1.29032
CORO1B	1	0.233645	1	0.645161
COX20	1	0.233645	0	0
COX4I2	1	0.233645	3	1.93548
COX6B1	1	0.233645	0	0
COX6B2	1	0.233645	0	0
COX7A2	1	0.233645	0	0
COX7A2L	1	0.233645	1	0.645161
COX7B2	1	0.233645	0	0
COX8A	1	0.233645	1	0.645161
CPLX3	1	0.233645	1	0.645161
CPSF4L	1	0.233645	0	0
CPT2	1	0.233645	2	1.29032
CRCP	1	0.233645	1	0.645161
CRCT1	1	0.233645	0	0
CREBL2	1	0.233645	0	0
CRIPT	1	0.233645	1	0.645161
CRP	1	0.233645	1	0.645161
CRYBA2	1	0.233645	0	0
CRYGD	1	0.233645	1	0.645161
CRYGN	1	0.233645	0	0
CSAG1	1	0.233645	0	0
CSAG3	1	0.233645	1	0.645161
CSH1	1	0.233645	2	1.29032
CSKMT	1	0.233645	0	0
CSRP3	1	0.233645	1	0.645161
CST3	1	0.233645	0	0
CST5	1	0.233645	1	0.645161
CST6	1	0.233645	2	1.29032
CST9L	1	0.233645	1	0.645161
CSTB	1	0.233645	0	0
CT45A10	1	0.233645	1	0.645161
CTRB2	1	0.233645	1	0.645161
CTSK	1	0.233645	1	0.645161
CTU1	1	0.233645	0	0
CXCL1	1	0.233645	1	0.645161
CXCL10	1	0.233645	1	0.645161
CXCL17	1	0.233645	0	0
CXCL2	1	0.233645	0	0
CXCR6	1	0.233645	1	0.645161
CXXC4	1	0.233645	0	0
CXorf21	1	0.233645	3	1.93548
CYB561D1	1	0.233645	0	0
CYB561D2	1	0.233645	0	0
CYB5A	1	0.233645	0	0
CYBRD1	1	0.233645	2	1.29032
CYP21A2	1	0.233645	1	0.645161
CYP3A7-CYP3A51P	1	0.233645	0	0
CYS1	1	0.233645	0	0
CYSTM1	1	0.233645	0	0
DACT2	1	0.233645	1	0.645161
DAD1	1	0.233645	0	0
DAND5	1	0.233645	0	0
DAP	1	0.233645	1	0.645161
DARS1	1	0.233645	3	1.93548
DAZAP2	1	0.233645	0	0
DBNDD1	1	0.233645	2	1.29032
DCAF8L2	1	0.233645	1	0.645161
DCUN1D2	1	0.233645	1	0.645161
DCXR	1	0.233645	0	0
DDRGK1	1	0.233645	0	0
DDX41	1	0.233645	1	0.645161
DEFA3	1	0.233645	0	0
DEFA5	1	0.233645	0	0
DEFA6	1	0.233645	0	0
DEFB108B	1	0.233645	1	0.645161
DEFB110	1	0.233645	1	0.645161
DEFB112	1	0.233645	0	0
DEFB113	1	0.233645	1	0.645161
DEFB114	1	0.233645	2	1.29032
DEFB115	1	0.233645	0	0
DEFB123	1	0.233645	0	0
DEFB129	1	0.233645	2	1.29032
DEFB132	1	0.233645	0	0
DEFB4A	1	0.233645	0	0
DESI2	1	0.233645	2	1.29032
DEXI	1	0.233645	1	0.645161
DHCR24	1	0.233645	0	0
DIPK1A	1	0.233645	1	0.645161
DIPK1B	1	0.233645	0	0
DLX6	1	0.233645	1	0.645161
DMRTC1	1	0.233645	0	0
DNAJA2	1	0.233645	1	0.645161
DNAJB1	1	0.233645	0	0
DNAJC30	1	0.233645	0	0
DNAL1	1	0.233645	1	0.645161
DNMT3L	1	0.233645	0	0
DNPH1	1	0.233645	0	0
DPH3	1	0.233645	0	0
DPH7	1	0.233645	1	0.645161
DPM2	1	0.233645	0	0
DR1	1	0.233645	0	0
DRD4	1	0.233645	0	0
DUS2	1	0.233645	1	0.645161
DUSP1	1	0.233645	1	0.645161
DUSP14	1	0.233645	0	0
DUSP21	1	0.233645	0	0
DUSP23	1	0.233645	0	0
DUSP26	1	0.233645	2	1.29032
DYNC1LI2	1	0.233645	1	0.645161
DYNLL2	1	0.233645	0	0
DYNLRB1	1	0.233645	0	0
DYNLT1	1	0.233645	0	0
DYNLT3	1	0.233645	0	0
E2F6	1	0.233645	1	0.645161
EDDM3A	1	0.233645	1	0.645161
EDN2	1	0.233645	1	0.645161
EFCAB2	1	0.233645	0	0
EFCC1	1	0.233645	0	0
EID2B	1	0.233645	0	0
EIF1AX	1	0.233645	0	0
EIF2S1	1	0.233645	1	0.645161
EIF3CL	1	0.233645	0	0
EIF4A1	1	0.233645	0	0
EIF5AL1	1	0.233645	1	0.645161
EIF6	1	0.233645	0	0
ELMOD3	1	0.233645	0	0
ELOC	1	0.233645	1	0.645161
ELOF1	1	0.233645	1	0.645161
ELSPBP1	1	0.233645	1	0.645161
EMP1	1	0.233645	1	0.645161
EMP2	1	0.233645	0	0
EMX1	1	0.233645	1	0.645161
ENOPH1	1	0.233645	1	0.645161
ENTPD5	1	0.233645	0	0
EPDR1	1	0.233645	1	0.645161
EPGN	1	0.233645	0	0
EPO	1	0.233645	0	0
EQTN	1	0.233645	1	0.645161
ERCC5	1	0.233645	0	0
ERICH6B	1	0.233645	1	0.645161
ERV3-1	1	0.233645	1	0.645161
ETHE1	1	0.233645	0	0
ETV2	1	0.233645	1	0.645161
ETV7	1	0.233645	0	0
EVX1	1	0.233645	0	0
EXO5	1	0.233645	0	0
EXOSC2	1	0.233645	1	0.645161
F2RL1	1	0.233645	1	0.645161
F8A1	1	0.233645	0	0
FABP12	1	0.233645	1	0.645161
FABP3	1	0.233645	0	0
FADS1	1	0.233645	0	0
FAHD1	1	0.233645	0	0
FAIM	1	0.233645	1	0.645161
FAM104A	1	0.233645	0	0
FAM104B	1	0.233645	2	1.29032
FAM107A	1	0.233645	0	0
FAM122B	1	0.233645	1	0.645161
FAM131A	1	0.233645	0	0
FAM160A1	1	0.233645	1	0.645161
FAM162A	1	0.233645	0	0
FAM166C	1	0.233645	0	0
FAM170B	1	0.233645	1	0.645161
FAM172A	1	0.233645	1	0.645161
FAM187A	1	0.233645	0	0
FAM200B	1	0.233645	1	0.645161
FAM210A	1	0.233645	3	1.93548
FAM210B	1	0.233645	0	0
FAM221B	1	0.233645	2	1.29032
FAM227A	1	0.233645	1	0.645161
FAM237A	1	0.233645	1	0.645161
FAM241B	1	0.233645	0	0
FAM24B	1	0.233645	1	0.645161
FAM3A	1	0.233645	0	0
FAM3C	1	0.233645	1	0.645161
FAM47E	1	0.233645	0	0
FAM47E-STBD1	1	0.233645	0	0
FAM53B	1	0.233645	1	0.645161
FAM71E2	1	0.233645	1	0.645161
FAM72C	1	0.233645	0	0
FAM89A	1	0.233645	1	0.645161
FAM98B	1	0.233645	2	1.29032
FBXL12	1	0.233645	1	0.645161
FBXO17	1	0.233645	0	0
FBXO36	1	0.233645	1	0.645161
FCGR2C	1	0.233645	0	0
FDX1	1	0.233645	0	0
FEV	1	0.233645	0	0
FGF21	1	0.233645	0	0
FGF22	1	0.233645	0	0
FGFR1OP2	1	0.233645	1	0.645161
FHL1	1	0.233645	0	0
FHL3	1	0.233645	0	0
FIGLA	1	0.233645	1	0.645161
FKBP1C	1	0.233645	0	0
FKBP7	1	0.233645	2	1.29032
FMC1-LUC7L2	1	0.233645	0	0
FO393400.1	1	0.233645	0	0
FOLH1B	1	0.233645	0	0
FRG1	1	0.233645	1	0.645161
FSTL3	1	0.233645	0	0
FTH1	1	0.233645	0	0
FXYD1	1	0.233645	1	0.645161
FXYD6	1	0.233645	0	0
GADD45G	1	0.233645	0	0
GALR3	1	0.233645	1	0.645161
GAPT	1	0.233645	1	0.645161
GASK1A	1	0.233645	0	0
GATAD1	1	0.233645	0	0
GATC	1	0.233645	0	0
GBGT1	1	0.233645	0	0
GCHFR	1	0.233645	0	0
GCNT7	1	0.233645	0	0
GCSAM	1	0.233645	1	0.645161
GDE1	1	0.233645	0	0
GEMIN2	1	0.233645	2	1.29032
GET3	1	0.233645	0	0
GFRA3	1	0.233645	2	1.29032
GFRAL	1	0.233645	1	0.645161
GFUS	1	0.233645	0	0
GHRH	1	0.233645	0	0
GHRHR	1	0.233645	0	0
GHRL	1	0.233645	0	0
GID8	1	0.233645	1	0.645161
GIP	1	0.233645	0	0
GJB2	1	0.233645	0	0
GJB5	1	0.233645	0	0
GKAP1	1	0.233645	2	1.29032
GLIPR2	1	0.233645	1	0.645161
GLOD4	1	0.233645	2	1.29032
GLOD5	1	0.233645	0	0
GLRX	1	0.233645	2	1.29032
GLYATL3	1	0.233645	0	0
GMFB	1	0.233645	2	1.29032
GNG13	1	0.233645	0	0
GNG3	1	0.233645	1	0.645161
GNGT1	1	0.233645	2	1.29032
GNRH2	1	0.233645	0	0
GOLGA8A	1	0.233645	0	0
GOLPH3L	1	0.233645	1	0.645161
GOLT1A	1	0.233645	1	0.645161
GP9	1	0.233645	1	0.645161
GPATCH4	1	0.233645	0	0
GPIHBP1	1	0.233645	0	0
GPM6B	1	0.233645	0	0
GPN3	1	0.233645	1	0.645161
GPR1	1	0.233645	3	1.93548
GPR137C	1	0.233645	0	0
GPR55	1	0.233645	1	0.645161
GRAP	1	0.233645	0	0
GRPEL2	1	0.233645	1	0.645161
GSC2	1	0.233645	0	0
GSDMD	1	0.233645	0	0
GSPT1	1	0.233645	0	0
GSTK1	1	0.233645	0	0
GSTO2	1	0.233645	1	0.645161
GTF2A1L	1	0.233645	0	0
GTF2H5	1	0.233645	0	0
GUCA2A	1	0.233645	0	0
GUCD1	1	0.233645	0	0
GUK1	1	0.233645	0	0
H2AC15	1	0.233645	1	0.645161
H2AC8	1	0.233645	0	0
H2AW	1	0.233645	1	0.645161
H2AZ1	1	0.233645	1	0.645161
H2BC10	1	0.233645	0	0
H2BC17	1	0.233645	0	0
H2BC21	1	0.233645	1	0.645161
H3-3A	1	0.233645	0	0
H3C10	1	0.233645	0	0
HAMP	1	0.233645	1	0.645161
HAUS2	1	0.233645	1	0.645161
HBB	1	0.233645	1	0.645161
HBG1	1	0.233645	0	0
HBM	1	0.233645	0	0
HCAR1	1	0.233645	0	0
HCCS	1	0.233645	4	2.58065
HDDC3	1	0.233645	1	0.645161
HEBP1	1	0.233645	2	1.29032
HERC3	1	0.233645	0	0
HES4	1	0.233645	0	0
HES6	1	0.233645	0	0
HES7	1	0.233645	0	0
HIGD1A	1	0.233645	0	0
HIGD1C	1	0.233645	0	0
HIKESHI	1	0.233645	0	0
HLA-DOB	1	0.233645	1	0.645161
HLA-DQB2	1	0.233645	1	0.645161
HLA-DRB1	1	0.233645	0	0
HMGA1	1	0.233645	0	0
HMGB3	1	0.233645	1	0.645161
HOPX	1	0.233645	0	0
HORMAD2	1	0.233645	3	1.93548
HOXA13	1	0.233645	1	0.645161
HOXA5	1	0.233645	2	1.29032
HOXB5	1	0.233645	1	0.645161
HOXB6	1	0.233645	1	0.645161
HOXB9	1	0.233645	1	0.645161
HOXC8	1	0.233645	1	0.645161
HPGD	1	0.233645	0	0
HS3ST6	1	0.233645	0	0
HSD11B1L	1	0.233645	0	0
HSD17B7	1	0.233645	0	0
HSFX1	1	0.233645	0	0
HSPB1	1	0.233645	0	0
HSPB6	1	0.233645	0	0
HSPB7	1	0.233645	0	0
HSPE1-MOB4	1	0.233645	0	0
HTN3	1	0.233645	0	0
HYPK	1	0.233645	0	0
IAPP	1	0.233645	1	0.645161
ID1	1	0.233645	0	0
ID3	1	0.233645	0	0
ID4	1	0.233645	0	0
IDH3B	1	0.233645	1	0.645161
IDNK	1	0.233645	1	0.645161
IER3	1	0.233645	0	0
IER3IP1	1	0.233645	0	0
IER5L	1	0.233645	0	0
IFFO2	1	0.233645	0	0
IFI27	1	0.233645	0	0
IFITM3	1	0.233645	0	0
IFNE	1	0.233645	2	1.29032
IFT20	1	0.233645	0	0
IGBP1	1	0.233645	4	2.58065
IGFBP5	1	0.233645	1	0.645161
IGFL2	1	0.233645	0	0
IGHD1-7	1	0.233645	0	0
IGHD3-9	1	0.233645	0	0
IGHD5-18	1	0.233645	0	0
IGHD6-13	1	0.233645	0	0
IGHJ4	1	0.233645	0	0
IGHV2-26	1	0.233645	0	0
IGHV2OR16-5	1	0.233645	0	0
IGHV3-13	1	0.233645	0	0
IGHV3-30	1	0.233645	1	0.645161
IGHV3-43	1	0.233645	2	1.29032
IGHV3-74	1	0.233645	1	0.645161
IGHV4-59	1	0.233645	2	1.29032
IGHV4-61	1	0.233645	1	0.645161
IGHV6-1	1	0.233645	0	0
IGIP	1	0.233645	0	0
IGKC	1	0.233645	1	0.645161
IGKJ1	1	0.233645	0	0
IGKV1-16	1	0.233645	0	0
IGKV1-17	1	0.233645	1	0.645161
IGKV1-33	1	0.233645	1	0.645161
IGKV1-8	1	0.233645	2	1.29032
IGKV1D-12	1	0.233645	0	0
IGKV1D-17	1	0.233645	0	0
IGKV2-30	1	0.233645	0	0
IGKV3D-7	1	0.233645	1	0.645161
IGKV5-2	1	0.233645	0	0
IGLC2	1	0.233645	0	0
IGLC7	1	0.233645	0	0
IGLL5	1	0.233645	0	0
IGLV1-40	1	0.233645	0	0
IGLV1-44	1	0.233645	2	1.29032
IGLV3-21	1	0.233645	2	1.29032
IGLV3-22	1	0.233645	0	0
IGLV3-27	1	0.233645	3	1.93548
IGLV4-3	1	0.233645	0	0
IGLV4-69	1	0.233645	0	0
IGLV5-37	1	0.233645	0	0
IGLV5-48	1	0.233645	0	0
IKBKG	1	0.233645	2	1.29032
IL12A	1	0.233645	1	0.645161
IL13	1	0.233645	0	0
IL17B	1	0.233645	0	0
IL17C	1	0.233645	0	0
IL18BP	1	0.233645	3	1.93548
IL19	1	0.233645	2	1.29032
IL33	1	0.233645	2	1.29032
IL34	1	0.233645	0	0
IL36A	1	0.233645	0	0
IL36RN	1	0.233645	0	0
IL5	1	0.233645	0	0
IMMP1L	1	0.233645	0	0
INCA1	1	0.233645	1	0.645161
INSL4	1	0.233645	0	0
INSL5	1	0.233645	1	0.645161
INSM1	1	0.233645	0	0
INTS14	1	0.233645	1	0.645161
IQCC	1	0.233645	0	0
IQCJ	1	0.233645	0	0
IQCK	1	0.233645	4	2.58065
IRF2BP1	1	0.233645	0	0
IRGM	1	0.233645	0	0
ISCU	1	0.233645	0	0
ISOC2	1	0.233645	0	0
ISX	1	0.233645	0	0
JAGN1	1	0.233645	0	0
JMJD4	1	0.233645	2	1.29032
JMJD7	1	0.233645	0	0
JOSD2	1	0.233645	0	0
JTB	1	0.233645	1	0.645161
JUND	1	0.233645	0	0
KBTBD2	1	0.233645	3	1.93548
KCNA7	1	0.233645	0	0
KCNN4	1	0.233645	0	0
KDELR2	1	0.233645	1	0.645161
KHDC1L	1	0.233645	1	0.645161
KIAA2012	1	0.233645	0	0
KLF16	1	0.233645	0	0
KLK10	1	0.233645	0	0
KLK2	1	0.233645	0	0
KLK3	1	0.233645	1	0.645161
KLK7	1	0.233645	1	0.645161
KRCC1	1	0.233645	2	1.29032
KRTAP1-3	1	0.233645	1	0.645161
KRTAP10-1	1	0.233645	2	1.29032
KRTAP12-4	1	0.233645	0	0
KRTAP13-3	1	0.233645	2	1.29032
KRTAP19-4	1	0.233645	0	0
KRTAP19-7	1	0.233645	0	0
KRTAP20-2	1	0.233645	2	1.29032
KRTAP20-4	1	0.233645	0	0
KRTAP21-1	1	0.233645	0	0
KRTAP23-1	1	0.233645	1	0.645161
KRTAP4-7	1	0.233645	0	0
KRTAP5-11	1	0.233645	0	0
KRTAP5-2	1	0.233645	1	0.645161
KRTAP5-5	1	0.233645	0	0
KRTAP8-1	1	0.233645	2	1.29032
KRTAP9-1	1	0.233645	1	0.645161
KRTAP9-4	1	0.233645	0	0
L34079.1	1	0.233645	1	0.645161
LACTBL1	1	0.233645	0	0
LAMTOR3	1	0.233645	0	0
LAMTOR4	1	0.233645	0	0
LAMTOR5	1	0.233645	0	0
LAPTM4B	1	0.233645	1	0.645161
LAPTM5	1	0.233645	0	0
LASP1	1	0.233645	0	0
LAT	1	0.233645	2	1.29032
LBHD1	1	0.233645	1	0.645161
LCE1B	1	0.233645	0	0
LCE5A	1	0.233645	1	0.645161
LCN1	1	0.233645	1	0.645161
LCN10	1	0.233645	0	0
LCN8	1	0.233645	1	0.645161
LCNL1	1	0.233645	1	0.645161
LDLRAD1	1	0.233645	0	0
LECT2	1	0.233645	0	0
LEMD2	1	0.233645	0	0
LENEP	1	0.233645	0	0
LGALS1	1	0.233645	0	0
LGALS12	1	0.233645	1	0.645161
LGALSL	1	0.233645	0	0
LGMN	1	0.233645	1	0.645161
LHFPL1	1	0.233645	0	0
LHX4	1	0.233645	2	1.29032
LIF	1	0.233645	0	0
LIN28B	1	0.233645	2	1.29032
LIN37	1	0.233645	1	0.645161
LIN7B	1	0.233645	0	0
LIN7C	1	0.233645	2	1.29032
LINC02843	1	0.233645	0	0
LIPF	1	0.233645	3	1.93548
LIX1L	1	0.233645	2	1.29032
LKAAEAR1	1	0.233645	0	0
LMAN2L	1	0.233645	0	0
LMBR1	1	0.233645	3	1.93548
LMO1	1	0.233645	1	0.645161
LPAL2	1	0.233645	0	0
LRAT	1	0.233645	1	0.645161
LRATD1	1	0.233645	0	0
LRRC20	1	0.233645	0	0
LRRC3	1	0.233645	0	0
LRRC38	1	0.233645	0	0
LRRC6	1	0.233645	3	1.93548
LRRC70	1	0.233645	1	0.645161
LRRC75A	1	0.233645	0	0
LRRN4CL	1	0.233645	0	0
LSM12	1	0.233645	0	0
LSM2	1	0.233645	1	0.645161
LSM5	1	0.233645	0	0
LSM6	1	0.233645	0	0
LSM8	1	0.233645	0	0
LTA	1	0.233645	0	0
LTB4R	1	0.233645	2	1.29032
LTO1	1	0.233645	1	0.645161
LY6E	1	0.233645	0	0
LYNX1-SLURP2	1	0.233645	0	0
LYPD5	1	0.233645	0	0
LYPD6	1	0.233645	1	0.645161
LYPD8	1	0.233645	0	0
LYPLAL1	1	0.233645	1	0.645161
LYRM1	1	0.233645	0	0
LYRM9	1	0.233645	0	0
LYZ	1	0.233645	0	0
MAF1	1	0.233645	0	0
MAFF	1	0.233645	0	0
MAGEA8	1	0.233645	2	1.29032
MAGEA9	1	0.233645	0	0
MAGEA9B	1	0.233645	0	0
MAGEF1	1	0.233645	1	0.645161
MALSU1	1	0.233645	1	0.645161
MAP1LC3B	1	0.233645	0	0
MAP3K7CL	1	0.233645	0	0
MAVS	1	0.233645	0	0
MBD3	1	0.233645	0	0
MBD3L2	1	0.233645	0	0
MBIP	1	0.233645	1	0.645161
MBLAC1	1	0.233645	0	0
MBNL3	1	0.233645	3	1.93548
MBOAT4	1	0.233645	0	0
MCEMP1	1	0.233645	0	0
MCL1	1	0.233645	0	0
MCRIP2	1	0.233645	0	0
MDFI	1	0.233645	1	0.645161
MDP1	1	0.233645	1	0.645161
MED17	1	0.233645	1	0.645161
MED19	1	0.233645	0	0
MED20	1	0.233645	0	0
MED21	1	0.233645	1	0.645161
MED6	1	0.233645	1	0.645161
MED9	1	0.233645	0	0
MEF2B	1	0.233645	1	0.645161
METRN	1	0.233645	0	0
METTL5	1	0.233645	1	0.645161
MGAT2	1	0.233645	0	0
MGME1	1	0.233645	1	0.645161
MGMT	1	0.233645	1	0.645161
MGST3	1	0.233645	0	0
MIF	1	0.233645	0	0
MILR1	1	0.233645	0	0
MIXL1	1	0.233645	0	0
MLN	1	0.233645	1	0.645161
MND1	1	0.233645	0	0
MOB1B	1	0.233645	0	0
MOBP	1	0.233645	0	0
MORN4	1	0.233645	0	0
MPC2	1	0.233645	0	0
MPST	1	0.233645	0	0
MRAS	1	0.233645	0	0
MRFAP1	1	0.233645	0	0
MRGPRG	1	0.233645	0	0
MRM1	1	0.233645	1	0.645161
MRM2	1	0.233645	2	1.29032
MRPL10	1	0.233645	0	0
MRPL21	1	0.233645	0	0
MRPL22	1	0.233645	1	0.645161
MRPL27	1	0.233645	0	0
MRPL35	1	0.233645	2	1.29032
MRPL4	1	0.233645	0	0
MRPL41	1	0.233645	0	0
MRPL45	1	0.233645	1	0.645161
MRPL52	1	0.233645	0	0
MRPS18A	1	0.233645	0	0
MRPS18B	1	0.233645	1	0.645161
MRPS18C	1	0.233645	1	0.645161
MRPS21	1	0.233645	1	0.645161
MRPS23	1	0.233645	1	0.645161
MRPS26	1	0.233645	0	0
MRPS28	1	0.233645	0	0
MRPS34	1	0.233645	0	0
MS4A6A	1	0.233645	1	0.645161
MS4A6E	1	0.233645	2	1.29032
MSANTD1	1	0.233645	0	0
MSMB	1	0.233645	1	0.645161
MSRB1	1	0.233645	1	0.645161
MSTO1	1	0.233645	1	0.645161
MT1B	1	0.233645	0	0
MT1E	1	0.233645	0	0
MT1G	1	0.233645	0	0
MT1M	1	0.233645	1	0.645161
MTAP	1	0.233645	0	0
MTFMT	1	0.233645	1	0.645161
MTHFS	1	0.233645	1	0.645161
MTNR1A	1	0.233645	0	0
MTPN	1	0.233645	0	0
MVB12A	1	0.233645	0	0
MVB12B	1	0.233645	2	1.29032
MYCBP	1	0.233645	2	1.29032
MYDGF	1	0.233645	0	0
MYEOV	1	0.233645	1	0.645161
MYL3	1	0.233645	0	0
MZB1	1	0.233645	0	0
NAA10	1	0.233645	1	0.645161
NAA20	1	0.233645	1	0.645161
NAA30	1	0.233645	2	1.29032
NAA40	1	0.233645	1	0.645161
NABP1	1	0.233645	0	0
NADK2	1	0.233645	3	1.93548
NAIP	1	0.233645	0	0
NANOS1	1	0.233645	0	0
NANS	1	0.233645	2	1.29032
NAT1	1	0.233645	0	0
NAT9	1	0.233645	1	0.645161
NBPF10	1	0.233645	0	0
NBPF15	1	0.233645	3	1.93548
NBPF4	1	0.233645	0	0
NBPF6	1	0.233645	0	0
NCMAP	1	0.233645	0	0
NCR1	1	0.233645	2	1.29032
NCR2	1	0.233645	0	0
NDFIP2	1	0.233645	1	0.645161
NDRG2	1	0.233645	2	1.29032
NDUFA5	1	0.233645	0	0
NDUFA6	1	0.233645	0	0
NDUFB2	1	0.233645	0	0
NDUFB6	1	0.233645	0	0
NDUFC1	1	0.233645	0	0
NDUFS4	1	0.233645	2	1.29032
NDUFV3	1	0.233645	0	0
NEURL1B	1	0.233645	0	0
NGB	1	0.233645	1	0.645161
NHLRC1	1	0.233645	1	0.645161
NHLRC4	1	0.233645	0	0
NIPSNAP2	1	0.233645	1	0.645161
NKAIN2	1	0.233645	0	0
NKIRAS1	1	0.233645	1	0.645161
NKX6-3	1	0.233645	0	0
NME1	1	0.233645	0	0
NME4	1	0.233645	0	0
NOCT	1	0.233645	0	0
NODAL	1	0.233645	1	0.645161
NOP16	1	0.233645	0	0
NPB	1	0.233645	0	0
NPC2	1	0.233645	0	0
NPDC1	1	0.233645	0	0
NPFF	1	0.233645	0	0
NPIPB7	1	0.233645	0	0
NPL	1	0.233645	3	1.93548
NPPC	1	0.233645	0	0
NPRL2	1	0.233645	0	0
NRGN	1	0.233645	0	0
NRTN	1	0.233645	0	0
NUDT2	1	0.233645	0	0
NUDT21	1	0.233645	0	0
NUP62CL	1	0.233645	0	0
NUPR1	1	0.233645	0	0
NUTF2	1	0.233645	0	0
NXNL2	1	0.233645	0	0
NXPH4	1	0.233645	0	0
NXT2	1	0.233645	1	0.645161
OARD1	1	0.233645	1	0.645161
OAZ3	1	0.233645	0	0
OCM2	1	0.233645	0	0
ODF3B	1	0.233645	0	0
OIP5	1	0.233645	0	0
OOSP2	1	0.233645	1	0.645161
OPALIN	1	0.233645	1	0.645161
OPN1MW	1	0.233645	2	1.29032
OR12D3	1	0.233645	3	1.93548
OR14A2	1	0.233645	1	0.645161
OR1E1	1	0.233645	2	1.29032
OR2AJ1	1	0.233645	1	0.645161
OR2T1	1	0.233645	1	0.645161
OR2T5	1	0.233645	0	0
OR3A2	1	0.233645	0	0
OR4F17	1	0.233645	1	0.645161
OR52W1	1	0.233645	1	0.645161
OR56B4	1	0.233645	1	0.645161
OR6B1	1	0.233645	2	1.29032
OR6C3	1	0.233645	3	1.93548
ORMDL2	1	0.233645	1	0.645161
ORMDL3	1	0.233645	0	0
OST4	1	0.233645	0	0
OSTC	1	0.233645	1	0.645161
OVCA2	1	0.233645	0	0
OVOL2	1	0.233645	1	0.645161
OXLD1	1	0.233645	0	0
PABPN1	1	0.233645	1	0.645161
PAEP	1	0.233645	0	0
PAFAH1B2	1	0.233645	0	0
PAFAH1B3	1	0.233645	1	0.645161
PAGE3	1	0.233645	1	0.645161
PAGE4	1	0.233645	0	0
PAGE5	1	0.233645	0	0
PAGR1	1	0.233645	0	0
PAIP2B	1	0.233645	0	0
PARG	1	0.233645	2	1.29032
PARL	1	0.233645	0	0
PATL2	1	0.233645	0	0
PCBD2	1	0.233645	0	0
PCGF6	1	0.233645	1	0.645161
PCP4	1	0.233645	0	0
PDCL2	1	0.233645	1	0.645161
PDE6H	1	0.233645	0	0
PDGFB	1	0.233645	2	1.29032
PDLIM3	1	0.233645	0	0
PDZD9	1	0.233645	2	1.29032
PEBP1	1	0.233645	0	0
PECR	1	0.233645	0	0
PEX11A	1	0.233645	1	0.645161
PEX26	1	0.233645	1	0.645161
PF4V1	1	0.233645	0	0
PFDN2	1	0.233645	1	0.645161
PFDN5	1	0.233645	1	0.645161
PFKFB3	1	0.233645	2	1.29032
PFN1	1	0.233645	0	0
PGLS	1	0.233645	0	0
PGM2	1	0.233645	1	0.645161
PGPEP1L	1	0.233645	2	1.29032
PGRMC2	1	0.233645	0	0
PHB	1	0.233645	1	0.645161
PHLDA2	1	0.233645	0	0
PI3	1	0.233645	1	0.645161
PIGH	1	0.233645	0	0
PIGL	1	0.233645	0	0
PIGY	1	0.233645	0	0
PILRB	1	0.233645	2	1.29032
PIN4	1	0.233645	0	0
PIRT	1	0.233645	0	0
PITX3	1	0.233645	0	0
PKD1L3	1	0.233645	1	0.645161
PLA2G12B	1	0.233645	0	0
PLA2G2A	1	0.233645	0	0
PLA2G5	1	0.233645	2	1.29032
PLD4	1	0.233645	0	0
PLEKHJ1	1	0.233645	0	0
PLLP	1	0.233645	0	0
PLPP1	1	0.233645	1	0.645161
PLPP6	1	0.233645	1	0.645161
PMCH	1	0.233645	0	0
PMM2	1	0.233645	0	0
PMVK	1	0.233645	0	0
POLR2G	1	0.233645	0	0
POTEI	1	0.233645	1	0.645161
POU6F1	1	0.233645	0	0
PPDPFL	1	0.233645	2	1.29032
PPIA	1	0.233645	0	0
PPIC	1	0.233645	1	0.645161
PPIH	1	0.233645	0	0
PPIL3	1	0.233645	1	0.645161
PPP1R11	1	0.233645	0	0
PPP1R35	1	0.233645	0	0
PPP1R3G	1	0.233645	0	0
PPP1R8	1	0.233645	0	0
PPP2CA	1	0.233645	0	0
PPT1	1	0.233645	0	0
PRAF2	1	0.233645	0	0
PRB1	1	0.233645	2	1.29032
PRDM6	1	0.233645	0	0
PRDX3	1	0.233645	0	0
PRELID1	1	0.233645	0	0
PRELID3B	1	0.233645	1	0.645161
PRH1	1	0.233645	0	0
PRICKLE4	1	0.233645	1	0.645161
PRKACA	1	0.233645	1	0.645161
PRKY	1	0.233645	1	0.645161
PRM2	1	0.233645	3	1.93548
PRPS1	1	0.233645	1	0.645161
PRR27	1	0.233645	0	0
PRR3	1	0.233645	0	0
PRR32	1	0.233645	0	0
PRR7	1	0.233645	0	0
PRRG2	1	0.233645	0	0
PRRT4	1	0.233645	1	0.645161
PRSS22	1	0.233645	1	0.645161
PRSS38	1	0.233645	3	1.93548
PRSS45P	1	0.233645	0	0
PSMA6	1	0.233645	0	0
PSMB6	1	0.233645	0	0
PSMC3IP	1	0.233645	1	0.645161
PSMD10	1	0.233645	0	0
PSME2	1	0.233645	1	0.645161
PSME3	1	0.233645	2	1.29032
PSMG3	1	0.233645	0	0
PTGES	1	0.233645	1	0.645161
PTH2	1	0.233645	0	0
PTMA	1	0.233645	0	0
PTP4A1	1	0.233645	1	0.645161
PTP4A2	1	0.233645	2	1.29032
PTPRCAP	1	0.233645	0	0
PTRH2	1	0.233645	0	0
PTTG2	1	0.233645	0	0
PUSL1	1	0.233645	0	0
PVALB	1	0.233645	0	0
PVR	1	0.233645	1	0.645161
PXDC1	1	0.233645	2	1.29032
PXMP4	1	0.233645	0	0
PYCARD	1	0.233645	1	0.645161
PYCR3	1	0.233645	1	0.645161
PYDC2	1	0.233645	0	0
QRFP	1	0.233645	1	0.645161
RAB13	1	0.233645	0	0
RAB15	1	0.233645	0	0
RAB19	1	0.233645	0	0
RAB32	1	0.233645	1	0.645161
RAB33B	1	0.233645	2	1.29032
RAB5IF	1	0.233645	0	0
RAB6D	1	0.233645	1	0.645161
RABAC1	1	0.233645	0	0
RABIF	1	0.233645	2	1.29032
RABL3	1	0.233645	2	1.29032
RAD21L1	1	0.233645	2	1.29032
RAMAC	1	0.233645	0	0
RANGRF	1	0.233645	0	0
RAP1B	1	0.233645	0	0
RAPGEFL1	1	0.233645	0	0
RARRES2	1	0.233645	0	0
RAX2	1	0.233645	0	0
RBFOX3	1	0.233645	1	0.645161
RBKS	1	0.233645	1	0.645161
RBM23	1	0.233645	1	0.645161
RBM24	1	0.233645	1	0.645161
RBM3	1	0.233645	0	0
RBM41	1	0.233645	1	0.645161
RBM8A	1	0.233645	1	0.645161
RBP1	1	0.233645	0	0
RBP5	1	0.233645	0	0
RCAN1	1	0.233645	0	0
RCAN3	1	0.233645	0	0
RDH14	1	0.233645	0	0
REEP1	1	0.233645	1	0.645161
REG4	1	0.233645	0	0
REX1BD	1	0.233645	0	0
RFK	1	0.233645	1	0.645161
RFNG	1	0.233645	0	0
RFPL4A	1	0.233645	0	0
RGCC	1	0.233645	1	0.645161
RGPD8	1	0.233645	0	0
RHEBL1	1	0.233645	1	0.645161
RHOD	1	0.233645	1	0.645161
RHOG	1	0.233645	1	0.645161
RHOH	1	0.233645	1	0.645161
RHOXF2B	1	0.233645	1	0.645161
RILPL1	1	0.233645	0	0
RIMS4	1	0.233645	2	1.29032
RIT1	1	0.233645	2	1.29032
RMI2	1	0.233645	0	0
RNASE1	1	0.233645	1	0.645161
RNASE12	1	0.233645	2	1.29032
RNASE2	1	0.233645	1	0.645161
RNASE6	1	0.233645	1	0.645161
RNASE8	1	0.233645	0	0
RNASEH1	1	0.233645	0	0
RNASEK-C17orf49	1	0.233645	0	0
RNF11	1	0.233645	0	0
RNF114	1	0.233645	0	0
RNF144B	1	0.233645	0	0
RNF186	1	0.233645	0	0
RNF38	1	0.233645	0	0
RNF4	1	0.233645	0	0
RNF5	1	0.233645	0	0
RNLS	1	0.233645	1	0.645161
RNPC3	1	0.233645	0	0
RPA3	1	0.233645	0	0
RPEL1	1	0.233645	0	0
RPH3AL	1	0.233645	1	0.645161
RPL11	1	0.233645	2	1.29032
RPL15	1	0.233645	0	0
RPL21	1	0.233645	2	1.29032
RPL23	1	0.233645	0	0
RPL27A	1	0.233645	0	0
RPL39L	1	0.233645	0	0
RPL7A	1	0.233645	0	0
RPLP0	1	0.233645	0	0
RPLP1	1	0.233645	0	0
RPP21	1	0.233645	0	0
RPP25	1	0.233645	0	0
RPRM	1	0.233645	1	0.645161
RPS15	1	0.233645	0	0
RPS15A	1	0.233645	1	0.645161
RPS16	1	0.233645	0	0
RPS19BP1	1	0.233645	0	0
RPS20	1	0.233645	0	0
RPS25	1	0.233645	0	0
RPS27	1	0.233645	1	0.645161
RPS27L	1	0.233645	0	0
RPS28	1	0.233645	0	0
RPS4X	1	0.233645	1	0.645161
RPS8	1	0.233645	0	0
RRAGA	1	0.233645	0	0
RRP8	1	0.233645	4	2.58065
RSL24D1	1	0.233645	0	0
S100A1	1	0.233645	0	0
S100A13	1	0.233645	0	0
S100A14	1	0.233645	0	0
S100A5	1	0.233645	0	0
S100P	1	0.233645	0	0
SAA1	1	0.233645	1	0.645161
SAP18	1	0.233645	1	0.645161
SAP30	1	0.233645	1	0.645161
SARM1	1	0.233645	0	0
SARNP	1	0.233645	0	0
SAV1	1	0.233645	1	0.645161
SBDS	1	0.233645	0	0
SBSPON	1	0.233645	3	1.93548
SCG5	1	0.233645	1	0.645161
SCGB1A1	1	0.233645	0	0
SCGB3A1	1	0.233645	0	0
SCGB3A2	1	0.233645	1	0.645161
SCIMP	1	0.233645	1	0.645161
SCP2D1	1	0.233645	1	0.645161
SCRT2	1	0.233645	0	0
SDC4	1	0.233645	0	0
SDCBP	1	0.233645	0	0
SDF2L1	1	0.233645	0	0
SDHAF1	1	0.233645	0	0
SDHAF4	1	0.233645	1	0.645161
SDR16C5	1	0.233645	1	0.645161
SDR42E1	1	0.233645	1	0.645161
SEC22B	1	0.233645	0	0
SEC61G	1	0.233645	0	0
SELENOH	1	0.233645	0	0
SEM1	1	0.233645	0	0
SERF1B	1	0.233645	0	0
SERHL2	1	0.233645	0	0
SERINC3	1	0.233645	1	0.645161
SERP1	1	0.233645	0	0
SF3B5	1	0.233645	0	0
SF3B6	1	0.233645	1	0.645161
SFN	1	0.233645	1	0.645161
SFTA2	1	0.233645	0	0
SFXN5	1	0.233645	3	1.93548
SH2D1A	1	0.233645	0	0
SH2D7	1	0.233645	0	0
SH3BGR	1	0.233645	0	0
SH3BP1	1	0.233645	1	0.645161
SHISA7	1	0.233645	0	0
SHISAL2A	1	0.233645	0	0
SIAH1	1	0.233645	0	0
SIKE1	1	0.233645	0	0
SIVA1	1	0.233645	0	0
SIX3	1	0.233645	0	0
SLAMF6	1	0.233645	1	0.645161
SLC22A24	1	0.233645	2	1.29032
SLC25A20	1	0.233645	1	0.645161
SLC25A21	1	0.233645	0	0
SLC25A27	1	0.233645	0	0
SLC25A29	1	0.233645	0	0
SLC2A4RG	1	0.233645	0	0
SLC30A4	1	0.233645	2	1.29032
SLC35A4	1	0.233645	0	0
SLC35C1	1	0.233645	0	0
SLC35E2B	1	0.233645	0	0
SLC35F2	1	0.233645	0	0
SLC35F6	1	0.233645	1	0.645161
SLC38A2	1	0.233645	2	1.29032
SLC51B	1	0.233645	0	0
SLC66A3	1	0.233645	2	1.29032
SLC7A6OS	1	0.233645	0	0
SLIRP	1	0.233645	0	0
SLN	1	0.233645	0	0
SLX1A	1	0.233645	0	0
SMAD7	1	0.233645	2	1.29032
SMCO3	1	0.233645	2	1.29032
SMCP	1	0.233645	0	0
SMIM10	1	0.233645	0	0
SMIM2	1	0.233645	0	0
SMIM29	1	0.233645	0	0
SMIM8	1	0.233645	1	0.645161
SNAI3	1	0.233645	0	0
SNAP23	1	0.233645	0	0
SNAP29	1	0.233645	0	0
SNAPC5	1	0.233645	0	0
SNCA	1	0.233645	1	0.645161
SNCG	1	0.233645	0	0
SNRPD3	1	0.233645	1	0.645161
SNRPG	1	0.233645	0	0
SNUPN	1	0.233645	2	1.29032
SNX24	1	0.233645	1	0.645161
SNX3	1	0.233645	1	0.645161
SOCS4	1	0.233645	2	1.29032
SOD1	1	0.233645	0	0
SOX12	1	0.233645	0	0
SOX14	1	0.233645	1	0.645161
SPANXC	1	0.233645	1	0.645161
SPANXN1	1	0.233645	0	0
SPANXN4	1	0.233645	1	0.645161
SPANXN5	1	0.233645	0	0
SPATA12	1	0.233645	0	0
SPATA3	1	0.233645	0	0
SPATA31A6	1	0.233645	0	0
SPATA31A7	1	0.233645	0	0
SPATA31D4	1	0.233645	1	0.645161
SPATA45	1	0.233645	0	0
SPDYE4	1	0.233645	0	0
SPIN4	1	0.233645	0	0
SPINK13	1	0.233645	1	0.645161
SPINK6	1	0.233645	0	0
SPRR1A	1	0.233645	0	0
SPRR1B	1	0.233645	1	0.645161
SPRR2A	1	0.233645	1	0.645161
SPRR2B	1	0.233645	0	0
SPRR2D	1	0.233645	0	0
SPRR2E	1	0.233645	1	0.645161
SPRR2G	1	0.233645	0	0
SPRYD4	1	0.233645	2	1.29032
SPTSSA	1	0.233645	1	0.645161
SRARP	1	0.233645	0	0
SRD5A1	1	0.233645	1	0.645161
SRI	1	0.233645	2	1.29032
SRM	1	0.233645	0	0
SRP14	1	0.233645	0	0
SRSF2	1	0.233645	1	0.645161
SRSF3	1	0.233645	1	0.645161
SRXN1	1	0.233645	0	0
SSNA1	1	0.233645	0	0
SSPN	1	0.233645	1	0.645161
SSR4	1	0.233645	0	0
SSTR5	1	0.233645	0	0
SSX2	1	0.233645	0	0
SSX4	1	0.233645	0	0
SSX7	1	0.233645	1	0.645161
ST20	1	0.233645	0	0
STATH	1	0.233645	0	0
STH	1	0.233645	1	0.645161
STPG4	1	0.233645	0	0
STUM	1	0.233645	0	0
STX10	1	0.233645	1	0.645161
STX17	1	0.233645	1	0.645161
SURF2	1	0.233645	0	0
SVBP	1	0.233645	0	0
SWI5	1	0.233645	0	0
SYCE1L	1	0.233645	0	0
SYCN	1	0.233645	0	0
SYNDIG1L	1	0.233645	0	0
SYNGR1	1	0.233645	0	0
SYNGR3	1	0.233645	0	0
SYNJ2BP	1	0.233645	0	0
TAF10	1	0.233645	1	0.645161
TAFA2	1	0.233645	0	0
TBC1D7	1	0.233645	3	1.93548
TBL1Y	1	0.233645	2	1.29032
TBP	1	0.233645	1	0.645161
TCEAL7	1	0.233645	0	0
TCEAL8	1	0.233645	0	0
TCF23	1	0.233645	1	0.645161
TCP10L	1	0.233645	0	0
TCTA	1	0.233645	1	0.645161
TCTEX1D4	1	0.233645	0	0
TEX101	1	0.233645	0	0
TEX29	1	0.233645	1	0.645161
TEX33	1	0.233645	0	0
TEX36	1	0.233645	1	0.645161
TFAP2E	1	0.233645	0	0
TFAP4	1	0.233645	0	0
TFF1	1	0.233645	0	0
TFPT	1	0.233645	2	1.29032
TGDS	1	0.233645	4	2.58065
THNSL2	1	0.233645	0	0
TIGAR	1	0.233645	1	0.645161
TIGD1	1	0.233645	1	0.645161
TIMM10	1	0.233645	0	0
TIMM21	1	0.233645	0	0
TIMM29	1	0.233645	0	0
TIMM8A	1	0.233645	0	0
TIMM8B	1	0.233645	0	0
TIMM9	1	0.233645	0	0
TIMP1	1	0.233645	2	1.29032
TIPIN	1	0.233645	2	1.29032
TLCD3A	1	0.233645	0	0
TLE5	1	0.233645	0	0
TM2D3	1	0.233645	1	0.645161
TMED7-TICAM2	1	0.233645	0	0
TMEM102	1	0.233645	0	0
TMEM106A	1	0.233645	1	0.645161
TMEM107	1	0.233645	0	0
TMEM11	1	0.233645	2	1.29032
TMEM126A	1	0.233645	1	0.645161
TMEM126B	1	0.233645	0	0
TMEM134	1	0.233645	0	0
TMEM14A	1	0.233645	0	0
TMEM14B	1	0.233645	0	0
TMEM14C	1	0.233645	0	0
TMEM158	1	0.233645	0	0
TMEM160	1	0.233645	0	0
TMEM176A	1	0.233645	0	0
TMEM179	1	0.233645	0	0
TMEM187	1	0.233645	0	0
TMEM204	1	0.233645	0	0
TMEM208	1	0.233645	0	0
TMEM209	1	0.233645	0	0
TMEM213	1	0.233645	0	0
TMEM223	1	0.233645	0	0
TMEM230	1	0.233645	0	0
TMEM231	1	0.233645	0	0
TMEM233	1	0.233645	0	0
TMEM234	1	0.233645	0	0
TMEM243	1	0.233645	0	0
TMEM244	1	0.233645	1	0.645161
TMEM251	1	0.233645	0	0
TMEM254	1	0.233645	0	0
TMEM256	1	0.233645	0	0
TMEM258	1	0.233645	0	0
TMEM263	1	0.233645	0	0
TMEM269	1	0.233645	1	0.645161
TMEM270	1	0.233645	0	0
TMEM273	1	0.233645	1	0.645161
TMEM40	1	0.233645	0	0
TMEM41B	1	0.233645	3	1.93548
TMEM45B	1	0.233645	2	1.29032
TMEM65	1	0.233645	1	0.645161
TMEM81	1	0.233645	1	0.645161
TMEM89	1	0.233645	0	0
TMEM91	1	0.233645	0	0
TMEM98	1	0.233645	1	0.645161
TMEM9B	1	0.233645	1	0.645161
TMIE	1	0.233645	0	0
TMLHE	1	0.233645	2	1.29032
TMPRSS4	1	0.233645	1	0.645161
TMSB10	1	0.233645	0	0
TMSB15A	1	0.233645	0	0
TMSB4X	1	0.233645	0	0
TNFAIP8L1	1	0.233645	0	0
TNFRSF13C	1	0.233645	0	0
TNFRSF4	1	0.233645	0	0
TNP1	1	0.233645	0	0
TNP2	1	0.233645	2	1.29032
TOB1	1	0.233645	2	1.29032
TOE1	1	0.233645	1	0.645161
TOMM20	1	0.233645	0	0
TOMM20L	1	0.233645	0	0
TOMM6	1	0.233645	0	0
TP53AIP1	1	0.233645	1	0.645161
TP53INP2	1	0.233645	1	0.645161
TPGS1	1	0.233645	0	0
TPM4	1	0.233645	2	1.29032
TPRG1	1	0.233645	0	0
TPRG1L	1	0.233645	2	1.29032
TPRN	1	0.233645	0	0
TPSG1	1	0.233645	1	0.645161
TPT1	1	0.233645	0	0
TRAPPC1	1	0.233645	0	0
TRAPPC2L	1	0.233645	2	1.29032
TRAPPC6B	1	0.233645	0	0
TRAV2	1	0.233645	0	0
TRAV26-1	1	0.233645	1	0.645161
TRAV5	1	0.233645	1	0.645161
TRAV6	1	0.233645	2	1.29032
TRBV24-1	1	0.233645	0	0
TRDJ2	1	0.233645	0	0
TREX1	1	0.233645	0	0
TRIAP1	1	0.233645	0	0
TRIM16	1	0.233645	0	0
TRIM39-RPP21	1	0.233645	0	0
TRIM40	1	0.233645	1	0.645161
TRMT112	1	0.233645	0	0
TSHB	1	0.233645	2	1.29032
TSNAX	1	0.233645	1	0.645161
TSPAN1	1	0.233645	0	0
TSPAN15	1	0.233645	0	0
TSPAN16	1	0.233645	0	0
TSPAN4	1	0.233645	0	0
TSPO	1	0.233645	1	0.645161
TSPY2	1	0.233645	0	0
TTC19	1	0.233645	2	1.29032
TTC36	1	0.233645	0	0
TXNDC12	1	0.233645	1	0.645161
TXNDC9	1	0.233645	1	0.645161
TYW1B	1	0.233645	1	0.645161
U2AF1	1	0.233645	0	0
UBALD1	1	0.233645	0	0
UBALD2	1	0.233645	0	0
UBE2D1	1	0.233645	0	0
UBE2D2	1	0.233645	0	0
UBE2D4	1	0.233645	1	0.645161
UBE2E3	1	0.233645	0	0
UBE2H	1	0.233645	0	0
UBE2J1	1	0.233645	1	0.645161
UBE2N	1	0.233645	0	0
UBE2Q2	1	0.233645	1	0.645161
UBE2QL1	1	0.233645	0	0
UBE2S	1	0.233645	0	0
UBL4B	1	0.233645	1	0.645161
UBTFL1	1	0.233645	0	0
UCHL1	1	0.233645	2	1.29032
UCHL3	1	0.233645	1	0.645161
UCHL5	1	0.233645	1	0.645161
UCK1	1	0.233645	1	0.645161
UFM1	1	0.233645	0	0
UMPS	1	0.233645	2	1.29032
UNC119	1	0.233645	0	0
UPK3B	1	0.233645	0	0
UQCC3	1	0.233645	1	0.645161
UQCR10	1	0.233645	0	0
UQCRH	1	0.233645	1	0.645161
USE1	1	0.233645	0	0
USP17L1	1	0.233645	0	0
USP17L4	1	0.233645	0	0
UTS2	1	0.233645	0	0
VAMP2	1	0.233645	0	0
VAMP3	1	0.233645	1	0.645161
VAT1	1	0.233645	0	0
VGLL2	1	0.233645	0	0
VHL	1	0.233645	1	0.645161
VMA21	1	0.233645	0	0
VPREB3	1	0.233645	1	0.645161
VPS37D	1	0.233645	0	0
VSX1	1	0.233645	1	0.645161
VTI1B	1	0.233645	0	0
VWA5B2	1	0.233645	1	0.645161
VWC2	1	0.233645	0	0
WASHC3	1	0.233645	2	1.29032
WBP2NL	1	0.233645	1	0.645161
WDR12	1	0.233645	0	0
WDR83OS	1	0.233645	0	0
WFDC10A	1	0.233645	0	0
WFDC12	1	0.233645	0	0
WFDC9	1	0.233645	0	0
XCL1	1	0.233645	0	0
XXYLT1	1	0.233645	0	0
YAE1	1	0.233645	0	0
YEATS4	1	0.233645	2	1.29032
YJEFN3	1	0.233645	0	0
YJU2	1	0.233645	0	0
YPEL4	1	0.233645	0	0
YPEL5	1	0.233645	1	0.645161
YRDC	1	0.233645	0	0
YWHAH	1	0.233645	1	0.645161
YY1	1	0.233645	1	0.645161
ZCCHC24	1	0.233645	0	0
ZDHHC18	1	0.233645	0	0
ZDHHC22	1	0.233645	1	0.645161
ZFP92	1	0.233645	1	0.645161
ZGLP1	1	0.233645	0	0
ZIC2	1	0.233645	1	0.645161
ZNF232	1	0.233645	1	0.645161
ZNF444	1	0.233645	1	0.645161
ZNF503	1	0.233645	0	0
ZNF511	1	0.233645	0	0
ZNF561	1	0.233645	2	1.29032
ZNF630	1	0.233645	3	1.93548
ZNF720	1	0.233645	0	0
ZNF727	1	0.233645	2	1.29032
ZNF737	1	0.233645	1	0.645161
ZNF740	1	0.233645	0	0
ZNF747	1	0.233645	0	0
ZNF784	1	0.233645	0	0
ZNF837	1	0.233645	0	0
ZNF853	1	0.233645	0	0
ZNHIT2	1	0.233645	1	0.645161
ZSCAN12	1	0.233645	1	0.645161
ZSCAN32	1	0.233645	0	0
ZSWIM7	1	0.233645	0	0
AC026786.1	0	0	1	0.645161
AC093155.3	0	0	1	0.645161
ACAA2	0	0	1	0.645161
ADH4	0	0	1	0.645161
AGR3	0	0	1	0.645161
AK2	0	0	1	0.645161
AL163195.3	0	0	1	0.645161
AL359922.1	0	0	1	0.645161
AL713999.2	0	0	1	0.645161
ALKAL2	0	0	1	0.645161
AMN1	0	0	2	1.29032
APOC1	0	0	1	0.645161
ARF3	0	0	1	0.645161
ARHGEF35	0	0	2	1.29032
ATP5MG	0	0	1	0.645161
AURKAIP1	0	0	1	0.645161
AVP	0	0	1	0.645161
BAG5	0	0	3	1.93548
BCAP31	0	0	1	0.645161
BCL7B	0	0	1	0.645161
BPGM	0	0	1	0.645161
C10orf105	0	0	1	0.645161
C12orf75	0	0	1	0.645161
C18orf21	0	0	2	1.29032
C19orf38	0	0	1	0.645161
C1QTNF9B	0	0	2	1.29032
C3orf14	0	0	2	1.29032
C4orf47	0	0	1	0.645161
CBS	0	0	1	0.645161
CCDC43	0	0	1	0.645161
CCDC68	0	0	2	1.29032
CD3E	0	0	1	0.645161
CD59	0	0	1	0.645161
CDA	0	0	1	0.645161
CDK2AP2	0	0	1	0.645161
CEACAM1	0	0	1	0.645161
CES4A	0	0	1	0.645161
CHAC2	0	0	1	0.645161
CHCHD7	0	0	1	0.645161
CHP1	0	0	1	0.645161
CIB4	0	0	2	1.29032
CKMT1A	0	0	1	0.645161
CLIC5	0	0	1	0.645161
CLPSL1	0	0	1	0.645161
CNIH4	0	0	1	0.645161
COMMD1	0	0	1	0.645161
CRABP2	0	0	1	0.645161
CSNK2B	0	0	1	0.645161
CSTA	0	0	1	0.645161
CT45A1	0	0	1	0.645161
CT47A6	0	0	1	0.645161
CTSD	0	0	1	0.645161
CXCL13	0	0	1	0.645161
CXCL14	0	0	1	0.645161
CYB5R1	0	0	2	1.29032
CYSRT1	0	0	1	0.645161
DCTN6	0	0	1	0.645161
DCUN1D5	0	0	1	0.645161
DDB2	0	0	2	1.29032
DEFB1	0	0	1	0.645161
DEFB105A	0	0	1	0.645161
DEFB134	0	0	1	0.645161
DEPP1	0	0	1	0.645161
DTYMK	0	0	1	0.645161
DYNLRB2	0	0	1	0.645161
EBF4	0	0	1	0.645161
EI24	0	0	2	1.29032
ELFN1	0	0	1	0.645161
EN2	0	0	1	0.645161
ERGIC1	0	0	1	0.645161
ERH	0	0	1	0.645161
ERICH2	0	0	1	0.645161
FABP7	0	0	2	1.29032
FAM221A	0	0	1	0.645161
FAM228B	0	0	2	1.29032
FIS1	0	0	1	0.645161
GAGE1	0	0	1	0.645161
GAR1	0	0	1	0.645161
GAST	0	0	1	0.645161
GGTLC2	0	0	1	0.645161
GINM1	0	0	2	1.29032
GNG2	0	0	1	0.645161
GOLGA8G	0	0	1	0.645161
GPHA2	0	0	1	0.645161
GSG1L	0	0	2	1.29032
GSKIP	0	0	1	0.645161
GTF2A2	0	0	1	0.645161
GTF2F2	0	0	1	0.645161
H2AP	0	0	1	0.645161
H2AZ2	0	0	1	0.645161
H2BC9	0	0	1	0.645161
H2BU1	0	0	1	0.645161
HLA-DQA1	0	0	1	0.645161
HLA-DRB5	0	0	1	0.645161
HMGCL	0	0	2	1.29032
HMGN4	0	0	1	0.645161
HOXB8	0	0	1	0.645161
HPGDS	0	0	1	0.645161
HSBP1L1	0	0	1	0.645161
HSPBP1	0	0	1	0.645161
IFITM2	0	0	1	0.645161
IFNA1	0	0	1	0.645161
IGHD3-22	0	0	1	0.645161
IGHD6-19	0	0	1	0.645161
IGHV1-3	0	0	1	0.645161
IGHV3-48	0	0	3	1.93548
IGHV3-73	0	0	1	0.645161
IGHV4-39	0	0	3	1.93548
IGKV1-6	0	0	1	0.645161
IGKV3-7	0	0	1	0.645161
IGKV6-21	0	0	1	0.645161
IGLJ3	0	0	1	0.645161
IGLV1-36	0	0	1	0.645161
IGLV4-60	0	0	1	0.645161
IL9	0	0	2	1.29032
ITGB3BP	0	0	2	1.29032
IZUMO4	0	0	1	0.645161
JPT1	0	0	1	0.645161
KBTBD13	0	0	1	0.645161
KDELR3	0	0	2	1.29032
KIAA1143	0	0	1	0.645161
KRTAP10-12	0	0	1	0.645161
KRTAP19-2	0	0	1	0.645161
KRTAP21-2	0	0	1	0.645161
KRTAP4-9	0	0	1	0.645161
KRTAP5-4	0	0	1	0.645161
KRTDAP	0	0	1	0.645161
LCE3A	0	0	1	0.645161
LCE3B	0	0	1	0.645161
LCN6	0	0	1	0.645161
LCORL	0	0	1	0.645161
LMO2	0	0	2	1.29032
LY6H	0	0	1	0.645161
LYRM4	0	0	1	0.645161
MCUR1	0	0	4	2.58065
MEA1	0	0	1	0.645161
METTL11B	0	0	1	0.645161
MICA	0	0	1	0.645161
MLLT11	0	0	2	1.29032
MOB1A	0	0	1	0.645161
MORN2	0	0	1	0.645161
MRPS36	0	0	1	0.645161
MRTO4	0	0	1	0.645161
MSRB2	0	0	1	0.645161
MUC3A	0	0	1	0.645161
MUCL1	0	0	1	0.645161
MXRA7	0	0	2	1.29032
NCK1	0	0	1	0.645161
NDUFA8	0	0	1	0.645161
NEDD8	0	0	1	0.645161
NEMP2	0	0	1	0.645161
NHP2	0	0	2	1.29032
NHSL1	0	0	2	1.29032
NKAIN4	0	0	1	0.645161
NPS	0	0	1	0.645161
NR0B2	0	0	1	0.645161
NT5DC4	0	0	1	0.645161
OR10AD1	0	0	1	0.645161
OR2A1	0	0	1	0.645161
OR4F21	0	0	1	0.645161
OR56A5	0	0	1	0.645161
OTUD1	0	0	1	0.645161
PAIP2	0	0	1	0.645161
PARD6A	0	0	2	1.29032
PATE4	0	0	1	0.645161
PERM1	0	0	1	0.645161
PFN3	0	0	1	0.645161
PGAP2	0	0	1	0.645161
PLA2G12A	0	0	1	0.645161
PLAC1	0	0	1	0.645161
PLAC8	0	0	1	0.645161
PLAC8L1	0	0	1	0.645161
PLD6	0	0	1	0.645161
PLET1	0	0	1	0.645161
PLGLB1	0	0	1	0.645161
PLN	0	0	1	0.645161
PMPCB	0	0	3	1.93548
POLD4	0	0	1	0.645161
POLR2K	0	0	1	0.645161
POMP	0	0	2	1.29032
POU5F1B	0	0	1	0.645161
PRAMEF11	0	0	1	0.645161
PRAMEF6	0	0	2	1.29032
PRM1	0	0	1	0.645161
PRNP	0	0	2	1.29032
PSMB10	0	0	1	0.645161
PURB	0	0	1	0.645161
PXT1	0	0	1	0.645161
QDPR	0	0	1	0.645161
RAB30	0	0	2	1.29032
RAB37	0	0	2	1.29032
RAB5B	0	0	1	0.645161
RAP2C	0	0	1	0.645161
RASA4B	0	0	1	0.645161
RAX	0	0	1	0.645161
RBMY1A1	0	0	1	0.645161
RBMY1J	0	0	1	0.645161
RBX1	0	0	1	0.645161
RESP18	0	0	1	0.645161
RHOF	0	0	1	0.645161
RIIAD1	0	0	1	0.645161
RIMBP3B	0	0	1	0.645161
RIPPLY3	0	0	1	0.645161
RLN1	0	0	2	1.29032
RNASE13	0	0	1	0.645161
RNF185	0	0	1	0.645161
ROGDI	0	0	1	0.645161
RPL26L1	0	0	1	0.645161
RPL37	0	0	1	0.645161
RPS12	0	0	1	0.645161
RPS18	0	0	1	0.645161
RPS19	0	0	1	0.645161
RPS21	0	0	1	0.645161
RPS26	0	0	1	0.645161
RPS3A	0	0	1	0.645161
RTL6	0	0	1	0.645161
RWDD2A	0	0	1	0.645161
SAA2	0	0	2	1.29032
SAMD13	0	0	1	0.645161
SCAMP2	0	0	2	1.29032
SCGB1D2	0	0	3	1.93548
SEH1L	0	0	1	0.645161
SELENOW	0	0	1	0.645161
SFR1	0	0	2	1.29032
SHISA9	0	0	1	0.645161
SKA2	0	0	1	0.645161
SLC31A1	0	0	1	0.645161
SLC35D1	0	0	2	1.29032
SNN	0	0	1	0.645161
SNRPC	0	0	1	0.645161
SPAG11B	0	0	1	0.645161
SPAG7	0	0	1	0.645161
SPATA31D3	0	0	1	0.645161
SPATA33	0	0	1	0.645161
SPCS2	0	0	1	0.645161
SSX1	0	0	1	0.645161
ST3GAL5	0	0	1	0.645161
STEAP1B	0	0	1	0.645161
STMP1	0	0	1	0.645161
SUMO1	0	0	1	0.645161
TAS2R9	0	0	2	1.29032
TBC1D26	0	0	1	0.645161
TCAP	0	0	1	0.645161
TCEAL2	0	0	2	1.29032
TGFA	0	0	1	0.645161
TIMMDC1	0	0	1	0.645161
TLDC2	0	0	1	0.645161
TMED3	0	0	1	0.645161
TMEM123	0	0	1	0.645161
TMEM127	0	0	1	0.645161
TMEM170A	0	0	1	0.645161
TMEM199	0	0	1	0.645161
TMEM232	0	0	1	0.645161
TMEM247	0	0	1	0.645161
TMEM42	0	0	2	1.29032
TMEM69	0	0	2	1.29032
TMEM86B	0	0	1	0.645161
TOMM7	0	0	2	1.29032
TRAC	0	0	1	0.645161
TRAJ23	0	0	1	0.645161
TRAJ47	0	0	1	0.645161
TRAJ49	0	0	1	0.645161
TRARG1	0	0	3	1.93548
TRAV13-1	0	0	1	0.645161
TRAV13-2	0	0	1	0.645161
TRAV21	0	0	1	0.645161
TRAV23DV6	0	0	1	0.645161
TRAV27	0	0	1	0.645161
TRAV4	0	0	1	0.645161
TRAV41	0	0	2	1.29032
TRAV8-6	0	0	1	0.645161
TRBC2	0	0	2	1.29032
TRBV27	0	0	1	0.645161
TRBV28	0	0	1	0.645161
TRBV3-1	0	0	1	0.645161
TRBV5-1	0	0	1	0.645161
TRDV2	0	0	1	0.645161
TREML4	0	0	2	1.29032
TRGC1	0	0	2	1.29032
TRGV3	0	0	2	1.29032
TRGV4	0	0	1	0.645161
TRGV8	0	0	1	0.645161
TRGV9	0	0	1	0.645161
TSR2	0	0	1	0.645161
TTC1	0	0	1	0.645161
UBE2D3	0	0	2	1.29032
USP27X	0	0	1	0.645161
UXT	0	0	1	0.645161
VOPP1	0	0	1	0.645161
VSNL1	0	0	1	0.645161
WFDC1	0	0	1	0.645161
WFDC11	0	0	1	0.645161
WFDC13	0	0	1	0.645161
YKT6	0	0	3	1.93548
YPEL1	0	0	2	1.29032
Z84488.1	0	0	1	0.645161
ZCCHC10	0	0	1	0.645161
ZG16B	0	0	1	0.645161
ZNF541	0	0	2	1.29032
ZNF705D	0	0	1	0.645161
ZNF706	0	0	1	0.645161
ZNF844	0	0	2	1.29032
ZSCAN23	0	0	1	0.645161
