APC	432
TP53	345
TTN	265
KRAS	246
SYNE1	157
MUC16	150
PIK3CA	149
FAT4	128
RYR2	111
ZFHX4	103
OBSCN	101
LRP1B	99
CSMD3	97
FBXW7	97
DNAH5	94
CSMD1	89
DNAH11	87
FAT3	84
PCLO	84
USH2A	83
RYR3	82
ABCA13	81
RYR1	81
NEB	79
ADGRV1	76
DST	73
CACNA1E	72
SOX9	72
AMER1	71
LRP2	71
SACS	71
ATM	70
SMAD4	70
DMD	69
FLG	69
HYDIN	69
CSMD2	68
DOCK3	68
ARID1A	67
BRAF	67
MDN1	67
SDK1	67
HMCN1	66
KMT2D	66
PCDH15	66
SPTA1	66
SYNE2	66
RNF43	65
MUC5B	64
XIRP2	64
ANK3	63
DNAH10	63
KIAA1109	63
NBEA	63
TRPS1	63
ANK2	62
DNAH8	62
UNC13C	62
AHNAK2	61
COL12A1	61
PCDH17	61
ROBO2	61
DNAH7	59
VPS13B	59
KMT2B	58
MACF1	58
MYCBP2	58
TENM3	58
ACVR2A	57
COL6A3	57
DNAH2	57
HERC2	57
KMT2C	57
DNAH3	56
DSCAM	56
TENM1	56
DNAH17	55
ERBB4	55
FREM2	55
HECW1	55
LRRK2	55
MXRA5	55
NALCN	55
NRXN1	55
PTPRT	55
TCF7L2	55
TNXB	55
CUBN	54
DYNC2H1	54
FRY	54
RELN	54
RIMS1	54
RNF213	54
ZFHX3	54
BMPR2	53
FAT1	53
FAT2	53
LRP1	53
NAV3	53
PCDH9	53
PRKDC	53
ZNF536	53
FCGBP	52
HECTD4	52
LAMA2	52
TSHZ3	52
AKAP9	51
APOB	51
ASPM	51
BSN	51
DNAH9	51
DSCAML1	51
DYSF	51
GLI3	51
ROBO1	51
RP1	51
SRCAP	51
TMEM132D	51
COL11A1	50
DOCK2	50
FNDC1	50
MUC17	50
PCDH11X	50
PDZD2	50
PKHD1	50
VCAN	50
ASH1L	49
ATP10A	49
COL5A1	49
FBN3	49
FRYL	49
GRIK2	49
LAMA1	49
UNC79	49
DCHS1	48
FLNC	48
GRIN2A	48
IGF2R	48
LRRIQ1	48
NIPBL	48
PCDH10	48
SCN1A	48
VWF	48
ZDBF2	48
ZNF831	48
ABCA12	47
AHNAK	47
BCL9	47
BCL9L	47
COL6A6	47
CREBBP	47
DNAH1	47
FBN1	47
LAMA5	47
NFASC	47
PAPPA2	47
PXDN	47
SCN9A	47
TAF1L	47
TNC	47
CMYA5	46
COL27A1	46
COL7A1	46
FRAS1	46
MAP2	46
MEGF8	46
RIMS2	46
TECTA	46
CACNA1A	45
CACNA1H	45
CDH9	45
CHD7	45
CNOT1	45
FN1	45
MYO3A	45
OTOGL	45
PLXNA4	45
ROS1	45
SCN5A	45
TENM2	45
TEX15	45
TNR	45
ADAMTS16	44
ADGRL3	44
F8	44
PKHD1L1	44
PLEC	44
SPEG	44
TRRAP	44
ZNF804B	44
ABCA1	43
ANKRD11	43
BIRC6	43
CDH10	43
CELSR1	43
DSEL	43
DYNC1H1	43
LRRC7	43
MAGEC1	43
MKI67	43
MYO18B	43
PCDHA12	43
PEG3	43
SCN11A	43
TG	43
VPS13A	43
AKAP12	42
BRCA2	42
COL22A1	42
DCC	42
FBN2	42
HUWE1	42
IGSF9B	42
KCNB2	42
KMT2A	42
NOS1	42
PCDHB8	42
PXDNL	42
SCN7A	42
SPAG17	42
SPEF2	42
VPS13C	42
ADAMTS2	41
AKAP6	41
ALMS1	41
CDH23	41
CNTNAP5	41
CTNNA2	41
EP400	41
EPHA5	41
FMN2	41
MAP1B	41
MAP3K4	41
MTOR	41
MYO15A	41
NCKAP5	41
PTPRS	41
SVIL	41
THSD7B	41
A2ML1	40
ADGRG4	40
BRWD3	40
KIF26B	40
MBD6	40
PAPPA	40
PCDHA2	40
PTPRK	40
SCN3A	40
SETX	40
SLITRK1	40
TIAM1	40
TNS1	40
TRIO	40
USP34	40
ZNF292	40
ADAMTS20	39
ADGRL2	39
ATRX	39
BNC2	39
CACNA1B	39
CHD4	39
CHD6	39
CHD8	39
CNTN6	39
FAM47C	39
HERC1	39
KALRN	39
MINAR1	39
MYO16	39
NAV2	39
NRXN2	39
PREX2	39
PTPRZ1	39
RIF1	39
RP1L1	39
SVEP1	39
UBR4	39
UBR5	39
UTRN	39
ABCA4	38
CARD11	38
CENPF	38
CNTNAP2	38
CUX2	38
DLC1	38
DMXL1	38
DMXL2	38
EVC2	38
GALNT17	38
GPR158	38
KANSL1	38
KIF21A	38
LPA	38
MAP1A	38
MGA	38
MYH2	38
MYH9	38
PTPRC	38
SALL1	38
SPHKAP	38
TRPC4	38
USP9X	38
ADGRB3	37
AFF2	37
ARFGEF1	37
BCORL1	37
CEP290	37
CHD9	37
DLG2	37
EPG5	37
ERICH3	37
FAM135B	37
FLNA	37
ITPR1	37
ITPR3	37
KCNA4	37
MED12	37
PCDH18	37
PLXND1	37
PRDM9	37
REV3L	37
SCN2A	37
SCN4A	37
SDK2	37
SORCS1	37
SPTB	37
TNRC6B	37
TRIOBP	37
ZBTB20	37
ZNF423	37
ACACA	36
ACAN	36
ADAMTSL3	36
ADCY8	36
ANK1	36
ARAP2	36
ARID2	36
BOD1L1	36
CPAMD8	36
DCAF4L2	36
FHOD3	36
GCN1	36
GOLGB1	36
GPR179	36
IGSF10	36
LAMA3	36
NRAS	36
NUP205	36
PCDH19	36
PCDHA13	36
PCDHA8	36
PCNT	36
RIMBP2	36
STAB1	36
TRIP12	36
YLPM1	36
ZC3H13	36
ASTN1	35
BCOR	35
CACNA1C	35
CDH8	35
CEP170	35
CNTNAP4	35
COL5A2	35
CTNNB1	35
CUL9	35
DAPK1	35
DIDO1	35
DISP3	35
DOCK5	35
EPHA3	35
GRIA2	35
GRM7	35
GTF3C1	35
HDAC9	35
KCNH7	35
LYST	35
MED12L	35
MYH14	35
MYH7	35
MYH8	35
MYO5A	35
NF1	35
NLRP7	35
PKD1	35
PKD1L1	35
PKDREJ	35
PLCG2	35
POLE	35
POLQ	35
PRUNE2	35
PTEN	35
PTPN13	35
SPEN	35
TCERG1	35
TENM4	35
THSD7A	35
TRPM3	35
ACACB	34
ADAMTS12	34
ADAMTS18	34
CACNA1F	34
CADPS	34
CDK12	34
CELSR2	34
COL14A1	34
COL1A2	34
COL4A1	34
DOCK8	34
GREB1	34
HRNR	34
ITPR2	34
MGAM	34
MIDEAS	34
MPDZ	34
MYH6	34
NCOR2	34
NEXMIF	34
NLRC5	34
NOTCH3	34
NPAP1	34
NYAP2	34
PCDHB7	34
PLXNA1	34
PTPRM	34
RANBP2	34
SFMBT2	34
SHPRH	34
SLITRK5	34
TCHH	34
TET1	34
TRPM6	34
UGGT2	34
USF3	34
WDFY3	34
ADAMTS9	33
ADAMTSL1	33
ADCY2	33
ADGRB1	33
AKAP13	33
ALK	33
ARHGAP21	33
ASTN2	33
CACNA2D3	33
CCDC73	33
CDH18	33
CHD5	33
DAAM2	33
ENAM	33
EP300	33
FER1L6	33
FILIP1	33
FLRT2	33
FRMPD1	33
GABRA5	33
GRM5	33
HELZ2	33
HSPG2	33
ICE1	33
IRS4	33
KIAA1217	33
LAMA4	33
LARP4B	33
MTUS2	33
MYH11	33
MYH13	33
MYO7A	33
NSD1	33
NUGGC	33
PCDHA6	33
SHANK1	33
SIPA1L1	33
SLC4A3	33
SLIT1	33
SPTBN1	33
STAB2	33
SYCP2	33
TCF20	33
TULP4	33
VPS13D	33
ZNF518A	33
ZNF804A	33
ABCA2	32
ATG2B	32
AXIN2	32
BRINP3	32
CACNA1G	32
CALD1	32
CDH12	32
CDH2	32
CFH	32
COL4A4	32
DCLK1	32
DPP10	32
FASN	32
FLNB	32
FLT4	32
FSTL5	32
GRIA1	32
GRIK3	32
HECW2	32
KIF1A	32
NBEAL2	32
NCOR1	32
NRK	32
PCDHA11	32
PCDHB2	32
PHIP	32
PLXNB3	32
SETD2	32
SMARCAD1	32
SPTBN2	32
TNN	32
TRHDE	32
TSHZ2	32
ZAN	32
ZC3H18	32
ZFYVE26	32
ZNF521	32
ABCC1	31
ARID1B	31
ATG2A	31
C3	31
CACNA1D	31
CHD3	31
CHL1	31
CIC	31
COL18A1	31
COL4A5	31
DENND4B	31
DLGAP2	31
DOCK10	31
DOCK4	31
KATNIP	31
KDR	31
LTBP2	31
MIA3	31
MRC1	31
MTCL1	31
MYLK	31
NBAS	31
NCAM2	31
PCDHA3	31
PCDHA5	31
PCDHA9	31
PCDHGA8	31
PIK3R1	31
PPFIA2	31
PTPN14	31
PTPRU	31
RGS22	31
ROCK1	31
SCAF4	31
SETBP1	31
SOGA3	31
SRRM2	31
SULF1	31
SZT2	31
TPO	31
WDR17	31
WNK3	31
ZEB2	31
A2M	30
ABCB1	30
ALPK2	30
AMOTL1	30
ASCC3	30
ATP8A2	30
CACHD1	30
CASZ1	30
CCDC88A	30
CD93	30
CDH4	30
CDON	30
DIP2B	30
DISP1	30
DOCK9	30
DOP1A	30
DSP	30
EML5	30
EPHB1	30
FANCM	30
FSIP2	30
GRM1	30
HIVEP2	30
JMJD1C	30
KCNB1	30
KCNH1	30
KCNQ5	30
KIAA1549	30
KNL1	30
LIFR	30
LRFN5	30
LRRIQ3	30
LRRK1	30
MAGI2	30
MAP2K4	30
MAP3K21	30
MECOM	30
MSH6	30
NCAM1	30
NLGN4X	30
NRAP	30
PCDHA4	30
PCDHGB3	30
PIKFYVE	30
PLCE1	30
PREX1	30
RUNX1T1	30
SAMD9L	30
SLIT2	30
SLITRK2	30
SMARCA4	30
TANC2	30
TEAD2	30
TET3	30
TNKS2	30
TTK	30
VWA8	30
WWC3	30
YTHDC2	30
ZNF318	30
ZNF462	30
ADAMTS5	29
ADCY1	29
ANKHD1-EIF4EBP3	29
ARHGAP35	29
ARHGAP5	29
ASXL1	29
BDP1	29
BIVM-ERCC5	29
BRWD1	29
CACNA1S	29
CFAP47	29
CFAP65	29
CHD1	29
CNTN4	29
CNTN5	29
CYLC1	29
DDX60L	29
DLGAP3	29
DOCK1	29
DOCK11	29
EIF3A	29
ELOA2	29
FREM1	29
HDLBP	29
HEATR5B	29
KCNA5	29
KCNQ3	29
KCNT2	29
KDM2B	29
KIAA1549L	29
KIDINS220	29
KSR2	29
LAMC3	29
MCF2	29
MED13	29
MON2	29
MUC4	29
MUC6	29
MYH15	29
MYOM2	29
NES	29
NID2	29
NPHS1	29
PCDHA7	29
PCDHGA2	29
PCDHGA5	29
PHF20L1	29
PIK3C2G	29
PLEKHG4B	29
PLXNA2	29
PLXNA3	29
PLXNB1	29
PLXNB2	29
POLD1	29
RALGAPA1	29
RGS12	29
SCAPER	29
SIGLEC1	29
SMAD2	29
SMC1B	29
SPART	29
THBS2	29
TMEM132B	29
TNIK	29
TOGARAM2	29
TOP2B	29
TRIP11	29
TRPA1	29
TRPC3	29
UTP20	29
XYLT2	29
ZBED9	29
ZNF646	29
ZNF835	29
ABCA10	28
ABCA6	28
ABCA7	28
ABCB5	28
ACVR1B	28
AFF3	28
ANKRD12	28
ARFGEF2	28
ARMC4	28
ATAD5	28
AUTS2	28
B2M	28
BICRA	28
BLM	28
BPTF	28
CD163	28
CFAP43	28
CLUH	28
CNTN1	28
CTNND2	28
DCAF12L2	28
DCDC1	28
DIP2C	28
DNAJC13	28
EPB41L3	28
EPHA6	28
ERBB3	28
FAM47A	28
FBXL7	28
HCN4	28
HEATR1	28
HFM1	28
HTT	28
IGSF1	28
IRS1	28
ITSN1	28
KMT2E	28
LAMB4	28
LCOR	28
LCT	28
MARF1	28
MDGA2	28
MYO9A	28
MYOF	28
NINL	28
PCF11	28
PDGFRA	28
PIK3CG	28
PRKD1	28
RALGAPB	28
RPL22	28
SAGE1	28
SAMD9	28
SCN10A	28
SLIT3	28
SMC2	28
SMCHD1	28
SPECC1	28
SPG11	28
STAG1	28
STK31	28
TACC2	28
TEP1	28
TNRC6A	28
TP53BP1	28
TRANK1	28
TRPM2	28
USP24	28
USP28	28
ZNF208	28
ZNF638	28
ABCA8	27
ABCA9	27
ADCY5	27
ANKRD30A	27
ARHGAP20	27
ARHGAP31	27
ATP2B3	27
ATP8B1	27
ATP8B2	27
BAZ1A	27
CACNA2D1	27
CAD	27
CAMTA1	27
CCDC178	27
CD109	27
CDC42BPA	27
CDH11	27
CELSR3	27
CENPE	27
CEP162	27
CHD2	27
CHRM2	27
CIITA	27
CNTLN	27
COL19A1	27
CPS1	27
CRACD	27
CROCC	27
CTNNA1	27
CTNNA3	27
CTTNBP2	27
CUX1	27
DSPP	27
EFCAB5	27
EYS	27
FAM47B	27
FLG2	27
FRMPD3	27
GLI1	27
GRM6	27
GSE1	27
HNRNPL	27
INSRR	27
ITIH6	27
JAKMIP2	27
KCNH5	27
KIAA1755	27
KLHL4	27
LMO7	27
LRRN3	27
MAGI1	27
MBD5	27
MLH3	27
MYH3	27
MYH7B	27
MYO18A	27
NUP98	27
PCDH7	27
PCDHA1	27
PCDHB5	27
PCDHB6	27
PCDHB9	27
PCDHGA6	27
PCNX1	27
PDS5B	27
PDZRN4	27
PHF3	27
PI4KA	27
PLG	27
PPL	27
PPP1R3A	27
PRDM2	27
PRKCG	27
PRPF8	27
PRRC2C	27
PRTG	27
PTCH1	27
PTPRD	27
PZP	27
RASGRF1	27
RET	27
RNF17	27
SCN8A	27
SEMA5B	27
SNX13	27
SPATA31E1	27
SPTAN1	27
TLE4	27
TMPRSS15	27
TPTE	27
UBE4B	27
USP35	27
USP7	27
VIRMA	27
XIRP1	27
ZNF407	27
ZNF98	27
ABCA3	26
ABCA5	26
ABCB11	26
ADCY9	26
AKAP11	26
ALS2	26
AR	26
ARAP3	26
ARHGEF10	26
ATAD2B	26
ATP2A1	26
ATP2B2	26
ATP6V1B1	26
ATR	26
BAHCC1	26
BNC1	26
BRINP1	26
C8B	26
CACNA1I	26
CDK5RAP2	26
CHRD	26
CKAP5	26
COL24A1	26
COL3A1	26
CRB1	26
CRYBG3	26
CTR9	26
DIP2A	26
DMBT1	26
ELMO1	26
EXPH5	26
FAM184A	26
FRMD4A	26
GRIA4	26
GRIK4	26
GRIK5	26
GRM8	26
GUCY1A1	26
HCN1	26
HECTD1	26
HLA-B	26
IFT172	26
ITIH2	26
KCNH8	26
KCNMA1	26
KDM3B	26
KDM6B	26
KIAA2026	26
KIF13A	26
KIT	26
LINGO2	26
LTBP4	26
MAP7D1	26
MEGF6	26
MYO10	26
MYO7B	26
MYPN	26
N4BP2	26
NCAPD3	26
NID1	26
NOL6	26
NOS3	26
NOTCH2	26
NRXN3	26
NUMA1	26
NUP210L	26
OBSL1	26
OSMR	26
PARP14	26
PCDHB3	26
PHF2	26
PLEKHA6	26
POSTN	26
PRDM10	26
PRR12	26
RAD51AP2	26
RADIL	26
RBM15	26
SBF1	26
SCAF11	26
SEC16A	26
SIN3A	26
SLC4A7	26
SORBS2	26
TIAM2	26
TLL1	26
TNRC6C	26
TRPC6	26
TRPM8	26
TTC3	26
TUBA3C	26
ULK2	26
UNC13A	26
UNC5C	26
WDR33	26
WWP1	26
XRN1	26
ZFPM2	26
ZMYM2	26
ZNFX1	26
ABCB4	25
ABCC8	25
ABI3BP	25
ADGRB2	25
ADGRL1	25
ARHGAP36	25
ARHGEF26	25
ATP12A	25
BTBD11	25
CABIN1	25
CCDC180	25
CEP192	25
CFAP251	25
CLCN4	25
CLSTN2	25
CNTRL	25
COL11A2	25
COL2A1	25
COL4A6	25
COL6A1	25
CR1	25
CRMP1	25
DENND5A	25
DICER1	25
DNHD1	25
DPP6	25
DPYD	25
FGD6	25
FLT1	25
FPGT-TNNI3K	25
FRMPD4	25
FYB1	25
GLIS3	25
GLUD2	25
GRID1	25
HCFC1	25
ITGA10	25
ITGAX	25
JCAD	25
JHY	25
KCNQ2	25
KDM5A	25
KIF13B	25
KIF26A	25
KIF2B	25
KIF4B	25
LAMB1	25
LEPR	25
LRBA	25
LRRCC1	25
LVRN	25
MAST4	25
MCC	25
MYH1	25
MYT1L	25
NBEAL1	25
NELL2	25
NLRP5	25
NOVA1	25
NRIP1	25
NUP214	25
NYNRIN	25
OCA2	25
PAM	25
PCBP1	25
PCDHB12	25
PCDHGA12	25
PCDHGA7	25
PCNX2	25
PDGFRB	25
PIWIL1	25
PLCH1	25
PLPPR4	25
POLRMT	25
RAPGEF2	25
RASGRF2	25
RBM10	25
ROBO3	25
RPS6KA2	25
SBNO1	25
SI	25
SLC12A5	25
SLC8A1	25
SLCO6A1	25
SLITRK6	25
SMAD3	25
SMARCA1	25
SORCS3	25
SPATA31D1	25
SYCP2L	25
TAS1R2	25
TEX14	25
TMEM131L	25
TMPO	25
TNRC18	25
TNS3	25
TOGARAM1	25
TRO	25
TRPM1	25
TUT4	25
TUT7	25
WDR7	25
WNK1	25
WNK2	25
XPO4	25
ZFP36L2	25
ZMYND8	25
ZNF658	25
ABCC12	24
ACIN1	24
ADAM12	24
ADAM29	24
ADAM7	24
ADAMTS10	24
AFDN	24
AHDC1	24
ALPK3	24
ANKRD50	24
ANO4	24
AP2A2	24
APBA2	24
ARAP1	24
ARFGEF3	24
ARHGEF17	24
ARPP21	24
BRD3	24
BTAF1	24
C2orf16	24
C6	24
CAMSAP1	24
CARMIL3	24
CCDC141	24
CCDC39	24
CD163L1	24
CENPJ	24
CEP250	24
CEP350	24
CHST15	24
CLASP1	24
CLIP1	24
COL5A3	24
CPED1	24
DHX9	24
DNM3	24
DOP1B	24
DUOX2	24
EPRS1	24
ERC2	24
F5	24
FAM193A	24
FAM214A	24
FCRL3	24
GABBR1	24
GON4L	24
GPRASP1	24
GRID2	24
HIVEP3	24
IMPG1	24
ITGAL	24
JAKMIP1	24
KDM5B	24
KIF1B	24
KIF20B	24
LRP4	24
MAGEE1	24
MCF2L2	24
MICAL3	24
MROH2B	24
MYT1	24
NCKAP1L	24
NLRP1	24
NLRP13	24
NLRP3	24
NLRP4	24
NLRP8	24
NOTCH1	24
NRCAM	24
NRG1	24
NTRK3	24
NWD1	24
OTOF	24
PARD3B	24
PBRM1	24
PCDHB13	24
PCDHB15	24
PDE4DIP	24
PIGO	24
PIK3C2B	24
PLA2R1	24
PLXNC1	24
POLR1A	24
PPFIA4	24
PPP6R2	24
PPRC1	24
PRRC2A	24
PRRC2B	24
PSD2	24
RB1CC1	24
RBP3	24
RFX7	24
RLF	24
RXFP2	24
SASH1	24
SEZ6L	24
SF3B1	24
SGSM1	24
SIPA1L2	24
SLC8A2	24
SLX4	24
SMARCA2	24
SOX5	24
SPTBN5	24
SRGAP3	24
STYXL2	24
SUPT16H	24
TAF1	24
TANC1	24
TBC1D9	24
TDRD6	24
THOC2	24
TMEM94	24
TPR	24
TRAPPC8	24
TSPOAP1	24
UHRF1BP1L	24
ZNF43	24
ZNF609	24
ZNF808	24
ZNF91	24
ZNF99	24
ZZEF1	24
ABCC5	23
ADAMTS17	23
AGRN	23
AHCTF1	23
AL592490.1	23
ANKRD26	23
ANKS1B	23
APBB1	23
ARHGEF11	23
ASXL2	23
ATAD2	23
ATP13A3	23
ATP1A4	23
ATP2B4	23
ATP4A	23
ATRNL1	23
AXDND1	23
BOC	23
BRD1	23
C5	23
CAMTA2	23
CASP8AP2	23
CCDC158	23
CDC14A	23
CDC42BPB	23
CDH6	23
CEMIP	23
CNKSR2	23
COBL	23
COL15A1	23
COL1A1	23
COL6A2	23
DAB2IP	23
DENND4A	23
DHX30	23
DNMBP	23
DNMT3B	23
DROSHA	23
DUOX1	23
EFCAB6	23
EPHA4	23
ERCC6	23
ESPL1	23
EVC	23
GABBR2	23
GIGYF2	23
GJA8	23
GPR149	23
HIRA	23
IGSF9	23
INPPL1	23
IQCA1	23
ITGA4	23
ITGB4	23
ITSN2	23
JAK1	23
KAT6B	23
KCND3	23
KCNH3	23
KCNV2	23
KIAA0100	23
KIAA0319	23
KIAA0586	23
KIF21B	23
KIRREL3	23
KNTC1	23
LRFN2	23
LRP6	23
MAGEC3	23
MAGEL2	23
MAP3K1	23
MAP7D3	23
MAST2	23
MAST3	23
MIA2	23
MICAL2	23
MME	23
MORC1	23
MRTFA	23
MTTP	23
MYO1F	23
MYO5C	23
MYO9B	23
MYOCD	23
NAV1	23
NCOA2	23
NPHP4	23
NRG3	23
NUP210	23
OPCML	23
OPLAH	23
OVCH1	23
PASK	23
PCDHB4	23
PCDHGA3	23
PCDHGB5	23
PCDHGB6	23
PCDHGB7	23
PCM1	23
PCSK5	23
PDE3A	23
PDS5A	23
PLCB4	23
PSME4	23
PTPRB	23
RALGAPA2	23
RERE	23
REST	23
RPGRIP1L	23
RPTOR	23
RSF1	23
RTL9	23
SETD1A	23
SGO2	23
SH3PXD2A	23
SLC24A2	23
SLITRK4	23
SMG1	23
SNRNP200	23
SOHLH2	23
SRCIN1	23
SRGAP1	23
ST18	23
STAT1	23
SV2C	23
TGIF1	23
TLN1	23
TMEM131	23
TRPC7	23
WASF3	23
ZEB1	23
ZMYM4	23
ZNF512B	23
ZNF540	23
ZNF862	23
ZSCAN20	23
AASS	22
ADAMTS1	22
AFF4	22
AMPH	22
APLP1	22
ARHGAP22	22
ARMC3	22
ASAP2	22
ATP13A5	22
ATP1A2	22
ATP6V0A4	22
ATXN2L	22
BACH2	22
BCHE	22
BRPF3	22
C10orf90	22
CARMIL1	22
CASKIN2	22
CCDC110	22
CECR2	22
CEP152	22
CEP164	22
CFTR	22
CLCA4	22
CLEC16A	22
CNGB3	22
COL4A2	22
CSF3R	22
CTCF	22
DENND2C	22
DENND3	22
DLEC1	22
DNER	22
DNMT1	22
ECM2	22
EDNRB	22
EIF2AK4	22
EIF4G1	22
EIF4G3	22
EPHA7	22
FCRL5	22
FIGN	22
FKBP15	22
FMNL3	22
FXR1	22
GABRG1	22
GCC2	22
GNAS	22
GOLGA4	22
GRIN2B	22
GRM3	22
GUCY1A2	22
GUCY2F	22
HEG1	22
HGF	22
IFI16	22
IL1RAPL2	22
INTS1	22
IPO11	22
IPO8	22
IQGAP2	22
ITGA8	22
ITIH1	22
ITIH5	22
JPH3	22
KANSL1L	22
KAT6A	22
KCNA1	22
KCNU1	22
LAMB2	22
LENG8	22
LRGUK	22
LRP12	22
LRRTM4	22
LTBP1	22
MADD	22
MAP3K5	22
MARK1	22
MAST1	22
MCM3AP	22
MDC1	22
MDGA1	22
MMP16	22
MROH1	22
MSH2	22
MYH4	22
MYOM1	22
NAP1L3	22
NCKAP5L	22
NCOA6	22
NDST3	22
NEFM	22
NHS	22
NIN	22
NKTR	22
NLRP2	22
NOD2	22
NPAT	22
OR6K2	22
OSBPL6	22
OTUD4	22
PAX6	22
PCDH12	22
PCDHGA11	22
PCDHGB1	22
PCDHGB4	22
PFKP	22
PITPNM3	22
PLEKHH2	22
PLEKHM1	22
PNISR	22
POTEF	22
PRKCB	22
PSMD1	22
PTK2	22
PUM1	22
RAPGEF6	22
RBBP6	22
RESF1	22
RFC1	22
RGS3	22
RTTN	22
RXFP3	22
SALL4	22
SCAF1	22
SCAF8	22
SEMA3D	22
SETD5	22
SETDB1	22
SHROOM4	22
SIGLEC8	22
SLC9C1	22
SLC9C2	22
SMTN	22
SORL1	22
SP140	22
ST6GAL2	22
STAG3	22
SYCP1	22
SYNPO2	22
TBC1D32	22
TEK	22
THBS1	22
TMEM132E	22
TMEM168	22
TRAPPC9	22
TRERF1	22
TRIM71	22
TRPC5	22
TRPM7	22
TSHZ1	22
UNC80	22
WSCD2	22
ZBBX	22
ZGRF1	22
ZNF142	22
ZNF644	22
AASDH	21
ABCC11	21
ABL2	21
ACE	21
ADAMTS7	21
ADGRA3	21
ADGRG6	21
AGAP1	21
AGL	21
ARID4A	21
ASXL3	21
ATG9B	21
ATP11C	21
ATP7A	21
ATP8B4	21
BTBD7	21
C3orf20	21
CADPS2	21
CAMSAP2	21
CAND1	21
CASP8	21
CC2D2A	21
CCDC80	21
CCKBR	21
CEP85L	21
CFAP54	21
CFAP61	21
CIT	21
CLSTN1	21
COLEC12	21
CPSF1	21
CRYBG1	21
CSPG4	21
CTNND1	21
CUL1	21
DCTN1	21
DDX58	21
DENND5B	21
DIAPH3	21
DOCK6	21
DOCK7	21
DYNC2I1	21
E2F7	21
ECPAS	21
EEA1	21
EGR2	21
ESR1	21
FAM83B	21
FANCA	21
FASTKD3	21
FGF13	21
FOLH1	21
FSHR	21
GABRB3	21
GFRA1	21
GLDC	21
GOLGA3	21
GRIA3	21
HDX	21
HELZ	21
HIVEP1	21
HTR2C	21
INHBA	21
INPP5D	21
ITGA7	21
ITGAD	21
ITGAV	21
JARID2	21
KCND2	21
KCNS2	21
KIF16B	21
KLHL1	21
KLHL34	21
MAP10	21
MAP4K4	21
MASP1	21
MCHR2	21
MCM4	21
MEI1	21
MGAT4C	21
MMP9	21
MUC2	21
MVK	21
NEURL4	21
NOL4	21
NPAS4	21
NTRK2	21
NUP133	21
PAPLN	21
PATJ	21
PAXIP1	21
PCDHB10	21
PCDHGA1	21
PCDHGA4	21
PCNX3	21
PEAR1	21
PHLDB2	21
PHLPP1	21
PLK1	21
PRG4	21
PTPRG	21
RAI1	21
RASGRP3	21
RBM33	21
REV1	21
RNF40	21
SALL2	21
SEL1L2	21
SEMA3C	21
SHANK2	21
SHROOM3	21
SIM1	21
SLC12A6	21
SLC1A6	21
SLC39A10	21
SLC44A5	21
SLC6A15	21
SLCO1B3	21
SMC1A	21
SNTG1	21
SON	21
SOS1	21
SOX6	21
SPINK5	21
STARD8	21
STOX2	21
SUPT6H	21
SYNGAP1	21
TASOR2	21
TBX3	21
TNKS	21
TPP2	21
TRDN	21
TRIM24	21
TRIM9	21
TRPV6	21
TSSK1B	21
TUBGCP3	21
UHRF1BP1	21
UNC45B	21
USP29	21
USP48	21
VRTN	21
WDR35	21
WDTC1	21
WNK4	21
ZBTB41	21
ZFAT	21
ZFR	21
ZMYM6	21
ZNF106	21
ZNF334	21
ZNF451	21
ZNF471	21
ZNF516	21
ABCC2	20
ABCC4	20
ABCC9	20
ADAMTS13	20
ADAMTS3	20
ADAMTSL4	20
ADCY10	20
AK9	20
ALPK1	20
AMPD1	20
ANKAR	20
ANKRD17	20
ANO5	20
ARHGAP28	20
ARHGAP32	20
ARHGAP33	20
ARHGEF1	20
ARHGEF40	20
ATP9A	20
BAZ2B	20
BRD4	20
BRINP2	20
BRIP1	20
CASR	20
CATSPERD	20
CC2D1A	20
CCDC171	20
CCT8L2	20
CDH19	20
CFAP69	20
CHRM3	20
CLTCL1	20
CNBD1	20
CNGB1	20
CNTN3	20
COL9A1	20
CORIN	20
CR2	20
CWF19L2	20
DAB1	20
DDI1	20
DDX27	20
DGKB	20
DGKD	20
DGKI	20
DHX36	20
DHX38	20
DZIP1L	20
EEF1AKMT4-ECE2	20
EFEMP1	20
ELP1	20
EPHB6	20
ERBB2	20
ERN2	20
EVI5	20
EXOC1	20
EXOC4	20
EXOC6B	20
FAM135A	20
FER	20
FGA	20
FGD1	20
FHDC1	20
FZD10	20
GABRG3	20
GAPVD1	20
GBF1	20
GIGYF1	20
GPATCH8	20
GPR37	20
GRIN3A	20
GUF1	20
HCFC2	20
HDAC4	20
HIP1R	20
HK3	20
HPSE2	20
HSPA2	20
IL1RAPL1	20
IMPG2	20
IQGAP3	20
IRX1	20
ITGAM	20
ITGB2	20
JADE1	20
KCNH4	20
KIAA0232	20
KIAA0319L	20
KIAA1210	20
KIRREL2	20
KNDC1	20
LIPE	20
LRP5	20
LRRC4C	20
MACC1	20
MAP1S	20
MAP3K13	20
MAPK8IP3	20
MCTP1	20
MED1	20
MIS18BP1	20
MITF	20
MMS22L	20
MPO	20
MPRIP	20
MROH5	20
MYH10	20
MYO3B	20
NAA25	20
NCOA1	20
NEDD4	20
NEK10	20
NEO1	20
NETO1	20
NFATC4	20
NLRP11	20
NLRP9	20
NMUR2	20
NOS2	20
NR4A2	20
NUAK1	20
OAS2	20
OGDHL	20
PAK5	20
PCARE	20
PCDHA10	20
PCDHAC1	20
PCDHB1	20
PCDHGB2	20
PDHA2	20
PHF14	20
PHKA2	20
PHRF1	20
PLCL2	20
PLEKHA5	20
PLIN4	20
POGZ	20
POP1	20
POU4F2	20
PPP1R9A	20
PPP4R4	20
PRDM16	20
PRDM5	20
PRPF40B	20
PTPN23	20
PTPRN	20
PYHIN1	20
QSER1	20
RASA1	20
RICTOR	20
RNF111	20
RNF6	20
ROR2	20
SAFB	20
SAFB2	20
SALL3	20
SH3BP4	20
SHOC1	20
SHROOM2	20
SLC26A7	20
SLC27A6	20
SLC4A11	20
SLFN5	20
SLITRK3	20
SMC4	20
SNAP91	20
SNX29	20
SPAG9	20
SPOCK3	20
SPTBN4	20
STAT5B	20
SUPT5H	20
SV2A	20
TAF4	20
TBX18	20
TEX10	20
TFAP2D	20
TICRR	20
TIE1	20
TJP2	20
TPTE2	20
TRIM3	20
TRIM42	20
TRIM55	20
TTBK1	20
UGGT1	20
UNC5D	20
UPF2	20
USP19	20
USP31	20
USP6	20
VAV3	20
VPS50	20
WHRN	20
ZBTB40	20
ZC3H6	20
ZFC3H1	20
ZHX2	20
ZNF236	20
ZNF385D	20
ZNF585A	20
ZNF615	20
ZNF626	20
ZNF677	20
ZNF793	20
ZNF836	20
ADAMTS4	19
ADGRD1	19
ADGRG2	19
AEBP1	19
AGBL1	19
AGTPBP1	19
ANKIB1	19
ANO2	19
ANO3	19
AP3B1	19
ARHGAP11A	19
ARHGAP30	19
ARHGEF15	19
ATP10B	19
ATP10D	19
ATP2A2	19
B4GALNT1	19
BANK1	19
BCLAF1	19
CACNA2D4	19
CAND2	19
CAPRIN2	19
CASP5	19
CATSPERE	19
CD1E	19
CDC42BPG	19
CDH1	19
CDH16	19
CDHR2	19
CDHR3	19
CDRT1	19
CEP112	19
CEP126	19
CGNL1	19
CILP	19
CKAP2	19
CLSPN	19
CLTC	19
CNNM1	19
CNTNAP1	19
COBLL1	19
COL17A1	19
COL20A1	19
COL21A1	19
COPA	19
CPD	19
CPXM1	19
CYFIP2	19
CYP7B1	19
DDR2	19
DEPDC5	19
DGKH	19
DHX15	19
DIAPH2	19
DIS3L	19
DRD5	19
DYNC1I1	19
EDC4	19
EGFLAM	19
EHD3	19
EML1	19
EPB41L5	19
ERICH6	19
ESRP1	19
EVPL	19
EXOC6	19
FAN1	19
FBXO10	19
FGFR2	19
FOXK1	19
FOXP2	19
FSTL4	19
GABRG2	19
GATA3	19
GEMIN5	19
GGT5	19
GLB1L2	19
HEATR5A	19
HEPHL1	19
HIF3A	19
IARS2	19
IFT140	19
IFT80	19
IGSF3	19
IL18R1	19
IL18RAP	19
IL1RL1	19
IL7R	19
INPP4A	19
INTS2	19
IRAG1	19
ITGA5	19
ITGA6	19
KANK1	19
KCNC3	19
KCNG1	19
KCNH2	19
KCTD3	19
KIF4A	19
KLHL5	19
LARGE1	19
LARP1	19
LATS1	19
LGR4	19
LONRF2	19
LRIG3	19
LZTR1	19
MAN2A1	19
MED13L	19
MET	19
MIER3	19
MLH1	19
MOS	19
MSH3	19
MYO1B	19
NAALAD2	19
NCAPG	19
NCOA3	19
NCOA5	19
NDST4	19
NEDD9	19
NELL1	19
NEMF	19
NEXN	19
NLRC4	19
NOTCH4	19
NPC1	19
NR0B1	19
NUP155	19
NUP188	19
OR2M2	19
PABPC5	19
PAPOLG	19
PAX3	19
PAXBP1	19
PC	19
PCDH8	19
PCDHAC2	19
PCDHGC5	19
PCSK1	19
PDE8B	19
PEAK1	19
PER3	19
PGR	19
PIK3R6	19
PKN2	19
PLCG1	19
PLCL1	19
PNLDC1	19
POLR3E	19
POTEE	19
PPARGC1A	19
PPP1R26	19
PRDM15	19
PTBP2	19
PTCHD3	19
PTGER3	19
PTPRF	19
RAD50	19
RAG1	19
RBM46	19
RIMBP3	19
ROR1	19
RPGRIP1	19
RPRD2	19
RTN1	19
SCRIB	19
SEC31A	19
SEL1L3	19
SELP	19
SEMA3A	19
SEMA3E	19
SEMA5A	19
SENP7	19
SH3PXD2B	19
SLC12A1	19
SLC12A7	19
SLC13A3	19
SLC32A1	19
SLC3A2	19
SLC4A1	19
SLC6A2	19
SLCO5A1	19
SLFN13	19
SNAPC4	19
SNED1	19
SNX25	19
SORCS2	19
SOS2	19
SPAG16	19
SRFBP1	19
SRRM1	19
SRRM4	19
SWT1	19
SYNJ2	19
TAOK2	19
TBC1D25	19
TBC1D8B	19
TBC1D9B	19
TBXT	19
TCF4	19
TIMELESS	19
TJP1	19
TLN2	19
TLR7	19
TLR8	19
TLR9	19
TMF1	19
TOP2A	19
TOP3A	19
TOPBP1	19
TOPORS	19
TRIM37	19
TRIM46	19
TRPV5	19
TSC1	19
TTC37	19
TTF1	19
TUBGCP2	19
TXLNB	19
UACA	19
UBN2	19
UGT3A2	19
ULK1	19
ULK4	19
UNC13B	19
UPF1	19
USP43	19
USP44	19
WDR49	19
WDR72	19
WRN	19
YTHDC1	19
ZBTB7C	19
ZC3H4	19
ZDHHC7	19
ZDHHC8	19
ZIC4	19
ZMYM1	19
ZNF304	19
ZNF366	19
ZNF479	19
ZNF528	19
ZNF546	19
ZNF607	19
ZSWIM8	19
ABL1	18
AC011462.1	18
ACTN1	18
ACVR2B	18
ADAM18	18
ADAM21	18
ADAMTS14	18
ADAR	18
ADD3	18
ADGRL4	18
ADNP	18
AGBL5	18
AGO4	18
ANKRD44	18
AP3D1	18
ARHGEF10L	18
ARHGEF18	18
ARHGEF6	18
ARID5B	18
AXL	18
BCAS3	18
BCL11A	18
BEND3	18
BICC1	18
BRSK1	18
C10orf120	18
C1R	18
C2CD5	18
C6orf118	18
CAMSAP3	18
CATSPERB	18
CCAR1	18
CCNA1	18
CD58	18
CDH22	18
CDYL	18
CEP120	18
CEP128	18
CEP170B	18
CFAP46	18
CFAP58	18
CHST2	18
CNKSR1	18
CNTNAP3	18
COL28A1	18
CP	18
CPQ	18
CPXM2	18
CPZ	18
CSDE1	18
CSNK1A1L	18
DACH2	18
DCAF1	18
DCX	18
DDX17	18
DDX60	18
DGKZ	18
DHX29	18
DHX34	18
DHX57	18
DIAPH1	18
DLGAP1	18
DNAI1	18
DNAI3	18
DNAI4	18
DNM2	18
DZIP1	18
DZIP3	18
EHMT2	18
EIF2AK1	18
EIF2AK3	18
EML4	18
ENC1	18
ENPP2	18
EPHA2	18
EPS8L1	18
ESCO1	18
FAM214B	18
FANCD2	18
FARP1	18
FBH1	18
FBXW10	18
FGD5	18
FHOD1	18
FILIP1L	18
FLCN	18
FNIP1	18
FOXG1	18
FRMPD2	18
G3BP1	18
GABRB2	18
GABRQ	18
GANAB	18
GDF5	18
GIMAP8	18
GRIP2	18
HEATR4	18
HELQ	18
HIPK2	18
HSPA12A	18
HTR1A	18
IBTK	18
IGF2BP1	18
IL16	18
IL21R	18
INF2	18
INSR	18
IQCH	18
ITK	18
KAT14	18
KCNA3	18
KCTD19	18
KDM4A	18
KIAA0825	18
KIF5B	18
KIF5C	18
KIFC3	18
KMT5B	18
LHCGR	18
LIG3	18
LMTK3	18
LRRC41	18
LRRN1	18
LTN1	18
MAMLD1	18
MAP3K10	18
MAP7	18
MAP9	18
MAPKBP1	18
MARK4	18
MARS1	18
MEIS2	18
MGAT3	18
MGAT5B	18
MKRN3	18
MOV10L1	18
MRGPRX1	18
MYBPC3	18
MYO1E	18
MYO6	18
NAA16	18
NAALADL1	18
NCAPD2	18
NCBP1	18
NFATC1	18
NFATC2	18
NLGN1	18
NLRC3	18
NLRP14	18
NLRX1	18
NOM1	18
NPC1L1	18
NPR1	18
NR3C2	18
NSD2	18
OGDH	18
OLFML2B	18
OR2M4	18
OTOA	18
OTUD7B	18
PARD3	18
PASD1	18
PCDH11Y	18
PDE10A	18
PDE11A	18
PDE6A	18
PELP1	18
PEX1	18
PHC1	18
PLB1	18
PLCB1	18
PLEKHG1	18
POLR2A	18
PPP1R13B	18
PPP6R3	18
PRAM1	18
PRAMEF17	18
PSD	18
PTCHD4	18
PTPRH	18
PTPRN2	18
RABGAP1	18
RAI14	18
RAPH1	18
RASA2	18
RASAL3	18
RASEF	18
RASGRP2	18
RBFOX1	18
RFX5	18
RFX6	18
RNF123	18
RNF20	18
ROBO4	18
ROCK2	18
SBNO2	18
SCUBE3	18
SDHA	18
SEC24B	18
SEMA6A	18
SEZ6L2	18
SFSWAP	18
SGO1	18
SH3TC1	18
SHANK3	18
SLC4A10	18
SLCO2A1	18
SLFN11	18
SMC5	18
SOGA1	18
SPON1	18
ST8SIA6	18
STON1	18
SYDE2	18
SYNM	18
SYNRG	18
SYT16	18
TAF3	18
TAP2	18
TBC1D4	18
TDRD5	18
TECRL	18
TGM5	18
TMC5	18
TMTC1	18
TMTC2	18
TNPO1	18
TUB	18
UBA6	18
UBE3A	18
UBE3B	18
UBN1	18
UTP4	18
VCAM1	18
VPS33A	18
VPS8	18
WASHC2C	18
WDR19	18
WDR47	18
XKR4	18
XRCC5	18
ZC3H12C	18
ZFP28	18
ZFYVE16	18
ZIM2	18
ZMYM3	18
ZNF354C	18
ZNF418	18
ZNF443	18
ZNF518B	18
ZNF568	18
ZNF578	18
ZNF616	18
ZNF629	18
ZNF7	18
ZXDA	18
AATK	17
ABCD2	17
AC004922.1	17
ACSS3	17
ACTL9	17
ADAM2	17
ADAM23	17
ADAM30	17
ADAMTS6	17
ADARB2	17
ADGRE5	17
AGGF1	17
AL136295.1	17
ALDH1A3	17
AMBRA1	17
ANKRD35	17
APPL1	17
ARAF	17
ARHGAP29	17
ASAP1	17
ASIC2	17
ASNSD1	17
ATP11A	17
ATP1A1	17
ATP8B3	17
B4GALNT4	17
BAZ1B	17
BAZ2A	17
BMP1	17
BMS1	17
C14orf39	17
C15orf39	17
C2CD3	17
CADM1	17
CARD6	17
CASD1	17
CASS4	17
CATSPER1	17
CCDC15	17
CCDC88C	17
CD22	17
CDAN1	17
CDH13	17
CDYL2	17
CENPC	17
CEP104	17
CEP135	17
CEP83	17
CFAP100	17
CFAP44	17
CFAP45	17
CHAT	17
CLASP2	17
CLCN2	17
CLIP4	17
CLSTN3	17
CNGA3	17
COPB1	17
CPXCR1	17
CSF2RA	17
CSPP1	17
CUL7	17
CYLC2	17
CYLD	17
CYP4Z1	17
DCLK2	17
DHX8	17
DLG5	17
DLL1	17
DTNA	17
DUS4L-BCAP29	17
DVL2	17
EBF3	17
EFCAB13	17
EFHB	17
EGR1	17
EHBP1	17
EIF5B	17
EMILIN1	17
EMSY	17
ENTPD4	17
EPHA10	17
EPPK1	17
ERBIN	17
ERCC6L	17
ERCC6L2	17
ESF1	17
ETV1	17
EXT1	17
EYA4	17
F13A1	17
FAM13C	17
FAM71B	17
FBXO34	17
FCHO2	17
FCSK	17
FKBP9	17
FOCAD	17
FOXI1	17
FSCB	17
FYB2	17
FYCO1	17
GAA	17
GABRA1	17
GAK	17
GALNT13	17
GALNTL5	17
GALNTL6	17
GJA10	17
GLI2	17
GLRB	17
GP2	17
GPLD1	17
GRIK1	17
GRIP1	17
GRM2	17
GUCY1B1	17
GYS2	17
HBS1L	17
HELB	17
HERC5	17
HLA-A	17
HSPA1L	17
IFIH1	17
IFT122	17
IQSEC2	17
ITGA11	17
ITGA3	17
ITGB8	17
IVL	17
JAG1	17
JAG2	17
JAKMIP3	17
JUP	17
KAZN	17
KBTBD6	17
KBTBD7	17
KCNC2	17
KCNJ3	17
KCNJ8	17
KCNN3	17
KCNT1	17
KCTD8	17
KDM4B	17
KEL	17
KIF17	17
KLHL42	17
KLHL6	17
KLHL9	17
KPRP	17
KRT73	17
LAMC1	17
LARS1	17
LILRB1	17
LNPEP	17
LOXL2	17
LRRC37A2	17
LUZP1	17
LY75	17
MAP2K7	17
MAP3K12	17
MARCHF10	17
MARK2	17
MCF2L	17
ME1	17
MEFV	17
MEIS1	17
MGAT5	17
MINK1	17
MOGS	17
MST1R	17
MTA2	17
MTREX	17
MUSK	17
MYO1A	17
MYO1G	17
NAA15	17
NEK1	17
NEK5	17
NFE2L1	17
NLRP12	17
NOL8	17
NOMO1	17
NPAS3	17
NPR2	17
NUTM1	17
NYAP1	17
OLFM1	17
OR2L13	17
OR4A5	17
P3H3	17
PABPC3	17
PCDHB14	17
PCDHB16	17
PCDHGA10	17
PCDHGA9	17
PDCD11	17
PDE1B	17
PDE1C	17
PDZD4	17
PDZD8	17
PHKB	17
PIP5K1C	17
PKD2	17
PLEKHG2	17
PNPLA8	17
PODN	17
POLR2B	17
POLR3B	17
POM121L12	17
PPFIBP2	17
PPP2R3A	17
PRAMEF20	17
PRDM1	17
PRPF4B	17
PRRG1	17
PTCH2	17
PTGFRN	17
PTK2B	17
PTPN12	17
PTPN3	17
PTPN4	17
R3HDM1	17
RAB11FIP1	17
RABGAP1L	17
RAD54L2	17
RANBP17	17
RAPGEF1	17
RBL2	17
RBM27	17
RELCH	17
RFTN1	17
RNF216	17
RRBP1	17
RTN4	17
SBF2	17
SCG2	17
SEMA6D	17
SENP6	17
SIGLEC10	17
SIPA1L3	17
SLC12A2	17
SLC12A9	17
SLC16A7	17
SLC18A3	17
SLC24A3	17
SLC26A3	17
SLC26A5	17
SND1	17
SOCS5	17
SPATA31A1	17
SPPL2B	17
SPRTN	17
SPZ1	17
SSH2	17
ST8SIA4	17
STON1-GTF2A1L	17
STPG2	17
STS	17
STXBP5L	17
SYNE3	17
SYNJ1	17
TACR3	17
TAF2	17
TAOK3	17
TBX5	17
TDRD3	17
TECPR2	17
TEX11	17
TGFBR1	17
TGFBR2	17
TLR3	17
TMC3	17
TNKS1BP1	17
TRAPPC12	17
TSC2	17
TTC21A	17
TTC21B	17
TTLL7	17
TTYH1	17
TUBGCP5	17
TUSC3	17
UBE3C	17
UBR3	17
UNC5A	17
URB2	17
UROC1	17
USP15	17
USP26	17
VAV1	17
VEPH1	17
VTN	17
WASL	17
WDHD1	17
WDR62	17
WDR90	17
WIZ	17
WWC1	17
XDH	17
XPO6	17
XPR1	17
ZBTB16	17
ZBTB46	17
ZFR2	17
ZNF148	17
ZNF184	17
ZNF257	17
ZNF335	17
ZNF33A	17
ZNF37A	17
ZNF382	17
ZNF416	17
ZNF454	17
ZNF483	17
ZNF492	17
ZNF569	17
ZNF667	17
AARS2	16
ABCC10	16
ABCG2	16
ABR	16
ACAP1	16
ACKR3	16
ACTA1	16
ADAD1	16
ADAMTSL2	16
ADARB1	16
ADCY7	16
ADNP2	16
AGAP2	16
AGO3	16
AK5	16
AKAP4	16
ALG13	16
ALOX5	16
ALS2CL	16
ANAPC1	16
ANKRD52	16
ANKS1A	16
ANXA6	16
AP5Z1	16
APAF1	16
APBA1	16
APP	16
ARSJ	16
ATP1A3	16
ATP2C1	16
ATP2C2	16
ATP9B	16
ATRN	16
BCR	16
BICDL1	16
BMPER	16
BRPF1	16
BUB1	16
C1S	16
CACNG3	16
CASKIN1	16
CBLB	16
CBX8	16
CCAR2	16
CCDC136	16
CCDC170	16
CCDC28A	16
CCDC40	16
CCPG1	16
CELF4	16
CEMIP2	16
CEP70	16
CEP78	16
CEP95	16
CHST10	16
CILP2	16
CLCA1	16
CLCN3	16
CNGA1	16
CNR1	16
COL6A5	16
CPEB2	16
CPNE4	16
CRTC1	16
CTC1	16
CTSC	16
CUL5	16
CYP11B1	16
DCAF12L1	16
DDX23	16
DDX43	16
DDX54	16
DENND4C	16
DENND6A	16
DHX16	16
DIS3	16
DIS3L2	16
DNM1	16
DPP8	16
E4F1	16
EEF1AKNMT	16
EIF4G2	16
EMC1	16
ENPP3	16
EOMES	16
EPB41L1	16
EPN1	16
EPS15	16
EPX	16
ESPNL	16
ESRRG	16
ESYT3	16
ETAA1	16
ETV5	16
ETV6	16
F9	16
FAM114A1	16
FAM120B	16
FAM171B	16
FAM83E	16
FBXO21	16
FBXO40	16
FLRT1	16
FNBP4	16
FNDC3B	16
FURIN	16
FZD6	16
GABRA4	16
GAD1	16
GALNT14	16
GBE1	16
GLG1	16
GMEB2	16
GPR101	16
GPR156	16
GPRASP2	16
GTF2IRD1	16
GTF3C3	16
GUCY2C	16
HDC	16
HECTD2	16
HHIP	16
HKDC1	16
HTR1E	16
HTR7	16
IDE	16
IGDCC3	16
INPP5F	16
INTS5	16
INTS7	16
IQSEC1	16
IQSEC3	16
ISLR2	16
ITGB6	16
ITPRID1	16
JAK2	16
KHDRBS2	16
KIAA0408	16
KIAA1522	16
KIAA1586	16
KIF3A	16
KLKB1	16
KRT85	16
KTN1	16
L1TD1	16
LAMB3	16
LARP4	16
LATS2	16
LCA5	16
LEO1	16
LHX1	16
LILRB5	16
LIMA1	16
LMBRD1	16
LNX1	16
LOXL3	16
LRRC31	16
LRRC37A3	16
LRRC49	16
LRRC66	16
LRRFIP2	16
LRRTM1	16
LSR	16
MAD1L1	16
MAG	16
MAN2C1	16
MAP3K11	16
MAP3K9	16
MAP4	16
MARVELD2	16
MCM10	16
MCPH1	16
MCTP2	16
MED23	16
MEGF10	16
MEX3B	16
MLLT10	16
MLLT6	16
MMRN1	16
MN1	16
MON1B	16
MRC2	16
MTF2	16
MTHFD1L	16
MTUS1	16
MXRA8	16
MYBBP1A	16
MYBL1	16
MYBPC1	16
MYLK3	16
NCKAP1	16
NEDD4L	16
NFRKB	16
NKAPL	16
NLGN3	16
NRDC	16
NSD3	16
NTM	16
NTN4	16
NTNG2	16
OR1C1	16
OR2L3	16
OR4A15	16
OR4C13	16
OR6N1	16
OTOL1	16
PAPOLB	16
PCDHB11	16
PCDHGC4	16
PDILT	16
PDYN	16
PDZRN3	16
PHC2	16
PHLDB1	16
PHLPP2	16
PITPNM1	16
PKD2L1	16
PKN1	16
PLA2G4A	16
PLA2G6	16
PLCB3	16
PLCZ1	16
PLD1	16
PLEKHM2	16
PLXDC2	16
PNPLA5	16
POLA1	16
POLM	16
POLR3A	16
PPP1R12B	16
PPP1R16B	16
PPP2R2C	16
PPP5C	16
PRICKLE2	16
PRKAA2	16
PRKCH	16
PRKCI	16
PRKD3	16
PROKR1	16
PROS1	16
PROX1	16
PTCHD1	16
PUS7	16
PWP1	16
PWWP3B	16
QRICH2	16
RANBP6	16
RARB	16
RB1	16
RBBP7	16
RBBP8NL	16
RBM25	16
RBM26	16
RDX	16
RECQL5	16
RGS20	16
RNASEL	16
RPH3A	16
RPS6KC1	16
RTEL1	16
RTKN2	16
RXRG	16
SATB2	16
SCARA5	16
SECISBP2L	16
SEMA3G	16
SEMA4F	16
SEMG2	16
SENP5	16
SHOX	16
SIX4	16
SLC12A3	16
SLC15A2	16
SLC16A1	16
SLC16A6	16
SLC27A5	16
SLC2A14	16
SLC30A9	16
SLC34A2	16
SLC4A2	16
SLC4A4	16
SLC4A5	16
SLC4A8	16
SLC5A8	16
SLC9A4	16
SLC9A9	16
SLCO3A1	16
SLCO4C1	16
SLK	16
SMARCAL1	16
SMG6	16
SNX19	16
SORBS1	16
SPAG5	16
SPTY2D1	16
SRGAP2	16
SSH1	16
SSTR4	16
STAMBPL1	16
STOX1	16
STRIP2	16
SUCO	16
SYMPK	16
SYNPO	16
TBC1D22A	16
TCF12	16
TGFBR3	16
TGM2	16
TGM4	16
TGM7	16
THAP12	16
THOC1	16
TMC2	16
TNK2	16
TNPO3	16
TNS2	16
TOP1	16
TRAK1	16
TRPM4	16
TSC22D1	16
TSGA10	16
TTI1	16
TTLL2	16
TTLL5	16
TUBGCP6	16
UBQLN2	16
UBR1	16
UNC5B	16
USP25	16
USP42	16
USP54	16
VARS1	16
VCPIP1	16
VEGFC	16
WDR11	16
WDR3	16
WDR6	16
WDR64	16
XAB2	16
XKR3	16
XKR6	16
YEATS2	16
ZBED1	16
ZBED4	16
ZFP90	16
ZFYVE28	16
ZFYVE9	16
ZIC1	16
ZIK1	16
ZKSCAN2	16
ZMYM5	16
ZNF112	16
ZNF180	16
ZNF19	16
ZNF229	16
ZNF420	16
ZNF429	16
ZNF445	16
ZNF493	16
ZNF560	16
ZNF592	16
ZNF619	16
ZNF721	16
ZNF761	16
ZNF878	16
ZRANB3	16
ABCB8	15
ABCC3	15
ABCC6	15
ABCD1	15
ACSM1	15
ACSM4	15
ACSS2	15
ADAM8	15
ADAMDEC1	15
ADAMTS19	15
ADAMTS8	15
ADCY3	15
ADCY4	15
ADCY6	15
ADGRA2	15
ADGRE1	15
ADGRE2	15
ADGRF1	15
AFF1	15
AFM	15
AFP	15
AKAP3	15
AKAP7	15
ALDH1L1	15
ALG8	15
AMER2	15
ANGPT4	15
ANKRD27	15
ANKS6	15
ANPEP	15
AP3B2	15
APOBR	15
AQR	15
ARHGAP17	15
ARHGAP27	15
ARHGAP39	15
ARHGEF12	15
ARNTL	15
ARNTL2	15
ASB5	15
ASIC5	15
ATCAY	15
ATP11B	15
ATP2A3	15
ATXN1	15
AVPR1A	15
BBS2	15
BBS9	15
BCL6	15
BEND2	15
BMP10	15
BRD8	15
C12orf40	15
C20orf194	15
C7	15
CCDC102B	15
CCDC116	15
CCDC18	15
CCDC85A	15
CCNB3	15
CCP110	15
CCSER2	15
CD180	15
CDK13	15
CDKL5	15
CEP63	15
CERS3	15
CFAP70	15
CFAP91	15
CFAP94	15
CHAF1A	15
CHST9	15
CHSY1	15
CLCA2	15
CLCN1	15
CLIP2	15
CLOCK	15
COL16A1	15
COL4A3	15
CRISPLD1	15
CRNKL1	15
CSF1R	15
CTDP1	15
CTNNBL1	15
CUL2	15
CYP4B1	15
DAAM1	15
DCAF6	15
DDX24	15
DDX31	15
DDX42	15
DENND1C	15
DENND2B	15
DISP2	15
DKK2	15
DOK5	15
DPY19L2	15
DSG1	15
DSG4	15
DYRK3	15
DZANK1	15
EBF1	15
EFHC2	15
EFL1	15
EHD2	15
ELF3	15
ELL	15
ENPEP	15
ERCC4	15
ERF	15
ERG	15
ESCO2	15
EXD3	15
F13B	15
F2	15
FAM120A	15
FAM13A	15
FAM151A	15
FAM83H	15
FAM9A	15
FANCI	15
FBLN2	15
FER1L5	15
FGD2	15
FGFR1	15
FNBP1	15
FOXN3	15
FTSJ3	15
FUBP1	15
GALNT2	15
GARNL3	15
GBP1	15
GCNA	15
GFPT2	15
GMPS	15
GPC5	15
GPC6	15
GPHN	15
GPR139	15
GPR32	15
GPSM2	15
GRAMD1B	15
GRIPAP1	15
GRM4	15
GTDC1	15
GTF2IRD2	15
GTF3C2	15
HAPLN1	15
HAUS6	15
HDAC5	15
HIF1A	15
HIPK1	15
HSP90B1	15
HSPA4L	15
IFFO1	15
IFT88	15
IGDCC4	15
IGF1R	15
IL12RB2	15
IL6ST	15
INPP4B	15
INTS8	15
IPO7	15
IQCE	15
IQCN	15
IQGAP1	15
IQUB	15
ISL1	15
ITGAE	15
ITGB3	15
JRK	15
KAT2B	15
KAT7	15
KCNA10	15
KCNA6	15
KCNH6	15
KDM2A	15
KDM5C	15
KDM6A	15
KIAA0753	15
KIF18A	15
KIF5A	15
KIF9	15
KL	15
KLHL23	15
KMO	15
KRT6A	15
KRT84	15
L1CAM	15
L3MBTL3	15
L3MBTL4	15
LAMC2	15
LIG4	15
LINGO1	15
LMTK2	15
LOXL4	15
LRCH2	15
LRIG1	15
LRP10	15
LRPPRC	15
LRRC17	15
LUZP2	15
LYN	15
LZTS3	15
MAEL	15
MAP3K19	15
MAPRE3	15
MAPT	15
MARK3	15
MASTL	15
MBD1	15
MCM6	15
MCM7	15
MCOLN3	15
MED14	15
MEPCE	15
MNDA	15
MPP2	15
MTDH	15
MTR	15
MYBPC2	15
MYCBPAP	15
MYO5B	15
MYOM3	15
MYORG	15
MYRIP	15
N4BP1	15
NAALADL2	15
NAP1L2	15
NDN	15
NEUROD4	15
NFIB	15
NIBAN1	15
NISCH	15
NLRP10	15
NOL4L	15
NOX4	15
NPBWR1	15
NRP2	15
NSUN2	15
NUP107	15
NUP153	15
OCRL	15
OMD	15
OPTN	15
OR2B2	15
OR5D18	15
OR5R1	15
OSBPL7	15
OTUD7A	15
OXR1	15
PABPC4	15
PAH	15
PALM2AKAP2	15
PAMR1	15
PCDHGC3	15
PCSK7	15
PDE5A	15
PDE9A	15
PDPR	15
PFAS	15
PHACTR1	15
PHACTR2	15
PHACTR3	15
PHEX	15
PHTF1	15
PIGG	15
PIWIL2	15
PKD2L2	15
PLEKHA7	15
PLEKHH1	15
PMS2	15
PNMA8B	15
PNPLA6	15
PNPLA7	15
POGK	15
POLN	15
POU3F4	15
PPFIBP1	15
PRICKLE1	15
PROM1	15
PRPF6	15
PTPN21	15
PYGB	15
QRFPR	15
RAB3C	15
RADX	15
RASAL2	15
RC3H1	15
REPS1	15
RGL3	15
RGS9	15
RHOBTB1	15
RHOT1	15
RIN2	15
RING1	15
RNF145	15
RPE65	15
RPS6KA6	15
RSPH4A	15
RTL3	15
RUNX1	15
RUSC2	15
SAP130	15
SATB1	15
SCUBE2	15
SEC14L1	15
SEC14L5	15
SEMA4G	15
SEMA6B	15
SERPINE3	15
SFI1	15
SIN3B	15
SLC11A1	15
SLC13A1	15
SLC15A1	15
SLC22A16	15
SLC25A12	15
SLC26A8	15
SLC27A1	15
SLC4A9	15
SLC5A2	15
SLC6A1	15
SLC6A11	15
SLC6A5	15
SLC8A3	15
SLC9A3	15
SLCO1B1	15
SMARCC2	15
SMG7	15
SNX2	15
SOX7	15
SRP68	15
ST6GALNAC3	15
ST8SIA3	15
STAC	15
STAT2	15
STK10	15
SYNPO2L	15
TARBP2	15
TASOR	15
TBC1D10B	15
TBC1D5	15
TBC1D8	15
TBX20	15
TBX4	15
TET2	15
TEX2	15
TF	15
TFAP2B	15
TGFB2	15
THAP9	15
THEMIS	15
THRAP3	15
TICAM1	15
TIMP3	15
TJP3	15
TLE3	15
TMEM200A	15
TMPRSS11A	15
TMTC3	15
TOX4	15
TP53BP2	15
TP63	15
TRIM33	15
TRIM60	15
TTC14	15
TTC17	15
TTLL12	15
UGT2B15	15
UGT8	15
UPF3A	15
URGCP	15
USP10	15
USP32	15
USP47	15
USP8	15
VLDLR	15
VPS41	15
VPS52	15
VRK2	15
VWA3A	15
VWA7	15
WDPCP	15
WDR13	15
WIPF1	15
WWC2	15
YTHDF3	15
ZAP70	15
ZC3H11A	15
ZHX3	15
ZMAT1	15
ZNF107	15
ZNF256	15
ZNF326	15
ZNF331	15
ZNF345	15
ZNF354A	15
ZNF365	15
ZNF385B	15
ZNF425	15
ZNF431	15
ZNF442	15
ZNF557	15
ZNF567	15
ZNF574	15
ZNF583	15
ZNF595	15
ZNF608	15
ZNF611	15
ZNF648	15
ZNF687	15
ZNF749	15
ZNF780A	15
ZNF827	15
ABCF3	14
ABCG4	14
ABLIM2	14
ACP7	14
ACSBG2	14
ACTN2	14
ADAM10	14
ADAM11	14
ADD2	14
AGO1	14
AHI1	14
AKT3	14
ALAS2	14
ALB	14
ALDH1A2	14
ALX4	14
AMER3	14
AMPD2	14
ANKRD28	14
ANO6	14
ANTXR1	14
APCDD1L	14
ARHGAP15	14
ARHGAP24	14
ASIC4	14
ASPH	14
ATF7IP	14
ATL1	14
ATP13A2	14
ATP2B1	14
ATP7B	14
ATXN2	14
AURKC	14
AXIN1	14
BAIAP2L1	14
BANP	14
BMPR1B	14
BRD2	14
BRF1	14
C8orf34	14
CADM2	14
CAMK1D	14
CAMK2G	14
CAMKK2	14
CAPN5	14
CARD10	14
CARMIL2	14
CBFA2T3	14
CBY2	14
CCBE1	14
CCDC150	14
CCDC66	14
CCDC87	14
CCDC88B	14
CCDC9B	14
CD248	14
CDC73	14
CDH20	14
CDH7	14
CDK14	14
CEBPZ	14
CHGB	14
CHRDL1	14
CHRNA4	14
CIZ1	14
CLEC14A	14
CLMN	14
CNGA2	14
CNNM2	14
CNTN2	14
COL25A1	14
CORO7	14
CPSF6	14
CTCFL	14
CYFIP1	14
CYP1B1	14
CYP20A1	14
DARS2	14
DCAF5	14
DCLK3	14
DCST2	14
DCT	14
DDR1	14
DDX18	14
DDX50	14
DEPDC1	14
DISC1	14
DLGAP4	14
DNAI2	14
DNAJC10	14
DOC2A	14
DOT1L	14
DPYS	14
DRP2	14
DSE	14
DSG2	14
DSG3	14
DSTYK	14
DUSP16	14
DYTN	14
ECE1	14
ECT2	14
ECT2L	14
EDIL3	14
EEF1A2	14
EEF2	14
EEF2K	14
EFR3A	14
EGF	14
EHMT1	14
EIF2A	14
EIF3B	14
EIF4ENIF1	14
ELAPOR1	14
ELAPOR2	14
ELL2	14
EPC2	14
EPHB4	14
ERMP1	14
ETNPPL	14
EZH2	14
FADS2	14
FAM126A	14
FAM186B	14
FAM222B	14
FAM227B	14
FAM83C	14
FBXO11	14
FBXO15	14
FBXO24	14
FBXO38	14
FGF5	14
FXR2	14
FYN	14
FZD3	14
GAB4	14
GABRA2	14
GABRA6	14
GAD2	14
GATAD2A	14
GBP6	14
GCC1	14
GCNT4	14
GK2	14
GPR162	14
GPR50	14
GUCY2D	14
HACE1	14
HDAC6	14
HDGFL2	14
HERC4	14
HK2	14
HLX	14
HNF1A	14
HNRNPDL	14
HRC	14
HRG	14
HRH2	14
HTR1B	14
ICAM5	14
IGHM	14
IKBKE	14
INO80	14
INTS4	14
IRAK3	14
ITGA1	14
ITGA9	14
ITGB1	14
JAK3	14
JMJD7-PLA2G4B	14
KANK2	14
KANSL3	14
KCNG2	14
KCNV1	14
KHSRP	14
KIF24	14
KIF27	14
KIZ	14
KLHL24	14
KRT3	14
KRT31	14
KRT34	14
KRT82	14
KSR1	14
LDB3	14
LEMD3	14
LIG1	14
LIMCH1	14
LMBRD2	14
LONRF1	14
LPIN1	14
LPIN3	14
LRRFIP1	14
LZTS1	14
MACO1	14
MAGED2	14
MAK	14
MAML3	14
MAN1A1	14
MAP4K3	14
MAP7D2	14
MAPK8IP1	14
MARCO	14
MBTPS1	14
MCOLN1	14
MED25	14
MEF2C	14
MEIOC	14
MELTF	14
MFGE8	14
MIB1	14
MINDY4	14
MMP2	14
MOCOS	14
MORC3	14
MORC4	14
MOV10	14
MPP4	14
MRGPRX3	14
MROH7	14
MTMR1	14
MTMR4	14
MUC5AC	14
MYEF2	14
MYO19	14
MYO1H	14
N4BP2L2	14
NAPEPLD	14
NBN	14
NDST2	14
NDUFS1	14
NEK4	14
NEK8	14
NEUROD6	14
NFE2	14
NFXL1	14
NGLY1	14
NIM1K	14
NOBOX	14
NOP2	14
NPFFR2	14
NPHP3	14
NRDE2	14
NRROS	14
NSMAF	14
NTNG1	14
NVL	14
ODF2L	14
OR10A3	14
OR2A5	14
OR2T12	14
OR2T33	14
OR4C15	14
OR52A5	14
OR5D14	14
OR5H14	14
OR5I1	14
OR5M1	14
OR5T2	14
OR5W2	14
OR6C75	14
OR8H1	14
OR8H2	14
OR8J1	14
OSBPL1A	14
OTC	14
OTOP2	14
PALB2	14
PAN3	14
PAQR9	14
PARP1	14
PARP4	14
PARP9	14
PAX5	14
PCCA	14
PCOLCE2	14
PDE2A	14
PER1	14
PEX5L	14
PHF21A	14
PIAS1	14
PIGR	14
PIK3C2A	14
PITRM1	14
PKLR	14
PKN3	14
PKP2	14
PLAG1	14
PLAT	14
PLD2	14
PLOD2	14
PMS1	14
PNPT1	14
POLK	14
POLR1B	14
POM121C	14
POMT2	14
POU6F2	14
PPFIA1	14
PPM1E	14
PPM1L	14
PPP2R1A	14
PRAG1	14
PRDM4	14
PRKG2	14
PROM2	14
PRRT2	14
PRX	14
PSD4	14
PSMD2	14
PSPC1	14
PTH2R	14
PTK7	14
PTPN11	14
PTPRO	14
PTPRR	14
PYGM	14
RAB3GAP2	14
RAPGEF3	14
RAPGEF4	14
RASA3	14
RBAK	14
RBM15B	14
RBM19	14
RBPJL	14
RECK	14
RGL2	14
RINT1	14
RIPOR1	14
RMI1	14
RNF103	14
RNF128	14
RNF180	14
RORB	14
RTL5	14
RUBCN	14
SARDH	14
SEC24D	14
SEC61A1	14
SEC63	14
SELE	14
SEMA3F	14
SFRP4	14
SH2D3C	14
SH3GL3	14
SH3TC2	14
SHC1	14
SHCBP1L	14
SIPA1	14
SLC17A6	14
SLC1A3	14
SLC26A4	14
SLC26A9	14
SLC2A7	14
SLC45A4	14
SLC9A1	14
SLTM	14
SMARCA5	14
SMCR8	14
SMG5	14
SMO	14
SMYD1	14
SPAG6	14
SPATA17	14
SPATA5	14
SRPK1	14
SRRT	14
STK32B	14
SUGP2	14
SULF2	14
SUPT20H	14
SYVN1	14
TAF1C	14
TAGAP	14
TAX1BP1	14
TBC1D1	14
TBC1D31	14
TCERG1L	14
TCOF1	14
TDRD7	14
TENT2	14
TESPA1	14
TFAP2C	14
TFIP11	14
TGM6	14
THRB	14
TLE2	14
TLL2	14
TMEM63B	14
TMEM74	14
TMOD1	14
TNFAIP3	14
TNFRSF19	14
TNPO2	14
TRAK2	14
TRAM1L1	14
TRAPPC10	14
TRAPPC11	14
TRIM45	14
TRIM51	14
TRIM67	14
TRIML2	14
TRPC1	14
TRPV2	14
TTBK2	14
TTLL4	14
TVP23A	14
U2SURP	14
UBE4A	14
UBQLN3	14
UGT3A1	14
UHRF2	14
USHBP1	14
USP20	14
USP3	14
USP33	14
USP40	14
UTP6	14
VILL	14
VIT	14
VN1R2	14
VWA3B	14
VWA5A	14
WAC	14
WAPL	14
WASHC2A	14
WASHC4	14
WNT16	14
WNT9A	14
WWOX	14
YTHDF2	14
ZBTB21	14
ZBTB24	14
ZBTB33	14
ZKSCAN5	14
ZNF101	14
ZNF117	14
ZNF140	14
ZNF174	14
ZNF226	14
ZNF248	14
ZNF266	14
ZNF273	14
ZNF28	14
ZNF282	14
ZNF329	14
ZNF34	14
ZNF350	14
ZNF395	14
ZNF398	14
ZNF419	14
ZNF44	14
ZNF45	14
ZNF470	14
ZNF490	14
ZNF532	14
ZNF543	14
ZNF544	14
ZNF572	14
ZNF585B	14
ZNF594	14
ZNF610	14
ZNF653	14
ZNF676	14
ZNF700	14
ZNF709	14
ZNF714	14
ZNF74	14
ZNF778	14
ZNF790	14
ZNF800	14
ZNF83	14
ZNF93	14
AADACL3	13
ABCB9	13
ABLIM3	13
AC006059.2	13
ACE2	13
ACLY	13
ACSBG1	13
ACTL7B	13
ACTN4	13
ACTRT1	13
ADAM17	13
ADCK1	13
ADRA1A	13
AGAP3	13
AGO2	13
AHRR	13
AKNA	13
AKNAD1	13
ALDH1L2	13
AMOT	13
AMPD3	13
ANGPT2	13
ANGPTL1	13
ANGPTL2	13
ANKFN1	13
ANKFY1	13
ANKMY1	13
ANKRD13A	13
ANO7	13
ANOS1	13
ANTXR2	13
ANXA13	13
AOC2	13
AOC3	13
AOX1	13
AP2A1	13
APBB3	13
ARHGAP25	13
ARHGAP4	13
ARHGAP44	13
ARHGAP6	13
ARHGEF28	13
ARHGEF5	13
ARHGEF7	13
ARHGEF9	13
ARNT2	13
ATF5	13
ATP8A1	13
AVPR1B	13
BACH1	13
BAHD1	13
BARHL1	13
BARHL2	13
BBX	13
BCAM	13
BEND5	13
BICRAL	13
BMP5	13
BMP7	13
BPIFB2	13
BPIFB6	13
BRCA1	13
BRDT	13
C12orf42	13
C7orf31	13
C9	13
CAB39L	13
CACNB2	13
CARF	13
CBL	13
CC2D1B	13
CCDC144A	13
CCDC160	13
CCDC173	13
CCDC92	13
CCDC93	13
CCR3	13
CCSER1	13
CD101	13
CD4	13
CDCA7L	13
CDH17	13
CEL	13
CES3	13
CFAP206	13
CFAP74	13
CGN	13
CHRNB3	13
CHST1	13
CHST11	13
CHST3	13
CHST4	13
CHTF18	13
CHUK	13
CLCN6	13
CLEC4F	13
CLGN	13
CNOT10	13
CNOT4	13
COG6	13
COLGALT1	13
COLGALT2	13
COPB2	13
CPB2	13
CPE	13
CPT1A	13
CPT1C	13
CRAT	13
CRIM1	13
CRTAC1	13
CSF2RB	13
CYP27C1	13
CYP2A7	13
DAB2	13
DACT1	13
DAGLA	13
DAO	13
DAW1	13
DAXX	13
DCST1	13
DDX46	13
DDX47	13
DEUP1	13
DGCR2	13
DGKA	13
DMGDH	13
DMRTB1	13
DNAAF4	13
DNAH12	13
DNTTIP2	13
DPP3	13
DPYSL2	13
DSC1	13
DTX4	13
E2F8	13
EBF2	13
EDRF1	13
EFHC1	13
EFNB3	13
EGFR	13
EHHADH	13
EIF4B	13
ELAVL4	13
ELF1	13
ENOX2	13
EPB41	13
EPB41L2	13
EPB41L4A	13
EPB41L4B	13
ERCC3	13
ESYT2	13
EXOSC10	13
EXTL3	13
FAM133A	13
FAM71A	13
FAM78B	13
FAM91A1	13
FAP	13
FARP2	13
FASTKD1	13
FBF1	13
FBXL18	13
FBXO30	13
FBXO43	13
FCHSD1	13
FCN1	13
FETUB	13
FGD4	13
FIG4	13
FLII	13
FLT3	13
FMO5	13
FMR1	13
FNDC3A	13
FRMD3	13
FRMD6	13
FUBP3	13
FUT9	13
FZD2	13
G2E3	13
GALNT5	13
GAN	13
GASK1B	13
GBA2	13
GDF2	13
GGNBP2	13
GIT2	13
GNPTAB	13
GPD2	13
GPR12	13
GPR19	13
GRHL2	13
GRIN2C	13
GZF1	13
HCLS1	13
HCRTR2	13
HECA	13
HEPH	13
HERC6	13
HIC2	13
HID1	13
HOXC10	13
HR	13
HROB	13
HS3ST4	13
HTATSF1	13
HUNK	13
IARS1	13
IBSP	13
IGSF8	13
IL17RD	13
IL1RL2	13
IL4I1	13
ING1	13
INTS13	13
INTU	13
INVS	13
IPO9	13
IQCJ-SCHIP1	13
IRX6	13
ITGA2B	13
ITIH3	13
ITPKB	13
ITPRID2	13
IVNS1ABP	13
JADE2	13
KBTBD3	13
KCNA2	13
KCND1	13
KCNQ1	13
KCNQ4	13
KIF14	13
KIF15	13
KIF18B	13
KIF6	13
KLC1	13
KLC2	13
KLF3	13
KLHL10	13
KLHL14	13
KLHL25	13
KLHL32	13
KLHL40	13
KRT222	13
KRT4	13
KRT74	13
LANCL2	13
LILRB3	13
LIPC	13
LMOD1	13
LRCH1	13
LRIG2	13
LRRC36	13
LSM14A	13
LTBP3	13
LTF	13
LUM	13
LZTS2	13
MACROH2A2	13
MAF	13
MAGEA12	13
MAGI3	13
MAP2K1	13
MAP3K14	13
MAP3K15	13
MAP3K2	13
MAPK10	13
MASP2	13
MATK	13
MATN4	13
MATR3	13
MDM1	13
MFN1	13
MICAL1	13
MICALL2	13
MIGA1	13
MMP12	13
MMP13	13
MMP19	13
MPHOSPH8	13
MPL	13
MROH9	13
MRTFB	13
MS4A14	13
MSL3	13
MSN	13
MTA1	13
MTMR12	13
MTMR6	13
MTNR1B	13
MX1	13
MYBPH	13
NEFL	13
NELFE	13
NEUROD1	13
NFATC3	13
NFE2L3	13
NFKB1	13
NHSL2	13
NKAPD1	13
NLGN4Y	13
NME8	13
NOX3	13
NPHP1	13
NPTX2	13
NPY2R	13
ODF2	13
OFD1	13
OLFML2A	13
OPA1	13
OR10H1	13
OR10Z1	13
OR13C3	13
OR2M3	13
OR2W1	13
OR4K5	13
OR4N2	13
OR52E4	13
OR5F1	13
OR5H6	13
OR5K2	13
OR7C1	13
OR7E24	13
OR8K1	13
OR9G1	13
OSBPL3	13
OSBPL5	13
OXCT2	13
P2RY8	13
PACS2	13
PADI1	13
PAK3	13
PANX2	13
PAPOLA	13
PARP6	13
PARVB	13
PAX2	13
PCID2	13
PDE4A	13
PDE4B	13
PDE4D	13
PDSS1	13
PGBD4	13
PGBD5	13
PGM5	13
PIK3CD	13
PIK3R5	13
PIP4K2A	13
PIWIL3	13
PIWIL4	13
PKP3	13
PKP4	13
PLAGL2	13
PLCB2	13
PLCD1	13
PLEKHG6	13
PML	13
PNLIP	13
PNLIPRP3	13
PNMA8A	13
POGLUT2	13
POM121	13
PON1	13
POTEA	13
POTEH	13
PPIP5K2	13
PPP1R10	13
PPP2R2B	13
PREP	13
PRKG1	13
PRL	13
PRMT2	13
PRPF3	13
PRR14	13
PRSS12	13
PRSS35	13
PSG1	13
PTGS2	13
PTPN5	13
PUM3	13
PUS7L	13
QRICH1	13
R3HDM2	13
RASSF2	13
RAVER1	13
RBBP8	13
RBL1	13
RBM12B	13
RBM6	13
RBMXL2	13
RCBTB2	13
RCC2	13
REXO5	13
RGS6	13
RIPK4	13
RMC1	13
RNF139	13
RNF214	13
RO60	13
RPS6KA1	13
RREB1	13
RRP1B	13
RSPH10B2	13
RTN3	13
RUNX2	13
S1PR1	13
S1PR4	13
SCAI	13
SCAP	13
SEMA6C	13
SERPINB2	13
SERPINI2	13
SF1	13
SH3RF3	13
SHLD2	13
SIK2	13
SIK3	13
SIMC1	13
SKIV2L	13
SLC10A2	13
SLC12A4	13
SLC14A2	13
SLC17A5	13
SLC18A2	13
SLC22A10	13
SLC22A14	13
SLC23A1	13
SLC24A1	13
SLC25A13	13
SLC35F3	13
SLC38A9	13
SLC44A1	13
SLC44A4	13
SLC4A1AP	13
SLC5A4	13
SLC6A12	13
SLC6A3	13
SLC7A2	13
SLFN12	13
SMARCB1	13
SMARCD2	13
SOBP	13
SOX10	13
SOX11	13
SP3	13
SPAG1	13
SPARCL1	13
SPDL1	13
SPRY3	13
SREK1	13
SRMS	13
STEAP4	13
STIM2	13
STIP1	13
STK36	13
SUN2	13
SUSD5	13
SV2B	13
SYN3	13
TAB3	13
TAOK1	13
TBC1D10C	13
TBC1D14	13
TBCK	13
TECPR1	13
TENT5D	13
TFEC	13
TGFBRAP1	13
THADA	13
THBS3	13
THOC5	13
THSD4	13
TLR10	13
TLR5	13
TM7SF3	13
TM9SF3	13
TMEM132A	13
TMEM87B	13
TMPRSS11D	13
TMPRSS9	13
TNIP3	13
TRAF7	13
TRAP1	13
TRIM22	13
TRPV3	13
TSPAN10	13
TSPAN5	13
TTC12	13
TTC29	13
TTF2	13
TUBB8	13
TYK2	13
TYR	13
UBAP2L	13
UBASH3A	13
UBE2O	13
UBP1	13
UBR2	13
UMOD	13
UMODL1	13
URI1	13
USP1	13
USP2	13
USP45	13
USP53	13
UXS1	13
VCL	13
WDR26	13
WDR36	13
WDR55	13
WDR59	13
WFS1	13
WNT1	13
WNT5A	13
XPO1	13
XPO5	13
ZBTB38	13
ZBTB5	13
ZC3HAV1	13
ZCCHC2	13
ZCCHC8	13
ZFP57	13
ZFP82	13
ZIC3	13
ZIM3	13
ZKSCAN7	13
ZNF131	13
ZNF132	13
ZNF154	13
ZNF16	13
ZNF197	13
ZNF205	13
ZNF212	13
ZNF217	13
ZNF227	13
ZNF251	13
ZNF26	13
ZNF267	13
ZNF283	13
ZNF284	13
ZNF320	13
ZNF337	13
ZNF347	13
ZNF404	13
ZNF467	13
ZNF473	13
ZNF507	13
ZNF517	13
ZNF556	13
ZNF571	13
ZNF573	13
ZNF587	13
ZNF675	13
ZNF85	13
ZP4	13
ZRANB1	13
ZSCAN1	13
ZSCAN29	13
ZSCAN31	13
ZW10	13
ABTB1	12
AC092143.1	12
ACAD11	12
ACKR2	12
ACOT12	12
ACRBP	12
ACSM2A	12
ACTL7A	12
ADAM19	12
ADAM22	12
ADAM28	12
ADAM32	12
ADAM9	12
ADGRE3	12
ADGRF5	12
ADGRG3	12
ADGRG7	12
ADRB3	12
AFAP1	12
AGTR1	12
AHR	12
AJAP1	12
AKR1B1	12
AKT1	12
AL121899.2	12
ALDH16A1	12
ALDH1B1	12
ALG10	12
ALG11	12
ALOX12B	12
ALOXE3	12
AMIGO3	12
ANGPT1	12
ANKK1	12
ANKRD55	12
ANO8	12
AOC1	12
AP1G2	12
AP1M1	12
AP2B1	12
ARC	12
ARHGAP45	12
ARHGAP9	12
ARHGEF2	12
ARHGEF25	12
ARID4B	12
ARMH4	12
ARSF	12
ARV1	12
ASAH2	12
ASB18	12
ASMTL	12
ASZ1	12
ATF6	12
ATG9A	12
ATIC	12
ATN1	12
ATP13A4	12
ATP6V0D2	12
ATXN3L	12
BARD1	12
BBS12	12
BCO2	12
BEST3	12
BICD1	12
BLK	12
BMP2	12
BMP3	12
BPIFB1	12
C10orf71	12
C12orf4	12
C19orf44	12
C1orf112	12
C2orf78	12
C8A	12
CACNA2D2	12
CACNB4	12
CADM3	12
CAPRIN1	12
CARNMT1	12
CBLL2	12
CCDC14	12
CCDC186	12
CCDC62	12
CCDC7	12
CCER1	12
CCNL1	12
CCNT2	12
CD5L	12
CDC20B	12
CDC5L	12
CDC7	12
CDCA2	12
CDHR5	12
CDK11B	12
CDR2	12
CEP89	12
CES1	12
CES5A	12
CFHR5	12
CHERP	12
CHRNA6	12
CIP2A	12
CMKLR1	12
CMTR1	12
COG2	12
COG4	12
COL23A1	12
COL9A2	12
COPS6	12
CORO2B	12
CPEB1	12
CPEB4	12
CPLANE1	12
CPNE8	12
CRACDL	12
CRAMP1	12
CSE1L	12
CSNK1G3	12
CSNK2A2	12
CSRNP3	12
CTAGE1	12
CUL3	12
CUL4B	12
CWC22	12
CYP2A13	12
CYP4F12	12
CYP4F3	12
CYP7A1	12
DACH1	12
DBF4B	12
DCAF4L1	12
DCAF8L1	12
DCP2	12
DCSTAMP	12
DDX11	12
DGKK	12
DHTKD1	12
DHX35	12
DHX37	12
DLX5	12
DNA2	12
DNAAF1	12
DNAAF3	12
DNAJC28	12
DNTT	12
DPP4	12
DPY19L4	12
DPYSL4	12
DPYSL5	12
DRC1	12
DSC2	12
DSC3	12
DUSP22	12
DYNC1I2	12
DYRK1A	12
DYRK1B	12
EDEM3	12
EGR3	12
ELAVL3	12
ELF4	12
ELFN2	12
EMILIN2	12
ENPP1	12
EPHA8	12
EPHB3	12
ERAP1	12
ERC1	12
EXO1	12
EYA1	12
FAHD2B	12
FAM160A2	12
FAM160B1	12
FAM169A	12
FAM20A	12
FAM81B	12
FARSB	12
FBLN7	12
FBXL20	12
FBXW11	12
FCAMR	12
FEZF2	12
FHL5	12
FKBP10	12
FLRT3	12
FLVCR2	12
FMNL2	12
FMO3	12
FMO4	12
FNIP2	12
FOXM1	12
FOXO4	12
FSCN3	12
FTO	12
FUT1	12
FZD7	12
GABPA	12
GABRB1	12
GABRR3	12
GAS2L1	12
GBP7	12
GCNT2	12
GDF6	12
GGA2	12
GGCX	12
GJD2	12
GLB1L3	12
GLE1	12
GLP1R	12
GLT8D1	12
GNB4	12
GOLGA2	12
GOLGA5	12
GOT1L1	12
GP6	12
GPAT3	12
GPC3	12
GPR161	12
GRK3	12
GSK3B	12
GSTCD	12
GYS1	12
GZMA	12
HAO1	12
HAS1	12
HAUS3	12
HDAC7	12
HEPACAM2	12
HHIPL2	12
HIP1	12
HK1	12
HLTF	12
HMG20A	12
HMMR	12
HNRNPA3	12
HNRNPUL1	12
HPSE	12
HS6ST3	12
HSPA8	12
HTR3E	12
HYOU1	12
IDH2	12
IFIT2	12
IGFALS	12
IGFN1	12
IGHG2	12
IL17RC	12
IL1R2	12
IL1RAP	12
IL2RG	12
IL31RA	12
IL3RA	12
ILDR1	12
ILDR2	12
ILF3	12
INA	12
INSC	12
INTS6	12
INTS6L	12
IPO13	12
IPO5	12
IRF2	12
JRKL	12
KANK4	12
KCNC1	12
KCNF1	12
KCNG4	12
KCNJ4	12
KCTD18	12
KDM7A	12
KIF11	12
KIF19	12
KIF1C	12
KIF2C	12
KIRREL1	12
KLF17	12
KLHL13	12
KLHL22	12
KNOP1	12
KRIT1	12
KRT37	12
KRT39	12
KRT40	12
KRT6C	12
KRT71	12
KRT75	12
KRT79	12
KRT9	12
LARP1B	12
LARP7	12
LBR	12
LCA5L	12
LCP1	12
LCP2	12
LDLRAP1	12
LETM1	12
LGR5	12
LILRB2	12
LIMK1	12
LIMK2	12
LINS1	12
LMF2	12
LNX2	12
LRIT1	12
LRRIQ4	12
MAB21L2	12
MAGEB6B	12
MAMDC2	12
MAML1	12
MATN2	12
MBD4	12
MCCC1	12
MED24	12
MELK	12
MEPE	12
MERTK	12
METTL16	12
MGAT1	12
MGRN1	12
MIGA2	12
MIOS	12
MORC2	12
MPEG1	12
MPHOSPH9	12
MRE11	12
MSH4	12
MTBP	12
MTIF2	12
MTMR3	12
MTO1	12
MYCN	12
MYO1D	12
NAA35	12
NCAPG2	12
NDC1	12
NDUFA10	12
NECTIN1	12
NEDD1	12
NF2	12
NFIA	12
NFX1	12
NHLRC3	12
NIBAN2	12
NIBAN3	12
NKX6-1	12
NONO	12
NOP14	12
NPY5R	12
NR5A2	12
NRBP1	12
NT5C1A	12
NT5C1B	12
NTSR1	12
NUB1	12
NUP93	12
OGT	12
OR10AG1	12
OR10G7	12
OR10H5	12
OR2L8	12
OR2M5	12
OR2T6	12
OR4A16	12
OR4C6	12
OR4D10	12
OR4K1	12
OR4M1	12
OR4P4	12
OR51B4	12
OR51M1	12
OR51S1	12
OR52D1	12
OR5K3	12
OR6K6	12
OR6N2	12
OR9A4	12
ORC1	12
OSBPL10	12
OTOP1	12
OTOP3	12
PACSIN1	12
PALMD	12
PANK4	12
PARP8	12
PCDH1	12
PDCD6IP	12
PDE3B	12
PDE6C	12
PDGFD	12
PDIA3	12
PDLIM5	12
PDXDC1	12
PFKFB1	12
PGM1	12
PHAX	12
PIAS4	12
PIBF1	12
PICALM	12
PIEZO2	12
PIK3R4	12
PITPNM2	12
PLCH2	12
PLEKHA4	12
PLPPR5	12
PLS3	12
PM20D1	12
POLG	12
POLH	12
POLI	12
POU2F1	12
PPARGC1B	12
PPAT	12
PPEF1	12
PPEF2	12
PPFIA3	12
PPIG	12
PPP1R12C	12
PPP4R1	12
PRAMEF1	12
PRKCSH	12
PRORP	12
PRPF38B	12
PRRT3	12
PSD3	12
PSMA8	12
PTGFR	12
PTOV1	12
PTPN1	12
PTPRJ	12
PURG	12
PYGL	12
QKI	12
R3HCC1L	12
RAB11FIP2	12
RAD17	12
RAD21	12
RAF1	12
RANBP10	12
RANBP3L	12
RARS2	12
RASAL1	12
RBM12	12
RBM43	12
RFX4	12
RHAG	12
RHBDF2	12
RIC1	12
RIMKLB	12
RIPOR3	12
RNF150	12
RNF31	12
RPAP2	12
RRP12	12
RTKN	12
RUFY2	12
RUFY3	12
SAMD4A	12
SAMHD1	12
SCFD1	12
SCNN1G	12
SCYL2	12
SEC24A	12
SEC24C	12
SEMA4D	12
SERAC1	12
SERPINB8	12
SESTD1	12
SGCZ	12
SIDT1	12
SIRT1	12
SIX5	12
SKIDA1	12
SLAIN1	12
SLC1A1	12
SLC22A6	12
SLC22A7	12
SLC23A2	12
SLC25A31	12
SLC30A8	12
SLC39A12	12
SLC43A3	12
SLC45A1	12
SLC5A3	12
SLC6A13	12
SLC7A3	12
SLC9A7	12
SLCO4A1	12
SLF2	12
SMG8	12
SMOX	12
SMURF1	12
SNCAIP	12
SNRK	12
SNTG2	12
SNX1	12
SNX18	12
SNX33	12
SORT1	12
SP100	12
SPATA20	12
SPECC1L	12
SPG7	12
SPIDR	12
SPPL2C	12
SPTLC3	12
SREBF1	12
SREBF2	12
SREK1IP1	12
SRP72	12
SSBP4	12
STAG2	12
STARD13	12
STAU2	12
STIL	12
STON2	12
STRN3	12
STT3A	12
STXBP1	12
STXBP5	12
SUCLA2	12
SYT3	12
SYT4	12
SYTL5	12
TAB2	12
TAF4B	12
TAF5	12
TAS1R1	12
TAS1R3	12
TBC1D17	12
TBK1	12
TBL1XR1	12
TBXAS1	12
TCF3	12
TCF7	12
TCHP	12
TDO2	12
TDRD1	12
TEKT3	12
TFR2	12
TKTL2	12
TMC4	12
TMCO3	12
TMEM181	12
TMEM260	12
TMEM63C	12
TMPRSS12	12
TOX	12
TP73	12
TREH	12
TRIM2	12
TRIM35	12
TRIM6	12
TRIP4	12
TRPC4AP	12
TSHR	12
TSPYL5	12
TSPYL6	12
TTC16	12
TTC30B	12
TTC39C	12
TUBA3E	12
TXNDC2	12
TXNRD1	12
TYW1	12
UBASH3B	12
UBQLNL	12
UBXN4	12
UGP2	12
UGT2A1	12
UGT2A3	12
UNK	12
USP13	12
USP38	12
USP5	12
USP6NL	12
UST	12
VANGL1	12
VANGL2	12
VMP1	12
VPS54	12
WDCP	12
WDR81	12
XPNPEP3	12
XRN2	12
YIF1A	12
YY1AP1	12
ZBP1	12
ZBTB11	12
ZBTB22	12
ZBTB4	12
ZC3H12A	12
ZC3H12B	12
ZC3H7A	12
ZC3H7B	12
ZCCHC14	12
ZDHHC5	12
ZFP2	12
ZFP37	12
ZFP64	12
ZFPM1	12
ZMYND11	12
ZNF14	12
ZNF175	12
ZNF20	12
ZNF214	12
ZNF234	12
ZNF33B	12
ZNF385A	12
ZNF432	12
ZNF484	12
ZNF491	12
ZNF529	12
ZNF530	12
ZNF549	12
ZNF559	12
ZNF564	12
ZNF597	12
ZNF600	12
ZNF614	12
ZNF665	12
ZNF668	12
ZNF671	12
ZNF692	12
ZNF699	12
ZNF746	12
ZNF777	12
ZNF791	12
ZNF829	12
ZNF84	12
ZNHIT6	12
ZNRF3	12
ZSWIM2	12
ZSWIM4	12
ZSWIM5	12
ZZZ3	12
AADACL4	11
AARS1	11
ABCB6	11
ABI3	11
AC098582.1	11
ACTR3B	11
ADA2	11
ADAM15	11
ADAMTS15	11
ADGRF3	11
ADGRF4	11
ADORA1	11
ADRA1D	11
AFAP1L1	11
AFTPH	11
AGBL2	11
AIFM1	11
AIM2	11
AK7	11
ALAS1	11
ALDH1A1	11
ALPL	11
AMBN	11
AMY2A	11
ANLN	11
ANO10	11
AP4E1	11
APBB1IP	11
APLF	11
APOBEC4	11
AQP7	11
ARFIP1	11
ARHGAP10	11
ARHGAP18	11
ARHGEF3	11
ARMC2	11
ARMCX1	11
ARMCX5	11
ARSB	11
ARSG	11
ASAP3	11
ASB15	11
ASIC3	11
ATG4D	11
ATP1B4	11
ATXN7	11
B3GAT1	11
BABAM2	11
BACE2	11
BAG6	11
BCAR3	11
BICD2	11
BIRC3	11
BMPR1A	11
BRD7	11
BRSK2	11
BSX	11
BTN2A2	11
BTRC	11
BZW1	11
C11orf87	11
C2CD6	11
C3AR1	11
C4orf50	11
CA6	11
CABS1	11
CACNG7	11
CAPN15	11
CAPN2	11
CAPN3	11
CAPN6	11
CAPN7	11
CAPS2	11
CARNS1	11
CARS1	11
CASK	11
CCDC138	11
CCDC146	11
CCDC148	11
CCDC151	11
CCDC174	11
CCDC181	11
CCDC191	11
CCDC30	11
CCDC82	11
CCDC9	11
CCNT1	11
CCR1	11
CCT6A	11
CD207	11
CDC25B	11
CDC27	11
CDK1	11
CENPU	11
CEP131	11
CEP41	11
CERKL	11
CERT1	11
CFHR4	11
CGAS	11
CHIT1	11
CHRNB2	11
CHSY3	11
CIAO3	11
CIB3	11
CLASRP	11
CLDN10	11
CLEC18B	11
CLIP3	11
CLK3	11
CLMP	11
CLNK	11
CNTROB	11
COG1	11
COG5	11
COL13A1	11
COL8A1	11
COMP	11
CPA1	11
CPA5	11
CPSF2	11
CPT1B	11
CRYBG2	11
CRYZ	11
CSGALNACT2	11
CSTF2T	11
CSTF3	11
CTSF	11
CWC27	11
CWF19L1	11
CYP2A6	11
CYP2C19	11
CYP2C8	11
CYP2D6	11
CYP4F22	11
DAG1	11
DDB1	11
DDHD2	11
DENND1A	11
DES	11
DGCR8	11
DGKE	11
DLG3	11
DMP1	11
DNAH6	11
DNAJB8	11
DNAJC16	11
DNAJC7	11
DNMT3A	11
DOK1	11
DPP9	11
DRC7	11
ECEL1	11
EDEM1	11
EEPD1	11
EGFL6	11
ELAVL2	11
ENG	11
ENPP5	11
ENTHD1	11
EPHB2	11
EPHX1	11
EPS8L2	11
EPS8L3	11
EPSTI1	11
ERCC2	11
ERICH1	11
ESR2	11
ESX1	11
EZHIP	11
F2R	11
FAM110B	11
FAM120C	11
FAM13B	11
FAM155A	11
FAM161A	11
FAM161B	11
FAM170A	11
FAM217A	11
FAM90A1	11
FBLN1	11
FBXL13	11
FBXO31	11
FBXO5	11
FERMT2	11
FEZF1	11
FFAR3	11
FGF14	11
FIBCD1	11
FKBP6	11
FMNL1	11
FMR1NB	11
FOXD4L4	11
FOXD4L5	11
FOXN2	11
FOXP1	11
FPGT	11
FRK	11
FSD2	11
GABRA3	11
GABRR1	11
GABRR2	11
GAL3ST4	11
GALNT15	11
GALNT3	11
GALNT7	11
GALNT9	11
GANC	11
GAREM1	11
GATA2	11
GBP5	11
GCDH	11
GCLC	11
GDF10	11
GFM1	11
GHR	11
GIMAP1	11
GIMAP7	11
GJA1	11
GJC1	11
GLCE	11
GLRA3	11
GLT6D1	11
GNB1L	11
GNG12	11
GOLGA1	11
GORASP2	11
GP5	11
GPR174	11
GPR22	11
GPR26	11
GPR87	11
GPRC6A	11
GRAMD1C	11
GRIN1	11
GSAP	11
GXYLT1	11
HADHB	11
HEATR3	11
HELLS	11
HLCS	11
HNRNPK	11
HNRNPUL2	11
HOMEZ	11
HOOK3	11
HOXD12	11
HPS3	11
HS3ST3B1	11
HSPA6	11
HTR3A	11
HTR5A	11
ICA1	11
ICE2	11
IFT74	11
IFT81	11
IGSF11	11
IGSF22	11
IGSF5	11
IKBKB	11
IKZF1	11
IKZF2	11
IKZF4	11
IL13RA2	11
IL1R1	11
ILVBL	11
IMMT	11
INHA	11
INO80D	11
INSM2	11
IPO4	11
IREB2	11
JAM3	11
JPH1	11
KATNB1	11
KCNK10	11
KCNK13	11
KCNK18	11
KCNS3	11
KIF12	11
KIF20A	11
KIF3C	11
KIF7	11
KIFAP3	11
KLHL11	11
KLHL20	11
KLHL30	11
KLHL36	11
KLHL38	11
KLHL41	11
KLRK1	11
KNG1	11
KPNA3	11
KPNA6	11
KRT1	11
KRT2	11
KRT33A	11
KRT5	11
L3MBTL1	11
LILRA5	11
LIPI	11
LIPT1	11
LLGL2	11
LMCD1	11
LMNB1	11
LPAR4	11
LPO	11
LRIT2	11
LRP3	11
LRRC1	11
LRRTM2	11
LRRTM3	11
LUC7L3	11
LYAR	11
MAB21L1	11
MAGEB2	11
MAGEC2	11
MAGED1	11
MAGEE2	11
MALT1	11
MAN2A2	11
MAN2B1	11
MAP3K6	11
MAP4K1	11
MAPK6	11
MAPK8	11
MARCHF4	11
MAT2B	11
MBOAT2	11
MCCC2	11
MCHR1	11
MDH1B	11
MEP1B	11
METTL25	11
MFSD1	11
MKLN1	11
MLIP	11
MLLT1	11
MMP26	11
MMP3	11
MMRN2	11
MMUT	11
MNS1	11
MPP6	11
MR1	11
MROH8	11
MTHFSD	11
MTM1	11
MTSS1	11
MYF6	11
MYNN	11
MYSM1	11
NAT10	11
NCAN	11
NDE1	11
NEBL	11
NEPRO	11
NIPA2	11
NLN	11
NOC2L	11
NOC4L	11
NOP58	11
NR1D2	11
NR2C2	11
NR2E1	11
NR4A3	11
NRP1	11
NT5C2	11
NUDCD1	11
NUDT7	11
NUF2	11
NUFIP1	11
NXF1	11
OAS3	11
OLFML1	11
OPRD1	11
OPRK1	11
OPRM1	11
OR10G9	11
OR11H1	11
OR13C8	11
OR14A16	11
OR14C36	11
OR2H1	11
OR2Y1	11
OR4A47	11
OR4C16	11
OR4K15	11
OR4Q3	11
OR51E1	11
OR51E2	11
OR56A4	11
OR5B3	11
OR6K3	11
OR8K3	11
OR9Q2	11
ORC3	11
OSBPL11	11
OSBPL2	11
OSBPL8	11
OSR2	11
OTUD6A	11
OTX2	11
PABPC1	11
PADI6	11
PAK4	11
PALLD	11
PARP15	11
PAX1	11
PCIF1	11
PCNX4	11
PDE1A	11
PDE8A	11
PDZD7	11
PFKFB2	11
PGK2	11
PHACTR4	11
PHC3	11
PHF12	11
PHF20	11
PHF23	11
PHF24	11
PHKA1	11
PI15	11
PIAS3	11
PIK3C3	11
PIK3CB	11
PIK3R2	11
PKP1	11
PLA1A	11
PLD5	11
PLEK	11
PLEKHM3	11
PLK4	11
PLS1	11
PLTP	11
POLDIP3	11
POMT1	11
POR	11
POT1	11
PPHLN1	11
PPP1R12A	11
PPP1R3F	11
PPP3CB	11
PPP4R3A	11
PPP4R3B	11
PRAMEF19	11
PRKCD	11
PRKD2	11
PRKRA	11
PRLHR	11
PRMT3	11
PROSER1	11
PRPF40A	11
PTDSS1	11
PTHLH	11
PUM2	11
PUS10	11
PUS3	11
QARS1	11
RAB11FIP4	11
RAB34	11
RAB6B	11
RABGGTA	11
RAD54B	11
RAE1	11
RALGDS	11
RANBP9	11
RAP1GDS1	11
RAPGEF5	11
RBM28	11
RBM42	11
RBM48	11
RC3H2	11
REL	11
RFX2	11
RGMB	11
RGS7	11
RHBG	11
RHOBTB3	11
RHPN1	11
RIN3	11
RIOK1	11
RNF113B	11
RNF148	11
RNF165	11
RNF169	11
RNF220	11
RNF25	11
RPAP1	11
RPS6KA4	11
RSPH6A	11
RSPO2	11
RSPO3	11
RTCB	11
RTP1	11
RUBCNL	11
RUFY1	11
RXFP1	11
RXRA	11
RYK	11
SART3	11
SASS6	11
SCEL	11
SCFD2	11
SCLT1	11
SCML2	11
SCYL3	11
SDSL	11
SEC23A	11
SEC23IP	11
SEC31B	11
SEMA4A	11
SERPINE2	11
SETD3	11
SEZ6	11
SF3B3	11
SFPQ	11
SGIP1	11
SGPP1	11
SHOC2	11
SIDT2	11
SIGLEC11	11
SIGLEC5	11
SIGLEC6	11
SIGLEC9	11
SIRPB1	11
SLC16A10	11
SLC17A9	11
SLC1A7	11
SLC20A2	11
SLC22A15	11
SLC26A2	11
SLC27A3	11
SLC28A3	11
SLC2A13	11
SLC2A3	11
SLC2A9	11
SLC35G2	11
SLC38A1	11
SLC46A3	11
SLC49A3	11
SLC5A6	11
SLC6A16	11
SLC7A10	11
SLC7A11	11
SLC8B1	11
SLC9A2	11
SLC9A5	11
SLCO1A2	11
SLCO1C1	11
SMARCC1	11
SMC3	11
SMPD1	11
SMPD4	11
SNW1	11
SNX14	11
SNX31	11
SOX17	11
SP140L	11
SPAM1	11
SPATA16	11
SPATA31A3	11
SPATC1	11
SPICE1	11
SPOPL	11
SPTLC2	11
SRPK2	11
SRPX	11
SSBP3	11
ST14	11
ST6GALNAC5	11
STAT4	11
STAT5A	11
STAU1	11
STK33	11
STT3B	11
SUSD1	11
SUSD4	11
SYDE1	11
SYNCRIP	11
SYT5	11
SYT9	11
SYTL1	11
TAAR9	11
TACC3	11
TADA3	11
TAF7L	11
TAS2R10	11
TATDN2	11
TBC1D16	11
TBC1D23	11
TBCD	11
TBR1	11
TBX15	11
TBX2	11
TEKT5	11
TENT4B	11
TESK2	11
TEX47	11
THBS4	11
TIAL1	11
TKFC	11
TLE1	11
TLR2	11
TLR4	11
TLR6	11
TM9SF2	11
TMC1	11
TMCC3	11
TMCO6	11
TMEFF1	11
TMEM104	11
TMEM108	11
TMEM200C	11
TMEM60	11
TMEM63A	11
TMPRSS6	11
TNS4	11
TPCN1	11
TPX2	11
TRAF3	11
TRAIP	11
TRIM17	11
TRIM29	11
TRIM41	11
TRIM56	11
TRIM69	11
TRIP6	11
TRPV1	11
TRPV4	11
TSPEAR	11
TSPYL2	11
TTC13	11
TTC30A	11
TTC7A	11
TTLL8	11
TUBB4A	11
TXK	11
TXLNA	11
TXNRD2	11
UGDH	11
UGT2B10	11
UGT2B11	11
UGT2B4	11
USH1G	11
USP11	11
USP17L2	11
USP9Y	11
UTP25	11
VAT1L	11
VEZT	11
VNN1	11
VPS16	11
VPS53	11
VSTM2A	11
VWA2	11
VWCE	11
WASHC5	11
WBP4	11
WDR45	11
WDR5	11
WDR70	11
WDR75	11
WEE2	11
WHAMM	11
WIPF3	11
WNT2	11
WRAP53	11
XKR7	11
XPO7	11
XRCC6	11
YME1L1	11
ZBTB49	11
ZC3H3	11
ZER1	11
ZFP3	11
ZFP30	11
ZFP42	11
ZMAT3	11
ZMIZ1	11
ZMYND15	11
ZNF100	11
ZNF135	11
ZNF157	11
ZNF211	11
ZNF221	11
ZNF254	11
ZNF264	11
ZNF286A	11
ZNF311	11
ZNF317	11
ZNF354B	11
ZNF384	11
ZNF415	11
ZNF417	11
ZNF430	11
ZNF439	11
ZNF510	11
ZNF562	11
ZNF570	11
ZNF577	11
ZNF605	11
ZNF606	11
ZNF618	11
ZNF625	11
ZNF628	11
ZNF652	11
ZNF660	11
ZNF680	11
ZNF689	11
ZNF701	11
ZNF704	11
ZNF773	11
ZNF775	11
ZNF780B	11
ZNF813	11
ZP2	11
ZSCAN5B	11
ZYG11B	11
AACS	10
AADAC	10
AADACL2	10
AAK1	10
ABCD4	10
ABCG1	10
AC013489.1	10
ACAD9	10
ACAP3	10
ACOX3	10
ACOXL	10
ACSF3	10
ACSM5	10
ACTB	10
ACTR1B	10
ADAM33	10
ADD1	10
ADGRA1	10
ADSL	10
ADSS1	10
AGTR2	10
AHCYL1	10
AHCYL2	10
AL645922.1	10
ALDH18A1	10
ALDH3A1	10
ALDH4A1	10
ALG10B	10
ALLC	10
ALOX15B	10
ALPI	10
AMHR2	10
AMIGO2	10
AMZ1	10
ANAPC2	10
ANGEL1	10
ANKLE2	10
ANKRD6	10
ANO1	10
AP002512.3	10
AP002748.5	10
AP1G1	10
AP1S1	10
APC2	10
APLNR	10
APMAP	10
ARHGAP19	10
ARHGEF4	10
ARID5A	10
ARSA	10
ARSL	10
ART5	10
ASTE1	10
ATAT1	10
ATP13A1	10
ATPSCKMT	10
B3GNT2	10
B4GALT3	10
BAIAP3	10
BBS7	10
BCAT1	10
BLZF1	10
BMERB1	10
BMP2K	10
BNIP5	10
BPIFB4	10
BTBD16	10
BTK	10
C4BPA	10
C5orf34	10
C9orf131	10
C9orf43	10
CABYR	10
CACNB1	10
CACNG2	10
CAPSL	10
CASP4	10
CATSPER3	10
CATSPER4	10
CAVIN1	10
CAVIN2	10
CAVIN4	10
CBX6	10
CC2D2B	10
CCDC105	10
CCDC112	10
CCDC120	10
CCDC125	10
CCDC157	10
CCDC8	10
CCDC96	10
CCKAR	10
CCR7	10
CCT6B	10
CD2AP	10
CD2BP2	10
CD96	10
CDC16	10
CDC23	10
CDC25C	10
CDH5	10
CDHR1	10
CDK16	10
CDK8	10
CDKL2	10
CELF2	10
CEP57	10
CEP97	10
CFAP20DC	10
CFAP77	10
CHD1L	10
CHEK1	10
CHML	10
CHPF	10
CHRDL2	10
CHRNA3	10
CHRNB1	10
CHST6	10
CLCN7	10
CLDN18	10
CLEC4D	10
CLINT1	10
CLK1	10
CLPTM1	10
CMAS	10
CNDP2	10
CNGA4	10
CNOT3	10
COL9A3	10
COLQ	10
COP1	10
COPS2	10
COQ8A	10
COX10	10
CPEB3	10
CPNE2	10
CREB3	10
CREB5	10
CRHR2	10
CRISP1	10
CRPPA	10
CRY1	10
CRYGA	10
CSNK1D	10
CSNK1E	10
CSRNP1	10
CX3CR1	10
CXCR2	10
CXorf66	10
CYP1A1	10
CYP26A1	10
CYP26B1	10
CYP2F1	10
CYP2R1	10
CYP3A7	10
CYP4A22	10
DAPK3	10
DBF4	10
DBH	10
DBT	10
DCAF11	10
DCBLD2	10
DCDC2	10
DCLRE1A	10
DDIAS	10
DDX4	10
DDX55	10
DHODH	10
DHX33	10
DKK4	10
DLD	10
DLG1	10
DLG4	10
DMRT3	10
DNAJC11	10
DNAJC21	10
DNAJC3	10
DNAJC6	10
DNM1L	10
DOK7	10
DPEP2	10
DSTN	10
DTL	10
DYM	10
EDAR	10
EFTUD2	10
EHBP1L1	10
EHD1	10
EHD4	10
EID3	10
EIF2B5	10
EIF3J	10
ELK3	10
ELL3	10
ELOA	10
ELOVL2	10
ELP2	10
EMID1	10
EML3	10
EPC1	10
ERAP2	10
ERRFI1	10
ESYT1	10
EVX2	10
EXOC2	10
EXOC3	10
EXOC8	10
F11	10
FAAP100	10
FAF1	10
FAM111B	10
FAM124A	10
FAM160B2	10
FAM83G	10
FAM98A	10
FAR2	10
FBP2	10
FBXL5	10
FBXO41	10
FBXO42	10
FBXO47	10
FCHO1	10
FCN2	10
FEZ1	10
FGD3	10
FGF12	10
FGF23	10
FIP1L1	10
FKTN	10
FLI1	10
FMN1	10
FMO1	10
FMO2	10
FOXP4	10
FOXRED2	10
FRRS1L	10
FRS3	10
FSD1	10
FTMT	10
FUT8	10
FZD9	10
G6PD	10
GAB1	10
GALNT11	10
GALR1	10
GARRE1	10
GAS2L2	10
GAS2L3	10
GATA1	10
GBP3	10
GCK	10
GCNT1	10
GDAP2	10
GDPD2	10
GEMIN4	10
GFPT1	10
GFRA2	10
GJB3	10
GLB1	10
GLIPR1	10
GLRX3	10
GMIP	10
GML	10
GMPPA	10
GNA14	10
GNAO1	10
GNAQ	10
GNAZ	10
GNRHR	10
GORASP1	10
GPBP1	10
GPC4	10
GPM6A	10
GPR155	10
GPR171	10
GPR6	10
GRAMD1A	10
GREM2	10
GRIN2D	10
GRK5	10
GRK6	10
GRN	10
GRXCR1	10
GSDMC	10
GSPT2	10
GTF2F1	10
H1-2	10
HADHA	10
HASPIN	10
HAVCR2	10
HDGF	10
HEATR9	10
HECTD3	10
HIPK3	10
HJV	10
HLA-C	10
HLF	10
HMGCR	10
HMX2	10
HNF1B	10
HNF4A	10
HNRNPAB	10
HOOK2	10
HOXB3	10
HPS1	10
HS3ST2	10
HS6ST2	10
HSD17B2	10
HSD3B1	10
HTR2A	10
HTR3B	10
HTRA1	10
HYAL4	10
IFIT1	10
IGF2	10
IGHE	10
IHH	10
IHO1	10
IL17RA	10
IL20RA	10
IL5RA	10
IMPDH2	10
INCENP	10
INO80E	10
INSL6	10
INSYN2A	10
IP6K3	10
IQCB1	10
IRX3	10
IRX5	10
ISG20L2	10
ISLR	10
ITCH	10
ITGA2	10
ITGBL1	10
JAML	10
JMY	10
JPH2	10
KATNAL1	10
KBTBD12	10
KBTBD8	10
KCNAB3	10
KCNJ1	10
KCNJ2	10
KCNK9	10
KCNN2	10
KCNS1	10
KCTD16	10
KDM1B	10
KDM3A	10
KDM4C	10
KERA	10
KIAA1841	10
KIAA1958	10
KIF23	10
KIFC1	10
KIR2DL1	10
KIR3DL2	10
KIR3DL3	10
KLF8	10
KLHL3	10
KLHL31	10
KLHL7	10
KPNA4	10
KRI1	10
KRR1	10
KRT10	10
KRT33B	10
KRTAP24-1	10
KYAT3	10
LACTB	10
LCMT2	10
LDHAL6B	10
LDLRAD3	10
LDOC1	10
LEF1	10
LGALS4	10
LGI1	10
LGSN	10
LHX9	10
LILRA4	10
LIX1	10
LMAN1	10
LMNTD1	10
LMOD2	10
LONP1	10
LONP2	10
LONRF3	10
LPCAT1	10
LPCAT4	10
LPIN2	10
LRIF1	10
LRRC18	10
LRRC30	10
LRRC37B	10
LRRC40	10
LRRC4B	10
LRRC8A	10
LRRC8C	10
LRRC8E	10
LSP1	10
LSS	10
MACROD2	10
MAGEB4	10
MAN1A2	10
MAN2B2	10
MAP4K5	10
MAP6	10
MARCHF6	10
MARCHF7	10
MAU2	10
MBOAT1	10
MCMDC2	10
ME2	10
MEAK7	10
MED16	10
MEP1A	10
METTL6	10
MFAP3L	10
MFSD2A	10
MIB2	10
MMD2	10
MMEL1	10
MMP10	10
MOG	10
MPHOSPH10	10
MPP3	10
MRAP2	10
MRGPRX2	10
MRPL39	10
MSC	10
MSL2	10
MTMR11	10
MTMR7	10
MTPAP	10
MTRR	10
MX2	10
MYBL2	10
MYO1C	10
MYPOP	10
MYRF	10
MZF1	10
NADSYN1	10
NAF1	10
NASP	10
NCOA4	10
NCSTN	10
NEIL1	10
NEK3	10
NET1	10
NMT1	10
NOC3L	10
NOD1	10
NOP56	10
NOX5	10
NPSR1	10
NR1D1	10
NR1H3	10
NR1H4	10
NSFL1C	10
NT5DC3	10
NTN1	10
NTRK1	10
NUMB	10
NUP88	10
NYX	10
OBI1	10
ODF3L2	10
OGFRL1	10
OOEP	10
OR10T2	10
OR12D2	10
OR13C4	10
OR13D1	10
OR13F1	10
OR14K1	10
OR1A2	10
OR1G1	10
OR1L1	10
OR2G6	10
OR2L2	10
OR2W3	10
OR4C46	10
OR4D5	10
OR4S1	10
OR4X1	10
OR51B2	10
OR51V1	10
OR5L2	10
OR5M3	10
OR5M8	10
OR6C68	10
OR6M1	10
OR6T1	10
OR8H3	10
OVGP1	10
OXA1L	10
OXSM	10
P2RY13	10
P2RY4	10
P3H2	10
P4HB	10
PACRG	10
PACS1	10
PADI3	10
PAF1	10
PAK1	10
PANK1	10
PARP10	10
PARPBP	10
PBXIP1	10
PCED1B	10
PCGF2	10
PCMTD1	10
PCSK6	10
PCYT1B	10
PDE6B	10
PDE7A	10
PDIA5	10
PELI3	10
PER2	10
PEX6	10
PGAP1	10
PGAP4	10
PGAP6	10
PGBD1	10
PHF1	10
PHOX2B	10
PHTF2	10
PIGB	10
PINK1	10
PIPOX	10
PKD1L2	10
PKNOX2	10
PLA2G4D	10
PLA2G4F	10
PLA2G7	10
PLEKHA2	10
PLEKHG3	10
PLEKHH3	10
PMFBP1	10
POF1B	10
POMGNT1	10
PON3	10
PPARA	10
PPIL4	10
PPM1A	10
PPM1D	10
PPP2R2A	10
PPP2R3B	10
PPP3CA	10
PRAMEF12	10
PRAMEF18	10
PRDM14	10
PRKACG	10
PRLR	10
PRMT7	10
PRR23B	10
PSG7	10
PTER	10
PTGS1	10
PTPRE	10
PWWP3A	10
QRSL1	10
RABGEF1	10
RABGGTB	10
RAD18	10
RALBP1	10
RANBP3	10
RASGEF1B	10
RASGRP1	10
RBMS3	10
RBSN	10
RCOR3	10
RELA	10
REM1	10
RGL1	10
RGS14	10
RIPOR2	10
RIT2	10
RNF168	10
RNF19A	10
RNF8	10
RPA1	10
RPS6KA3	10
RPS6KA5	10
RSBN1	10
RSBN1L	10
RTF1	10
RTL1	10
RTP5	10
RUVBL1	10
RWDD2B	10
S1PR5	10
SAXO2	10
SC5D	10
SCARB2	10
SCG3	10
SCML4	10
SCNN1B	10
SCUBE1	10
SEC16B	10
SELL	10
SEMA4B	10
SEPTIN4	10
SERPINB10	10
SERPINB13	10
SERPINB7	10
SERPINE1	10
SF3B4	10
SGCD	10
SGCE	10
SH3BP2	10
SH3KBP1	10
SHE	10
SHKBP1	10
SHTN1	10
SIGLEC7	10
SIRPA	10
SKA3	10
SLC11A2	10
SLC14A1	10
SLC16A12	10
SLC17A1	10
SLC17A8	10
SLC18A1	10
SLC22A13	10
SLC22A2	10
SLC22A3	10
SLC24A4	10
SLC27A2	10
SLC28A1	10
SLC2A10	10
SLC2A2	10
SLC2A4	10
SLC37A2	10
SLC38A6	10
SLC39A7	10
SLC44A2	10
SLC45A2	10
SLC6A17	10
SLC9A8	10
SLMAP	10
SMARCD1	10
SMOC1	10
SNAP47	10
SNAPC1	10
SNX15	10
SOX13	10
SPANXN2	10
SPARC	10
SPEM2	10
SPOCD1	10
SPTLC1	10
SRBD1	10
SRPK3	10
SSRP1	10
STK39	10
STK4	10
STRA8	10
STRBP	10
STRN	10
STX11	10
STXBP3	10
SULT6B1	10
SUN1	10
SUN3	10
SUPT20HL1	10
SUPT20HL2	10
SYBU	10
SYK	10
SYN1	10
SYT12	10
SYT14	10
TAAR6	10
TACC1	10
TAF6L	10
TAP1	10
TARBP1	10
TARS1	10
TAS2R1	10
TBC1D12	10
TBC1D15	10
TBC1D2	10
TBCCD1	10
TBRG4	10
TBX22	10
TCHHL1	10
TCP11	10
TDRKH	10
TDRP	10
TELO2	10
TFDP1	10
TFE3	10
TFRC	10
TGM1	10
THNSL1	10
THYN1	10
TIGD2	10
TIGD7	10
TINAG	10
TLCD3B	10
TLK1	10
TLK2	10
TMCC1	10
TMCC2	10
TMEFF2	10
TMEM117	10
TMEM175	10
TMEM26	10
TMEM39A	10
TMPRSS11B	10
TMPRSS7	10
TMTC4	10
TMX3	10
TNFRSF10A	10
TNFRSF11B	10
TNK1	10
TOP3B	10
TRABD	10
TRAF2	10
TRAF3IP2	10
TRAM1	10
TRIB2	10
TRIM23	10
TRIM4	10
TRIM49	10
TRIM50	10
TRIM54	10
TRMT12	10
TSBP1	10
TSKS	10
TSNAXIP1	10
TSPYL4	10
TTC23L	10
TTC27	10
TTC39A	10
TTC7B	10
TTLL9	10
TUBB2A	10
TULP1	10
TUT1	10
TWNK	10
TYRO3	10
UBA7	10
UBAP2	10
UBQLN1	10
UBXN7	10
UHRF1	10
UNC13D	10
UNKL	10
USP4	10
USPL1	10
UTP14C	10
VAV2	10
VCP	10
VGLL3	10
VIL1	10
VIPR2	10
VN1R5	10
VPS18	10
VPS33B	10
VPS35L	10
WDR1	10
WDR91	10
WFIKKN2	10
WT1	10
XIAP	10
XK	10
XPOT	10
XRCC4	10
ZBTB18	10
ZBTB7B	10
ZDHHC14	10
ZFP36L1	10
ZFX	10
ZNF10	10
ZNF133	10
ZNF134	10
ZNF136	10
ZNF141	10
ZNF160	10
ZNF189	10
ZNF224	10
ZNF235	10
ZNF24	10
ZNF280A	10
ZNF280C	10
ZNF281	10
ZNF285	10
ZNF287	10
ZNF30	10
ZNF300	10
ZNF330	10
ZNF333	10
ZNF391	10
ZNF480	10
ZNF496	10
ZNF513	10
ZNF514	10
ZNF526	10
ZNF534	10
ZNF548	10
ZNF554	10
ZNF586	10
ZNF599	10
ZNF623	10
ZNF624	10
ZNF649	10
ZNF654	10
ZNF678	10
ZNF750	10
ZNF763	10
ZNF765	10
ZNF768	10
ZNF772	10
ZNF782	10
ZNF839	10
ZNF846	10
ZNF92	10
ZPBP	10
ZRANB2	10
ZSCAN18	10
ZSCAN2	10
ZSCAN4	10
ZSCAN5A	10
ABAT	9
ABCB10	9
ABCB7	9
ABCG5	9
ABCG8	9
ABT1	9
ABTB2	9
AC090517.4	9
ACADL	9
ACADM	9
ACAP2	9
ACO1	9
ACOT7	9
ACSL1	9
ACSL5	9
ACSM2B	9
ACTBL2	9
ACTG2	9
ACTL6A	9
ACTL6B	9
ACTRT2	9
ACVR1C	9
ADHFE1	9
ADRB2	9
AFAP1L2	9
AFG3L2	9
AGBL4	9
AGFG1	9
AGMAT	9
AGPAT4	9
AGXT2	9
AHSG	9
AJM1	9
AKAP8	9
ALDH6A1	9
ALDH8A1	9
ALPP	9
AMIGO1	9
AMMECR1L	9
AMY2B	9
ANAPC5	9
ANGPTL5	9
ANKEF1	9
ANKLE1	9
ANKMY2	9
ANKRD24	9
ANKRD34A	9
ANKZF1	9
ANO9	9
ANXA1	9
AP2M1	9
AP3M2	9
AP4B1	9
APCDD1	9
APEH	9
APOA4	9
APOA5	9
APOBEC3G	9
ARFGAP3	9
ARHGAP12	9
ARHGAP26	9
ARL13B	9
ARMCX2	9
ARMH3	9
ARMT1	9
ARRDC3	9
ARSD	9
ASB11	9
ASB2	9
ASCC2	9
ASH2L	9
ASPN	9
ATE1	9
ATOH1	9
ATP5F1A	9
AWAT2	9
B3GLCT	9
B4GALNT2	9
B4GAT1	9
BAG3	9
BCAN	9
BCKDK	9
BCL11B	9
BCL6B	9
BEND4	9
BEST1	9
BGN	9
BMP4	9
BOP1	9
BRF2	9
BTBD10	9
BTN1A1	9
BTN2A1	9
BTN3A3	9
BTNL3	9
BTNL8	9
C12orf50	9
C17orf97	9
C1RL	9
C1orf127	9
C1orf141	9
C21orf58	9
C2CD2	9
C2orf42	9
CA2	9
CA3	9
CACNG5	9
CACTIN	9
CACUL1	9
CALR3	9
CAMK2B	9
CAMKV	9
CAPN10	9
CARD14	9
CASQ2	9
CBFA2T2	9
CBLIF	9
CCDC168	9
CCDC172	9
CCDC34	9
CCDC38	9
CCDC50	9
CCDC57	9
CCDC6	9
CCDC77	9
CCDC81	9
CCIN	9
CCNF	9
CCR5	9
CCZ1	9
CD19	9
CD200R1	9
CD244	9
CD276	9
CD300LG	9
CD40	9
CD70	9
CDC25A	9
CDC40	9
CDC45	9
CDH24	9
CDH26	9
CDKL4	9
CDRT15	9
CEACAM18	9
CEACAM5	9
CENPI	9
CEP55	9
CEP68	9
CEP72	9
CER1	9
CETP	9
CFAP57	9
CHAMP1	9
CHFR	9
CHIA	9
CHPF2	9
CHRM4	9
CHRNA1	9
CHRNA2	9
CHRNA5	9
CHRND	9
CHST5	9
CKAP2L	9
CKMT2	9
CLCC1	9
CLCN5	9
CLDN8	9
CLEC4C	9
CLIC6	9
CLU	9
CLUAP1	9
CMIP	9
CMTR2	9
CNN1	9
CNOT11	9
CNOT7	9
CNOT9	9
CNTFR	9
CPB1	9
CPNE3	9
CPNE9	9
CPO	9
CRBN	9
CREB3L1	9
CRTC2	9
CSAD	9
CSPG5	9
CST1	9
CTBP1	9
CXADR	9
CXCR1	9
CXCR4	9
CXorf58	9
CYB5R4	9
CYC1	9
CYP11A1	9
CYP11B2	9
CYP19A1	9
CYP1A2	9
CYP27B1	9
CYP2W1	9
CYP3A43	9
CYP4A11	9
CYP4F2	9
CYP8B1	9
DBN1	9
DBR1	9
DCLRE1C	9
DCN	9
DCTN2	9
DDX1	9
DDX10	9
DDX19A	9
DDX39B	9
DEAF1	9
DENND2D	9
DEPDC7	9
DGKG	9
DHX40	9
DHX58	9
DKK1	9
DLGAP5	9
DMTN	9
DNAJA1	9
DNAJB7	9
DNAJC2	9
DNAJC5B	9
DNPEP	9
DOK6	9
DPF2	9
DPPA2	9
DPY19L1	9
DPY19L3	9
DPYSL3	9
DRD1	9
DUXA	9
DVL3	9
DYNC1LI1	9
DYNC2LI1	9
DYRK4	9
E2F5	9
ECSIT	9
EDEM2	9
EDNRA	9
EFCAB12	9
EFCAB3	9
EFCAB7	9
EIF3E	9
ELF5	9
EMB	9
EME1	9
EML2	9
ENOX1	9
ENTPD3	9
ENTPD8	9
ENTR1	9
EPHA1	9
EPHX4	9
EPS15L1	9
ERMARD	9
ERMN	9
ESRRB	9
EVI5L	9
EWSR1	9
EXOC3L2	9
F7	9
FADS3	9
FAM102A	9
FAM171A1	9
FAM181A	9
FAM189B	9
FAM234B	9
FAM83D	9
FAM9B	9
FANCC	9
FANCL	9
FARS2	9
FARSA	9
FASTKD2	9
FBL	9
FBXL19	9
FBXL3	9
FBXL4	9
FCRL1	9
FCRL4	9
FERMT3	9
FES	9
FGF10	9
FGL1	9
FIGNL1	9
FIZ1	9
FKBPL	9
FMOD	9
FOXL1	9
FOXO1	9
FOXO3	9
FOXS1	9
FPR1	9
FSCN2	9
FSIP1	9
FSTL1	9
FUT2	9
FZD1	9
GABRE	9
GALNT10	9
GALNT6	9
GAP43	9
GAS7	9
GATAD2B	9
GATB	9
GCM2	9
GDF3	9
GEM	9
GEN1	9
GFM2	9
GGA3	9
GIMAP4	9
GIPC3	9
GJB1	9
GLRA1	9
GMEB1	9
GNAT1	9
GNL1	9
GNL2	9
GOLIM4	9
GOT1	9
GP1BA	9
GPBP1L1	9
GPC1	9
GPC2	9
GPCPD1	9
GPNMB	9
GPR141	9
GPR142	9
GPR15	9
GPR160	9
GPR180	9
GPR20	9
GPR37L1	9
GPRC5C	9
GPRIN3	9
GPT	9
GRAMD4	9
GRK2	9
GSK3A	9
GTF2IRD2B	9
GTPBP3	9
GUSB	9
GZMK	9
HAS2	9
HAUS5	9
HCN3	9
HDGFL1	9
HEATR6	9
HESX1	9
HEXB	9
HGS	9
HGSNAT	9
HHAT	9
HJURP	9
HLA-G	9
HNRNPF	9
HNRNPH1	9
HNRNPM	9
HOOK1	9
HORMAD1	9
HOXA6	9
HOXD1	9
HOXD10	9
HOXD4	9
HPS5	9
HS3ST5	9
HS6ST1	9
HSP90AA1	9
HSPA4	9
HSPH1	9
HTR1F	9
HTR2B	9
HTRA3	9
HVCN1	9
IDO2	9
IFI44L	9
IFIT1B	9
IFRD2	9
IGBP1P2	9
IGF2BP3	9
IGHG1	9
IGHG3	9
IGHMBP2	9
IGHV3-20	9
IGSF21	9
IKZF3	9
IL17RB	9
IL26	9
INAVA	9
INPP5A	9
INPP5J	9
INTS10	9
INTS11	9
INTS3	9
IP6K2	9
IRAK2	9
IRAK4	9
IRS2	9
ISYNA1	9
ITPRIP	9
IWS1	9
KANSL2	9
KBTBD4	9
KCNIP1	9
KCNJ16	9
KCNK2	9
KCNN1	9
KCTD20	9
KHNYN	9
KIAA0895	9
KIFC2	9
KLB	9
KLC4	9
KLHDC8B	9
KLHL26	9
KLHL8	9
KLK4	9
KPNA1	9
KRBA1	9
KRT17	9
KRT27	9
KRT28	9
KRT32	9
KRT38	9
KRT76	9
KRT78	9
L3MBTL2	9
LAD1	9
LCTL	9
LDB1	9
LDLR	9
LGR6	9
LHPP	9
LIAS	9
LILRA1	9
LINGO4	9
LMF1	9
LMOD3	9
LMX1A	9
LNPK	9
LPAR1	9
LPL	9
LRFN4	9
LRRC15	9
LRRC43	9
LRRC71	9
LRRC8D	9
LRTM1	9
LSAMP	9
LTK	9
MAGEB6	9
MAML2	9
MAN1B1	9
MAN1C1	9
MANBA	9
MANEAL	9
MAP2K2	9
MAP3K7	9
MAT1A	9
MC3R	9
MDM4	9
MEF2A	9
METAP2	9
METTL3	9
MFN2	9
MFSD11	9
MFSD5	9
MFSD6	9
MGAT4B	9
MINPP1	9
MIPEP	9
MLLT3	9
MMP11	9
MMP15	9
MMP21	9
MMP7	9
MOK	9
MOXD1	9
MPP1	9
MSLN	9
MSLNL	9
MST1	9
MTHFD1	9
MTMR10	9
MTMR2	9
MTMR8	9
MTMR9	9
MTX3	9
MUC13	9
MUC20	9
MUC21	9
MUL1	9
MYC	9
MYCT1	9
MYF5	9
MYOD1	9
MYOZ1	9
NADK	9
NAGPA	9
NAIF1	9
NAP1L1	9
NAXD	9
NBPF11	9
NBR1	9
NCAPH	9
NCDN	9
NCOA7	9
NDOR1	9
NECAB3	9
NEFH	9
NELFB	9
NETO2	9
NEU1	9
NFIC	9
NFIL3	9
NHLRC2	9
NKX2-2	9
NLRP6	9
NMD3	9
NOLC1	9
NOP9	9
NPAS2	9
NPR3	9
NR5A1	9
NSF	9
NSL1	9
NSRP1	9
NTAN1	9
NUP160	9
NUP42	9
NXPE4	9
OLAH	9
OLFM3	9
OLFM4	9
OLFML3	9
ONECUT2	9
OPN4	9
OPRL1	9
OR10A6	9
OR10C1	9
OR10J1	9
OR10J3	9
OR10J5	9
OR10P1	9
OR1J1	9
OR2A14	9
OR2B11	9
OR2T10	9
OR2T2	9
OR2T27	9
OR3A1	9
OR4K2	9
OR51A4	9
OR51A7	9
OR51B5	9
OR51I2	9
OR51T1	9
OR52H1	9
OR52I2	9
OR52J3	9
OR56A1	9
OR56A3	9
OR5AR1	9
OR5AS1	9
OR5D16	9
OR5H1	9
OR6C65	9
OR6F1	9
OR7G2	9
OR8G2P	9
ORC5	9
OSBPL9	9
OSCP1	9
OSGEPL1	9
OTUD6B	9
OVCH2	9
OXER1	9
OXSR1	9
P2RY10	9
PABPC1L	9
PACSIN2	9
PAK2	9
PAX4	9
PAX7	9
PBX2	9
PCSK2	9
PCSK4	9
PDE7B	9
PDIA2	9
PDK2	9
PDLIM1	9
PDP1	9
PFKL	9
PGLYRP4	9
PHF10	9
PHF8	9
PHYHIPL	9
PIANP	9
PIGK	9
PIH1D1	9
PIK3AP1	9
PIP4P2	9
PIP5K1A	9
PLA2G4C	9
PLA2G4E	9
PLCD3	9
PLEKHG4	9
PLEKHG5	9
PLK2	9
PLOD1	9
PNPLA3	9
PODXL	9
POFUT2	9
POLD3	9
POTED	9
POU1F1	9
PPAN-P2RY11	9
PPP1R18	9
PPP1R32	9
PPP1R36	9
PPP2R5A	9
PRAME	9
PRAMEF14	9
PRAMEF2	9
PRCC	9
PRDM13	9
PRF1	9
PRICKLE3	9
PRIMPOL	9
PRKAG2	9
PRMT8	9
PRMT9	9
PROKR2	9
PROSER3	9
PRRG3	9
PSAP	9
PSEN2	9
PSG2	9
PSG8	9
PSKH2	9
PSMC5	9
PTCD1	9
PTPN6	9
PTPN9	9
PTPRA	9
PYGO2	9
QSOX1	9
QSOX2	9
RAB3GAP1	9
RABL6	9
RAG2	9
RAI2	9
RALGPS2	9
RALYL	9
RARA	9
RARG	9
RASGEF1A	9
RASSF9	9
RBM14	9
RBM45	9
RBM47	9
RCN3	9
RECQL	9
RECQL4	9
RFTN2	9
RGL4	9
RGS2	9
RGS21	9
RHOA	9
RNF112	9
ROPN1B	9
RP2	9
RPL3L	9
RRAGB	9
RRNAD1	9
RRP9	9
RSAD2	9
SAG	9
SAMD14	9
SAMD3	9
SAMD7	9
SAMSN1	9
SASH3	9
SATL1	9
SCIN	9
SCRN1	9
SCYL1	9
SDC2	9
SEC14L3	9
SEC14L4	9
SERPINA10	9
SERPINA12	9
SERPINA7	9
SERPINB12	9
SESN3	9
SF3A1	9
SF3B2	9
SFMBT1	9
SFXN2	9
SGCB	9
SGCG	9
SGSM3	9
SH3D21	9
SH3RF1	9
SHCBP1	9
SHQ1	9
SIAE	9
SIAH3	9
SIRT4	9
SKOR1	9
SLAMF1	9
SLC10A5	9
SLC13A2	9
SLC13A4	9
SLC17A4	9
SLC17A7	9
SLC23A3	9
SLC25A17	9
SLC25A2	9
SLC25A23	9
SLC25A28	9
SLC25A32	9
SLC26A11	9
SLC28A2	9
SLC29A4	9
SLC2A5	9
SLC2A8	9
SLC34A1	9
SLC35F4	9
SLC35G3	9
SLC37A1	9
SLC38A10	9
SLC38A11	9
SLC39A5	9
SLC41A3	9
SLC45A3	9
SLC5A10	9
SLC5A12	9
SLC6A4	9
SLC7A1	9
SLC7A9	9
SLC9B1	9
SLF1	9
SLFNL1	9
SLU7	9
SMAD9	9
SMARCD3	9
SMC6	9
SNIP1	9
SNRPN	9
SNX27	9
SNX32	9
SOCS6	9
SP4	9
SPATA1	9
SPATS2	9
SPIN1	9
SPRED1	9
SPRED2	9
SRL	9
SRSF11	9
SRSF4	9
SRSF5	9
SRSF6	9
SRSF7	9
SSTR1	9
SSX2IP	9
ST3GAL6	9
ST8SIA1	9
ST8SIA5	9
STEAP2	9
STK11IP	9
STK24	9
STKLD1	9
STRIP1	9
STXBP2	9
STXBP4	9
SULT1E1	9
SUOX	9
SUZ12	9
SYPL2	9
SYT10	9
SYT6	9
SYTL2	9
TAAR5	9
TAF15	9
TANGO6	9
TAS2R38	9
TASP1	9
TAT	9
TBC1D10A	9
TBC1D2B	9
TBL1X	9
TBL2	9
TCAIM	9
TCEA2	9
TCEANC	9
TCFL5	9
TCTN2	9
TCTN3	9
TDRD15	9
TEC	9
TEPSIN	9
TEX13A	9
TFB1M	9
TFPI	9
TGIF2LX	9
TGS1	9
THOP1	9
THSD1	9
TIGD3	9
TIMD4	9
TINAGL1	9
TLX1	9
TM4SF4	9
TMC6	9
TMEM130	9
TMEM161B	9
TMEM185A	9
TMEM25	9
TMEM67	9
TMEM79	9
TMPRSS2	9
TMPRSS3	9
TNFRSF21	9
TNFRSF8	9
TNFSF13B	9
TOMM70	9
TOP1MT	9
TOX3	9
TPH2	9
TPMT	9
TPP1	9
TPSD1	9
TRAF5	9
TRIL	9
TRIM25	9
TRIM32	9
TRIM58	9
TRIM6-TRIM34	9
TRMT1L	9
TRMT6	9
TRMU	9
TRPM5	9
TRUB1	9
TSPAN19	9
TSR1	9
TTC6	9
TTLL1	9
TTLL3	9
TTLL6	9
TTYH3	9
TUBA4A	9
TUBAL3	9
TUBGCP4	9
TUFM	9
TXNDC11	9
UBA1	9
UBE2NL	9
UBE2Q1	9
UBTF	9
UGT1A9	9
UNC5CL	9
UPK1B	9
USH1C	9
USO1	9
USP16	9
USP36	9
UTP14A	9
UVRAG	9
UVSSA	9
VASN	9
VGLL4	9
VPS37B	9
VPS45	9
VRK1	9
WARS2	9
WASF1	9
WDR37	9
WDR5B	9
WDR93	9
WDSUB1	9
WIPI2	9
WNT11	9
WNT3A	9
WSCD1	9
XCR1	9
XYLT1	9
YARS2	9
ZADH2	9
ZBED8	9
ZBTB26	9
ZBTB48	9
ZC2HC1C	9
ZC3H15	9
ZC3HC1	9
ZCCHC12	9
ZDHHC15	9
ZDHHC17	9
ZFAND4	9
ZFYVE1	9
ZHX1	9
ZMAT4	9
ZMIZ2	9
ZNF121	9
ZNF17	9
ZNF181	9
ZNF23	9
ZNF233	9
ZNF275	9
ZNF280B	9
ZNF408	9
ZNF41	9
ZNF438	9
ZNF440	9
ZNF449	9
ZNF460	9
ZNF502	9
ZNF563	9
ZNF622	9
ZNF669	9
ZNF683	9
ZNF718	9
ZNF766	9
ZNF776	9
ZNF786	9
ZNF789	9
ZNF816	9
ZNF821	9
ZNF875	9
ZSWIM3	9
ZUP1	9
ZXDB	9
A4GALT	8
A4GNT	8
ABCE1	8
ABCF1	8
ABHD16A	8
ABHD18	8
ABLIM1	8
AC008397.2	8
AC126283.2	8
ACBD5	8
ACER1	8
ACKR4	8
ACMSD	8
ACO2	8
ACOX1	8
ACP2	8
ACSL4	8
ACSL6	8
ACSM3	8
ACTR5	8
ACVR1	8
ADCYAP1R1	8
ADGRF2	8
ADH1C	8
ADORA2A	8
AGMO	8
AGPAT1	8
AHCY	8
AICDA	8
AIDA	8
AIFM3	8
AKAP17A	8
AKR1B15	8
ALCAM	8
ALDOB	8
ALG5	8
AMACR	8
ANAPC4	8
ANAPC7	8
ANKRD1	8
ANKRD36B	8
ANKRD53	8
ANXA7	8
AOPEP	8
APBA3	8
API5	8
APOBEC1	8
AQP2	8
AQP9	8
ARFGAP2	8
ARHGEF19	8
ARHGEF37	8
ARID3C	8
ARL11	8
ARL14EP	8
ARMC5	8
ARMC8	8
ARMC9	8
ARSI	8
ART1	8
ASAH1	8
ASB17	8
ASB3	8
ASB7	8
ASIC1	8
ASPG	8
ASTL	8
ATAD3A	8
ATF6B	8
ATF7IP2	8
ATG5	8
ATP1B2	8
ATP5F1C	8
ATP6AP2	8
ATP6V0A1	8
ATP6V0A2	8
ATP6V1H	8
ATXN7L3	8
AVPR2	8
AWAT1	8
B3GALNT1	8
B3GALT2	8
B3GNT7	8
BAP1	8
BBOX1	8
BEST2	8
BEST4	8
BFSP1	8
BFSP2	8
BHLHE22	8
BIRC2	8
BLMH	8
BPIFA3	8
BPIFC	8
BRS3	8
BTBD3	8
BTBD8	8
BTNL9	8
BUB1B	8
C1GALT1C1L	8
C1QTNF3	8
C1orf100	8
C1orf87	8
C1orf94	8
C22orf23	8
C6orf15	8
C7orf33	8
C9orf72	8
CA8	8
CABP4	8
CALCR	8
CALHM1	8
CALHM5	8
CAMK2D	8
CAMK4	8
CAPN12	8
CAPZA3	8
CAPZB	8
CARD9	8
CASP7	8
CAST	8
CATSPER2	8
CBLN3	8
CBX1	8
CBX3	8
CCDC185	8
CCDC27	8
CCDC42	8
CCDC60	8
CCDC74B	8
CCDC78	8
CCM2	8
CCN6	8
CCNK	8
CCNL2	8
CCR2	8
CCT3	8
CCT4	8
CD200R1L	8
CD34	8
CD40LG	8
CD84	8
CDADC1	8
CDK19	8
CDK20	8
CDKL3	8
CDNF	8
CDR2L	8
CDS2	8
CDX2	8
CELF3	8
CENPN	8
CERS6	8
CETN1	8
CFAP221	8
CFAP53	8
CFAP97	8
CFHR2	8
CH25H	8
CHEK2	8
CHGA	8
CHI3L2	8
CHN1	8
CHRM5	8
CHRNG	8
CHST8	8
CIR1	8
CKM	8
CLCNKA	8
CLCNKB	8
CLEC2B	8
CLPB	8
CLYBL	8
CMTM5	8
CNKSR3	8
CNOT6	8
CNOT8	8
CNPPD1	8
CNST	8
COG7	8
COG8	8
COL8A2	8
COPG1	8
COPS3	8
COQ2	8
COQ8B	8
COQ9	8
CORO1C	8
COX18	8
CPSF7	8
CR1L	8
CREBRF	8
CRISPLD2	8
CRNN	8
CROT	8
CRX	8
CRY2	8
CRYBB1	8
CSGALNACT1	8
CSK	8
CSNK1G2	8
CSNK2A1	8
CTAGE6	8
CTIF	8
CTPS1	8
CTPS2	8
CTSH	8
CUZD1	8
CWH43	8
CXCR5	8
CYP17A1	8
CYP24A1	8
CYP2E1	8
CYP3A4	8
CYP46A1	8
CYP4F11	8
CYP4F8	8
CYP4V2	8
CYTH3	8
DAPP1	8
DAZAP1	8
DCAF12	8
DCAF13	8
DCAF7	8
DCAKD	8
DCPS	8
DDX20	8
DDX6	8
DELE1	8
DEPTOR	8
DERA	8
DHRS7C	8
DHX32	8
DIO3	8
DIPK2B	8
DIRAS2	8
DMBX1	8
DMPK	8
DMRT2	8
DMTF1	8
DNAJA3	8
DNAJA4	8
DNAJB13	8
DNAJB5	8
DNAJC1	8
DNAJC22	8
DOLK	8
DPAGT1	8
DPF3	8
DPH5	8
DTNB	8
DTWD1	8
DTWD2	8
DTX3L	8
DVL1	8
EDN3	8
EFHD1	8
EFNB1	8
EIF3D	8
EIF4A2	8
ELAC2	8
ELAVL1	8
ELK1	8
ELMOD1	8
ELN	8
EMC7	8
EMD	8
EML6	8
EN1	8
ENAH	8
ENGASE	8
ENKUR	8
ENPP4	8
ENPP6	8
ENTPD2	8
EOGT	8
EPAS1	8
EPB42	8
EPM2AIP1	8
EPN2	8
ERGIC3	8
ERLIN2	8
ERN1	8
ERP27	8
ERVFRD-1	8
ESM1	8
ESRP2	8
ETS1	8
ETS2	8
EVL	8
EXD1	8
EXOC3L4	8
EXOC5	8
EXTL1	8
EYA2	8
EZH1	8
F10	8
FAAH2	8
FAHD2A	8
FAM107B	8
FAM114A2	8
FAM155B	8
FAM186A	8
FAM189A2	8
FAM199X	8
FAM200A	8
FAM217B	8
FAM50B	8
FAR1	8
FBXL17	8
FBXL2	8
FBXO22	8
FBXO28	8
FBXO48	8
FBXW5	8
FCHSD2	8
FCRL2	8
FDPS	8
FEM1A	8
FEM1B	8
FGFRL1	8
FKBP8	8
FLOT1	8
FLYWCH1	8
FNTB	8
FOLR3	8
FOXD4L1	8
FOXN1	8
FOXR1	8
FOXRED1	8
FPR3	8
FUT11	8
G3BP2	8
GAB3	8
GAL3ST2	8
GALK2	8
GALNS	8
GALNT12	8
GALNT16	8
GALNT18	8
GALT	8
GAS6	8
GBA3	8
GBP4	8
GCAT	8
GCM1	8
GDAP1	8
GDF9	8
GDPD4	8
GGT7	8
GHSR	8
GIN1	8
GJA3	8
GJA9	8
GK5	8
GLA	8
GLP2R	8
GLRA4	8
GLYR1	8
GMPR	8
GNA12	8
GNE	8
GOLM1	8
GPAM	8
GPR137B	8
GPR3	8
GPR31	8
GPR34	8
GPR45	8
GPR75	8
GPR78	8
GPRIN1	8
GRB7	8
GRIN3B	8
GRK4	8
GRSF1	8
GSTZ1	8
GSX2	8
GTF2E1	8
GTF2H1	8
GTPBP4	8
GTPBP8	8
H1-3	8
H1-5	8
H2AC20	8
H6PD	8
HABP2	8
HAGHL	8
HAL	8
HAP1	8
HAPLN4	8
HAVCR1	8
HCK	8
HCN2	8
HDAC2	8
HEMGN	8
HEXIM2	8
HFE	8
HHATL	8
HIRIP3	8
HLA-DPA1	8
HLA-DQA2	8
HLA-DRA	8
HMGCLL1	8
HMGCS2	8
HNRNPD	8
HOXA1	8
HOXA3	8
HOXD9	8
HP	8
HPS6	8
HSD17B14	8
HSF2	8
HSP90AB1	8
HSPA5	8
HSPD1	8
ICA1L	8
IDH1	8
IDH3G	8
IDO1	8
IFNAR1	8
IFNLR1	8
IGF2BP2	8
IGHG4	8
IGHV3OR16-8	8
IK	8
IKBIP	8
IL10RB	8
IL27RA	8
IL6	8
INPP5B	8
INPP5E	8
IPPK	8
IRGQ	8
ITGB5	8
ITPKC	8
JADE3	8
JPT2	8
KAT2A	8
KATNAL2	8
KATNBL1	8
KCNAB1	8
KCNC4	8
KCNE5	8
KCNJ10	8
KCNJ12	8
KCNJ13	8
KCNJ5	8
KCNJ6	8
KCNK1	8
KCNK5	8
KCNMB2	8
KCNRG	8
KDM4D	8
KHDRBS3	8
KIAA1614	8
KIF22	8
KIF2A	8
KIFBP	8
KLF5	8
KLHDC7A	8
KLHDC9	8
KLHL18	8
KLHL28	8
KLK12	8
KLK13	8
KRT12	8
KRT15	8
KRT35	8
KRT6B	8
KRTAP10-6	8
KRTAP10-7	8
KRTAP27-1	8
KRTAP6-2	8
KYNU	8
LAMP1	8
LANCL1	8
LAP3	8
LAS1L	8
LDB2	8
LDHAL6A	8
LEXM	8
LGI2	8
LHX5	8
LHX6	8
LIMD1	8
LIN54	8
LMBR1L	8
LMX1B	8
LOX	8
LPAR3	8
LPAR6	8
LRCH3	8
LRFN3	8
LRP2BP	8
LRP8	8
LRRC28	8
LRRC32	8
LRRC47	8
LRRC52	8
LRRC56	8
LRRC74A	8
LTBR	8
LTV1	8
LUC7L2	8
LUZP4	8
LY9	8
MAEA	8
MAGEA1	8
MAGEA11	8
MAGEB3	8
MAGIX	8
MAP2K3	8
MAP2K6	8
MAP3K20	8
MAP4K2	8
MAPK7	8
MAPK9	8
MARS2	8
MARVELD3	8
MATN1	8
MBNL1	8
MBNL2	8
MCM8	8
MCM9	8
MCMBP	8
MECP2	8
MED26	8
MEIS3	8
MEMO1	8
MEN1	8
METTL22	8
MEX3A	8
MEX3C	8
MFAP5	8
MFHAS1	8
MFSD12	8
MFSD13A	8
MFSD14B	8
MFSD2B	8
MFSD8	8
MICALL1	8
MID2	8
MIEF2	8
MKS1	8
MKX	8
MLC1	8
MLNR	8
MLXIPL	8
MMAA	8
MMP25	8
MMP27	8
MNT	8
MOCS3	8
MPPED2	8
MS4A1	8
MSH5	8
MSI1	8
MSR1	8
MTHFD2L	8
MUTYH	8
MXD3	8
MYB	8
MYOC	8
MYOG	8
MYOT	8
MYOZ2	8
NAAA	8
NAB1	8
NAB2	8
NACC1	8
NACC2	8
NAE1	8
NARS2	8
NBPF3	8
NCAPH2	8
NCEH1	8
NCK2	8
NDC80	8
NDNF	8
NDST1	8
NDUFA9	8
NDUFS2	8
NECAB1	8
NECTIN3	8
NEK11	8
NELFA	8
NFE2L2	8
NFKB2	8
NGFR	8
NIFK	8
NIPAL3	8
NKAP	8
NKRF	8
NKX6-2	8
NLE1	8
NME9	8
NOSIP	8
NOSTRIN	8
NOXRED1	8
NPHS2	8
NPLOC4	8
NPRL3	8
NR2C1	8
NR2F2	8
NR3C1	8
NRF1	8
NTSR2	8
NUAK2	8
NUDT12	8
NUDT13	8
NUP54	8
NUTM2F	8
NXF3	8
NXN	8
NXPE3	8
NXPH2	8
OGA	8
OIT3	8
OLIG3	8
ONECUT1	8
OR10R2	8
OR10S1	8
OR14I1	8
OR1B1	8
OR1E2	8
OR1J2	8
OR1L3	8
OR1L8	8
OR1M1	8
OR2A7	8
OR2AT4	8
OR2B6	8
OR2D2	8
OR2G3	8
OR2J3	8
OR2T4	8
OR2T8	8
OR51Q1	8
OR52L1	8
OR5AN1	8
OR5AP2	8
OR5B12	8
OR5B2	8
OR5D13	8
OR5H2	8
OR5T3	8
OR5V1	8
OR6B3	8
OR6C70	8
OR6Q1	8
OR6S1	8
OR6Y1	8
OR7A5	8
OR7D2	8
OR8I2	8
OR8K5	8
OR9G4	8
OR9K2	8
OSBP	8
OSGIN2	8
OSM	8
OTULIN	8
P2RX1	8
P2RX2	8
P2RX7	8
P2RY14	8
P3H1	8
PACC1	8
PAK6	8
PALD1	8
PARD6G	8
PARN	8
PARP3	8
PATZ1	8
PCGF1	8
PCK1	8
PCSK9	8
PDCD4	8
PDK1	8
PDLIM2	8
PDZD3	8
PEX2	8
PGLYRP2	8
PGS1	8
PHF13	8
PHF7	8
PHLDA1	8
PI4KB	8
PIAS2	8
PIDD1	8
PIK3R3	8
PIP4K2B	8
PKNOX1	8
PLA2G3	8
PLAA	8
PLCD4	8
PLCXD1	8
PLCXD3	8
PLD3	8
PLEKHA3	8
PLEKHN1	8
PLSCR4	8
PLVAP	8
PMEPA1	8
PNMA1	8
PNMT	8
POC1B	8
POLR1E	8
POMGNT2	8
PON2	8
POU2F2	8
POU4F3	8
PPARD	8
PPCS	8
PPIE	8
PPP1R13L	8
PPP1R15A	8
PPP1R15B	8
PPP1R2	8
PPP1R3C	8
PPP2R5E	8
PPP6C	8
PPWD1	8
PRAMEF7	8
PRAMEF8	8
PRDM7	8
PRELP	8
PRG3	8
PRKAA1	8
PRKAG1	8
PRKCQ	8
PRKCZ	8
PRKN	8
PROC	8
PROCA1	8
PRPF18	8
PRPF31	8
PRPF38A	8
PRPSAP1	8
PRR14L	8
PRSS54	8
PRXL2A	8
PSAPL1	8
PSG4	8
PSG6	8
PSG9	8
PSMB8	8
PSMC6	8
PSMD11	8
PSMD12	8
PSMD5	8
PSTK	8
PSTPIP2	8
PTCD2	8
PTH1R	8
PXK	8
PXN	8
PYGO1	8
PYROXD1	8
QTRT2	8
RAB3IP	8
RAB40C	8
RAD51AP1	8
RAD54L	8
RAN	8
RANGAP1	8
RASIP1	8
RASSF5	8
RAVER2	8
RBM4	8
RBM5	8
RBMS1	8
RBPJ	8
RCOR2	8
RCSD1	8
RD3	8
RDH16	8
RELB	8
REN	8
RETREG1	8
RETSAT	8
REXO1	8
RFC4	8
RFC5	8
RGP1	8
RGS4	8
RHBDL3	8
RHOBTB2	8
RHPN2	8
RIBC2	8
RIC3	8
RIC8B	8
RIN1	8
RINL	8
RIPK1	8
RNF10	8
RNF133	8
RNF39	8
RNF44	8
RNMT	8
RORC	8
RPAP3	8
RPGR	8
RPL5	8
RPN1	8
RPTN	8
RPUSD4	8
RRM1	8
RRN3	8
RTCA	8
RTL8A	8
RUNDC3B	8
RUVBL2	8
RXRB	8
SAMD4B	8
SBSN	8
SCRN3	8
SDAD1	8
SDS	8
SEL1L	8
SELENOO	8
SEMA3B	8
SEMA4C	8
SEPTIN6	8
SEPTIN8	8
SERPINA11	8
SERPINA4	8
SERPINA5	8
SESN2	8
SETDB2	8
SETMAR	8
SFTPB	8
SGK1	8
SGK2	8
SGMS2	8
SH2D3A	8
SH3BP5	8
SH3GLB2	8
SH3YL1	8
SHC4	8
SHMT1	8
SIGLEC12	8
SIGLEC14	8
SIX1	8
SKAP1	8
SKIL	8
SLA	8
SLC10A4	8
SLC10A6	8
SLC16A13	8
SLC16A14	8
SLC16A9	8
SLC17A2	8
SLC17A3	8
SLC18B1	8
SLC19A2	8
SLC1A2	8
SLC22A11	8
SLC22A4	8
SLC25A14	8
SLC25A3	8
SLC25A37	8
SLC2A6	8
SLC30A10	8
SLC30A3	8
SLC35C2	8
SLC35F5	8
SLC35G5	8
SLC36A1	8
SLC38A3	8
SLC38A4	8
SLC47A1	8
SLC5A7	8
SLC66A1	8
SLC6A20	8
SLC7A4	8
SLCO2B1	8
SMAD1	8
SMOC2	8
SMPD2	8
SMPD3	8
SMTNL1	8
SMUG1	8
SNRNP70	8
SNX9	8
SP2	8
SP6	8
SPANXD	8
SPANXN3	8
SPAST	8
SPATA22	8
SPATA9	8
SPATC1L	8
SPEM1	8
SPHK2	8
SPI1	8
SPIRE2	8
SPNS2	8
SPOUT1	8
SPRR3	8
SPRY1	8
SQLE	8
SRPRA	8
SSUH2	8
ST6GALNAC2	8
ST7	8
STAC2	8
STAT3	8
STAT6	8
STC2	8
STIM1	8
STK3	8
STK38	8
STK40	8
STRADA	8
STRN4	8
STX19	8
STX5	8
STX8	8
STYK1	8
SUCNR1	8
SUGP1	8
SULT1B1	8
SUN5	8
SUPT3H	8
SYN2	8
SYNE4	8
SYT1	8
SYT2	8
SYTL3	8
SYTL4	8
TAB1	8
TAF1D	8
TAFA1	8
TANK	8
TARS2	8
TARS3	8
TAS2R13	8
TAS2R14	8
TAS2R19	8
TAS2R30	8
TAS2R39	8
TAS2R42	8
TAS2R50	8
TBC1D19	8
TBC1D20	8
TBC1D24	8
TBX19	8
TCF19	8
TCIRG1	8
TDG	8
TEFM	8
TEKT1	8
TEKT4	8
TENT4A	8
TEX13B	8
TFDP3	8
TFG	8
TFPI2	8
THEMIS2	8
TLR1	8
TLX2	8
TMA16	8
TMBIM4	8
TMEM135	8
TMEM145	8
TMEM178A	8
TMEM214	8
TMEM237	8
TMEM255A	8
TMEM41A	8
TMEM44	8
TMEM52B	8
TMEM64	8
TMEM8B	8
TMOD2	8
TMOD4	8
TMPRSS11E	8
TMPRSS13	8
TNFAIP2	8
TNFRSF11A	8
TNIP1	8
TNNT2	8
TONSL	8
TOR1AIP1	8
TPCN2	8
TPM3	8
TPRX1	8
TPST2	8
TRAF1	8
TRAF3IP1	8
TRAF3IP3	8
TRHR	8
TRIB1	8
TRIM15	8
TRIM39	8
TRIM43	8
TRIM62	8
TRIML1	8
TRMT10A	8
TRMT13	8
TRMT9B	8
TRNT1	8
TROAP	8
TSFM	8
TSPAN7	8
TTYH2	8
TUBA1B	8
TUBA3D	8
TUBE1	8
TUBG2	8
UBA2	8
UBE2E2	8
UBQLN4	8
UBR7	8
UBXN6	8
UFL1	8
UGT1A4	8
UGT1A6	8
UGT1A7	8
UGT2B28	8
UGT2B7	8
ULBP2	8
UNC45A	8
UPB1	8
UROS	8
USP21	8
USP30	8
VAC14	8
VN1R1	8
VPS37C	8
VPS4A	8
VSIG10	8
VSIR	8
VWC2L	8
WARS1	8
WDFY2	8
WDFY4	8
WDR41	8
WDR44	8
WDR87	8
WIPF2	8
WNT10B	8
WNT3	8
WNT7A	8
XPNPEP1	8
XPNPEP2	8
XRCC2	8
XRRA1	8
YES1	8
ZACN	8
ZBTB6	8
ZBTB7A	8
ZC3H14	8
ZCCHC7	8
ZCRB1	8
ZCWPW1	8
ZCWPW2	8
ZDHHC16	8
ZDHHC2	8
ZDHHC4	8
ZGPAT	8
ZMPSTE24	8
ZNF12	8
ZNF124	8
ZNF18	8
ZNF182	8
ZNF185	8
ZNF215	8
ZNF219	8
ZNF22	8
ZNF223	8
ZNF277	8
ZNF3	8
ZNF302	8
ZNF319	8
ZNF35	8
ZNF362	8
ZNF426	8
ZNF433	8
ZNF461	8
ZNF486	8
ZNF497	8
ZNF506	8
ZNF519	8
ZNF547	8
ZNF551	8
ZNF57	8
ZNF672	8
ZNF674	8
ZNF708	8
ZNF71	8
ZNF75D	8
ZNF770	8
ZNF785	8
ZNF792	8
ZNF81	8
ZNF823	8
ZNRF4	8
ZP1	8
ZSCAN25	8
A1BG	7
AAAS	7
ABHD2	7
ABRAXAS1	7
AC097636.1	7
AC127029.3	7
ACAA1	7
ACADS	7
ACADSB	7
ACADVL	7
ACBD3	7
ACCS	7
ACHE	7
ACSL3	7
ACTR6	7
ACTR8	7
ACVRL1	7
ADAD2	7
ADAT1	7
ADCK2	7
ADCK5	7
ADCYAP1	7
ADGRG5	7
ADH1B	7
ADH5	7
ADIPOQ	7
ADIPOR2	7
ADRA2B	7
AGA	7
AGPAT5	7
AGT	7
AKAP8L	7
AL441992.2	7
ALDH2	7
ALDH3B2	7
ALG6	7
ALOX12	7
ANKDD1A	7
ANKRD33	7
ANKRD45	7
ANKRD49	7
ANXA11	7
ANXA8	7
AP1M2	7
APBB2	7
APLP2	7
APOD	7
APPL2	7
AQP8	7
ARHGDIB	7
ARL2BP	7
ART3	7
ASB12	7
ASB14	7
ASMT	7
ASPHD2	7
ASPRV1	7
ASPSCR1	7
ATAD1	7
ATF7	7
ATG10	7
ATG16L1	7
ATG4C	7
ATP5F1B	7
ATP6V0D1	7
ATP6V1C2	7
ATRIP	7
ATXN10	7
ATXN7L1	7
ATXN7L2	7
B3GALT4	7
B4GALT1	7
B4GALT5	7
B4GALT6	7
BACE1	7
BASP1	7
BBS10	7
BCAR1	7
BCKDHB	7
BCL10	7
BCL2L14	7
BCL3	7
BDKRB2	7
BFAR	7
BHLHE41	7
BHMT	7
BHMT2	7
BIN1	7
BIN3	7
BPI	7
BPIFB3	7
BRMS1	7
BTBD1	7
BTBD2	7
BTG4	7
BTN3A2	7
BVES	7
C11orf42	7
C11orf65	7
C11orf80	7
C12orf56	7
C12orf66	7
C17orf98	7
C19orf18	7
C1QL2	7
C20orf85	7
C2orf80	7
C3orf38	7
C5AR1	7
C5orf22	7
C7orf50	7
C8orf74	7
CA14	7
CA9	7
CABP2	7
CACNG1	7
CADM4	7
CAGE1	7
CALCRL	7
CALN1	7
CAMK1	7
CAMK1G	7
CAMK2A	7
CAPN9	7
CARS2	7
CASP1	7
CAT	7
CBLL1	7
CBLN2	7
CBLN4	7
CCDC117	7
CCDC17	7
CCDC198	7
CCDC22	7
CCDC3	7
CCDC54	7
CCDC59	7
CCL14	7
CCM2L	7
CCN4	7
CCN5	7
CCNB1	7
CD14	7
CD2	7
CD28	7
CDC14B	7
CDK17	7
CDK5	7
CDK5RAP1	7
CDK9	7
CDKN1B	7
CDKN2AIP	7
CDR1	7
CEACAM16	7
CEACAM4	7
CENPB	7
CERK	7
CERS5	7
CETN3	7
CFAP298-TCP10L	7
CFAP299	7
CHAD	7
CHDH	7
CHI3L1	7
CHKA	7
CHMP7	7
CHODL	7
CHRM1	7
CHRNE	7
CIBAR2	7
CILK1	7
CLDN16	7
CLEC12B	7
CLEC1A	7
CLEC3A	7
CLEC4E	7
CLEC5A	7
CLK4	7
CLN3	7
CLP1	7
CLPX	7
CLRN1	7
CLUL1	7
CMTM3	7
CNBD2	7
CNDP1	7
CNMD	7
CNN2	7
CNOT6L	7
COG3	7
COLEC11	7
COPS7A	7
CORO6	7
CPNE6	7
CPNE7	7
CPVL	7
CRACR2B	7
CRB2	7
CREB3L3	7
CREM	7
CRLF3	7
CRTAM	7
CRTC3	7
CS	7
CTNNAL1	7
CTSL	7
CTSV	7
CTSW	7
CTU2	7
CXCL5	7
CYBB	7
CYP39A1	7
CYP51A1	7
CYSLTR1	7
CYTIP	7
DCAF17	7
DCAF4	7
DCBLD1	7
DDC	7
DDHD1	7
DDIT4L	7
DDX21	7
DDX28	7
DDX52	7
DECR1	7
DEFB116	7
DEGS1	7
DENND11	7
DENND1B	7
DENND2A	7
DERL2	7
DGAT1	7
DHH	7
DHRS9	7
DIRAS1	7
DKKL1	7
DLAT	7
DLK1	7
DMAP1	7
DMKN	7
DNAAF2	7
DNAJB9	7
DNAJC14	7
DNAJC24	7
DNAJC9	7
DNASE1L2	7
DOK3	7
DOK4	7
DPF1	7
DPH1	7
DPH2	7
DPPA4	7
DRAM2	7
DRC3	7
DRD2	7
DUSP4	7
DUSP6	7
DXO	7
DYNC2I2	7
E2F3	7
EAF2	7
EBLN2	7
EBPL	7
ECHDC1	7
ECHDC2	7
ECHS1	7
ECI2	7
EDARADD	7
EEFSEC	7
EFCAB14	7
EFNA4	7
EIF3L	7
ELANE	7
ELMO2	7
ELMO3	7
ELOVL1	7
ELOVL4	7
ELP4	7
EMCN	7
ENDOD1	7
ENKD1	7
ENO3	7
ENTPD7	7
EPHX2	7
EPN3	7
EPS8	7
ERI3	7
ERLEC1	7
ERO1B	7
ERP44	7
ESS2	7
ETV4	7
EVA1C	7
EXOSC9	7
EXTL2	7
F2RL2	7
FAIM2	7
FAM118B	7
FAM126B	7
FAM149A	7
FAM153B	7
FAM163B	7
FAM20B	7
FAM220A	7
FAM234A	7
FAM53A	7
FAM71C	7
FAM78A	7
FANCB	7
FANCG	7
FAS	7
FASTKD5	7
FBLIM1	7
FBXL14	7
FBXO32	7
FBXO4	7
FBXO7	7
FBXO8	7
FBXO9	7
FBXW12	7
FBXW2	7
FBXW8	7
FCGRT	7
FCN3	7
FCRLA	7
FEN1	7
FERD3L	7
FERMT1	7
FGF20	7
FGG	7
FGGY	7
FNBP1L	7
FOSB	7
FOXA2	7
FOXB2	7
FOXE1	7
FOXF2	7
FOXJ3	7
FRG2C	7
FRMD1	7
FRMD4B	7
FRMD7	7
FRRS1	7
FUCA2	7
FUT3	7
FUT5	7
FZR1	7
GABRD	7
GAMT	7
GBP2	7
GCFC2	7
GCKR	7
GCOM1	7
GDF15	7
GDPD5	7
GGA1	7
GGN	7
GIPC1	7
GJA4	7
GJA5	7
GJD4	7
GLB1L	7
GLCCI1	7
GLI4	7
GLRA2	7
GMDS	7
GNAI2	7
GNB5	7
GNL3	7
GNL3L	7
GNPAT	7
GNRH1	7
GNS	7
GOLGA6A	7
GOPC	7
GPATCH2	7
GPATCH2L	7
GPN1	7
GPR108	7
GPR137	7
GPR173	7
GPR182	7
GPR183	7
GPR4	7
GPR52	7
GPR61	7
GPR68	7
GPR83	7
GPR85	7
GPS1	7
GPS2	7
GPX5	7
GPX6	7
GRAP2	7
GRB10	7
GREB1L	7
GRHL3	7
GSDMA	7
GSDME	7
GSG1	7
GSN	7
GSTM3	7
GTF2A1	7
GTF2B	7
GTF3C5	7
GXYLT2	7
GYG2	7
GYPA	7
H2AC1	7
H3C2	7
HAPLN3	7
HARS1	7
HARS2	7
HAT1	7
HCFC1R1	7
HDAC11	7
HDHD5	7
HEY1	7
HEY2	7
HEYL	7
HGFAC	7
HIPK4	7
HLA-DMB	7
HMBS	7
HMX3	7
HOXC13	7
HOXD3	7
HOXD8	7
HP1BP3	7
HS2ST1	7
HSPA13	7
HSPA9	7
HSPB8	7
HTR3C	7
HTR4	7
HTR6	7
HTRA4	7
HYAL2	7
IFI44	7
IFIT5	7
IFNAR2	7
IFNGR2	7
IGFBP3	7
IGHD	7
IGHV1OR21-1	7
IGHV4-28	7
IGKV1-5	7
IGKV2-24	7
IL11	7
IL11RA	7
IL12RB1	7
IL1B	7
IL23R	7
IL9R	7
IMPA1	7
INKA2	7
INPP5K	7
IP6K1	7
IPCEF1	7
IPMK	7
IPP	7
IRF1	7
IRF4	7
IRF5	7
IRF6	7
IRF7	7
IRGC	7
IRX2	7
ISM1	7
ISM2	7
ITGB7	7
ITPRIPL1	7
JCHAIN	7
KARS1	7
KAT5	7
KCNK17	7
KCTD11	7
KCTD15	7
KCTD21	7
KCTD9	7
KDM1A	7
KHDC3L	7
KHDC4	7
KHDRBS1	7
KIAA0930	7
KIAA1328	7
KIF25	7
KIF3B	7
KLC3	7
KLF14	7
KLHDC2	7
KLHDC4	7
KLK15	7
KLRF1	7
KNSTRN	7
KPNA5	7
KPNB1	7
KRT14	7
KRT16	7
KRT25	7
KRT72	7
KRTAP19-5	7
LAG3	7
LAMP2	7
LAMP3	7
LARGE2	7
LARP6	7
LAX1	7
LBP	7
LCE1A	7
LCE2B	7
LDHB	7
LENG1	7
LGALS3BP	7
LGALS8	7
LGALS9	7
LGI3	7
LGI4	7
LHFPL6	7
LHX2	7
LHX8	7
LILRA2	7
LIMS2	7
LIPG	7
LIPH	7
LIPJ	7
LPP	7
LRRC14B	7
LRRC39	7
LRRC4	7
LRRC42	7
LRRN4	7
LRWD1	7
LY6K	7
LYVE1	7
LYZL1	7
MACROH2A1	7
MAGEA6	7
MAGEH1	7
MAGT1	7
MAMSTR	7
MAP3K3	7
MAPK15	7
MAPKAPK2	7
MAPRE2	7
MARCHF11	7
MARCHF8	7
MARCKSL1	7
MAS1	7
MAX	7
MB21D2	7
MBD3L1	7
MC4R	7
MCAM	7
MCOLN2	7
MCRS1	7
MDFIC	7
ME3	7
MED15	7
MEGF11	7
MEGF9	7
MEOX2	7
MESD	7
MEST	7
METRNL	7
METTL14	7
METTL15	7
METTL24	7
METTL7A	7
MFF	7
MFSD14A	7
MFSD6L	7
MFSD9	7
MGAT4A	7
MIA	7
MICU2	7
MICU3	7
MID1	7
MIDN	7
MIER2	7
MINDY1	7
MINDY2	7
MLF2	7
MMP24	7
MMS19	7
MNX1	7
MOCS1	7
MORN1	7
MPIG6B	7
MPP5	7
MPP7	7
MPPED1	7
MRGPRX4	7
MRPL19	7
MRPL44	7
MRPL47	7
MRPL54	7
MRPS22	7
MRPS27	7
MRPS30	7
MSANTD4	7
MSS51	7
MTA3	7
MTCH2	7
MTERF1	7
MTERF3	7
MTFR1L	7
MTG1	7
MTHFR	7
MUC15	7
MUS81	7
MVD	7
MVP	7
NANOS2	7
NAPSA	7
NARF	7
NARS1	7
NCF2	7
NCF4	7
NCKIPSD	7
NCL	7
NDUFAF5	7
NECTIN2	7
NEIL3	7
NEK2	7
NEMP1	7
NEU4	7
NEUROD2	7
NFAT5	7
NFKBIB	7
NFKBIZ	7
NGEF	7
NKD1	7
NKPD1	7
NKX2-1	7
NKX2-5	7
NLK	7
NNT	7
NOL9	7
NOMO2	7
NOP53	7
NOS1AP	7
NOXA1	7
NPEPL1	7
NPNT	7
NR2E3	7
NR2F1	7
NRN1	7
NSUN6	7
NT5C3A	7
NTF3	7
NUCB2	7
NUFIP2	7
NUP43	7
NUP58	7
NXPH1	7
ODF1	7
OLA1	7
OPN1SW	7
OPN3	7
OPN5	7
OPRPN	7
OR10H2	7
OR10H4	7
OR10K1	7
OR10Q1	7
OR10X1	7
OR11H6	7
OR13C9	7
OR1D5	7
OR1F1	7
OR2A2	7
OR2AK2	7
OR2F1	7
OR2G2	7
OR2K2	7
OR2M7	7
OR4C11	7
OR4C12	7
OR4C3	7
OR4D1	7
OR4D6	7
OR4D9	7
OR51F2	7
OR51G2	7
OR51I1	7
OR52B4	7
OR52E2	7
OR52E8	7
OR52K2	7
OR52N1	7
OR52N4	7
OR52N5	7
OR5AC2	7
OR5C1	7
OR5K4	7
OR5L1	7
OR6B2	7
OR6C6	7
OR7G1	7
OR8B4	7
OR8D2	7
OR8G1	7
OR8U1	7
ORAI2	7
ORC2	7
OTUD5	7
OXNAD1	7
P2RX3	7
P2RX4	7
P2RY2	7
P4HA3	7
PACSIN3	7
PADI4	7
PAFAH1B1	7
PAFAH2	7
PAIP1	7
PANK3	7
PAPSS1	7
PARP2	7
PARVG	7
PATL1	7
PBX1	7
PBX3	7
PCGF5	7
PCYOX1	7
PCYT1A	7
PDGFA	7
PDHA1	7
PDIA6	7
PDLIM7	7
PDZK1	7
PELI1	7
PEPD	7
PES1	7
PEX13	7
PEX3	7
PGC	7
PGD	7
PGM2L1	7
PGM3	7
PHF21B	7
PHYH	7
PHYHIP	7
PIGM	7
PIGT	7
PIMREG	7
PITPNC1	7
PJA1	7
PLA2G15	7
PLAAT4	7
PLEKHO1	7
PLEKHO2	7
PLEKHS1	7
PLOD3	7
PLP1	7
PLPPR1	7
PLRG1	7
PLSCR3	7
PLSCR5	7
PLXDC1	7
PMEL	7
PNMA2	7
PNN	7
POLB	7
POLE2	7
POLR3C	7
POPDC2	7
POU3F3	7
POU5F2	7
PPA2	7
PPID	7
PPM1H	7
PPP1R16A	7
PPP1R21	7
PPP1R42	7
PPP2R1B	7
PPP2R3C	7
PPP2R5B	7
PPP2R5C	7
PPP2R5D	7
PPTC7	7
PRAMEF10	7
PRAMEF4	7
PRB2	7
PRDM11	7
PRDX6	7
PREPL	7
PRIM2	7
PRKAB1	7
PRKAR1A	7
PRKCA	7
PRODH2	7
PRR11	7
PRSS1	7
PRSS37	7
PRSS53	7
PRSS55	7
PSG3	7
PSIP1	7
PSMD6	7
PSRC1	7
PTBP1	7
PTBP3	7
PTGIS	7
PTN	7
PTPN2	7
PTPN22	7
PUF60	7
PVRIG	7
PWWP2B	7
PYM1	7
R3HDM4	7
RAB11FIP5	7
RAB3B	7
RAB40AL	7
RAB5A	7
RABEP1	7
RAD9B	7
RALGPS1	7
RAMP3	7
RAP1GAP2	7
RARS1	7
RASGRP4	7
RBBP5	7
RBCK1	7
RBM17	7
RBM34	7
RBM39	7
RBM4B	7
RBMX2	7
RBPMS	7
RCC1	7
RCL1	7
RCOR1	7
RCVRN	7
REC8	7
REEP2	7
REG1A	7
RELL2	7
RELT	7
REM2	7
REPS2	7
RERG	7
REXO4	7
RFPL3	7
RFPL4B	7
RFX1	7
RFX3	7
RGS10	7
RGS17	7
RGS7BP	7
RHBDF1	7
RHD	7
RIDA	7
RIOK2	7
RLBP1	7
RLIM	7
RMDN1	7
RNASE10	7
RNF32	7
RNPEPL1	7
RPA4	7
RPF1	7
RPL28	7
RPUSD1	7
RPUSD2	7
RRH	7
RSL1D1	7
RSPH10B	7
RSPO4	7
RSRC1	7
RSRC2	7
RUNX3	7
S1PR3	7
SCARF2	7
SCN2B	7
SCN3B	7
SDC3	7
SECISBP2	7
SEMG1	7
SEPHS1	7
SEPTIN11	7
SEPTIN3	7
SEPTIN9	7
SERBP1	7
SERPINB11	7
SERPINC1	7
SERPIND1	7
SERPING1	7
SERPINI1	7
SERTAD4	7
SH3GL2	7
SHBG	7
SHC2	7
SHF	7
SHFL	7
SHH	7
SHISA5	7
SHISAL1	7
SIGLECL1	7
SIX2	7
SIX6	7
SLAIN2	7
SLC15A3	7
SLC16A4	7
SLC19A1	7
SLC22A8	7
SLC22A9	7
SLC25A24	7
SLC25A39	7
SLC25A4	7
SLC25A40	7
SLC25A42	7
SLC25A46	7
SLC25A51	7
SLC25A53	7
SLC29A3	7
SLC2A11	7
SLC35A5	7
SLC35F1	7
SLC36A4	7
SLC37A3	7
SLC37A4	7
SLC39A11	7
SLC39A6	7
SLC40A1	7
SLC41A1	7
SLC41A2	7
SLC43A1	7
SLC44A3	7
SLC52A2	7
SLC5A5	7
SLC5A9	7
SLC6A14	7
SLC6A18	7
SLC6A9	7
SLC7A14	7
SLX4IP	7
SMAD5	7
SMYD3	7
SMYD5	7
SNAPC3	7
SNPH	7
SNRNP35	7
SNRNP48	7
SNTA1	7
SNTB1	7
SNTB2	7
SNX17	7
SOAT1	7
SOD2	7
SORD	7
SP1	7
SP110	7
SPATA13	7
SPATA18	7
SPATA2L	7
SPATA32	7
SPATA5L1	7
SPATA6L	7
SPDYE1	7
SPNS1	7
SPOCK1	7
SPOCK2	7
SRR	7
SS18L1	7
SSB	7
SSBP2	7
SSTR2	7
SSX3	7
ST3GAL1	7
ST6GALNAC1	7
ST8SIA2	7
STAMBP	7
STK25	7
STK32A	7
STRC	7
STUB1	7
STX2	7
STX3	7
STX4	7
SUGCT	7
SUSD2	7
SVOPL	7
SWAP70	7
SYNDIG1	7
SYNGR4	7
SYT17	7
TAAR1	7
TAF5L	7
TAPT1	7
TBATA	7
TBC1D22B	7
TBX10	7
TC2N	7
TCEA1	7
TCEAL4	7
TCEAL6	7
TCF25	7
TCP1	7
TCTE1	7
TCTN1	7
TDRD10	7
TEAD1	7
TEAD4	7
TENT5B	7
TEPP	7
TERF1	7
TERF2	7
TERT	7
TESMIN	7
TEX30	7
TEX9	7
TFAP2A	7
TFCP2	7
TGFB1I1	7
TH	7
THBD	7
THEG	7
TIGD4	7
TIGIT	7
TIMM50	7
TIPARP	7
TM4SF19	7
TM9SF4	7
TMCO4	7
TMEM100	7
TMEM119	7
TMEM147	7
TMEM156	7
TMEM164	7
TMEM184A	7
TMEM184C	7
TMEM30A	7
TMEM59L	7
TMEM74B	7
TMIGD1	7
TMPRSS11F	7
TNFAIP6	7
TNFRSF10B	7
TNFRSF13B	7
TNFRSF1A	7
TNFRSF9	7
TNFSF14	7
TOM1L2	7
TOX2	7
TPBG	7
TRA2B	7
TRIM10	7
TRIM13	7
TRIM26	7
TRIM36	7
TRIM48	7
TRIM52	7
TRIM68	7
TRIM72	7
TRIM75P	7
TRMT1	7
TRMT10C	7
TRUB2	7
TSPAN2	7
TSSK2	7
TTC24	7
TTC26	7
TTC31	7
TTC39B	7
TUBA1A	7
TUBB2B	7
TULP2	7
TWF1	7
TXLNG	7
TXNIP	7
TYRP1	7
TYW3	7
U2AF2	7
UBAC1	7
UBE2A	7
UBE2K	7
UBE2U	7
UBE3D	7
UBLCP1	7
UBXN11	7
UCP1	7
UEVLD	7
UGT1A8	7
UGT2B17	7
ULBP1	7
ULBP3	7
UNC93A	7
UPF3B	7
UPRT	7
UQCC1	7
UQCRC1	7
USP37	7
USP46	7
USP51	7
VARS2	7
VASH1	7
VASP	7
VAX2	7
VEGFB	7
VEGFD	7
VENTX	7
VIPAS39	7
VPS11	7
VPS36	7
VPS51	7
VPS72	7
VPS9D1	7
VSIG1	7
WDR45B	7
WDR88	7
WIF1	7
WLS	7
WNT2B	7
WNT4	7
WRAP73	7
XKR9	7
XKRX	7
XPC	7
XYLB	7
YBX2	7
ZBTB1	7
ZBTB14	7
ZBTB39	7
ZBTB44	7
ZC4H2	7
ZDHHC11	7
ZDHHC20	7
ZFYVE27	7
ZKSCAN4	7
ZNF155	7
ZNF165	7
ZNF169	7
ZNF230	7
ZNF25	7
ZNF263	7
ZNF324	7
ZNF341	7
ZNF346	7
ZNF358	7
ZNF367	7
ZNF436	7
ZNF441	7
ZNF469	7
ZNF488	7
ZNF527	7
ZNF550	7
ZNF555	7
ZNF566	7
ZNF582	7
ZNF596	7
ZNF598	7
ZNF670	7
ZNF70	7
ZNF710	7
ZNF711	7
ZNF713	7
ZNF781	7
ZNF8	7
ZNF880	7
ZNF883	7
ZWILCH	7
ZXDC	7
A1CF	6
AASDHPPT	6
ABCF2	6
ABHD12	6
ABI2	6
ABO	6
ABRA	6
AC004593.2	6
AC100868.1	6
AC134980.2	6
ACAD10	6
ACAT1	6
ACAT2	6
ACKR1	6
ACOT11	6
ACOX2	6
ACP1	6
ACP3	6
ACP4	6
ACR	6
ACRV1	6
ACSS1	6
ACTN3	6
ACTR10	6
ACTR3	6
ADA	6
ADAL	6
ADAMTSL5	6
ADAP2	6
ADGB	6
ADGRG1	6
ADH1A	6
ADH6	6
ADK	6
ADPRHL1	6
ADRA1B	6
ADRB1	6
ADSS2	6
AFG1L	6
AGER	6
AGFG2	6
AGK	6
AGPAT3	6
AGXT	6
AIMP2	6
AKAP10	6
AKAP5	6
AKIRIN2	6
AKR1B10	6
AKR1C1	6
AKR1C8P	6
AKR1D1	6
AKT1S1	6
ALDH3A2	6
ALDH7A1	6
ALDH9A1	6
ALPG	6
AMBP	6
AMD1	6
AMDHD1	6
AMMECR1	6
ANGPTL7	6
ANKRD10	6
ANKRD13B	6
ANKRD13C	6
ANKRD34B	6
ANKRD40	6
ANXA10	6
ANXA4	6
ANXA9	6
AP4M1	6
APEX2	6
APOBEC3B	6
APOBEC3C	6
APOL3	6
APOL5	6
APPBP2	6
APTX	6
AQP10	6
AQP4	6
ARCN1	6
AREL1	6
ARF4	6
ARFGAP1	6
ARG2	6
ARHGEF33	6
ARID3B	6
ARIH2	6
ARL13A	6
ARL6IP6	6
ARL8B	6
ARMCX3	6
ARMCX5-GPRASP2	6
ARNT	6
ARRB1	6
ARSK	6
ART4	6
ARVCF	6
ASB13	6
ASB16	6
ASB4	6
ASCL4	6
ASPA	6
ASPHD1	6
ASS1	6
ATAD3B	6
ATF2	6
ATG101	6
ATG13	6
ATG4A	6
ATG4B	6
ATG7	6
ATP6V1C1	6
ATP6V1E2	6
AURKB	6
AVIL	6
AVL9	6
AVPI1	6
B3GALT1	6
B3GALT5	6
B3GNT4	6
B4GALNT3	6
B4GALT2	6
BAAT	6
BAG4	6
BAMBI	6
BATF3	6
BAX	6
BBOF1	6
BBS4	6
BCL2L13	6
BDKRB1	6
BDNF	6
BEX1	6
BIN2	6
BLOC1S2	6
BMF	6
BMP15	6
BMX	6
BPNT1	6
BRMS1L	6
BSCL2	6
BSG	6
BSND	6
BTBD9	6
C11orf49	6
C11orf53	6
C12orf29	6
C16orf46	6
C16orf70	6
C16orf71	6
C16orf72	6
C17orf75	6
C17orf78	6
C17orf80	6
C19orf57	6
C1D	6
C1QTNF1	6
C1orf116	6
C1orf74	6
C2orf15	6
C2orf73	6
C5AR2	6
C6orf58	6
C7orf25	6
C7orf57	6
C9orf135	6
CA10	6
CA13	6
CA7	6
CABLES1	6
CABP5	6
CACNB3	6
CACNG6	6
CALB2	6
CAMKK1	6
CAP2	6
CAPZA2	6
CARM1	6
CASP14	6
CASP2	6
CASQ1	6
CATIP	6
CAV3	6
CBX4	6
CCDC106	6
CCDC124	6
CCDC130	6
CCDC183	6
CCDC24	6
CCDC33	6
CCDC61	6
CCDC63	6
CCDC65	6
CCDC71	6
CCDC83	6
CCDC91	6
CCN3	6
CCNDBP1	6
CCNE2	6
CCNJL	6
CCNQ	6
CCR4	6
CCR9	6
CCS	6
CD177	6
CD1B	6
CD1D	6
CD200	6
CD33	6
CD37	6
CD44	6
CD53	6
CD6	6
CD63	6
CD69	6
CD72	6
CDC42EP4	6
CDCP1	6
CDH15	6
CDH3	6
CDK11A	6
CDK2	6
CDK3	6
CDK5R1	6
CEACAM20	6
CEACAM3	6
CENPK	6
CENPO	6
CEPT1	6
CFAP36	6
CFDP1	6
CFHR3	6
CGB1	6
CHMP1A	6
CHORDC1	6
CHST12	6
CHST13	6
CIART	6
CLDN17	6
CLDND1	6
CLEC10A	6
CLEC12A	6
CLEC7A	6
CLHC1	6
CLNS1A	6
CLPP	6
CLTA	6
CLVS1	6
CNIH1	6
CNNM4	6
CNTD1	6
COL26A1	6
CORO1A	6
CPA6	6
CPOX	6
CPSF3	6
CRADD	6
CREB3L4	6
CRKL	6
CRYL1	6
CRYM	6
CSNK1G1	6
CSRNP2	6
CSTF1	6
CTSA	6
CTSB	6
CTSO	6
CTTNBP2NL	6
CUEDC1	6
CUL4A	6
CUTC	6
CYB5R2	6
CYP2S1	6
CYP2U1	6
CYP3A5	6
CYREN	6
CYRIA	6
CYRIB	6
CYTH1	6
CYTL1	6
DAGLB	6
DAPK2	6
DBX2	6
DCAF10	6
DCAF15	6
DCAF8	6
DCUN1D1	6
DDX19B	6
DDX25	6
DDX49	6
DDX51	6
DDX56	6
DDX59	6
DECR2	6
DEDD2	6
DEF6	6
DEK	6
DEPDC4	6
DERL1	6
DFFA	6
DHDDS	6
DHFR2	6
DHRS2	6
DIO2	6
DIPK1C	6
DIPK2A	6
DIXDC1	6
DKC1	6
DKK3	6
DLL4	6
DLX2	6
DLX4	6
DMRTA1	6
DMRTC2	6
DMWD	6
DNAH14	6
DNAJB12	6
DNAJB14	6
DNAJB2	6
DNAJC25	6
DNAJC8	6
DONSON	6
DQX1	6
DRAP1	6
DRD3	6
DRGX	6
DUSP11	6
E2F4	6
EBNA1BP2	6
ECD	6
ECI1	6
ECM1	6
EDA2R	6
EEF1A1	6
EEF1D	6
EFCAB1	6
EFEMP2	6
EGFL8	6
EGLN1	6
EGLN2	6
EHF	6
EIF2B1	6
EIF2S3	6
EIF4H	6
ELAC1	6
ELK4	6
ELP5	6
EMC2	6
EMILIN3	6
EMX2	6
ENDOU	6
ENO1	6
ENOSF1	6
ENPP7	6
ENTPD1	6
ENTPD6	6
EPYC	6
ERMAP	6
ERO1A	6
ERVW-1	6
ESRRA	6
ETF1	6
ETFA	6
EVA1A	6
EXOC3L1	6
EXOC7	6
EXOSC5	6
EXOSC8	6
EZR	6
F11R	6
F3	6
FAH	6
FAM110C	6
FAM111A	6
FAM133B	6
FAM166A	6
FAM167A	6
FAM168B	6
FAM184B	6
FAM187B	6
FAM204A	6
FAM209B	6
FAM81A	6
FANCE	6
FBLN5	6
FBXO3	6
FBXW4	6
FCAR	6
FCER2	6
FCGR3A	6
FCMR	6
FCRL6	6
FEZ2	6
FFAR2	6
FGF3	6
FGFR3	6
FGFR4	6
FKBP11	6
FKBP14	6
FKBP5	6
FN3K	6
FNDC4	6
FNDC8	6
FNTA	6
FOLR1	6
FOS	6
FOXJ2	6
FOXL2	6
FOXP3	6
FPR2	6
FRA10AC1	6
FRG2	6
FRS2	6
FRZB	6
FSCN1	6
FTCD	6
FTHL17	6
FTSJ1	6
FZD4	6
FZD8	6
GAB2	6
GABPB1	6
GABPB2	6
GADL1	6
GALC	6
GALM	6
GATA5	6
GCNT3	6
GDI2	6
GFAP	6
GFOD2	6
GGPS1	6
GHDC	6
GHITM	6
GIPC2	6
GIT1	6
GK	6
GLIS1	6
GLS2	6
GLUL	6
GMCL1	6
GMPR2	6
GNA11	6
GNA15	6
GNAI1	6
GNAL	6
GNAT2	6
GNAT3	6
GNB1	6
GNB3	6
GNG11	6
GPAA1	6
GPANK1	6
GPAT4	6
GPD1L	6
GPER1	6
GPR132	6
GPR143	6
GPR151	6
GPR153	6
GPR157	6
GPR42	6
GPR63	6
GPR88	6
GRHL1	6
GRK7	6
GSR	6
GSTA3	6
GSTM4	6
GSTM5	6
GTF3C4	6
GTPBP1	6
GTPBP2	6
GZMH	6
H2BC14	6
H2BC3	6
H3-5	6
HAO2	6
HAS3	6
HAUS1	6
HBP1	6
HCAR3	6
HDAC1	6
HDAC3	6
HDAC8	6
HENMT1	6
HEPACAM	6
HGD	6
HHLA2	6
HIC1	6
HIF1AN	6
HINFP	6
HLA-DOA	6
HLA-DPB1	6
HLA-DQB1	6
HMGN5	6
HNRNPA1	6
HNRNPA2B1	6
HNRNPCL1	6
HNRNPU	6
HOGA1	6
HOMER2	6
HOMER3	6
HOXA7	6
HOXB1	6
HOXB13	6
HOXC4	6
HOXD11	6
HPD	6
HPN	6
HPR	6
HPX	6
HRH3	6
HS1BP3	6
HS3ST3A1	6
HSCB	6
HSD17B10	6
HSD17B3	6
HSD17B6	6
HSF1	6
HSPA12B	6
HSPA14	6
HSPBAP1	6
HTRA2	6
HYAL1	6
IDH3A	6
IDI2	6
IDS	6
IFI27L2	6
IFI35	6
IFIT3	6
IFNA10	6
IFNA13	6
IFNA4	6
IFNGR1	6
IFRD1	6
IFT57	6
IGF1	6
IGFBP4	6
IGHA1	6
IGHV2-70	6
IGKV1D-8	6
IGLON5	6
IKZF5	6
IL13RA1	6
IL17REL	6
IL24	6
IL4R	6
IL6R	6
ILK	6
IMMP2L	6
IMPACT	6
ING2	6
ING5	6
INHBC	6
INPP1	6
INSYN1	6
IQCG	6
IRAG2	6
IRAK1	6
IRX4	6
ITM2A	6
ITPRIPL2	6
IYD	6
JMJD6	6
JPH4	6
JUNB	6
KASH5	6
KAT8	6
KCNIP2	6
KCNJ15	6
KCNJ9	6
KCNK3	6
KCNK7	6
KCNMB4	6
KCTD1	6
KCTD12	6
KCTD13	6
KCTD14	6
KCTD4	6
KDELR1	6
KDM5D	6
KDM8	6
KEAP1	6
KIN	6
KLF12	6
KLF15	6
KLHDC8A	6
KLHL2	6
KLK9	6
KLRD1	6
KRBA2	6
KRT13	6
KRT18	6
KRT24	6
KRT81	6
KRT83	6
KRTAP12-1	6
KRTAP13-1	6
KRTAP4-3	6
LACRT	6
LAMP5	6
LAYN	6
LBH	6
LCAT	6
LCLAT1	6
LDHC	6
LEPROTL1	6
LETM2	6
LGALS13	6
LGALS14	6
LHFPL3	6
LIN7A	6
LINGO3	6
LLGL1	6
LMAN2	6
LNP1	6
LPAR5	6
LPGAT1	6
LRFN1	6
LRR1	6
LRRC14	6
LRRC23	6
LRRC27	6
LRRC3B	6
LRRC45	6
LRRC8B	6
LURAP1	6
LY6G6F-LY6G6D	6
LY96	6
LYG1	6
LYSMD3	6
LZTFL1	6
MACIR	6
MAGEA10	6
MAGEB1	6
MANEA	6
MAP2K5	6
MAPK14	6
MAPK4	6
MAPKAP1	6
MBD2	6
MBP	6
MC1R	6
MC5R	6
MCEE	6
MCTS1	6
MDM2	6
METAP1D	6
METTL21C	6
MFSD10	6
MGST1	6
MINDY3	6
MIP	6
MISP	6
MKNK2	6
MKRN1	6
MLEC	6
MLF1	6
MLPH	6
MMADHC	6
MMP1	6
MMP14	6
MMP17	6
MMP20	6
MMP28	6
MMP8	6
MNAT1	6
MOGAT2	6
MON1A	6
MORN3	6
MOSPD2	6
MPPE1	6
MRI1	6
MRNIP	6
MRPL1	6
MRPL13	6
MRPL16	6
MRPL2	6
MRPL38	6
MRPS2	6
MRPS31	6
MRPS9	6
MS4A15	6
MS4A2	6
MS4A8	6
MSRB3	6
MSX1	6
MTF1	6
MTFR1	6
MTFR2	6
MXD1	6
MYCL	6
MYLK2	6
MYLK4	6
MYOZ3	6
N4BP2L1	6
NAGK	6
NAGLU	6
NAGS	6
NAP1L4	6
NAPA	6
NCBP2L	6
NDUFV1	6
NECTIN4	6
NEK9	6
NEU2	6
NEUROG1	6
NFIX	6
NFS1	6
NFYA	6
NFYC	6
NGRN	6
NKAIN3	6
NKX3-1	6
NLGN2	6
NME7	6
NMNAT2	6
NMT2	6
NMUR1	6
NOVA2	6
NOX1	6
NOXO1	6
NPAS1	6
NPEPPS	6
NPFFR1	6
NPY4R	6
NR1I3	6
NRBF2	6
NRG2	6
NSMF	6
NSUN3	6
NT5C3B	6
NT5E	6
NUBP1	6
NUDC	6
NUDT18	6
NUMBL	6
NUP85	6
NUS1	6
NUTM2A	6
NXPH3	6
OCIAD1	6
OCLN	6
ODF3	6
ODR4	6
OGFR	6
OMA1	6
OPHN1	6
OR10A2	6
OR10A4	6
OR11H12	6
OR11H4	6
OR11L1	6
OR13A1	6
OR13C5	6
OR13J1	6
OR14J1	6
OR1I1	6
OR1L6	6
OR1N1	6
OR1Q1	6
OR2A12	6
OR2A25	6
OR2A4	6
OR2H2	6
OR2T3	6
OR2T35	6
OR2Z1	6
OR4D11	6
OR4F15	6
OR4K13	6
OR4K17	6
OR4L1	6
OR4S2	6
OR51F1	6
OR52K1	6
OR52M1	6
OR52N2	6
OR52R1	6
OR5B17	6
OR5J2	6
OR5M10	6
OR5P2	6
OR6C2	6
OR6C4	6
OR6C74	6
OR6X1	6
OR8B3	6
OR8D4	6
OR9Q1	6
ORAI1	6
ORM2	6
OS9	6
OTOG	6
OTP	6
OTX1	6
OXCT1	6
P2RY1	6
P2RY6	6
PADI2	6
PALM	6
PAN2	6
PANX1	6
PAPSS2	6
PAQR8	6
PARP11	6
PARP12	6
PAWR	6
PAX8	6
PCBP2	6
PCK2	6
PCOLCE	6
PDCD7	6
PDCL	6
PDE12	6
PDGFC	6
PDIA4	6
PDK4	6
PDP2	6
PEDS1	6
PEG10	6
PEX5	6
PGAP3	6
PGGHG	6
PGK1	6
PHKG1	6
PHKG2	6
PHYKPL	6
PI16	6
PI4K2B	6
PIF1	6
PIGN	6
PIGQ	6
PIH1D2	6
PIM2	6
PISD	6
PKMYT1	6
PLBD2	6
PLCXD2	6
PLEKHA1	6
PLEKHF2	6
PLEKHG7	6
PLIN1	6
PLIN3	6
PLSCR1	6
PM20D2	6
PNCK	6
PNMA5	6
PNO1	6
PNOC	6
PNP	6
PNPLA1	6
POC1B-GALNT4	6
POC5	6
PODXL2	6
POGLUT3	6
POLG2	6
POLR1G	6
POLR2F	6
POLR3D	6
POPDC3	6
PORCN	6
POTEM	6
POU3F2	6
POU5F1	6
PPM1B	6
PPM1K	6
PPM1N	6
PPOX	6
PPP1CB	6
PPP1R17	6
PPP1R7	6
PPP2R2D	6
PPP3CC	6
PPP3R1	6
PPT2	6
PRB4	6
PREB	6
PRIM1	6
PRKAG3	6
PRKAR1B	6
PRKAR2B	6
PRKCE	6
PRMT6	6
PROCR	6
PROSER2	6
PROX2	6
PROZ	6
PRPF4	6
PRPS1L1	6
PRR19	6
PRR30	6
PRR35	6
PRR5-ARHGAP8	6
PRR5L	6
PRSS16	6
PRSS23	6
PRSS36	6
PRSS8	6
PSEN1	6
PSMA3	6
PSMC1	6
PSMC3	6
PSMC4	6
PSMF1	6
PTAR1	6
PTDSS2	6
PTPMT1	6
PTX4	6
PWWP2A	6
RAB11B	6
RAB17	6
RAB20	6
RAB36	6
RAB4B	6
RAB6C	6
RAB7A	6
RAB8B	6
RABEP2	6
RALB	6
RASL10B	6
RASL11A	6
RASSF4	6
RBM22	6
RBMS2	6
RCAN2	6
RCBTB1	6
REEP5	6
RERGL	6
RETREG3	6
RGMA	6
RGS11	6
RGS18	6
RGS8	6
RHCE	6
RHCG	6
RHOT2	6
RIMS3	6
RIOX2	6
RIPK3	6
RNASE11	6
RNASE3	6
RND2	6
RNF113A	6
RNF126	6
RNF130	6
RNF151	6
RNF19B	6
RNF207	6
RNF34	6
RNF41	6
RNFT2	6
RNGTT	6
RNPS1	6
RORA	6
RPF2	6
RPL10L	6
RPL3	6
RPP40	6
RPS6KB1	6
RRS1	6
RS1	6
RSAD1	6
RSKR	6
RSPH1	6
RSPH14	6
RSPH9	6
RSPO1	6
RTL10	6
RTL4	6
RTN4RL1	6
RUFY4	6
RUNDC3A	6
RUSC1	6
RWDD1	6
SAAL1	6
SAMD11	6
SAMD12	6
SAMD15	6
SAXO1	6
SCD	6
SCP2	6
SCPEP1	6
SDC1	6
SDCBP2	6
SDCCAG8	6
SDF4	6
SDR9C7	6
SEC22C	6
SELENON	6
SELENOP	6
SELPLG	6
SEMA7A	6
SENP1	6
SEPTIN10	6
SEPTIN14	6
SEPTIN2	6
SERGEF	6
SERPINA1	6
SERPINA6	6
SERPINA9	6
SERPINB3	6
SERPINF2	6
SERPINH1	6
SET	6
SETD1B	6
SETD4	6
SETD7	6
SF3A2	6
SFRP1	6
SFRP2	6
SGMS1	6
SGPP2	6
SGSM2	6
SH2B1	6
SH2B3	6
SH2D4A	6
SH3BP5L	6
SH3D19	6
SH3GL1	6
SH3GLB1	6
SHMT2	6
SHOX2	6
SIAH2	6
SKAP2	6
SLC12A8	6
SLC13A5	6
SLC15A4	6
SLC16A2	6
SLC16A5	6
SLC19A3	6
SLC1A4	6
SLC1A5	6
SLC20A1	6
SLC22A1	6
SLC24A5	6
SLC25A16	6
SLC25A18	6
SLC25A25	6
SLC25A34	6
SLC25A43	6
SLC25A48	6
SLC25A52	6
SLC26A6	6
SLC29A2	6
SLC2A1	6
SLC30A6	6
SLC35B1	6
SLC35B3	6
SLC35G6	6
SLC38A7	6
SLC38A8	6
SLC39A13	6
SLC39A14	6
SLC39A4	6
SLC3A1	6
SLC43A2	6
SLC46A2	6
SLC47A2	6
SLC52A1	6
SLC52A3	6
SLC5A11	6
SLC6A19	6
SLC6A6	6
SLC6A7	6
SLC7A13	6
SLC7A5	6
SLC7A8	6
SLC9A6	6
SMARCE1	6
SMYD4	6
SNAI1	6
SNRPA	6
SNX10	6
SNX11	6
SNX16	6
SNX21	6
SNX8	6
SOWAHB	6
SOX15	6
SOX2	6
SOX21	6
SOX30	6
SP7	6
SP8	6
SPACA1	6
SPACA7	6
SPANXB1	6
SPATA19	6
SPATA4	6
SPATS2L	6
SPG21	6
SPIB	6
SPINT1	6
SPIRE1	6
SPN	6
SPNS3	6
SPON2	6
SPP2	6
SPRED3	6
SPSB4	6
SPX	6
SQSTM1	6
SRPX2	6
SRRM3	6
SRSF12	6
SSC4D	6
SSTR3	6
SSX5	6
ST3GAL3	6
ST6GAL1	6
ST7L	6
STAC3	6
STAM2	6
STAP2	6
STARD6	6
STEAP1	6
STK11	6
STK17A	6
STK26	6
STK38L	6
STPG1	6
STRA6	6
STRAP	6
STX18	6
STX1A	6
STX1B	6
STX7	6
STYX	6
STYXL1	6
SULT1C3	6
SUPT7L	6
SURF6	6
SUV39H1	6
SYCE1	6
SYNC	6
SYT7	6
SYT8	6
TAAR2	6
TAAR8	6
TACR1	6
TADA2A	6
TADA2B	6
TAF1A	6
TAF6	6
TAFA5	6
TAL1	6
TAPBP	6
TAS2R40	6
TAS2R60	6
TAS2R7	6
TAS2R8	6
TAZ	6
TBC1D13	6
TBCC	6
TBCEL	6
TBKBP1	6
TBX6	6
TCAF2	6
TCF7L1	6
TCN1	6
TCN2	6
TCP11L1	6
TDRD9	6
TEKT2	6
TENT5A	6
TEX264	6
TGFB1	6
THUMPD2	6
TIGD6	6
TIMM22	6
TIMM44	6
TKTL1	6
TLE6	6
TMC8	6
TMCO5A	6
TMED8	6
TMEM109	6
TMEM140	6
TMEM144	6
TMEM163	6
TMEM171	6
TMEM183A	6
TMEM192	6
TMEM198	6
TMEM217	6
TMEM225	6
TMEM245	6
TMEM248	6
TMEM259	6
TMEM267	6
TMEM35A	6
TMEM38A	6
TMEM43	6
TMEM62	6
TMEM71	6
TMEM72	6
TMEM87A	6
TMPPE	6
TMPRSS5	6
TNFAIP1	6
TNFAIP8L2	6
TNFSF11	6
TNFSF18	6
TNFSF4	6
TNMD	6
TOR1A	6
TOR1AIP2	6
TP53I13	6
TP53INP1	6
TP53TG5	6
TPD52L1	6
TPH1	6
TPPP2	6
TRAF6	6
TRAFD1	6
TRDMT1	6
TRIM27	6
TRIM63	6
TRIM65	6
TRIT1	6
TRMO	6
TRMT10B	6
TRMT5	6
TSC22D2	6
TSEN15	6
TSEN2	6
TSNARE1	6
TSPAN18	6
TSTD2	6
TTC38	6
TTC8	6
TTL	6
TTLL13P	6
TUBA1C	6
TUFT1	6
TULP3	6
TXNDC16	6
TXNL1	6
TYMP	6
TYMS	6
TYW5	6
UAP1L1	6
UBA3	6
UBA5	6
UBE2R2	6
UBFD1	6
UBIAD1	6
UCMA	6
UFSP2	6
UPP1	6
UPP2	6
USP12	6
USP49	6
UTP15	6
UTP3	6
UTY	6
VDAC1	6
VGF	6
VGLL1	6
VIPR1	6
VPS26C	6
VPS39	6
VSTM1	6
VSTM4	6
VSX2	6
VTCN1	6
VWDE	6
WAS	6
WBP1	6
WDR24	6
WDR31	6
WDR53	6
WDR86	6
WDR92	6
WNT9B	6
WTAP	6
WWP2	6
XKR8	6
XRCC1	6
YIPF7	6
Z83844.2	6
ZBED2	6
ZBTB12	6
ZBTB32	6
ZBTB34	6
ZBTB45	6
ZCCHC9	6
ZDHHC1	6
ZDHHC21	6
ZDHHC3	6
ZDHHC9	6
ZFP14	6
ZFY	6
ZKSCAN3	6
ZKSCAN8	6
ZMYND12	6
ZNF2	6
ZNF207	6
ZNF222	6
ZNF253	6
ZNF276	6
ZNF322	6
ZNF383	6
ZNF396	6
ZNF446	6
ZNF48	6
ZNF500	6
ZNF524	6
ZNF559-ZNF177	6
ZNF565	6
ZNF584	6
ZNF613	6
ZNF620	6
ZNF621	6
ZNF627	6
ZNF639	6
ZNF655	6
ZNF662	6
ZNF664	6
ZNF681	6
ZNF682	6
ZNF688	6
ZNF695	6
ZNF696	6
ZNF705A	6
ZNF764	6
ZNF77	6
ZNF783	6
ZNF79	6
ZNF80	6
ZSCAN22	6
ZSCAN30	6
ZWINT	6
ZYX	6
A3GALT2	5
AAGAB	5
AAMP	5
AATF	5
ABCD3	5
ABHD13	5
ABHD14A-ACY1	5
ABHD5	5
ABHD6	5
ABI1	5
ABRAXAS2	5
AC005324.2	5
AC008676.3	5
AC011455.2	5
AC013477.1	5
AC068580.4	5
AC244197.3	5
ACAD8	5
ACBD6	5
ACCSL	5
ACD	5
ACOT2	5
ACOT6	5
ACP5	5
ACTG1	5
ACTL8	5
ACTR1A	5
ACTR2	5
ACTRT3	5
ADM	5
ADPGK	5
AFMID	5
AGAP4	5
AGAP6	5
AGBL3	5
AGPS	5
AK1	5
AK3	5
AKR1C4	5
AKR1E2	5
AKT2	5
AKTIP	5
ALAD	5
ALDH3B1	5
ALDH5A1	5
ALG1	5
ALG14	5
ALG9	5
ALKBH4	5
ALKBH5	5
ALOX15	5
AMFR	5
AMZ2	5
ANGEL2	5
ANKRD20A1	5
ANP32D	5
ANXA2	5
AOAH	5
AP1B1	5
AP5B1	5
AP5M1	5
APEX1	5
APH1B	5
APOBEC2	5
APOH	5
APOL6	5
ARF1	5
ARGLU1	5
ARHGAP1	5
ARIH1	5
ARL6	5
ARR3	5
ARRDC1	5
ARRDC2	5
ARX	5
ASB9	5
ASL	5
ASPDH	5
ATF1	5
ATF4	5
ATMIN	5
ATP1B3	5
ATP6AP1	5
ATP6V1A	5
ATP6V1B2	5
ATXN3	5
AUP1	5
B3GNT3	5
B3GNT6	5
B3GNT9	5
B4GALT7	5
BABAM1	5
BAIAP2	5
BAIAP2L2	5
BCAS1	5
BCAS2	5
BCDIN3D	5
BCL2A1	5
BCL2L1	5
BCL2L11	5
BCL2L2	5
BCLAF3	5
BCO1	5
BEGAIN	5
BEND6	5
BEND7	5
BICDL2	5
BMT2	5
BNIPL	5
BORA	5
BPHL	5
BPIFA1	5
BPNT2	5
BRAP	5
BRAT1	5
BRCC3	5
BRD9	5
BROX	5
C10orf88	5
C11orf1	5
C11orf16	5
C11orf54	5
C14orf180	5
C14orf28	5
C14orf93	5
C16orf87	5
C16orf89	5
C16orf96	5
C17orf64	5
C18orf25	5
C18orf54	5
C1GALT1	5
C1GALT1C1	5
C1QA	5
C1orf122	5
C1orf159	5
C1orf189	5
C1orf56	5
C2orf49	5
C3orf33	5
C4A	5
C4B	5
C6orf136	5
C6orf62	5
C6orf89	5
C9orf64	5
C9orf78	5
CA12	5
CACNG4	5
CACNG8	5
CALCOCO1	5
CALCOCO2	5
CALHM6	5
CALR	5
CALU	5
CAMLG	5
CANT1	5
CAPN11	5
CAPN14	5
CAPNS2	5
CAPZA1	5
CARD8	5
CASP10	5
CAVIN3	5
CBLN1	5
CBR3	5
CBX2	5
CBX5	5
CBX7	5
CCDC102A	5
CCDC103	5
CCDC113	5
CCDC114	5
CCDC127	5
CCDC190	5
CCDC197	5
CCDC28B	5
CCDC47	5
CCDC51	5
CCDC58	5
CCDC89	5
CCDC90B	5
CCDC97	5
CCK	5
CCL16	5
CCL23	5
CCNA2	5
CCNB1IP1	5
CCNE1	5
CCNJ	5
CCNY	5
CCR10	5
CCRL2	5
CCT2	5
CCT5	5
CCZ1B	5
CD300C	5
CD300LB	5
CD36	5
CD38	5
CD46	5
CD47	5
CD48	5
CD5	5
CD80	5
CD99L2	5
CDC34	5
CDC37	5
CDC6	5
CDCA4	5
CDK15	5
CDK18	5
CDK5RAP3	5
CDK7	5
CDKL1	5
CDO1	5
CEBPE	5
CELA3A	5
CELF1	5
CENPBD1	5
CENPQ	5
CENPT	5
CEP43	5
CEP44	5
CEP57L1	5
CEP85	5
CERS4	5
CFAP300	5
CFAP52	5
CFP	5
CGA	5
CHAC1	5
CHAF1B	5
CHCHD5	5
CHMP2B	5
CIAPIN1	5
CKAP4	5
CLDN12	5
CLEC11A	5
CLEC4A	5
CLRN2	5
CLVS2	5
CMSS1	5
CNNM3	5
CNOT2	5
CNP	5
CNPY1	5
CNTF	5
COA8	5
COASY	5
COPS4	5
COPS5	5
COQ6	5
COQ7	5
COX15	5
CPA3	5
CPLX4	5
CPM	5
CPN1	5
CPPED1	5
CRACR2A	5
CREB3L2	5
CREBZF	5
CRHBP	5
CRISP3	5
CROCC2	5
CRYGB	5
CRYZL1	5
CSDC2	5
CSF1	5
CSF3	5
CST11	5
CSTF2	5
CSTL1	5
CTAGE15	5
CTBS	5
CTDNEP1	5
CTDSPL	5
CTDSPL2	5
CTHRC1	5
CTLA4	5
CTRL	5
CTSS	5
CTSZ	5
CUEDC2	5
CX3CL1	5
CXCL16	5
CXCL9	5
CXCR3	5
CXXC1	5
CXXC5	5
CYB561	5
CYB5R3	5
CYB5RL	5
CYGB	5
CYP2C18	5
CYP2C9	5
CZIB	5
DAP3	5
DAZL	5
DCDC2B	5
DCLRE1B	5
DCP1A	5
DCUN1D4	5
DDN	5
DDO	5
DDX3X	5
DDX5	5
DDX53	5
DEDD	5
DEF8	5
DEFB106B	5
DEFB136	5
DEPDC1B	5
DGLUCY	5
DHCR7	5
DLK2	5
DLL3	5
DLST	5
DNAJC18	5
DNAJC5G	5
DNALI1	5
DNASE1	5
DNASE1L3	5
DNASE2B	5
DPCD	5
DPEP3	5
DRAXIN	5
DRG1	5
DSN1	5
DTX2	5
DTX3	5
DUOXA2	5
DUS1L	5
DUS3L	5
DUSP10	5
DUSP12	5
DUSP29	5
DUSP3	5
DUSP5	5
DUSP8	5
DUSP9	5
DYDC2	5
DYRK2	5
EAPP	5
EARS2	5
EDA	5
EFCAB8	5
EID1	5
EIF2B3	5
EIF2D	5
EIF3F	5
EIF3H	5
EIF4E2	5
EIF5	5
ELF2	5
ELOVL3	5
ELOVL6	5
ELP3	5
ELP6	5
EMG1	5
EPPIN	5
ERI2	5
ERICH5	5
ERLIN1	5
ESD	5
ETFDH	5
ETNK1	5
ETV3	5
ETV3L	5
EVI2B	5
EXOG	5
EYA3	5
F12	5
FABP2	5
FAF2	5
FAM117A	5
FAM118A	5
FAM122C	5
FAM131C	5
FAM151B	5
FAM153A	5
FAM162B	5
FAM174A	5
FAM181B	5
FAM216A	5
FAM53C	5
FAM71D	5
FAM71E1	5
FAM83A	5
FAM98C	5
FANK1	5
FASLG	5
FASTK	5
FATE1	5
FAXC	5
FBRS	5
FBXL16	5
FBXL6	5
FBXO6	5
FCER1A	5
FCGR1A	5
FCRLB	5
FDXR	5
FECH	5
FFAR4	5
FGB	5
FGF17	5
FGF7	5
FGF8	5
FGF9	5
FH	5
FKBP4	5
FLAD1	5
FLT3LG	5
FOSL1	5
FOXC2	5
FOXD3	5
FOXD4L6	5
FOXH1	5
FOXK2	5
FOXN4	5
FOXR2	5
FRG2B	5
FRMD5	5
FSHB	5
FST	5
FUCA1	5
FUT7	5
FUZ	5
G6PC3	5
GABRP	5
GAL3ST1	5
GALNT1	5
GART	5
GAS2	5
GAS8	5
GATA4	5
GC	5
GCG	5
GCLM	5
GDAP1L1	5
GDF11	5
GEMIN8	5
GET1	5
GET1-SH3BGR	5
GFI1	5
GFOD1	5
GGCT	5
GH2	5
GIMAP5	5
GIMAP6	5
GINS1	5
GINS3	5
GJB4	5
GJB7	5
GLDN	5
GLIS2	5
GLMP	5
GLT1D1	5
GLT8D2	5
GLTPD2	5
GLUD1	5
GLYATL1	5
GLYATL2	5
GNAI3	5
GNPTG	5
GOLPH3	5
GOLT1B	5
GORAB	5
GOSR1	5
GOT2	5
GPAT2	5
GPATCH1	5
GPI	5
GPKOW	5
GPR119	5
GPR152	5
GPR17	5
GPR176	5
GPR18	5
GPR82	5
GPR84	5
GPR89B	5
GPRC5A	5
GPRC5B	5
GPRIN2	5
GPT2	5
GRB14	5
GRPR	5
GSTA1	5
GSTA5	5
GSTM2	5
GTF2I	5
GULP1	5
GYPB	5
GYPE	5
GZMB	5
H1-4	5
H2BC4	5
H2BC6	5
H2BC8	5
H3-4	5
H3C6	5
HACL1	5
HAUS8	5
HAX1	5
HCAR2	5
HCCS	5
HDDC2	5
HDHD3	5
HERPUD1	5
HEXD	5
HGH1	5
HHEX	5
HIBADH	5
HIBCH	5
HLA-E	5
HM13	5
HMBOX1	5
HMCN2	5
HMGXB4	5
HMOX1	5
HMOX2	5
HNMT	5
HNRNPC	5
HNRNPH2	5
HNRNPH3	5
HNRNPR	5
HOMER1	5
HOXB2	5
HOXC9	5
HOXD13	5
HPCA	5
HPS4	5
HRH1	5
HRH4	5
HSD17B4	5
HSF5	5
HYI	5
HYKK	5
ICOS	5
IDI1	5
IFNA16	5
IFNA2	5
IFNA8	5
IFNG	5
IFNL2	5
IFT46	5
IGBP1	5
IGFBP1	5
IGFLR1	5
IGHA2	5
IGHV1-24	5
IGHV5-51	5
IGKV3-15	5
IGLV3-10	5
IL10RA	5
IL15RA	5
IL22RA2	5
IL32	5
IL7	5
ILKAP	5
ILRUN	5
IMP4	5
IMPA2	5
ING3	5
INTS9	5
IQCK	5
IRF2BPL	5
IRF3	5
IRF8	5
ISY1-RAB43	5
ITFG1	5
ITIH4	5
ITM2C	5
ITPK1	5
ITPKA	5
IZUMO1	5
JAZF1	5
JKAMP	5
JSRP1	5
KANK3	5
KATNA1	5
KCMF1	5
KCNAB2	5
KCNE4	5
KCNIP4	5
KCNJ11	5
KCNK4	5
KCNMB1	5
KCNMB3	5
KCTD10	5
KCTD6	5
KDF1	5
KIAA0895L	5
KIR3DL1	5
KLF11	5
KLF13	5
KLF4	5
KLF6	5
KLHDC3	5
KLHDC7B	5
KLHL15	5
KLK1	5
KLK6	5
KLK8	5
KLRB1	5
KLRC2	5
KMT5A	5
KNCN	5
KPNA2	5
KPTN	5
KREMEN1	5
KRT23	5
KRT26	5
KRT36	5
KRT7	5
KRT80	5
KRTAP10-11	5
KRTAP10-4	5
KRTAP10-9	5
KRTAP15-1	5
KRTAP5-8	5
KRTAP6-3	5
LACC1	5
LACTB2	5
LAIR1	5
LCE3D	5
LCK	5
LCN12	5
LHFPL5	5
LIN9	5
LIPK	5
LLPH	5
LOXHD1	5
LOXL1	5
LPAR2	5
LRCH4	5
LRG1	5
LRRC10	5
LRRC19	5
LRRC25	5
LRRC57	5
LRRC58	5
LRRC59	5
LSG1	5
LSM1	5
LYL1	5
LYPD4	5
LYSMD2	5
M1AP	5
MAGEA3	5
MAGEB10	5
MAGEB16	5
MAK16	5
MALRD1	5
MANF	5
MAOB	5
MAP11	5
MAP1LC3B2	5
MAP1LC3C	5
MAP3K8	5
MAPKAPK5	5
MARCKS	5
MATN3	5
MCFD2	5
MCM2	5
MCM3	5
MCM5	5
MCUB	5
MDH1	5
MDH2	5
MEF2D	5
MEOX1	5
METTL1	5
METTL21A	5
METTL2B	5
METTL7B	5
MEX3D	5
MFRP	5
MFSD4A	5
MICOS13	5
MICU1	5
MID1IP1	5
MIER1	5
MIF4GD	5
MIIP	5
MIPOL1	5
MKKS	5
MLANA	5
MLX	5
MLXIP	5
MOB3A	5
MOB3C	5
MOB4	5
MOGAT1	5
MOGAT3	5
MOSPD1	5
MPG	5
MPV17L2	5
MPZ	5
MPZL1	5
MRO	5
MROH2A	5
MRPL28	5
MRPL3	5
MRPL32	5
MRPL58	5
MS4A5	5
MS4A7	5
MSI2	5
MSRA	5
MSTN	5
MSX2	5
MTCH1	5
MTERF2	5
MTMR14	5
MTRES1	5
MTRF1	5
MTRF1L	5
MTSS2	5
MTX1	5
MXI1	5
MYADM	5
MYMK	5
NAA11	5
NAA80	5
NACAD	5
NAGA	5
NANOG	5
NAPB	5
NAPRT	5
NAT2	5
NBL1	5
NBPF1	5
NCF1	5
NCLN	5
NDEL1	5
NDFIP1	5
NDUFAF1	5
NDUFB5	5
NDUFB9	5
NECAP2	5
NEK7	5
NEU3	5
NEURL1	5
NEUROG3	5
NFATC2IP	5
NFKBID	5
NHEJ1	5
NHLH1	5
NIT2	5
NKD2	5
NMNAT1	5
NNMT	5
NOB1	5
NOL11	5
NOL12	5
NOL7	5
NOTUM	5
NPIPB15	5
NPM1	5
NPPA	5
NPPB	5
NPTN	5
NPTX1	5
NPVF	5
NPY	5
NPY1R	5
NR1I2	5
NRSN2	5
NSG2	5
NSMCE1	5
NSUN4	5
NSUN5	5
NTAQ1	5
NTHL1	5
NTN3	5
NTN5	5
NTS	5
NUDT11	5
NUDT15	5
NUDT17	5
NUDT6	5
NUDT9	5
NUP50	5
NUP62	5
NXPE1	5
OAS1	5
OAT	5
ODAPH	5
ODC1	5
OGG1	5
OGN	5
OLFM2	5
OLR1	5
ONECUT3	5
OPTC	5
OR10A7	5
OR10G3	5
OR10G8	5
OR11A1	5
OR13C2	5
OR13G1	5
OR13H1	5
OR1A1	5
OR1D2	5
OR1J4	5
OR1K1	5
OR1S1	5
OR1S2	5
OR2AE1	5
OR2C1	5
OR2D3	5
OR2F2	5
OR2J2	5
OR2T34	5
OR3A3	5
OR4K14	5
OR4N5	5
OR4X2	5
OR51A2	5
OR51B6	5
OR52A1	5
OR52B2	5
OR52E6	5
OR52I1	5
OR56B1	5
OR5AK2	5
OR5B21	5
OR5T1	5
OR6A2	5
OR6C1	5
OR6C76	5
OR7A10	5
OR7A17	5
OR7C2	5
OR8D1	5
OR8G5	5
OR8J3	5
OR8S1	5
OSER1	5
OSGEP	5
OSTM1	5
OSTN	5
OTOS	5
OTUD3	5
P2RY12	5
P4HTM	5
PABPC4L	5
PACRGL	5
PAG1	5
PAQR3	5
PAQR4	5
PARD6B	5
PARM1	5
PATE1	5
PBDC1	5
PCBP3	5
PCED1A	5
PCMT1	5
PCMTD2	5
PCNA	5
PDC	5
PDCD1	5
PDCD6	5
PDCL3	5
PDHX	5
PDK3	5
PEBP4	5
PEDS1-UBE2V1	5
PELO	5
PENK	5
PEX11G	5
PEX12	5
PEX16	5
PGAM1	5
PGAM5	5
PGGT1B	5
PGLYRP1	5
PGLYRP3	5
PHETA1	5
PHETA2	5
PHF19	5
PHLDB3	5
PHOSPHO2	5
PHYHD1	5
PI4K2A	5
PID1	5
PIGS	5
PIGU	5
PIGW	5
PIK3IP1	5
PILRA	5
PIM1	5
PIP	5
PIP5K1B	5
PIP5KL1	5
PIR	5
PITHD1	5
PITPNB	5
PKIA	5
PKIB	5
PLAAT1	5
PLAGL1	5
PLAU	5
PLAUR	5
PLBD1	5
PLEKHA8	5
PLEKHF1	5
PLIN2	5
PLIN5	5
PLPP7	5
PLSCR2	5
PMM1	5
PMPCA	5
PNKP	5
PNLIPRP2	5
PNMA3	5
PNPLA2	5
PNRC1	5
POC1A	5
PODNL1	5
POFUT1	5
POLD2	5
POLR1F	5
POLR2H	5
POLR2J	5
POMK	5
POTEJ	5
PPP1CC	5
PPP1R14A	5
PPP2CB	5
PPP4R2	5
PRAMEF15	5
PRAMEF5	5
PRC1	5
PRG2	5
PRM3	5
PRMT5	5
PRPF19	5
PRRC1	5
PRSS48	5
PRSS58	5
PRTN3	5
PSAT1	5
PSG11	5
PSG5	5
PSKH1	5
PSMC2	5
PSMD14	5
PSMD3	5
PTCD3	5
PTGDR	5
PTGDR2	5
PTGER4	5
PTGES3L-AARSD1	5
PTGR1	5
PTGR2	5
PTPDC1	5
PTPN18	5
PTPN20	5
PTPN7	5
PXYLP1	5
RAB11A	5
RAB23	5
RAB39A	5
RAB3D	5
RAB41	5
RAB4A	5
RAB6A	5
RABL2A	5
RAC2	5
RAD23B	5
RAD51C	5
RALA	5
RAP1GAP	5
RAP2B	5
RASGEF1C	5
RASSF1	5
RASSF10	5
RASSF6	5
RBFOX2	5
RBM11	5
RBM38	5
RBM44	5
RBM7	5
RBMX	5
RDH5	5
RDH8	5
REC114	5
REEP3	5
REEP4	5
REG1B	5
RFFL	5
RFPL1	5
RFWD3	5
RGPD1	5
RGPD3	5
RGPD4	5
RGS13	5
RGS5	5
RHBDD1	5
RHBDD3	5
RHBDL1	5
RHOC	5
RHOJ	5
RIC8A	5
RIPK2	5
RITA1	5
RMDN2	5
RMND1	5
RMND5B	5
RNASE4	5
RNASE9	5
RNASEH2B	5
RNF115	5
RNF125	5
RNF138	5
RNF14	5
RNF146	5
RNF175	5
RNF2	5
RNF208	5
RNF26	5
RNFT1	5
RNH1	5
RPIA	5
RPL35	5
RPL4	5
RPL7	5
RPRD1A	5
RPRD1B	5
RPS2	5
RRAS2	5
RRM2	5
RRP15	5
RRP8	5
RSC1A1	5
RSPH3	5
RSPRY1	5
RTL8B	5
RTN2	5
RUSF1	5
S100A7	5
S100PBP	5
SAA2-SAA4	5
SACM1L	5
SAP30BP	5
SARS1	5
SAT1	5
SBK2	5
SCAMP1	5
SCARA3	5
SCARF1	5
SCGN	5
SCNN1D	5
SCTR	5
SDHB	5
SDHD	5
SDR39U1	5
SEC13	5
SEC22A	5
SELENOI	5
SELENOM	5
SENP2	5
SENP3	5
SEPSECS	5
SEPTIN5	5
SEPTIN7	5
SERINC2	5
SERINC4	5
SERPINB4	5
SERPINB6	5
SERPINF1	5
SERTAD2	5
SESN1	5
SFRP5	5
SFT2D1	5
SFTPD	5
SFXN3	5
SGCA	5
SGK3	5
SGPL1	5
SGSH	5
SGTA	5
SH2B2	5
SH2D5	5
SHB	5
SHD	5
SIL1	5
SINHCAF	5
SIRPB2	5
SLAMF7	5
SLAMF9	5
SLC16A8	5
SLC22A12	5
SLC22A25	5
SLC22A5	5
SLC25A19	5
SLC25A41	5
SLC25A5	5
SLC25A6	5
SLC26A1	5
SLC27A4	5
SLC30A1	5
SLC30A2	5
SLC34A3	5
SLC35D2	5
SLC35D3	5
SLC35G1	5
SLC36A2	5
SLC39A8	5
SLC49A4	5
SLC51A	5
SLC9B2	5
SLFN14	5
SMAP2	5
SMPDL3B	5
SMR3A	5
SMU1	5
SMURF2	5
SMYD2	5
SNAPC2	5
SNX7	5
SOCS3	5
SOX3	5
SPACA3	5
SPACA5B	5
SPACA9	5
SPAG11A	5
SPAG4	5
SPAG8	5
SPATA6	5
SPATS1	5
SPDEF	5
SPDYA	5
SPESP1	5
SPINDOC	5
SPO11	5
SPOP	5
SPP1	5
SPPL2A	5
SPR	5
SPRY4	5
SRF	5
SRP54	5
SRSF1	5
SSMEM1	5
SSR1	5
SSU72P8	5
ST6GALNAC6	5
STARD3	5
STC1	5
STEAP3	5
STK16	5
STK35	5
STMN4	5
STOM	5
STOML1	5
STOML3	5
STRADB	5
STX12	5
SULT1C2	5
SULT4A1	5
SUMF1	5
SURF4	5
SVOP	5
SYCE2	5
SYF2	5
SYT11	5
TAF13	5
TAF1B	5
TAF7	5
TAF8	5
TAF9B	5
TAGLN	5
TAS2R16	5
TAS2R4	5
TBCA	5
TBL3	5
TBX21	5
TCP11L2	5
TCTEX1D1	5
TDP2	5
TEAD3	5
TECTB	5
TEF	5
TERF2IP	5
TES	5
TEX37	5
TEX45	5
TEX55	5
TFB2M	5
TFDP2	5
TFEB	5
TGDS	5
TGFBI	5
THAP2	5
THAP4	5
THOC3	5
THRA	5
THUMPD1	5
THUMPD3	5
TIA1	5
TIGD5	5
TIMP4	5
TINF2	5
TJAP1	5
TKT	5
TLX3	5
TM2D2	5
TM4SF5	5
TM6SF1	5
TM6SF2	5
TMBIM1	5
TMCO1	5
TMED10	5
TMEM106B	5
TMEM120A	5
TMEM121	5
TMEM150C	5
TMEM151A	5
TMEM154	5
TMEM161A	5
TMEM165	5
TMEM169	5
TMEM176B	5
TMEM177	5
TMEM19	5
TMEM215	5
TMEM252	5
TMEM255B	5
TMEM266	5
TMEM38B	5
TMEM47	5
TMEM92	5
TNFSF9	5
TNIP2	5
TNNI1	5
TNNI3	5
TNNI3K	5
TOLLIP	5
TOM1L1	5
TOMM34	5
TOPAZ1	5
TOR1B	5
TOR3A	5
TP53I11	5
TP53I3	5
TPGS2	5
TPM1	5
TRAPPC6A	5
TREM1	5
TREX2	5
TRIB3	5
TRIM21	5
TRIM28	5
TRIM38	5
TRIM44	5
TRIM47	5
TRIM59	5
TRIM66	5
TRIM7	5
TRIM77	5
TRIP10	5
TRIP13	5
TRMT11	5
TRNAU1AP	5
TSC22D4	5
TSGA13	5
TSLP	5
TSPAN11	5
TSPAN14	5
TSPAN17	5
TSPAN8	5
TSSK3	5
TSSK6	5
TTC25	5
TTI2	5
TTLL10	5
TTLL11	5
TUBB1	5
TUBB4B	5
TUBD1	5
TWSG1	5
U2AF1L4	5
UBAC2	5
UBB	5
UBD	5
UBE2J2	5
UBE2L3	5
UBXN2B	5
UBXN8	5
UCKL1	5
UFSP1	5
UGCG	5
UGT1A1	5
UGT1A3	5
UHMK1	5
UIMC1	5
UNG	5
UQCRC2	5
UQCRFS1	5
USB1	5
USP18	5
USP22	5
USP39	5
USP50	5
UTP11	5
UTP18	5
UTP23	5
UTS2R	5
VAX1	5
VBP1	5
VDAC2	5
VEZF1	5
VMO1	5
VNN2	5
VPREB1	5
VPS28	5
VPS35	5
VPS4B	5
VSIG4	5
VSIG8	5
VSTM2L	5
VTI1A	5
WBP11	5
WDR27	5
WDR43	5
WDR48	5
WDR61	5
WDR74	5
WDR76	5
WEE1	5
WNT10A	5
WTIP	5
WWTR1	5
XG	5
YTHDF1	5
YY2	5
ZBED6CL	5
ZBTB10	5
ZBTB2	5
ZBTB25	5
ZBTB8A	5
ZC3H10	5
ZC3H12D	5
ZCCHC13	5
ZDHHC13	5
ZFP69B	5
ZFP91	5
ZFPL1	5
ZFYVE19	5
ZNF114	5
ZNF143	5
ZNF195	5
ZNF202	5
ZNF225	5
ZNF239	5
ZNF260	5
ZNF268	5
ZNF274	5
ZNF280D	5
ZNF32	5
ZNF397	5
ZNF410	5
ZNF468	5
ZNF474	5
ZNF501	5
ZNF552	5
ZNF684	5
ZNF697	5
ZNF707	5
ZNF732	5
ZNF75A	5
ZNF76	5
ZNF799	5
ZNF816-ZNF321P	5
ZNF830	5
ZPBP2	5
ZPLD1	5
ZPR1	5
ZSCAN10	5
ZSCAN16	5
ZSCAN9	5
ZSWIM1	5
ZYG11A	5
AAR2	4
AARD	4
ABHD10	4
ABHD17C	4
ABHD3	4
ABHD4	4
ABHD8	4
AC018630.4	4
AC023055.1	4
AC139530.2	4
AC231657.3	4
ACBD4	4
ACOT9	4
ACSF2	4
ACTC1	4
ADAM20	4
ADM2	4
ADORA3	4
ADPRH	4
ADPRM	4
ADPRS	4
ADRA2A	4
ADRA2C	4
ADRM1	4
AIRE	4
AJUBA	4
AK8	4
AKAP1	4
AKR1C3	4
AL031777.2	4
ALDOC	4
ALG12	4
ALG2	4
ALKBH6	4
ALKBH8	4
ALX1	4
AMDHD2	4
AMH	4
AMOTL2	4
AMY1C	4
ANKH	4
ANKRA2	4
ANKRD16	4
ANKRD18B	4
ANKRD2	4
ANKRD20A4P	4
ANKRD30B	4
ANKRD42	4
ANKRD7	4
ANP32B	4
AP1S2	4
AP1S3	4
AP3M1	4
AP5S1	4
APCS	4
APOBEC3D	4
APOBEC3F	4
APOE	4
APOL1	4
APOL2	4
APOL4	4
AQP1	4
AQP3	4
ARHGAP42	4
ARHGEF16	4
ARHGEF39	4
ARL10	4
ARL14	4
ARMC1	4
ARPC2	4
ARSH	4
ASAH2B	4
ASB1	4
ASB8	4
ASCC1	4
ASNS	4
ATG14	4
ATG16L2	4
ATG3	4
ATL3	4
ATP1B1	4
ATP4B	4
ATP6V0B	4
ATP6V1G1	4
ATP6V1G3	4
AUH	4
AZIN2	4
B3GNT5	4
B3GNT8	4
B9D2	4
BAALC	4
BAG2	4
BAK1	4
BBS5	4
BCAT2	4
BCCIP	4
BCL7C	4
BCS1L	4
BEX3	4
BHLHE40	4
BLID	4
BMI1	4
BMP6	4
BNIP2	4
BNIP3L	4
BOD1	4
BORCS7	4
BPIFA2	4
BSDC1	4
BST1	4
BTD	4
BTNL2	4
BUB3	4
BYSL	4
C10orf67	4
C11orf24	4
C11orf68	4
C12orf43	4
C12orf54	4
C17orf58	4
C19orf47	4
C1QC	4
C1orf115	4
C1orf131	4
C1orf194	4
C1orf226	4
C1orf52	4
C22orf31	4
C2orf66	4
C2orf69	4
C2orf88	4
C5orf15	4
C5orf38	4
C7orf26	4
C7orf61	4
C8orf58	4
CA4	4
CA5A	4
CAAP1	4
CABLES2	4
CABP7	4
CACYBP	4
CALML3	4
CALML4	4
CAMKMT	4
CANX	4
CAP1	4
CAPG	4
CAPN13	4
CASC3	4
CATSPERG	4
CAV2	4
CBR4	4
CBWD2	4
CCDC122	4
CCDC134	4
CCDC142	4
CCDC149	4
CCDC184	4
CCDC69	4
CCDC70	4
CCDC86	4
CCHCR1	4
CCNB2	4
CCNC	4
CCNI	4
CCNYL1	4
CCR8	4
CCSAP	4
CD160	4
CD1C	4
CD209	4
CD226	4
CD247	4
CD27	4
CD300A	4
CD300E	4
CD320	4
CD55	4
CD7	4
CD79A	4
CD79B	4
CD86	4
CD8B	4
CD9	4
CDC37L1	4
CDC42	4
CDCA3	4
CDCA7	4
CDCA8	4
CDHR4	4
CDK10	4
CDKN1A	4
CDS1	4
CDSN	4
CEACAM19	4
CEACAM7	4
CEACAM8	4
CELA2A	4
CELA2B	4
CELA3B	4
CELF6	4
CENPH	4
CENPL	4
CENPV	4
CEP295	4
CEP76	4
CERCAM	4
CERS1	4
CERS2	4
CES2	4
CFAP126	4
CFAP161	4
CFAP20	4
CFAP92	4
CFHR1	4
CFI	4
CFL1	4
CFLAR	4
CGGBP1	4
CHIC2	4
CHKB	4
CHMP6	4
CHPT1	4
CHRFAM7A	4
CHRNA10	4
CHRNA9	4
CIDEA	4
CIDEC	4
CKB	4
CKS1B	4
CLDN25	4
CLEC18C	4
CLEC1B	4
CLEC4G	4
CLEC9A	4
CLECL1	4
CLIC2	4
CLIC4	4
CLN8	4
CLPTM1L	4
CMA1	4
CMC1	4
CMPK1	4
CMTM1	4
CMTM2	4
CNPY2	4
CNRIP1	4
COIL	4
COL10A1	4
COLEC10	4
COMMD10	4
COMMD2	4
COPE	4
COQ4	4
CORO2A	4
COTL1	4
COX11	4
COX19	4
COX4I2	4
COX6A2	4
CPA4	4
CPN2	4
CPNE1	4
CREB1	4
CRHR1	4
CRYGC	4
CSAG2	4
CSN1S1	4
CSN3	4
CSRP1	4
CST4	4
CST7	4
CTAG2	4
CTBP2	4
CTDSP1	4
CTDSP2	4
CTH	4
CTNS	4
CTRC	4
CTSE	4
CTTN	4
CTXN3	4
CWC15	4
CWC25	4
CXCL11	4
CXCL8	4
CXorf21	4
CXorf65	4
CYB5D1	4
CYP27A1	4
CYP2B6	4
CYSLTR2	4
CYTH2	4
DALRD3	4
DAOA	4
DARS1	4
DBNL	4
DCHS2	4
DCTN4	4
DDAH1	4
DDIT3	4
DDX39A	4
DEFB118	4
DEFB126	4
DEGS2	4
DENND10	4
DENND6B	4
DENR	4
DFFB	4
DGAT2	4
DGAT2L6	4
DHRS1	4
DHRS7	4
DHRSX	4
DIO1	4
DMC1	4
DNAJB11	4
DNAJB4	4
DNAJB6	4
DNAJC12	4
DNAJC19	4
DNAJC27	4
DNAL4	4
DNASE2	4
DND1	4
DNTTIP1	4
DOK2	4
DPEP1	4
DPM1	4
DPPA3	4
DPPA5	4
DPRX	4
DPY30	4
DRG2	4
DRICH1	4
DTD1	4
DTD2	4
DTNBP1	4
DTX1	4
DUSP15	4
DUSP19	4
DUSP2	4
DYDC1	4
DYNAP	4
E2F2	4
ECRG4	4
EDN1	4
EED	4
EEF1AKMT1	4
EEF1AKMT3	4
EEF1B2	4
EEF2KMT	4
EFNA5	4
EFNB2	4
EFS	4
EGLN3	4
EIF2AK2	4
EIF2B4	4
EIF2S2	4
EIF3I	4
EIF3M	4
EIF4EBP2	4
EIF5A2	4
EIPR1	4
ELOVL5	4
EMC3	4
ENDOG	4
ENSA	4
ERAL1	4
ERCC1	4
ERG28	4
ERI1	4
ESAM	4
ETFB	4
ETNK2	4
EXD2	4
EXOSC3	4
EXOSC4	4
EXT2	4
FAAP24	4
FABP6	4
FAM110D	4
FAM124B	4
FAM163A	4
FAM167B	4
FAM168A	4
FAM178B	4
FAM205A	4
FAM207A	4
FAM209A	4
FAM210A	4
FAM216B	4
FAM219A	4
FAM228A	4
FAM71F1	4
FAM71F2	4
FAM83F	4
FAM8A1	4
FANCF	4
FAU	4
FAXDC2	4
FBXO16	4
FBXO25	4
FBXO27	4
FBXO44	4
FDFT1	4
FDX2	4
FGF1	4
FGF16	4
FGF18	4
FGF2	4
FGFBP1	4
FHIT	4
FHL2	4
FIBIN	4
FIBP	4
FIGNL2	4
FKBP3	4
FKRP	4
FLACC1	4
FLOT2	4
FLVCR1	4
FNDC11	4
FNDC7	4
FOSL2	4
FOXA1	4
FOXD2	4
FOXD4	4
FOXF1	4
FPGS	4
FUNDC2	4
FUS	4
FUT10	4
FUT6	4
FYTTD1	4
FZD5	4
G6PC	4
G6PC2	4
GADD45GIP1	4
GAL3ST3	4
GALE	4
GALNT8	4
GALR2	4
GAPDHS	4
GARS1	4
GATA6	4
GBA	4
GBX1	4
GBX2	4
GCH1	4
GCSAML	4
GDA	4
GDF1	4
GDF7	4
GDI1	4
GDPD1	4
GDPGP1	4
GET4	4
GFRA4	4
GGH	4
GGT1	4
GIMAP2	4
GINS4	4
GIPR	4
GJB6	4
GJC3	4
GKN1	4
GLMN	4
GLRX2	4
GLS	4
GLYAT	4
GLYCTK	4
GOLGA7B	4
GOSR2	4
GPATCH3	4
GPBAR1	4
GPN2	4
GPR1	4
GPR107	4
GPR146	4
GPR148	4
GPR150	4
GPR21	4
GPR25	4
GPR39	4
GPR65	4
GPSM1	4
GPSM3	4
GPX1	4
GPX2	4
GPX3	4
GRAMD2A	4
GRAMD2B	4
GREM1	4
GRINA	4
GRK1	4
GRXCR2	4
GSC	4
GSS	4
GSTA4	4
GTF2H3	4
GTF2H4	4
GTF3A	4
GTF3C6	4
GTPBP10	4
GTPBP6	4
GTSE1	4
GTSF1	4
GUCA1A	4
GUCA1B	4
GUCA1C	4
GUCA2B	4
GYPC	4
H1-1	4
H1-7	4
H2AB1	4
H2AC6	4
H2BC1	4
H2BC13	4
H2BC18	4
H2BC5	4
H2BW1	4
H3C11	4
H3C4	4
H4-16	4
H4C1	4
H4C12	4
H4C13	4
H4C4	4
H4C7	4
H4C8	4
H4C9	4
HABP4	4
HACD1	4
HACD2	4
HACD3	4
HACD4	4
HADH	4
HAGH	4
HAND1	4
HBD	4
HBG2	4
HDAC10	4
HELT	4
HHLA1	4
HINT3	4
HLA-DMA	4
HMCES	4
HMGB2	4
HNRNPLL	4
HORMAD2	4
HOXB4	4
HOXC11	4
HOXC12	4
HPCAL1	4
HRAS	4
HS3ST1	4
HSD17B13	4
HSD3B7	4
HTATIP2	4
HYLS1	4
IBA57	4
ICAM1	4
ICAM2	4
ICAM4	4
IFI6	4
IFNA14	4
IFNA17	4
IFNA5	4
IFNB1	4
IFNK	4
IFNL3	4
IFT43	4
IGFBP2	4
IGHV1-46	4
IGHV1-58	4
IGHV1OR15-9	4
IGHV3-11	4
IGHV3-16	4
IGHV3-21	4
IGHV3-23	4
IGHV4-31	4
IGHV4-34	4
IGKV1-9	4
IGKV1D-13	4
IGKV1D-16	4
IGKV3D-20	4
IGKV6D-41	4
IGLV1-50	4
IGLV3-27	4
IGLV3-9	4
IL10	4
IL18	4
IL18BP	4
IL1RN	4
IL2	4
IL20	4
IL21	4
IL25	4
IL2RB	4
IL31	4
IL37	4
IL4	4
IMPDH1	4
ING4	4
INHBB	4
INHBE	4
INIP	4
INSIG2	4
INSYN2B	4
IQCD	4
IQCF1	4
IRF2BP2	4
ISCA2	4
ISL2	4
IST1	4
ITFG2	4
ITGB1BP2	4
ITPA	4
JAM2	4
JUN	4
KBTBD2	4
KCNG3	4
KCNJ14	4
KCNK15	4
KCNK16	4
KCP	4
KCTD2	4
KDSR	4
KHDC1	4
KIAA0513	4
KIAA1671	4
KIAA2013	4
KIR2DL3	4
KIR2DS4	4
KLF1	4
KLF10	4
KLF7	4
KLF9	4
KLHL12	4
KLHL29	4
KLHL35	4
KLK11	4
KLRC3	4
KLRC4	4
KLRG1	4
KMT5C	4
KRBOX4	4
KRT19	4
KRT20	4
KRT77	4
KRT8	4
KRTAP1-5	4
KRTAP10-8	4
KRTAP11-1	4
KRTAP13-2	4
KRTAP19-3	4
KRTAP20-1	4
KRTAP4-5	4
KRTAP5-10	4
L2HGDH	4
LAGE3	4
LARS2	4
LBX1	4
LCMT1	4
LDAH	4
LDLRAD2	4
LDLRAD4	4
LEFTY2	4
LENG9	4
LETMD1	4
LFNG	4
LGALS9B	4
LHFPL2	4
LHFPL4	4
LILRB4	4
LINC02210-CRHR1	4
LIPA	4
LIPF	4
LMAN1L	4
LMBR1	4
LMLN	4
LMNA	4
LMNB2	4
LMO4	4
LPCAT2	4
LRIT3	4
LRRC2	4
LRRC37A	4
LRRC55	4
LRRC6	4
LRRC61	4
LRRC75B	4
LRRD1	4
LRRN2	4
LRTM2	4
LSM10	4
LTB	4
LURAP1L	4
LYPD3	4
LYPD6B	4
LYPLA1	4
LYPLA2	4
LYSMD1	4
LYZL2	4
MACROD1	4
MAD2L1BP	4
MADCAM1	4
MAGEB18	4
MAL	4
MAMDC4	4
MANSC1	4
MAOA	4
MAP1LC3A	4
MAPK1	4
MAPK3	4
MAPK8IP2	4
MARCHF1	4
MARCHF5	4
MAS1L	4
MAZ	4
MBL2	4
MBNL3	4
MBOAT7	4
MBTD1	4
MC2R	4
MCAT	4
MCCD1	4
MCUR1	4
MECR	4
MED31	4
MED4	4
MED7	4
MED8	4
MEDAG	4
MEIOB	4
METTL18	4
METTL27	4
METTL2A	4
METTL8	4
METTL9	4
MFAP3	4
MGARP	4
MGLL	4
MGP	4
MICB	4
MIOX	4
MKNK1	4
MLYCD	4
MMACHC	4
MOAP1	4
MORF4L1	4
MORF4L2	4
MPI	4
MPZL2	4
MREG	4
MRGPRD	4
MRGPRE	4
MRM3	4
MROH6	4
MRPL15	4
MRPL46	4
MRPL9	4
MRPS10	4
MRPS11	4
MRPS15	4
MRPS24	4
MRPS5	4
MRPS7	4
MRS2	4
MS4A10	4
MSMO1	4
MTARC2	4
MTG2	4
MTHFD2	4
MTURN	4
MUC1	4
MUC19	4
MYL2	4
MYL4	4
MYL5	4
MYLIP	4
MZT2A	4
NACA	4
NADK2	4
NAMPT	4
NANOS3	4
NAPG	4
NAT8	4
NAT8L	4
NBPF15	4
NBPF9	4
NCBP2	4
NCS1	4
NDRG1	4
NDRG4	4
NDUFA12	4
NDUFAF4	4
NDUFAF6	4
NDUFAF7	4
NDUFB10	4
NDUFB8	4
NDUFS3	4
NEIL2	4
NEK6	4
NFKBIE	4
NFU1	4
NFYB	4
NGDN	4
NGF	4
NHLH2	4
NICN1	4
NINJ1	4
NIP7	4
NIPA1	4
NIPAL1	4
NIPAL4	4
NIPSNAP1	4
NIT1	4
NKG7	4
NKX2-3	4
NMBR	4
NME5	4
NME6	4
NMI	4
NMNAT3	4
NOA1	4
NOG	4
NOL10	4
NOMO3	4
NPBWR2	4
NPL	4
NPM3	4
NPTXR	4
NR1H2	4
NR2F6	4
NR6A1	4
NRSN1	4
NSDHL	4
NT5DC1	4
NTMT1	4
NUDCD3	4
NUDT10	4
NUDT14	4
NUDT16L1	4
NUTM2D	4
NWD2	4
ODAM	4
ODF3L1	4
ODF4	4
OGFOD1	4
OGFOD2	4
OGFOD3	4
OMP	4
OR10A5	4
OR10G2	4
OR10G4	4
OR10H3	4
OR10K2	4
OR11G2	4
OR12D3	4
OR1N2	4
OR2AG1	4
OR2AG2	4
OR2B3	4
OR2C3	4
OR2T11	4
OR2T29	4
OR4B1	4
OR4E2	4
OR4F4	4
OR51G1	4
OR51L1	4
OR52B6	4
OR5A1	4
OR5A2	4
OR5AU1	4
OR5K1	4
OR5P3	4
OR6C3	4
OR7D4	4
OR8B12	4
OR8B2	4
OR8B8	4
OR9A2	4
ORC4	4
OSBP2	4
OTUB1	4
OTUB2	4
OVOL1	4
OXGR1	4
P2RX5	4
P3H4	4
P4HA2	4
PA2G4	4
PAAF1	4
PAGE2	4
PAICS	4
PANK2	4
PANX3	4
PAOX	4
PAQR5	4
PAQR6	4
PARK7	4
PAX9	4
PBK	4
PBX4	4
PCGF3	4
PCTP	4
PCYOX1L	4
PCYT2	4
PDCD10	4
PDCD2	4
PDPN	4
PDRG1	4
PDSS2	4
PEAK3	4
PEF1	4
PELI2	4
PEMT	4
PEX11B	4
PEX14	4
PFDN1	4
PFDN4	4
PFKFB4	4
PFN2	4
PGA5	4
PGAM4	4
PGBD2	4
PIEZO1	4
PIFO	4
PIGA	4
PIGP	4
PIGV	4
PINX1	4
PIP4P1	4
PITX1	4
PITX2	4
PJA2	4
PKDCC	4
PKM	4
PLA2G1B	4
PLA2G2F	4
PLAAT2	4
PLEK2	4
PLEKHB1	4
PLGRKT	4
PLK3	4
PLPP4	4
PMP2	4
PMP22	4
PNLIPRP1	4
PNPLA4	4
POGLUT1	4
POLA2	4
POLR2E	4
POLR3F	4
POM121L2	4
POU2AF1	4
POU2F3	4
PPIAL4A	4
PPIL2	4
PPIL6	4
PPM1F	4
PPM1J	4
PPM1M	4
PPME1	4
PPP4C	4
PPP6R1	4
PRADC1	4
PRB3	4
PRCP	4
PRDM8	4
PRDX2	4
PRKAB2	4
PRM2	4
PROK2	4
PRPF39	4
PRPH	4
PRPS2	4
PRR15L	4
PRR5	4
PRRT1	4
PRRX1	4
PRRX2	4
PRSS38	4
PRSS57	4
PRUNE1	4
PRXL2C	4
PSMA2	4
PSMA4	4
PSMA5	4
PSMA7	4
PSMB11	4
PSMB2	4
PSMB3	4
PSMB9	4
PSMD4	4
PSMD7	4
PSMG2	4
PTCRA	4
PTF1A	4
PTGER2	4
PTH	4
PTK6	4
PTP4A3	4
PTPRQ	4
PTRHD1	4
PUS1	4
PXMP2	4
QPCT	4
QPRT	4
RAB14	4
RAB27A	4
RAB27B	4
RAB29	4
RAB31	4
RAB35	4
RAB3IL1	4
RAB40B	4
RAB42	4
RAC1	4
RAC3	4
RAD23A	4
RAD51D	4
RAD52	4
RALY	4
RAMP1	4
RANBP1	4
RAP1A	4
RARRES1	4
RASD1	4
RASL12	4
RASSF7	4
RASSF8	4
RBAK-RBAKDN	4
RBFA	4
RBMXL3	4
RCC1L	4
RCHY1	4
RCN2	4
RDH10	4
RDH11	4
RDH13	4
RDM1	4
RELL1	4
RENBP	4
REP15	4
RER1	4
RETREG2	4
RFPL2	4
RFT1	4
RGS19	4
RHBDL2	4
RHEX	4
RHO	4
RHOQ	4
RHOXF2	4
RIBC1	4
RILP	4
RIOK3	4
RIOX1	4
RLN2	4
RNASE7	4
RNASEH2A	4
RNASET2	4
RND1	4
RND3	4
RNF144A	4
RNF152	4
RNF157	4
RNF167	4
RNF182	4
RNF212	4
RNF215	4
RNF217	4
RNPEP	4
ROM1	4
RP9	4
RPAIN	4
RPE	4
RPL10A	4
RPL18A	4
RPL24	4
RPL6	4
RPP38	4
RPS23	4
RPS24	4
RPS3	4
RPS5	4
RPS6	4
RPS6KB2	4
RPS6KL1	4
RPS7	4
RRAD	4
RRAGC	4
RRM2B	4
RRP1	4
RSRP1	4
RSU1	4
RTBDN	4
RTN4IP1	4
RTN4R	4
RTN4RL2	4
RTP2	4
RTP4	4
RTRAF	4
RXFP4	4
RXYLT1	4
S100A8	4
S100B	4
S1PR2	4
SAE1	4
SAMM50	4
SART1	4
SBK1	4
SBSPON	4
SCAMP5	4
SCD5	4
SCGB1D1	4
SCGB1D4	4
SCLY	4
SCMH1	4
SCN1B	4
SCNM1	4
SCNN1A	4
SCRN2	4
SCRT1	4
SDE2	4
SDF2	4
SDHAF2	4
SEC11C	4
SEC23B	4
SEC62	4
SENP8	4
SEPHS2	4
SERPINA3	4
SERPINB9	4
SERTAD1	4
SF3A3	4
SFTPA1	4
SFTPA2	4
SFXN4	4
SFXN5	4
SGTB	4
SH2D2A	4
SH2D4B	4
SH3RF2	4
SHARPIN	4
SHC3	4
SHISA3	4
SHLD1	4
SHPK	4
SHROOM1	4
SIRPG	4
SIRT2	4
SIRT3	4
SIRT7	4
SKI	4
SKP2	4
SLAMF8	4
SLBP	4
SLC10A1	4
SLC10A3	4
SLC16A11	4
SLC16A3	4
SLC22A23	4
SLC25A10	4
SLC25A26	4
SLC25A30	4
SLC25A33	4
SLC25A35	4
SLC25A36	4
SLC25A44	4
SLC29A1	4
SLC2A12	4
SLC30A5	4
SLC30A7	4
SLC33A1	4
SLC35A2	4
SLC35E1	4
SLC35E3	4
SLC36A3	4
SLC39A2	4
SLC5A1	4
SLC6A8	4
SLC7A7	4
SLFN12L	4
SLPI	4
SMAP1	4
SMIM21	4
SMPX	4
SNAP25	4
SNRPB	4
SNRPB2	4
SNU13	4
SNX20	4
SNX30	4
SOAT2	4
SOST	4
SOWAHD	4
SP5	4
SPATA2	4
SPATA7	4
SPDYE3	4
SPINT2	4
SPSB1	4
SQOR	4
SRC	4
SRD5A2	4
SRPRB	4
SRY	4
SSC5D	4
SSH3	4
ST13	4
STAM	4
STAP1	4
STARD10	4
STARD3NL	4
STARD7	4
STING1	4
STK32C	4
STOML2	4
STX16	4
STXBP6	4
SUCLG1	4
SULT1A1	4
SULT2B1	4
SUMF2	4
SUPV3L1	4
TACR2	4
TADA1	4
TAF11	4
TAF9	4
TAFA4	4
TANGO2	4
TAPBPL	4
TARDBP	4
TAS2R20	4
TAS2R3	4
TAS2R41	4
TAS2R43	4
TAS2R46	4
TAS2R5	4
TATDN3	4
TBC1D7	4
TBCE	4
TBPL1	4
TBX1	4
TBXA2R	4
TCEAL1	4
TCEAL9	4
TECR	4
TEDC1	4
TERB2	4
TESK1	4
TEX35	4
TEX44	4
TFAM	4
TFCP2L1	4
TGFB3	4
TGOLN2	4
THAP10	4
THAP5	4
THAP8	4
THEM4	4
THEM5	4
THG1L	4
THPO	4
TIMM17B	4
TIMM23	4
TIPRL	4
TIRAP	4
TK1	4
TMC7	4
TMED2	4
TMED5	4
TMEM106C	4
TMEM115	4
TMEM116	4
TMEM120B	4
TMEM121B	4
TMEM167A	4
TMEM174	4
TMEM18	4
TMEM182	4
TMEM186	4
TMEM190	4
TMEM196	4
TMEM202	4
TMEM216	4
TMEM229B	4
TMEM236	4
TMEM241	4
TMEM31	4
TMEM33	4
TMEM37	4
TMEM41B	4
TMEM50A	4
TMEM59	4
TMEM61	4
TMEM86A	4
TMEM88	4
TMEM97	4
TMIGD2	4
TMIGD3	4
TMX2	4
TNFRSF10C	4
TNFRSF17	4
TNFRSF6B	4
TNFSF15	4
TNFSF8	4
TNNT1	4
TNNT3	4
TOMM22	4
TOR2A	4
TOR4A	4
TPD52	4
TPD52L2	4
TPD52L3	4
TPK1	4
TPM2	4
TPPP	4
TPPP3	4
TPST1	4
TRABD2A	4
TRAM2	4
TRAPPC13	4
TRAPPC2	4
TRAPPC3	4
TRGC2	4
TRIM14	4
TRMT2A	4
TRMT44	4
TRMT61A	4
TRMT61B	4
TSEN54	4
TSG101	4
TSGA10IP	4
TSN	4
TSPAN12	4
TSPAN3	4
TSPAN6	4
TSPAN9	4
TSPO2	4
TSPYL1	4
TSSK4	4
TTC22	4
TTC23	4
TTC28	4
TTC33	4
TTC5	4
TTC9	4
TTPA	4
TTPAL	4
TTR	4
TUBB	4
TUBB6	4
TWIST1	4
TXNDC5	4
UBE2I	4
UBL3	4
UCP2	4
UGT1A10	4
UGT1A5	4
UGT2A2	4
ULK3	4
UNC93B1	4
UPK1A	4
UPK3A	4
UQCRB	4
URB1	4
UROD	4
USF1	4
VAMP7	4
VAPA	4
VASH2	4
VCPKMT	4
VDR	4
VEGFA	4
VIM	4
VIP	4
VKORC1L1	4
VPS26A	4
VRK3	4
VSIG10L	4
VXN	4
WASF2	4
WBP1L	4
WBP2	4
WDR25	4
WDR4	4
WDR89	4
WFDC5	4
WFDC8	4
WIPI1	4
WNT7B	4
WNT8A	4
WRNIP1	4
WSB2	4
XAGE2	4
XPA	4
XRCC3	4
YAP1	4
YARS1	4
YBEY	4
YBX1	4
YIF1B	4
YIPF3	4
YIPF4	4
YIPF5	4
YWHAE	4
YWHAQ	4
ZBTB17	4
ZBTB3	4
ZBTB43	4
ZCCHC4	4
ZDHHC19	4
ZDHHC23	4
ZDHHC24	4
ZDHHC6	4
ZFAND3	4
ZFAND5	4
ZFP36	4
ZFP69	4
ZKSCAN1	4
ZMAT2	4
ZNF146	4
ZNF200	4
ZNF213	4
ZNF324B	4
ZNF385C	4
ZNF394	4
ZNF414	4
ZNF428	4
ZNF485	4
ZNF558	4
ZNF576	4
ZNF579	4
ZNF581	4
ZNF589	4
ZNF593	4
ZNF630	4
ZNF691	4
ZNF703	4
ZNF716	4
ZNF774	4
ZNF787	4
ZNF841	4
ZNF90	4
ZNHIT1	4
ZSCAN26	4
AANAT	3
ABHD1	3
ABHD15	3
ABHD17B	3
AC024598.1	3
AC097637.1	3
AC136428.1	3
ACBD7	3
ACER2	3
ACER3	3
ACOT4	3
ACOT8	3
ACP6	3
ACTA2	3
ACY3	3
ADAP1	3
ADAT2	3
ADGRD2	3
ADH7	3
ADI1	3
ADTRP	3
AEBP2	3
AGPAT2	3
AGR2	3
AIFM2	3
AIP	3
AIPL1	3
AKAP14	3
AKR1C2	3
AKR7A3	3
ALDOA	3
ALG3	3
ALKAL1	3
ALKBH1	3
ALYREF	3
AMN	3
ANGPTL6	3
ANKRD22	3
ANKRD23	3
ANKRD29	3
ANKRD34C	3
ANKRD46	3
ANKS4B	3
ANP32A	3
ANP32E	3
ANXA3	3
ANXA5	3
AP1AR	3
AP3S1	3
AP4S1	3
APIP	3
APOA1	3
APOBEC3A	3
APOBEC3H	3
APOF	3
AREG	3
ARF5	3
ARFIP2	3
ARGFX	3
ARHGAP11B	3
ARHGAP40	3
ARID3A	3
ARL1	3
ARL15	3
ARL16	3
ARL2	3
ARL4A	3
ARL6IP5	3
ARMC10	3
ARMC12	3
ARMC6	3
ARMCX6	3
ARMH1	3
ARPC5	3
ARPIN	3
ARRDC4	3
ARRDC5	3
AS3MT	3
ASF1A	3
ASF1B	3
ASGR2	3
ATL2	3
ATP5PB	3
ATP6V1E1	3
ATP6V1G2	3
ATPAF1	3
ATRAID	3
AURKA	3
AVEN	3
AZGP1	3
AZIN1	3
B3GAT3	3
B3GNTL1	3
BAD	3
BAG5	3
BANF1	3
BARX1	3
BATF	3
BATF2	3
BCL2L12	3
BCL2L15	3
BCL7A	3
BDH1	3
BECN1	3
BEX5	3
BGLAP	3
BLNK	3
BMP8A	3
BNIP1	3
BOLA1	3
BOLL	3
BORCS6	3
BTBD17	3
BTBD18	3
BTF3L4	3
BTG3	3
BTLA	3
BUD13	3
BZW2	3
C12orf60	3
C16orf78	3
C16orf86	3
C19orf53	3
C19orf54	3
C1QL1	3
C1QTNF12	3
C1orf146	3
C1orf21	3
C1orf50	3
C2	3
C20orf96	3
C21orf91	3
C22orf15	3
C22orf42	3
C2CD2L	3
C2orf76	3
C3orf18	3
C3orf62	3
C4orf17	3
C4orf46	3
C6orf201	3
C8G	3
C8orf33	3
C8orf37	3
C8orf48	3
C9orf152	3
C9orf153	3
C9orf40	3
C9orf50	3
CA1	3
CA5B	3
CAB39	3
CABCOCO1	3
CALB1	3
CALHM2	3
CAMP	3
CAPN1	3
CAPNS1	3
CARD16	3
CARD19	3
CARHSP1	3
CASP3	3
CASP9	3
CBARP	3
CBFB	3
CBLC	3
CBR1	3
CBWD6	3
CCDC115	3
CCDC126	3
CCDC137	3
CCDC153	3
CCDC159	3
CCDC25	3
CCDC74A	3
CCL2	3
CCL22	3
CCL27	3
CCL4	3
CCN2	3
CCND1	3
CCNG1	3
CCNH	3
CCNO	3
CCR6	3
CD151	3
CD300LD	3
CD3G	3
CD74	3
CD8A	3
CDC123	3
CDC26	3
CDC42EP1	3
CDC42EP3	3
CDCP2	3
CDIN1	3
CDK4	3
CDK6	3
CDKAL1	3
CDX4	3
CEACAM21	3
CELA1	3
CENPA	3
CENPW	3
CEP19	3
CEP20	3
CFAP157	3
CFAP410	3
CGB5	3
CHCHD3	3
CHCHD6	3
CHIC1	3
CHM	3
CHMP2A	3
CHMP3	3
CHMP4C	3
CHMP5	3
CHRNA7	3
CHST7	3
CHTOP	3
CIBAR1	3
CIPC	3
CITED2	3
CKLF	3
CKMT1B	3
CLBA1	3
CLC	3
CLCF1	3
CLDN11	3
CLDN19	3
CLDN2	3
CLDN4	3
CLDN6	3
CLDN7	3
CLDN9	3
CLEC2D	3
CLEC3B	3
CLEC4M	3
CLEC6A	3
CLIC3	3
CLN6	3
CLPS	3
CMC4	3
CMPK2	3
CMTM7	3
CMTM8	3
CNIH2	3
CNPY3	3
COA1	3
COA6	3
COCH	3
COMMD8	3
COMMD9	3
COPG2	3
COPRS	3
COPS7B	3
COQ10A	3
COQ10B	3
COQ3	3
COX4I1	3
COX5A	3
COX6C	3
CPA2	3
CPLX1	3
CPLX2	3
CPNE5	3
CPSF4	3
CPT2	3
CRABP1	3
CRELD1	3
CRISP2	3
CRLF1	3
CRLF2	3
CRTAP	3
CRYBA1	3
CRYBB3	3
CRYGS	3
CSH1	3
CSHL1	3
CSN2	3
CSNK1A1	3
CSRP2	3
CST2	3
CST6	3
CT55	3
CTAGE9	3
CTRB1	3
CTSG	3
CXorf38	3
CXorf56	3
CYBC1	3
CYBRD1	3
CYP2J2	3
CYTH4	3
D2HGDH	3
DAPL1	3
DBNDD1	3
DBNDD2	3
DCAF16	3
DCDC2C	3
DCK	3
DCP1B	3
DCTD	3
DCTN3	3
DCTN5	3
DCTPP1	3
DCUN1D3	3
DDAH2	3
DDI2	3
DEFB114	3
DEFB119	3
DEFB124	3
DEFB129	3
DEFB135	3
DESI2	3
DGUOK	3
DHFR	3
DHPS	3
DIMT1	3
DLX3	3
DMAC2	3
DMAC2L	3
DMRT1	3
DMRTA2	3
DNAAF5	3
DNAAF6	3
DNAJC17	3
DNAJC4	3
DOHH	3
DPH6	3
DPP7	3
DUOXA1	3
DUSP26	3
DUSP7	3
DUT	3
EBI3	3
EDC3	3
EEF1AKMT4	3
EEF1E1	3
EFCAB11	3
EFNA1	3
EGR4	3
EID2	3
EIF1	3
EIF1B	3
EIF2B2	3
EIF3G	3
EIF3K	3
EIF4A3	3
EIF4E	3
EIF4E1B	3
EIF4E3	3
ELMOD2	3
ELOB	3
ELOVL7	3
EMC4	3
EMC8	3
EMC9	3
EME2	3
EMP3	3
ENHO	3
ENO2	3
ENO4	3
ENY2	3
EOLA1	3
EPHX3	3
ERAS	3
EREG	3
ESPN	3
ETFRF1	3
EXOSC7	3
F2RL3	3
FAAH	3
FABP1	3
FABP5	3
FAM102B	3
FAM104B	3
FAM110A	3
FAM131B	3
FAM136A	3
FAM180A	3
FAM183A	3
FAM193B	3
FAM221B	3
FAM222A	3
FAM24A	3
FAM3B	3
FAM43A	3
FAM72A	3
FAM76A	3
FAM76B	3
FAM86B1	3
FAM89B	3
FAM98B	3
FANCD2OS	3
FBP1	3
FBXL15	3
FBXO2	3
FBXO39	3
FBXO45	3
FBXO46	3
FBXW9	3
FCGR2A	3
FCGR2B	3
FCGR3B	3
FDXACB1	3
FEM1C	3
FGF19	3
FGL2	3
FGR	3
FICD	3
FITM1	3
FJX1	3
FKBP1A	3
FKBP7	3
FN3KRP	3
FOLR2	3
FOXA3	3
FOXC1	3
FOXD4L3	3
FOXE3	3
FOXI2	3
FOXI3	3
FOXJ1	3
FOXL2NB	3
FRMD8	3
FTL	3
FUOM	3
FXN	3
GABARAPL1	3
GABARAPL2	3
GAGE10	3
GALK1	3
GALP	3
GEMIN2	3
GEMIN7	3
GFI1B	3
GFRA3	3
GGT6	3
GGTLC1	3
GINS2	3
GJC2	3
GKAP1	3
GLIPR1L2	3
GLO1	3
GLOD4	3
GLRX	3
GM2A	3
GMFB	3
GNA13	3
GNG4	3
GNG7	3
GNGT1	3
GNLY	3
GNPDA1	3
GNPDA2	3
GNPNAT1	3
GOLGA6B	3
GOLGA6L22	3
GOLGA6L9	3
GPALPP1	3
GPD1	3
GPHB5	3
GPR135	3
GPR27	3
GPR35	3
GPR89A	3
GPRC5D	3
GPX4	3
GPX7	3
GPX8	3
GRB2	3
GRHPR	3
GRP	3
GRPEL1	3
GSDMB	3
GSTA2	3
GSTT2B	3
GTF2E2	3
GTSF1L	3
GYG1	3
GZMM	3
H1-6	3
H1-8	3
H2AC13	3
H2AC21	3
H2AC4	3
H2AX	3
H2BC12	3
H2BC7	3
H3C13	3
H4C11	3
H4C5	3
H4C6	3
HAAO	3
HAND2	3
HAPLN2	3
HARBI1	3
HAUS7	3
HCRTR1	3
HDHD2	3
HEBP1	3
HEBP2	3
HEMK1	3
HES1	3
HEXA	3
HEXIM1	3
HHIPL1	3
HIGD1B	3
HINT2	3
HMG20B	3
HMGB4	3
HMGXB3	3
HMSD	3
HOATZ	3
HOXA2	3
HOXA5	3
HOXC5	3
HPDL	3
HPF1	3
HSD11B2	3
HSD17B1	3
HSD17B11	3
HSD17B12	3
HSD3B2	3
HSDL1	3
HSDL2	3
HSF4	3
HSPA1B	3
HSPB11	3
HSPB2	3
HSPB3	3
HTR1D	3
HTR3D	3
HUS1	3
HUS1B	3
HYAL3	3
ICAM3	3
ICMT	3
IDUA	3
IER5	3
IFI30	3
IFITM1	3
IFITM5	3
IFNA21	3
IFNA6	3
IFNA7	3
IFNE	3
IFNL1	3
IFT22	3
IFT52	3
IGFBP7	3
IGHV2-5	3
IGHV3-15	3
IGHV3-35	3
IGHV3-38	3
IGHV3-43	3
IGHV3-48	3
IGHV3-49	3
IGHV3-53	3
IGHV3-72	3
IGHV4-39	3
IGHV4-59	3
IGKV1-27	3
IGKV1-8	3
IGKV1D-33	3
IGKV1D-43	3
IGKV2D-24	3
IGKV2D-28	3
IGKV3D-11	3
IGKV4-1	3
IGLV1-44	3
IGLV2-14	3
IGLV2-18	3
IGLV2-33	3
IGLV2-8	3
IGLV3-19	3
IGLV3-21	3
IGLV3-25	3
IGLV5-45	3
IGLV7-46	3
IKBKG	3
IL17A	3
IL17F	3
IL19	3
IL1A	3
IL20RB	3
IL22	3
IL22RA1	3
IL27	3
IL2RA	3
IL3	3
IL33	3
IMP3	3
INKA1	3
INO80B	3
INO80C	3
INSIG1	3
INSL3	3
INTS12	3
IQCF2	3
IRAK1BP1	3
IRF9	3
ISCA1	3
ISG15	3
ISG20	3
ITLN1	3
ITM2B	3
IVD	3
IZUMO1R	3
IZUMO3	3
JMJD4	3
JOSD1	3
KCNE1	3
KCNIP3	3
KIAA1191	3
KIR2DL4	3
KITLG	3
KLF2	3
KLHDC1	3
KLHL21	3
KLK5	3
KLRC1	3
KPNA7	3
KRCC1	3
KREMEN2	3
KRT86	3
KRTAP10-1	3
KRTAP10-10	3
KRTAP10-2	3
KRTAP10-5	3
KRTAP12-3	3
KRTAP13-3	3
KRTAP13-4	3
KRTAP19-1	3
KRTAP20-2	3
KRTAP25-1	3
KRTAP26-1	3
KRTAP3-1	3
KRTAP4-1	3
KRTAP4-12	3
KRTAP4-2	3
KRTAP5-1	3
KRTAP5-3	3
KRTAP5-6	3
KRTAP5-7	3
KRTAP8-1	3
KRTAP9-2	3
KXD1	3
KY	3
LAIR2	3
LAMTOR1	3
LAMTOR2	3
LANCL3	3
LAPTM4A	3
LAT	3
LCE1D	3
LCE1F	3
LCE2C	3
LCE2D	3
LCN9	3
LDHA	3
LDHD	3
LEFTY1	3
LELP1	3
LEPROT	3
LGALS2	3
LGALS3	3
LGALS9C	3
LHB	3
LHX3	3
LHX4	3
LILRA6	3
LIM2	3
LIN28B	3
LIN7C	3
LIPM	3
LIPN	3
LIX1L	3
LLCFC1	3
LMNTD2	3
LMO3	3
LPCAT3	3
LRMDA	3
LRP11	3
LRRC29	3
LRRC34	3
LRRC46	3
LRRC63	3
LRRC74B	3
LRSAM1	3
LSM11	3
LSM3	3
LSMEM1	3
LSMEM2	3
LTA4H	3
LTB4R	3
LTB4R2	3
LUC7L	3
LY6D	3
LY6G6C	3
LY75-CD302	3
LY86	3
LYG2	3
LYNX1	3
LYPD2	3
LYRM2	3
LYSMD4	3
LZIC	3
M6PR	3
MAB21L4	3
MAD2L2	3
MAFK	3
MAGEA4	3
MAGEA8	3
MAGEB5	3
MAGOHB	3
MAPK11	3
MAPK12	3
MAPK13	3
MAPK1IP1L	3
MAPKAPK3	3
MAPRE1	3
MARCHF2	3
MARCHF9	3
MBLAC2	3
MBTPS2	3
MCU	3
MEAF6	3
MED27	3
MED28	3
METAP1	3
METTL17	3
METTL23	3
METTL4	3
MFAP1	3
MIEF1	3
MIS18A	3
MITD1	3
MKRN2	3
MLKL	3
MLST8	3
MMAB	3
MMGT1	3
MOB3B	3
MOSPD3	3
MPLKIP	3
MPND	3
MPV17L	3
MPZL3	3
MRGPRF	3
MRM2	3
MRPL18	3
MRPL35	3
MRPL37	3
MRPL48	3
MRPL50	3
MRPL53	3
MRPS12	3
MRPS14	3
MRPS25	3
MS4A12	3
MS4A4A	3
MS4A6E	3
MSANTD2	3
MSANTD3	3
MSGN1	3
MSL1	3
MTX2	3
MUC7	3
MUCL3	3
MVB12B	3
MXD4	3
MYBPHL	3
MYCBP	3
MYD88	3
MYL10	3
MYL6B	3
MYL9	3
MYLPF	3
N4BP3	3
N6AMT1	3
NAA30	3
NACA2	3
NANS	3
NAXE	3
NBPF26	3
NCALD	3
NCBP3	3
NCCRP1	3
NCR1	3
NDRG2	3
NDUFA4	3
NDUFAB1	3
NDUFAF2	3
NDUFB11	3
NDUFB3	3
NDUFS4	3
NDUFS5	3
NDUFV2	3
NEGR1	3
NENF	3
NEURL2	3
NEUROG2	3
NFKBIA	3
NFKBIL1	3
NIF3L1	3
NIPAL2	3
NIPSNAP3A	3
NIPSNAP3B	3
NKIRAS2	3
NKX3-2	3
NMRK1	3
NMS	3
NMU	3
NPM2	3
NQO1	3
NQO2	3
NRARP	3
NREP	3
NRG4	3
NRL	3
NRM	3
NSA2	3
NSG1	3
NSMCE3	3
NSMCE4A	3
NSUN7	3
NT5DC2	3
NT5M	3
NTPCR	3
NUBP2	3
NUCB1	3
NUCKS1	3
NUDT19	3
NUDT3	3
NUSAP1	3
NUTM2G	3
NXNL1	3
OASL	3
OAZ1	3
OAZ2	3
OCIAD2	3
OCM	3
OLIG2	3
OPN1LW	3
OPN1MW	3
OR10V1	3
OR10W1	3
OR1E1	3
OR1L4	3
OR2A42	3
OR2L5	3
OR2V2	3
OR4F6	3
OR51D1	3
OR5H15	3
OR5M11	3
OR6B1	3
OR7G3	3
OR8A1	3
OR9I1	3
ORAI3	3
ORC6	3
ORM1	3
OSCAR	3
OTOR	3
OTULINL	3
OXT	3
OXTR	3
P4HA1	3
PABPN1L	3
PAGE1	3
PAK1IP1	3
PALM3	3
PAQR7	3
PARG	3
PATE2	3
PBLD	3
PCCB	3
PCNP	3
PCP2	3
PDCD1LG2	3
PDCD2L	3
PDCD5	3
PDE6D	3
PDGFB	3
PDGFRL	3
PDHB	3
PDIK1L	3
PDLIM4	3
PDPK1	3
PDX1	3
PDXK	3
PDZD11	3
PDZD9	3
PECAM1	3
PEX10	3
PEX19	3
PF4	3
PFKFB3	3
PFKM	3
PFN4	3
PGAM2	3
PGF	3
PGPEP1L	3
PHF11	3
PHOSPHO1	3
PHOX2A	3
PICK1	3
PIGC	3
PIGX	3
PIGZ	3
PILRB	3
PIM3	3
PIP4K2C	3
PJVK	3
PLA2G5	3
PLEKHD1	3
PLP2	3
PLPBP	3
PLPP2	3
PLPP5	3
PLPPR2	3
PLPPR3	3
PMF1	3
PMPCB	3
PNKD	3
PNPO	3
POLDIP2	3
POLL	3
POLR1C	3
POLR2D	3
POLR3GL	3
POLR3H	3
POLR3K	3
POMC	3
POP4	3
POU4F1	3
PPA1	3
PPBP	3
PPDPFL	3
PPIAL4G	3
PPIB	3
PPIL1	3
PPM1G	3
PPP1CA	3
PPP1R14D	3
PPP1R1A	3
PPP1R1B	3
PPP1R1C	3
PPP1R3D	3
PQBP1	3
PRB1	3
PRDM12	3
PRDX1	3
PRELID3A	3
PRIMA1	3
PRKACB	3
PRKAR2A	3
PRKX	3
PRMT1	3
PROK1	3
PRPH2	3
PRPSAP2	3
PRR16	3
PRRG4	3
PRSS21	3
PRTFDC1	3
PRXL2B	3
PSCA	3
PSMA1	3
PSMB5	3
PSMD13	3
PSME3	3
PSME3IP1	3
PSMG1	3
PSORS1C1	3
PSORS1C2	3
PSTPIP1	3
PTGDS	3
PTGES2	3
PTP4A2	3
PTPA	3
PTTG1IP	3
PUDP	3
PURA	3
PXDC1	3
R3HDML	3
RAB10	3
RAB11FIP3	3
RAB1A	3
RAB1B	3
RAB21	3
RAB22A	3
RAB25	3
RAB26	3
RAB28	3
RAB33A	3
RAB33B	3
RAB39B	3
RAB3A	3
RAB40A	3
RAB5C	3
RAB9A	3
RAB9B	3
RABEPK	3
RABIF	3
RABL2B	3
RABL3	3
RACGAP1	3
RACK1	3
RAD1	3
RAD21L1	3
RAET1E	3
RAET1G	3
RAET1L	3
RAPSN	3
RASA4	3
RASD2	3
RASL11B	3
RBBP4	3
RBBP9	3
RBIS	3
RBM18	3
RBM20	3
RBMXL1	3
RBP2	3
RBP4	3
RCCD1	3
RCE1	3
REEP6	3
REPIN1	3
RETN	3
RFESD	3
RFLNB	3
RFXAP	3
RGN	3
RGPD2	3
RGS16	3
RGS9BP	3
RGSL1	3
RHBDD2	3
RHEB	3
RHNO1	3
RHOU	3
RHOXF1	3
RILPL2	3
RIMKLA	3
RIMS4	3
RIPPLY2	3
RIT1	3
RMDN3	3
RMND5A	3
RNASE12	3
RNF121	3
RNF141	3
RNF149	3
RNF170	3
RNF24	3
RNF7	3
ROPN1	3
ROPN1L	3
RPL11	3
RPL13A	3
RPL14	3
RPL19	3
RPL21	3
RPL27	3
RPL31	3
RPL32	3
RPL7L1	3
RPL8	3
RPL9	3
RPN2	3
RPP14	3
RPP25L	3
RPS10-NUDT3	3
RPS11	3
RPSA	3
RRAGD	3
RRAS	3
RRP36	3
RRP7A	3
RTF2	3
RTL8C	3
RUNDC1	3
RWDD3	3
RYBP	3
S100A2	3
S100G	3
S100Z	3
SAC3D1	3
SAMD8	3
SAP30L	3
SAPCD2	3
SAR1A	3
SARS2	3
SAT2	3
SCAMP3	3
SCARB1	3
SCGB1D2	3
SCML1	3
SCN4B	3
SCO2	3
SDHAF3	3
SEC14L2	3
SEC61A2	3
SEC61B	3
SECTM1	3
SELENBP1	3
SELENOV	3
SEPTIN1	3
SERINC1	3
SERPINB5	3
SERTAD3	3
SERTM1	3
SETD9	3
SFT2D2	3
SFTPC	3
SFXN1	3
SH2D1B	3
SH3BGRL	3
SH3BGRL2	3
SHISA2	3
SHISA4	3
SIGMAR1	3
SIM2	3
SIRPD	3
SIRT5	3
SIRT6	3
SKA1	3
SLC10A7	3
SLC22A18	3
SLC22A24	3
SLC25A1	3
SLC25A15	3
SLC25A22	3
SLC25A45	3
SLC25A47	3
SLC30A4	3
SLC35A1	3
SLC35B4	3
SLC35E4	3
SLC38A2	3
SLC39A3	3
SLC39A9	3
SLC66A3	3
SLC7A6	3
SLURP1	3
SMAD6	3
SMAD7	3
SMCO3	3
SMG9	3
SMPDL3A	3
SMS	3
SMTNL2	3
SNAI2	3
SNAPIN	3
SNF8	3
SNRNP27	3
SNRNP40	3
SNTN	3
SNUPN	3
SNX12	3
SNX22	3
SNX4	3
SNX5	3
SOCS2	3
SOCS4	3
SORBS3	3
SOSTDC1	3
SOX1	3
SOX4	3
SOX8	3
SPA17	3
SPACA4	3
SPATA25	3
SPATA48	3
SPC25	3
SPCS3	3
SPDYC	3
SPDYE6	3
SPEF1	3
SPHK1	3
SPIC	3
SPIN2B	3
SPIN3	3
SPINK2	3
SPINK4	3
SPPL3	3
SPRING1	3
SPRR2F	3
SPRY2	3
SPRYD3	3
SPRYD4	3
SPTSSB	3
SRI	3
SRRD	3
SRRM5	3
SRSF8	3
SSBP1	3
SST	3
SSU72	3
ST6GALNAC4	3
STAR	3
STARD4	3
STK17B	3
STK19	3
STMN1	3
STMN2	3
STMN3	3
STN1	3
STX6	3
SUCLG2	3
SUDS3	3
SUFU	3
SUGT1	3
SULT1A2	3
SULT1C4	3
SULT2A1	3
SVIP	3
SWSAP1	3
SYCP3	3
SYNPR	3
SYT13	3
SYT15	3
TAC1	3
TAC4	3
TACSTD2	3
TAGLN2	3
TAGLN3	3
TALDO1	3
TAMM41	3
TATDN1	3
TBC1D21	3
TBC1D28	3
TBC1D3B	3
TBL1Y	3
TBPL2	3
TBRG1	3
TCAF1	3
TCEA3	3
TCEAL5	3
TCF21	3
TCL1A	3
TCTE3	3
TDGF1	3
TDP1	3
TDRD12	3
TEDC2	3
TENT5C	3
TESC	3
TEX26	3
TEX43	3
TFF2	3
TFPT	3
TGIF2	3
THAP11	3
THOC6	3
THOC7	3
THTPA	3
TIAF1	3
TIFA	3
TIFAB	3
TIMP1	3
TIMP2	3
TIPIN	3
TK2	3
TLCD1	3
TLCD4	3
TM2D1	3
TM4SF18	3
TM4SF20	3
TM7SF2	3
TMBIM6	3
TMCO2	3
TMED1	3
TMEM101	3
TMEM11	3
TMEM129	3
TMEM138	3
TMEM141	3
TMEM143	3
TMEM150A	3
TMEM170B	3
TMEM179B	3
TMEM184B	3
TMEM200B	3
TMEM201	3
TMEM205	3
TMEM207	3
TMEM218	3
TMEM219	3
TMEM222	3
TMEM242	3
TMEM268	3
TMEM39B	3
TMEM45B	3
TMEM52	3
TMEM70	3
TMEM82	3
TMEM9	3
TMLHE	3
TMOD3	3
TMUB2	3
TMX1	3
TMX4	3
TNFAIP8L3	3
TNFRSF14	3
TNFRSF18	3
TNFRSF1B	3
TNFRSF25	3
TNNC2	3
TNNI2	3
TNP2	3
TOB1	3
TOB2	3
TOM1	3
TOMM40L	3
TP53RK	3
TPI1	3
TPM4	3
TPRA1	3
TPRG1L	3
TPRKB	3
TRA2A	3
TRADD	3
TRAF4	3
TRAPPC2L	3
TRAPPC3L	3
TRAPPC5	3
TRARG1	3
TRAT1	3
TRAV22	3
TRAV6	3
TREML1	3
TREML2	3
TRH	3
TRIM11	3
TRIM16L	3
TRIM5	3
TRIM61	3
TRIM8	3
TRMT2B	3
TSC22D3	3
TSEN34	3
TSHB	3
TSKU	3
TSPAN13	3
TSPAN33	3
TSSC4	3
TST	3
TTC19	3
TTC34	3
TUBA8	3
TVP23B	3
TWF2	3
TXNDC15	3
TXNDC17	3
TXNL4A	3
UAP1	3
UBA52	3
UBAP1	3
UBC	3
UBE2B	3
UBE2C	3
UBE2E1	3
UBE2G1	3
UBE2G2	3
UBE2T	3
UBE2W	3
UBOX5	3
UBTD1	3
UBTD2	3
UBXN1	3
UBXN10	3
UBXN2A	3
UCHL1	3
UCK2	3
UCN2	3
UCP3	3
UFC1	3
UFD1	3
UMPS	3
UQCC2	3
USP14	3
UTS2B	3
VAMP4	3
VAMP8	3
VAPB	3
VCX3A	3
VCX3B	3
VDAC3	3
VN1R4	3
VPS26B	3
VPS37A	3
VTA1	3
WASHC3	3
WDFY1	3
WDR18	3
WDR38	3
WDR46	3
WDR54	3
WDR73	3
WFDC3	3
WFIKKN1	3
WNT5B	3
WNT6	3
WNT8B	3
XAF1	3
XAGE5	3
XKR5	3
YAF2	3
YBX3	3
YEATS4	3
YIPF1	3
YIPF2	3
YIPF6	3
YKT6	3
YOD1	3
YPEL2	3
ZAR1	3
ZAR1L	3
ZBED5	3
ZBTB37	3
ZBTB47	3
ZC3HAV1L	3
ZCCHC17	3
ZDHHC12	3
ZFP1	3
ZFP41	3
ZFP62	3
ZFYVE21	3
ZIC5	3
ZNF138	3
ZNF250	3
ZNF343	3
ZNF512	3
ZNF561	3
ZNF641	3
ZNF679	3
ZNF727	3
ZNF735	3
ZNF805	3
ZNF814	3
ZNF845	3
ZNF879	3
ZNHIT3	3
ZNRF1	3
ZP3	3
ZRSR2	3
ZSCAN21	3
ZSWIM6	3
AAMDC	2
ABHD11	2
ABHD12B	2
ABHD16B	2
ABITRAM	2
ABRACL	2
AC004832.3	2
AC005833.1	2
AC093525.2	2
AC104452.1	2
AC109583.1	2
AC131160.1	2
AC245033.1	2
ACOD1	2
ACOT1	2
ACOT13	2
ACSM6	2
ACTL10	2
ACYP1	2
ACYP2	2
ADIPOR1	2
AEN	2
AHSA1	2
AIG1	2
AIMP1	2
AK4	2
AKIP1	2
AKR1A1	2
AL035460.1	2
AL035461.3	2
AL358113.1	2
AL669918.1	2
ALKBH2	2
ALKBH3	2
ALOX5AP	2
AMELX	2
AMN1	2
AMT	2
AMTN	2
ANGPTL4	2
ANGPTL8	2
ANKRD18A	2
ANKRD30BL	2
ANKRD39	2
ANKRD9	2
ANKS3	2
ANKUB1	2
AP000311.1	2
AP000721.1	2
AP000812.4	2
AP001781.2	2
APLN	2
APOA2	2
APOC4	2
APOLD1	2
APOM	2
AQP11	2
AQP12A	2
AQP12B	2
AQP5	2
AQP6	2
ARG1	2
ARHGAP23	2
ARHGDIA	2
ARHGEF35	2
ARHGEF38	2
ARL3	2
ARL4D	2
ARL5A	2
ARL6IP1	2
ARL6IP4	2
ARL8A	2
ARL9	2
ARMS2	2
ARPC3	2
ARPC4	2
ARPC5L	2
ASB10	2
ASB6	2
ASCL1	2
ASCL3	2
ASIP	2
ASRGL1	2
ATF3	2
ATG12	2
ATP5F1D	2
ATP5MC2	2
ATP5MD	2
ATP5MF	2
ATP5PO	2
ATP6V0E2	2
ATP6V1D	2
AZI2	2
B4GALT4	2
B9D1	2
BAG1	2
BANF2	2
BARX2	2
BCAS4	2
BCL2	2
BCL2L10	2
BCL2L2-PABPN1	2
BDH2	2
BHLHA15	2
BHLHE23	2
BID	2
BIRC5	2
BIRC7	2
BLCAP	2
BLOC1S5	2
BLVRB	2
BNIP3	2
BOK	2
BOLA3	2
BRI3BP	2
BRIX1	2
BSPRY	2
BTBD6	2
BTC	2
BTF3	2
BUD23	2
BUD31	2
C10orf53	2
C10orf82	2
C11orf45	2
C11orf52	2
C11orf71	2
C12orf45	2
C12orf71	2
C15orf48	2
C16orf54	2
C16orf82	2
C16orf92	2
C17orf100	2
C17orf49	2
C17orf67	2
C18orf21	2
C18orf32	2
C19orf12	2
C19orf73	2
C1QB	2
C1QL3	2
C1QL4	2
C1QTNF6	2
C1QTNF9	2
C1QTNF9B	2
C1orf105	2
C1orf109	2
C1orf158	2
C1orf162	2
C1orf185	2
C1orf210	2
C1orf35	2
C1orf43	2
C20orf141	2
C20orf27	2
C21orf62	2
C2orf74	2
C3orf14	2
C3orf22	2
C3orf70	2
C4BPB	2
C4orf19	2
C4orf45	2
C4orf51	2
C5orf24	2
C5orf49	2
C5orf51	2
C6orf47	2
C8orf76	2
C9orf85	2
CA11	2
CACFD1	2
CALCA	2
CALCB	2
CALM1	2
CALM2	2
CALML5	2
CAPS	2
CARD18	2
CARTPT	2
CASP6	2
CASTOR1	2
CBWD3	2
CBWD5	2
CCDC12	2
CCDC188	2
CCDC32	2
CCDC68	2
CCL1	2
CCL11	2
CCL24	2
CCL26	2
CCL28	2
CCL3L3	2
CCL4L2	2
CCN1	2
CCND3	2
CCNG2	2
CCNP	2
CCT7	2
CCT8	2
CD164	2
CD1A	2
CD274	2
CD300LF	2
CD52	2
CD82	2
CD83	2
CD99	2
CDC20	2
CDCA5	2
CDIP1	2
CDIPT	2
CDK2AP1	2
CDKN2C	2
CDPF1	2
CDRT15L2	2
CDT1	2
CEBPA	2
CEBPG	2
CELF5	2
CENATAC	2
CEND1	2
CENPP	2
CENPS-CORT	2
CEP295NL	2
CFC1	2
CFL2	2
CGRRF1	2
CHCHD2	2
CHID1	2
CHMP4B	2
CHP2	2
CHRAC1	2
CHST14	2
CHURC1	2
CIB1	2
CIB4	2
CINP	2
CIRBP	2
CISD2	2
CISH	2
CLDN15	2
CLDN5	2
CLDND2	2
CLEC17A	2
CLEC18A	2
CLEC2A	2
CLEC2L	2
CLK2	2
CLN5	2
CLRN3	2
CLTB	2
CMBL	2
CMC2	2
CMTM6	2
CNFN	2
CNIH3	2
CNR2	2
COA5	2
COMMD4	2
COMMD5	2
COPS9	2
COPZ1	2
COPZ2	2
COQ5	2
CORO1B	2
CORO7-PAM16	2
COX16	2
COX5B	2
COX7A2L	2
COX8A	2
COX8C	2
CPLANE2	2
CPLX3	2
CRB3	2
CRCP	2
CRELD2	2
CRIPT	2
CRP	2
CRYAB	2
CRYBA4	2
CRYGD	2
CSAG3	2
CSH2	2
CSRP3	2
CST5	2
CST8	2
CST9	2
CST9L	2
CT45A10	2
CT83	2
CTAGE4	2
CTRB2	2
CTSK	2
CXCL1	2
CXCL10	2
CXCL6	2
CXCR6	2
CYB561A3	2
CYB5D2	2
CYB5R1	2
CYBA	2
CYP21A2	2
CYP26C1	2
CYP4X1	2
CYYR1	2
DACT2	2
DACT3	2
DAP	2
DBI	2
DBP	2
DBX1	2
DCAF8L2	2
DCANP1	2
DCD	2
DCUN1D2	2
DDA1	2
DDB2	2
DDOST	2
DDX3Y	2
DDX41	2
DEFB108B	2
DEFB110	2
DEFB113	2
DEFB121	2
DEFB125	2
DEFB127	2
DESI1	2
DEXI	2
DGCR6L	2
DGKQ	2
DHDH	2
DHRS12	2
DHRS13	2
DHRS3	2
DHRS4L2	2
DIABLO	2
DIPK1A	2
DIRAS3	2
DLX1	2
DLX6	2
DMAC1	2
DNAJA2	2
DNAJC15	2
DNAJC5	2
DNAL1	2
DNLZ	2
DPH7	2
DPT	2
DRAM1	2
DSCC1	2
DTHD1	2
DUS2	2
DUSP1	2
DUSP13	2
DYNC1LI2	2
E2F6	2
EAF1	2
EBAG9	2
EBP	2
ECE2	2
ECH1	2
EDDM3A	2
EDN2	2
EEF1AKMT2	2
EEF1G	2
EFHD2	2
EFNA2	2
EFNA3	2
EFR3B	2
EGFL7	2
EI24	2
EIF2S1	2
EIF3C	2
EIF5A	2
EIF5AL1	2
ELOC	2
ELOF1	2
ELSPBP1	2
EMC10	2
EMP1	2
EMX1	2
ENDOV	2
ENOPH1	2
EPCAM	2
EPDR1	2
EPM2A	2
EQTN	2
ERGIC2	2
ERICH6B	2
ERV3-1	2
ETFBKMT	2
ETV2	2
EVA1B	2
EVI2A	2
EXOSC1	2
EXOSC2	2
F2RL1	2
FA2H	2
FABP12	2
FABP4	2
FABP7	2
FADD	2
FADS6	2
FAIM	2
FAM117B	2
FAM120AOS	2
FAM122B	2
FAM149B1	2
FAM160A1	2
FAM170B	2
FAM172A	2
FAM174B	2
FAM177A1	2
FAM200B	2
FAM20C	2
FAM227A	2
FAM228B	2
FAM229B	2
FAM237A	2
FAM24B	2
FAM32A	2
FAM3C	2
FAM3D	2
FAM43B	2
FAM50A	2
FAM53B	2
FAM71E2	2
FAM89A	2
FAM9C	2
FBRSL1	2
FBXL12	2
FBXO33	2
FBXO36	2
FCF1	2
FDCSP	2
FFAR1	2
FGF11	2
FGF6	2
FGFR1OP2	2
FHAD1	2
FIGLA	2
FITM2	2
FNDC5	2
FOXB1	2
FOXQ1	2
FRAT1	2
FRG1	2
FSD1L	2
FUNDC1	2
FUT4	2
FXYD1	2
FXYD5	2
GAGE2E	2
GAL	2
GALR3	2
GAPDH	2
GAPT	2
GAREM2	2
GATD1	2
GATM	2
GCA	2
GCSAM	2
GDNF	2
GDPD3	2
GEMIN6	2
GFRAL	2
GID4	2
GID8	2
GINM1	2
GLIPR1L1	2
GLIPR2	2
GLTP	2
GMFG	2
GMNN	2
GMPPB	2
GNB2	2
GNG3	2
GNG5	2
GNMT	2
GOLGA7	2
GOLM2	2
GOLPH3L	2
GOLT1A	2
GP9	2
GPA33	2
GPATCH11	2
GPN3	2
GPR55	2
GPR62	2
GRID2IP	2
GRPEL2	2
GRTP1	2
GRWD1	2
GSG1L	2
GSTM1	2
GSTO2	2
GSTP1	2
GSX1	2
H1-10	2
H2AC11	2
H2AC12	2
H2AC14	2
H2AC15	2
H2AC16	2
H2AC17	2
H2AW	2
H2AZ1	2
H2BC11	2
H2BC21	2
H3-2	2
H3-3B	2
H3C1	2
H3C3	2
H3C7	2
H3C8	2
H4C2	2
HAMP	2
HAUS2	2
HAUS4	2
HBA1	2
HBB	2
HBE1	2
HBEGF	2
HCST	2
HDDC3	2
HDGFL3	2
HEPN1	2
HERPUD2	2
HES5	2
HIGD2A	2
HLA-DOB	2
HLA-DQB2	2
HLA-F	2
HMGB1	2
HMGB3	2
HMGCL	2
HMGCS1	2
HMGN3	2
HNF4G	2
HNRNPA0	2
HOXA10	2
HOXA11	2
HOXA13	2
HOXA4	2
HOXA9	2
HOXB5	2
HOXB6	2
HOXB7	2
HOXB9	2
HOXC6	2
HOXC8	2
HPCAL4	2
HPRT1	2
HSD11B1	2
HSD17B8	2
HSH2D	2
HSPA1A	2
HSPB9	2
HTN1	2
IAH1	2
IAPP	2
IDH3B	2
IDNK	2
IER2	2
IFT27	2
IFTAP	2
IGFBP5	2
IGFBP6	2
IGFL1	2
IGFL3	2
IGHV1-18	2
IGHV1-2	2
IGHV1-45	2
IGHV3-30	2
IGHV3-33	2
IGHV3-66	2
IGHV3-7	2
IGHV3-74	2
IGHV4-61	2
IGKC	2
IGKV1-12	2
IGKV1-17	2
IGKV1-33	2
IGKV1D-42	2
IGKV2D-29	2
IGKV2D-30	2
IGKV3-11	2
IGKV3D-15	2
IGKV3D-7	2
IGLL1	2
IGLV1-47	2
IGLV2-23	2
IGLV3-16	2
IGLV3-32	2
IGLV7-43	2
IGLV8-61	2
IGSF6	2
IL12A	2
IL12B	2
IL15	2
IL17RE	2
IL9	2
ILF2	2
INCA1	2
INMT	2
INSL5	2
INTS14	2
ISOC1	2
ISY1	2
ITGB1BP1	2
ITGB3BP	2
ITLN2	2
JMJD8	2
JTB	2
KAZALD1	2
KCNE2	2
KCNE3	2
KCNK12	2
KCNK6	2
KCTD5	2
KDELR2	2
KDELR3	2
KHDC1L	2
KHK	2
KLHDC10	2
KLHL17	2
KLHL33	2
KLK14	2
KLK3	2
KLK7	2
KLRG2	2
KRTAP1-1	2
KRTAP1-3	2
KRTAP10-3	2
KRTAP17-1	2
KRTAP19-6	2
KRTAP22-1	2
KRTAP23-1	2
KRTAP3-2	2
KRTAP4-4	2
KRTAP5-2	2
KRTAP6-1	2
KRTAP9-1	2
KRTAP9-3	2
KRTCAP2	2
KRTCAP3	2
KTI12	2
L34079.1	2
L3HYPDH	2
LAPTM4B	2
LAT2	2
LBHD1	2
LBX2	2
LCE1C	2
LCE1E	2
LCE3E	2
LCE5A	2
LCN1	2
LCN8	2
LCNL1	2
LEMD1	2
LEP	2
LGALS12	2
LGALS7	2
LGMN	2
LIMD2	2
LIME1	2
LIN28A	2
LIN37	2
LIN52	2
LMO1	2
LMO2	2
LORICRIN	2
LPXN	2
LRAT	2
LRPAP1	2
LRRC70	2
LRTOMT	2
LSM14B	2
LSM2	2
LSM4	2
LTO1	2
LXN	2
LY6G5B	2
LYPD1	2
LYPD6	2
LYPLAL1	2
MAB21L3	2
MAD2L1	2
MAFB	2
MAGEF1	2
MAL2	2
MALSU1	2
MANBAL	2
MARCHF3	2
MAT2A	2
MBIP	2
MDFI	2
MDP1	2
MED10	2
MED17	2
MED18	2
MED21	2
MED30	2
MED6	2
MEF2B	2
MEIG1	2
MESP2	2
METTL26	2
METTL5	2
MFAP2	2
MFAP4	2
MFNG	2
MFSD4B	2
MGME1	2
MGMT	2
MGST2	2
MIEN1	2
MIS12	2
MLLT11	2
MLN	2
MMD	2
MOB2	2
MOCS2	2
MORN5	2
MPDU1	2
MPHOSPH6	2
MPV17	2
MRAP	2
MRFAP1L1	2
MRGBP	2
MRM1	2
MRPL11	2
MRPL14	2
MRPL17	2
MRPL20	2
MRPL22	2
MRPL24	2
MRPL30	2
MRPL33	2
MRPL40	2
MRPL42	2
MRPL45	2
MRPL55	2
MRPL57	2
MRPS16	2
MRPS17	2
MRPS18B	2
MRPS18C	2
MRPS21	2
MRPS23	2
MRPS35	2
MRPS6	2
MRRF	2
MS4A13	2
MS4A3	2
MS4A6A	2
MSANTD3-TMEFF1	2
MSMB	2
MSRB1	2
MSTO1	2
MT1M	2
MT3	2
MT4	2
MTARC1	2
MTCP1	2
MTERF4	2
MTFMT	2
MTFP1	2
MTHFS	2
MTIF3	2
MXRA7	2
MYEOV	2
MYG1	2
MYL1	2
MYL12B	2
MYL7	2
MYZAP	2
MZT2B	2
NAA10	2
NAA20	2
NAA40	2
NAA50	2
NAA60	2
NABP2	2
NAP1L5	2
NAT14	2
NAT16	2
NAT9	2
NCR3	2
NDFIP2	2
NDRG3	2
NDUFA11	2
NDUFA13	2
NDUFA3	2
NDUFA4L2	2
NDUFAF3	2
NDUFB4	2
NDUFB7	2
NDUFC2	2
NDUFS6	2
NDUFS7	2
NDUFS8	2
NECAB2	2
NELFCD	2
NFAM1	2
NGB	2
NHLRC1	2
NHP2	2
NHSL1	2
NIPSNAP2	2
NKIRAS1	2
NKX2-8	2
NMRAL1	2
NODAL	2
NOP10	2
NR2C2AP	2
NR4A1	2
NRIP2	2
NRIP3	2
NRN1L	2
NT5C	2
NTF4	2
NUBPL	2
NUDT1	2
NUDT22	2
NUDT5	2
NUP35	2
NUP37	2
NXPE2	2
NXT1	2
NXT2	2
OAF	2
OARD1	2
OBP2A	2
OCEL1	2
OLIG1	2
OMG	2
OOSP2	2
OPA3	2
OPALIN	2
OR14A2	2
OR2AJ1	2
OR2J1	2
OR2S2	2
OR2T1	2
OR4D2	2
OR4F17	2
OR4F5	2
OR52W1	2
OR56B4	2
OR6P1	2
OR6V1	2
ORMDL2	2
OSR1	2
OSTC	2
OSTF1	2
OVOL2	2
P2RX6	2
PABPN1	2
PAFAH1B3	2
PAGE3	2
PARD6A	2
PARP16	2
PARS2	2
PARVA	2
PAXX	2
PBOV1	2
PCBD1	2
PCBP4	2
PCGF6	2
PCLAF	2
PDAP1	2
PDCL2	2
PERP	2
PEX11A	2
PEX26	2
PEX7	2
PFDN2	2
PFDN5	2
PFDN6	2
PGM2	2
PGPEP1	2
PGRMC1	2
PHB	2
PHF6	2
PHGDH	2
PHGR1	2
PHPT1	2
PI3	2
PIGF	2
PIN1	2
PITPNA	2
PKD1L3	2
PKIG	2
PLA2G2C	2
PLA2G2D	2
PLA2G2E	2
PLAAT3	2
PLAAT5	2
PLAC9	2
PLPP1	2
PLPP3	2
PLPP6	2
PNMA6A	2
POLE3	2
POLR1D	2
POLR2C	2
POLR2I	2
POLR2M	2
POLR3G	2
POMP	2
POMZP3	2
POP5	2
POP7	2
POTEC	2
POTEI	2
POU3F1	2
PPARG	2
PPIC	2
PPIL3	2
PPIP5K1	2
PPP1R3B	2
PPP1R9B	2
PPP3R2	2
PRAMEF6	2
PRDX4	2
PRDX5	2
PRELID2	2
PRELID3B	2
PRH2	2
PRICKLE4	2
PRKACA	2
PRKRIP1	2
PRKY	2
PRNP	2
PROP1	2
PRPS1	2
PRR15	2
PRR22	2
PRR23C	2
PRR33	2
PRRT4	2
PRSS22	2
PRSS27	2
PRSS33	2
PSMB1	2
PSMB4	2
PSMB7	2
PSMC3IP	2
PSMD9	2
PSME2	2
PSPH	2
PSPN	2
PTAFR	2
PTGES	2
PTGES3	2
PTGIR	2
PTMS	2
PTP4A1	2
PTRH1	2
PTTG1	2
PTX3	2
PVR	2
PYCARD	2
PYCR1	2
PYCR2	2
PYCR3	2
PYDC1	2
PYROXD2	2
PYY	2
QPCTL	2
QRFP	2
QTRT1	2
RAB12	2
RAB18	2
RAB24	2
RAB2A	2
RAB30	2
RAB32	2
RAB37	2
RAB38	2
RAB43	2
RAB6D	2
RAB8A	2
RAD51B	2
RAD9A	2
RAMP2	2
RASSF3	2
RBFOX3	2
RBKS	2
RBM23	2
RBM24	2
RBM41	2
RBM8A	2
RBP7	2
RBPMS2	2
RCN1	2
RDH12	2
REEP1	2
REG3A	2
RETNLB	2
REXO2	2
RFC2	2
RFC3	2
RFK	2
RFLNA	2
RFX8	2
RFXANK	2
RGCC	2
RGR	2
RGS1	2
RHEBL1	2
RHOD	2
RHOG	2
RHOH	2
RHOXF2B	2
RLN1	2
RLN3	2
RNASE1	2
RNASE2	2
RNASE6	2
RNF122	2
RNF13	2
RNF135	2
RNF166	2
RNF181	2
RNF183	2
RNF212B	2
RNLS	2
RPA2	2
RPH3AL	2
RPL10	2
RPL12	2
RPL13	2
RPL17-C18orf32	2
RPL22L1	2
RPL26	2
RPL34	2
RPL36	2
RPL39	2
RPP30	2
RPRM	2
RPS13	2
RPS15A	2
RPS27	2
RPS4X	2
RPS9	2
RPUSD3	2
RWDD4	2
S100A11	2
S100A16	2
S100A4	2
S100A7L2	2
S100A9	2
SAA1	2
SAA2	2
SAMD1	2
SAMD5	2
SAP18	2
SAP30	2
SAPCD1	2
SARAF	2
SAV1	2
SAYSD1	2
SCAMP2	2
SCAMP4	2
SCAND1	2
SCCPDH	2
SCG5	2
SCGB2B2	2
SCGB3A2	2
SCIMP	2
SCOC	2
SCP2D1	2
SCT	2
SDHAF4	2
SDR16C5	2
SDR42E1	2
SEBOX	2
SELENOK	2
SELENOT	2
SEPTIN12	2
SERINC3	2
SERINC5	2
SERP2	2
SERPINB1	2
SETD6	2
SF3B6	2
SFN	2
SFR1	2
SGF29	2
SH3BP1	2
SHISA6	2
SIGIRR	2
SIGLEC15	2
SKP1	2
SLA2	2
SLAMF6	2
SLC25A11	2
SLC25A20	2
SLC31A2	2
SLC35B2	2
SLC35D1	2
SLC35F6	2
SLC38A5	2
SLC46A1	2
SLC50A1	2
SLC66A2	2
SLC9A3R1	2
SLC9A3R2	2
SLCO1B3-SLCO1B7	2
SMIM15	2
SMIM19	2
SMIM7	2
SMIM8	2
SMNDC1	2
SMR3B	2
SNCA	2
SNCB	2
SNRNP25	2
SNRPA1	2
SNRPD3	2
SNRPE	2
SNURF	2
SNX24	2
SNX3	2
SNX6	2
SOCS1	2
SOCS7	2
SOWAHA	2
SOWAHC	2
SOX14	2
SOX18	2
SPANXC	2
SPANXN4	2
SPATA21	2
SPATA31D4	2
SPATA46	2
SPCS1	2
SPIN2A	2
SPINK13	2
SPINK14	2
SPINK7	2
SPINK9	2
SPRR1B	2
SPRR2A	2
SPRR2E	2
SPRYD7	2
SPSB3	2
SPTSSA	2
SRA1	2
SRD5A1	2
SRD5A3	2
SRGN	2
SRP19	2
SRSF10	2
SRSF2	2
SRSF3	2
SRSF9	2
SS18	2
SSPN	2
SSR2	2
SSR3	2
SSX7	2
ST3GAL4	2
STARD5	2
STBD1	2
STH	2
STIMATE	2
STPG3	2
STX10	2
STX17	2
SUB1	2
SUSD3	2
SUSD6	2
SUV39H2	2
SYAP1	2
SYP	2
SYPL1	2
SYS1	2
TAF10	2
TAF12	2
TAFA3	2
TAL2	2
TAMALIN	2
TAS2R31	2
TAS2R9	2
TBCB	2
TBP	2
TCEAL2	2
TCF23	2
TCL1B	2
TCTA	2
TCTEX1D2	2
TERB1	2
TEX12	2
TEX19	2
TEX29	2
TEX36	2
TFF3	2
TGIF2LY	2
THAP1	2
THAP3	2
THAP6	2
THAP7	2
THRSP	2
TIGAR	2
TIGD1	2
TLCD5	2
TM2D3	2
TM4SF1	2
TMED4	2
TMED7	2
TMED9	2
TMEM106A	2
TMEM125	2
TMEM126A	2
TMEM128	2
TMEM139	2
TMEM150B	2
TMEM155	2
TMEM159	2
TMEM17	2
TMEM211	2
TMEM220	2
TMEM244	2
TMEM269	2
TMEM273	2
TMEM30B	2
TMEM42	2
TMEM45A	2
TMEM50B	2
TMEM51	2
TMEM53	2
TMEM54	2
TMEM65	2
TMEM69	2
TMEM81	2
TMEM95	2
TMEM98	2
TMEM9B	2
TMPRSS4	2
TNFAIP8	2
TNFRSF10D	2
TNFSF10	2
TNFSF12	2
TNNC1	2
TOE1	2
TOMM7	2
TP53AIP1	2
TP53INP2	2
TPSAB1	2
TPSB2	2
TPSG1	2
TRAPPC4	2
TRAV26-1	2
TRAV41	2
TRAV5	2
TRBC2	2
TREM2	2
TREML4	2
TRGC1	2
TRGV3	2
TRIM31	2
TRIM40	2
TRIM73	2
TRIM74	2
TRIR	2
TRPT1	2
TSACC	2
TSNAX	2
TSPAN31	2
TSPO	2
TSR3	2
TTC32	2
TTC4	2
TTC9B	2
TUBG1	2
TUSC1	2
TVP23C	2
TXN	2
TXN2	2
TXNDC12	2
TXNDC9	2
TXNL4B	2
TYROBP	2
TYSND1	2
TYW1B	2
UBE2D3	2
UBE2D4	2
UBE2F	2
UBE2J1	2
UBE2M	2
UBE2Q2	2
UBL4B	2
UBL7	2
UCHL3	2
UCHL5	2
UCK1	2
UCN3	2
UNC50	2
UNCX	2
UPK2	2
UQCC3	2
UQCRH	2
URAD	2
USF2	2
UTF1	2
VAMP1	2
VAMP3	2
VAMP5	2
VCX	2
VCX2	2
VHL	2
VHLL	2
VNN3	2
VPREB3	2
VPS29	2
VSIG2	2
VSTM2B	2
VSX1	2
VWA1	2
VWA5B1	2
VWA5B2	2
WBP2NL	2
WDR20	2
WFDC10B	2
WSB1	2
XAGE3	2
XBP1	2
XCL2	2
YDJC	2
YPEL1	2
YPEL5	2
YWHAB	2
YWHAG	2
YWHAH	2
YWHAZ	2
YY1	2
ZBTB9	2
ZC2HC1A	2
ZC3H8	2
ZCCHC3	2
ZDHHC22	2
ZFAND1	2
ZFAND2A	2
ZFP92	2
ZIC2	2
ZMAT5	2
ZMYND10	2
ZMYND19	2
ZNF232	2
ZNF296	2
ZNF444	2
ZNF511-PRAP1	2
ZNF541	2
ZNF575	2
ZNF69	2
ZNF717	2
ZNF737	2
ZNF843	2
ZNF844	2
ZNF860	2
ZNHIT2	2
ZNRD2	2
ZSCAN12	2
ABHD17A	1
AC004076.1	1
AC004997.1	1
AC007040.2	1
AC009779.3	1
AC011448.1	1
AC020907.6	1
AC026786.1	1
AC053503.6	1
AC055839.2	1
AC092718.8	1
AC093155.3	1
AC104389.6	1
AC107871.1	1
AC107959.5	1
AC132217.2	1
AC144573.1	1
AC245748.1	1
ACAA2	1
ADH4	1
ADIG	1
ADO	1
ADORA2B	1
AF196969.1	1
AGAP5	1
AGR3	1
AGTRAP	1
AIF1	1
AIF1L	1
AK2	1
AK6	1
AKR7A2	1
AL021546.1	1
AL031315.1	1
AL049569.3	1
AL121758.1	1
AL133500.1	1
AL159163.1	1
AL163195.3	1
AL359922.1	1
AL662899.2	1
AL713999.2	1
ALG1L2	1
ALKAL2	1
ALKBH7	1
ALX3	1
ANAPC10	1
ANAPC11	1
ANAPC15	1
ANG	1
ANGPTL3	1
ANKHD1	1
ANKRD20A2P	1
ANKRD36	1
ANKRD37	1
ANKRD54	1
ANKRD60	1
ANKRD61	1
ANKRD65	1
ANTKMT	1
ANXA2R	1
ANXA8L1	1
AP000471.1	1
AP001458.2	1
AP3S2	1
APH1A	1
APOC1	1
APOC2	1
APOC4-APOC2	1
APOOL	1
ARF3	1
ARF6	1
ARFRP1	1
ARL5B	1
ARMC7	1
ARRB2	1
ARTN	1
ASCL2	1
ATOH8	1
ATP23	1
ATP5IF1	1
ATP5MC1	1
ATP5MC3	1
ATP5MF-PTCD1	1
ATP5MG	1
ATP5MPL	1
ATP6V0C	1
AUNIP	1
AURKAIP1	1
AVP	1
B3GALT6	1
B3GAT2	1
BBC3	1
BCAP31	1
BCL7B	1
BET1	1
BET1L	1
BEX2	1
BLOC1S1	1
BLOC1S6	1
BLVRA	1
BMP8B	1
BPGM	1
BRI3	1
BRICD5	1
BST2	1
C10orf105	1
C10orf62	1
C11orf58	1
C11orf94	1
C12orf65	1
C12orf75	1
C15orf40	1
C16orf74	1
C16orf91	1
C17orf50	1
C19orf25	1
C19orf38	1
C19orf71	1
C1QBP	1
C1QTNF2	1
C1QTNF4	1
C1QTNF5	1
C1QTNF7	1
C1orf167	1
C1orf174	1
C1orf198	1
C1orf216	1
C1orf53	1
C1orf68	1
C20orf202	1
C20orf203	1
C22orf39	1
C2CD4A	1
C2CD4C	1
C2orf50	1
C2orf68	1
C3orf52	1
C3orf84	1
C4orf3	1
C4orf47	1
C5orf47	1
C6orf120	1
C6orf141	1
C8orf82	1
C9orf16	1
C9orf57	1
CABP1	1
CALHM3	1
CALHM4	1
CALML6	1
CALY	1
CAMK2N2	1
CAPN8	1
CASTOR2	1
CATSPERZ	1
CAV1	1
CBS	1
CBWD1	1
CBY1	1
CCDC107	1
CCDC121	1
CCDC154	1
CCDC163	1
CCDC167	1
CCDC182	1
CCDC189	1
CCDC43	1
CCL13	1
CCL15	1
CCL17	1
CCL18	1
CCL21	1
CCL25	1
CCL7	1
CCND2	1
CCNI2	1
CD164L2	1
CD3D	1
CD3E	1
CD59	1
CD68	1
CDA	1
CDC42EP2	1
CDC42EP5	1
CDC42SE1	1
CDK2AP2	1
CDK5R2	1
CDKN2A	1
CDKN2B	1
CDKN2D	1
CDKN3	1
CDRT4	1
CEACAM1	1
CEACAM6	1
CEBPB	1
CEMP1	1
CENPM	1
CENPX	1
CES4A	1
CETN2	1
CFD	1
CGB2	1
CGB8	1
CGREF1	1
CHAC2	1
CHADL	1
CHCHD1	1
CHCHD4	1
CHCHD7	1
CHMP1B	1
CHN2	1
CHP1	1
CHRNB4	1
CIAO1	1
CIAO2A	1
CIAO2B	1
CIB2	1
CIDEB	1
CISD3	1
CKLF-CMTM1	1
CKMT1A	1
CLDN1	1
CLDN20	1
CLDN22	1
CLDN23	1
CLIC1	1
CLIC5	1
CLPSL1	1
CMTM4	1
CNBP	1
CNIH4	1
CNN3	1
CNPY4	1
COA4	1
COA7	1
COMMD1	1
COMMD3-BMI1	1
COMMD7	1
COX20	1
COX6B1	1
COX6B2	1
COX7A2	1
COX7B2	1
CPSF4L	1
CRABP2	1
CRCT1	1
CREBL2	1
CRYBA2	1
CRYGN	1
CSAG1	1
CSKMT	1
CSNK2B	1
CST3	1
CSTA	1
CSTB	1
CT45A1	1
CT47A6	1
CTSD	1
CTU1	1
CXCL13	1
CXCL14	1
CXCL17	1
CXCL2	1
CXXC4	1
CYB561D1	1
CYB561D2	1
CYB5A	1
CYP3A7-CYP3A51P	1
CYS1	1
CYSRT1	1
CYSTM1	1
DAD1	1
DAND5	1
DAZAP2	1
DCTN6	1
DCUN1D5	1
DCXR	1
DDRGK1	1
DEFA3	1
DEFA5	1
DEFA6	1
DEFB1	1
DEFB105A	1
DEFB112	1
DEFB115	1
DEFB123	1
DEFB132	1
DEFB134	1
DEFB4A	1
DEPP1	1
DHCR24	1
DIPK1B	1
DMRTC1	1
DNAJB1	1
DNAJC30	1
DNMT3L	1
DNPH1	1
DPH3	1
DPM2	1
DR1	1
DRD4	1
DTYMK	1
DUSP14	1
DUSP21	1
DUSP23	1
DYNLL2	1
DYNLRB1	1
DYNLRB2	1
DYNLT1	1
DYNLT3	1
EBF4	1
EFCAB2	1
EFCC1	1
EID2B	1
EIF1AX	1
EIF3CL	1
EIF4A1	1
EIF6	1
ELFN1	1
ELMOD3	1
EMP2	1
EN2	1
ENTPD5	1
EPGN	1
EPO	1
EPOR	1
ERCC5	1
ERGIC1	1
ERH	1
ERICH2	1
ETHE1	1
ETV7	1
EVX1	1
EXO5	1
F8A1	1
FABP3	1
FADS1	1
FAHD1	1
FAM104A	1
FAM107A	1
FAM131A	1
FAM162A	1
FAM166C	1
FAM187A	1
FAM210B	1
FAM221A	1
FAM241B	1
FAM3A	1
FAM47E	1
FAM47E-STBD1	1
FAM72C	1
FBXO17	1
FCGR2C	1
FDX1	1
FEV	1
FGF21	1
FGF22	1
FHL1	1
FHL3	1
FIS1	1
FKBP1C	1
FMC1-LUC7L2	1
FO393400.1	1
FOLH1B	1
FSTL3	1
FTH1	1
FXYD6	1
GADD45G	1
GAGE1	1
GAR1	1
GASK1A	1
GAST	1
GATAD1	1
GATC	1
GBGT1	1
GCHFR	1
GCNT7	1
GDE1	1
GET3	1
GFUS	1
GGTLC2	1
GHRH	1
GHRHR	1
GHRL	1
GIP	1
GJB2	1
GJB5	1
GLOD5	1
GLYATL3	1
GNG13	1
GNG2	1
GNRH2	1
GOLGA8A	1
GOLGA8G	1
GPATCH4	1
GPHA2	1
GPIHBP1	1
GPM6B	1
GPR137C	1
GRAP	1
GSC2	1
GSDMD	1
GSKIP	1
GSPT1	1
GSTK1	1
GTF2A1L	1
GTF2A2	1
GTF2F2	1
GTF2H5	1
GUCA2A	1
GUCD1	1
GUK1	1
H2AC8	1
H2AP	1
H2AZ2	1
H2BC10	1
H2BC17	1
H2BC9	1
H2BU1	1
H3-3A	1
H3C10	1
HBG1	1
HBM	1
HCAR1	1
HERC3	1
HES4	1
HES6	1
HES7	1
HIGD1A	1
HIGD1C	1
HIKESHI	1
HLA-DQA1	1
HLA-DRB1	1
HLA-DRB5	1
HMGA1	1
HMGN4	1
HOPX	1
HOXB8	1
HPGD	1
HPGDS	1
HS3ST6	1
HSBP1L1	1
HSD11B1L	1
HSD17B7	1
HSFX1	1
HSPB1	1
HSPB6	1
HSPB7	1
HSPBP1	1
HSPE1-MOB4	1
HTN3	1
HYPK	1
ID1	1
ID3	1
ID4	1
IER3	1
IER3IP1	1
IER5L	1
IFFO2	1
IFI27	1
IFITM2	1
IFITM3	1
IFNA1	1
IFT20	1
IGFL2	1
IGHD1-7	1
IGHD3-22	1
IGHD3-9	1
IGHD5-18	1
IGHD6-13	1
IGHD6-19	1
IGHJ4	1
IGHV1-3	1
IGHV2-26	1
IGHV2OR16-5	1
IGHV3-13	1
IGHV3-73	1
IGHV6-1	1
IGIP	1
IGKJ1	1
IGKV1-16	1
IGKV1-6	1
IGKV1D-12	1
IGKV1D-17	1
IGKV2-30	1
IGKV3-7	1
IGKV5-2	1
IGKV6-21	1
IGLC2	1
IGLC7	1
IGLJ3	1
IGLL5	1
IGLV1-36	1
IGLV1-40	1
IGLV3-22	1
IGLV4-3	1
IGLV4-60	1
IGLV4-69	1
IGLV5-37	1
IGLV5-48	1
IL13	1
IL17B	1
IL17C	1
IL34	1
IL36A	1
IL36RN	1
IL5	1
IMMP1L	1
INSL4	1
INSM1	1
IQCC	1
IQCJ	1
IRF2BP1	1
IRGM	1
ISCU	1
ISOC2	1
ISX	1
IZUMO4	1
JAGN1	1
JMJD7	1
JOSD2	1
JPT1	1
JUND	1
KBTBD13	1
KCNA7	1
KCNN4	1
KIAA1143	1
KIAA2012	1
KLF16	1
KLK10	1
KLK2	1
KRTAP10-12	1
KRTAP12-4	1
KRTAP19-2	1
KRTAP19-4	1
KRTAP19-7	1
KRTAP20-4	1
KRTAP21-1	1
KRTAP21-2	1
KRTAP4-7	1
KRTAP4-9	1
KRTAP5-11	1
KRTAP5-4	1
KRTAP5-5	1
KRTAP9-4	1
KRTDAP	1
LACTBL1	1
LAMTOR3	1
LAMTOR4	1
LAMTOR5	1
LAPTM5	1
LASP1	1
LCE1B	1
LCE3A	1
LCE3B	1
LCN10	1
LCN6	1
LCORL	1
LDLRAD1	1
LECT2	1
LEMD2	1
LENEP	1
LGALS1	1
LGALSL	1
LHFPL1	1
LIF	1
LIMS1	1
LIN7B	1
LINC02843	1
LKAAEAR1	1
LMAN2L	1
LPAL2	1
LRATD1	1
LRRC20	1
LRRC3	1
LRRC38	1
LRRC75A	1
LRRN4CL	1
LSM12	1
LSM5	1
LSM6	1
LSM8	1
LTA	1
LY6E	1
LY6H	1
LYNX1-SLURP2	1
LYPD5	1
LYPD8	1
LYRM1	1
LYRM4	1
LYRM9	1
LYZ	1
MAF1	1
MAFF	1
MAGEA9	1
MAGEA9B	1
MAP1LC3B	1
MAP3K7CL	1
MAVS	1
MBD3	1
MBD3L2	1
MBLAC1	1
MBOAT4	1
MCEMP1	1
MCL1	1
MCRIP2	1
MEA1	1
MED19	1
MED20	1
MED9	1
METRN	1
METTL11B	1
MFSD3	1
MGAT2	1
MGST3	1
MICA	1
MIF	1
MILR1	1
MIXL1	1
MND1	1
MOB1A	1
MOB1B	1
MOBP	1
MORN2	1
MORN4	1
MPC2	1
MPST	1
MRAS	1
MRFAP1	1
MRGPRG	1
MRPL10	1
MRPL21	1
MRPL27	1
MRPL4	1
MRPL41	1
MRPL52	1
MRPS18A	1
MRPS26	1
MRPS28	1
MRPS34	1
MRPS36	1
MRTO4	1
MSANTD1	1
MSRB2	1
MT1B	1
MT1E	1
MT1G	1
MTAP	1
MTNR1A	1
MTPN	1
MUC3A	1
MUCL1	1
MVB12A	1
MYDGF	1
MYL3	1
MZB1	1
NABP1	1
NAIP	1
NANOS1	1
NAT1	1
NBPF10	1
NBPF4	1
NBPF6	1
NCK1	1
NCMAP	1
NCR2	1
NDUFA5	1
NDUFA6	1
NDUFA8	1
NDUFB2	1
NDUFB6	1
NDUFC1	1
NDUFV3	1
NEDD8	1
NEMP2	1
NEURL1B	1
NHLRC4	1
NKAIN2	1
NKAIN4	1
NKX6-3	1
NME1	1
NME4	1
NOCT	1
NOP16	1
NPB	1
NPC2	1
NPDC1	1
NPFF	1
NPIPB7	1
NPPC	1
NPRL2	1
NPS	1
NR0B2	1
NRGN	1
NRTN	1
NT5DC4	1
NUDT2	1
NUDT21	1
NUP62CL	1
NUPR1	1
NUTF2	1
NXNL2	1
NXPH4	1
OAZ3	1
OCM2	1
ODF3B	1
OIP5	1
OR10AD1	1
OR2A1	1
OR2T5	1
OR3A2	1
OR4F21	1
OR56A5	1
ORMDL3	1
OST4	1
OTUD1	1
OVCA2	1
OXLD1	1
PAEP	1
PAFAH1B2	1
PAGE4	1
PAGE5	1
PAGR1	1
PAIP2	1
PAIP2B	1
PARL	1
PATE4	1
PATL2	1
PCBD2	1
PCP4	1
PDE6H	1
PDLIM3	1
PEBP1	1
PECR	1
PERM1	1
PF4V1	1
PFN1	1
PFN3	1
PGAP2	1
PGLS	1
PGRMC2	1
PHLDA2	1
PIGH	1
PIGL	1
PIGY	1
PIN4	1
PIRT	1
PITX3	1
PLA2G12A	1
PLA2G12B	1
PLA2G2A	1
PLAC1	1
PLAC8	1
PLAC8L1	1
PLD4	1
PLD6	1
PLEKHJ1	1
PLET1	1
PLGLB1	1
PLLP	1
PLN	1
PMCH	1
PMM2	1
PMVK	1
POLD4	1
POLR2G	1
POLR2K	1
POU5F1B	1
POU6F1	1
PPIA	1
PPIH	1
PPP1R11	1
PPP1R35	1
PPP1R3G	1
PPP1R8	1
PPP2CA	1
PPT1	1
PRAF2	1
PRAMEF11	1
PRDM6	1
PRDX3	1
PRELID1	1
PRH1	1
PRM1	1
PRR27	1
PRR3	1
PRR32	1
PRR7	1
PRRG2	1
PRSS45P	1
PSMA6	1
PSMB10	1
PSMB6	1
PSMD10	1
PSMG3	1
PTH2	1
PTMA	1
PTPRCAP	1
PTRH2	1
PTTG2	1
PURB	1
PUSL1	1
PVALB	1
PXMP4	1
PXT1	1
PYDC2	1
QDPR	1
RAB13	1
RAB15	1
RAB19	1
RAB5B	1
RAB5IF	1
RABAC1	1
RAMAC	1
RANGRF	1
RAP1B	1
RAP2A	1
RAP2C	1
RAPGEFL1	1
RARRES2	1
RASA4B	1
RAX	1
RAX2	1
RBM3	1
RBMY1A1	1
RBMY1J	1
RBP1	1
RBP5	1
RBX1	1
RCAN1	1
RCAN3	1
RDH14	1
REG4	1
RESP18	1
REX1BD	1
RFNG	1
RFPL4A	1
RGPD8	1
RHOF	1
RIIAD1	1
RILPL1	1
RIMBP3B	1
RIPPLY3	1
RMI2	1
RNASE13	1
RNASE8	1
RNASEH1	1
RNASEK-C17orf49	1
RNF11	1
RNF114	1
RNF144B	1
RNF185	1
RNF186	1
RNF38	1
RNF4	1
RNF5	1
RNPC3	1
ROGDI	1
RPA3	1
RPEL1	1
RPL15	1
RPL23	1
RPL26L1	1
RPL27A	1
RPL37	1
RPL39L	1
RPL7A	1
RPLP0	1
RPLP1	1
RPP21	1
RPP25	1
RPS12	1
RPS15	1
RPS16	1
RPS18	1
RPS19	1
RPS19BP1	1
RPS20	1
RPS21	1
RPS25	1
RPS26	1
RPS27L	1
RPS28	1
RPS3A	1
RPS8	1
RRAGA	1
RSL24D1	1
RTL6	1
RWDD2A	1
S100A1	1
S100A13	1
S100A14	1
S100A5	1
S100P	1
SAMD13	1
SARM1	1
SARNP	1
SBDS	1
SCGB1A1	1
SCGB3A1	1
SCRT2	1
SDC4	1
SDCBP	1
SDF2L1	1
SDHAF1	1
SEC22B	1
SEC61G	1
SEH1L	1
SELENOH	1
SELENOW	1
SEM1	1
SERF1B	1
SERHL2	1
SERP1	1
SF3B5	1
SFTA2	1
SH2D1A	1
SH2D7	1
SH3BGR	1
SHISA7	1
SHISA9	1
SHISAL2A	1
SIAH1	1
SIKE1	1
SIVA1	1
SIX3	1
SKA2	1
SLC25A21	1
SLC25A27	1
SLC25A29	1
SLC25A38	1
SLC2A4RG	1
SLC31A1	1
SLC35A4	1
SLC35C1	1
SLC35E2B	1
SLC35F2	1
SLC51B	1
SLC7A6OS	1
SLIRP	1
SLN	1
SLX1A	1
SMCP	1
SMIM10	1
SMIM2	1
SMIM29	1
SNAI3	1
SNAP23	1
SNAP29	1
SNAPC5	1
SNCG	1
SNN	1
SNRPC	1
SNRPG	1
SOD1	1
SOX12	1
SPAG11B	1
SPAG7	1
SPANXN1	1
SPANXN5	1
SPATA12	1
SPATA3	1
SPATA31A6	1
SPATA31A7	1
SPATA31D3	1
SPATA33	1
SPATA45	1
SPCS2	1
SPDYE4	1
SPIN4	1
SPINK6	1
SPRR1A	1
SPRR2B	1
SPRR2D	1
SPRR2G	1
SRARP	1
SRM	1
SRP14	1
SRXN1	1
SSNA1	1
SSR4	1
SSTR5	1
SSX1	1
SSX2	1
SSX4	1
ST20	1
ST3GAL5	1
STATH	1
STEAP1B	1
STMP1	1
STPG4	1
STUM	1
SUMO1	1
SURF2	1
SVBP	1
SWI5	1
SYCE1L	1
SYCN	1
SYNDIG1L	1
SYNGR1	1
SYNGR3	1
SYNJ2BP	1
TAFA2	1
TBC1D26	1
TCAP	1
TCEAL7	1
TCEAL8	1
TCP10L	1
TCTEX1D4	1
TEX101	1
TEX33	1
TFAP2E	1
TFAP4	1
TFF1	1
TGFA	1
THNSL2	1
TIMM10	1
TIMM21	1
TIMM29	1
TIMM8A	1
TIMM8B	1
TIMM9	1
TIMMDC1	1
TLCD3A	1
TLDC2	1
TLE5	1
TMED3	1
TMED7-TICAM2	1
TMEM102	1
TMEM107	1
TMEM123	1
TMEM126B	1
TMEM127	1
TMEM134	1
TMEM14A	1
TMEM14B	1
TMEM14C	1
TMEM158	1
TMEM160	1
TMEM170A	1
TMEM176A	1
TMEM179	1
TMEM187	1
TMEM199	1
TMEM204	1
TMEM208	1
TMEM209	1
TMEM213	1
TMEM223	1
TMEM230	1
TMEM231	1
TMEM232	1
TMEM233	1
TMEM234	1
TMEM243	1
TMEM247	1
TMEM251	1
TMEM254	1
TMEM256	1
TMEM258	1
TMEM263	1
TMEM270	1
TMEM40	1
TMEM86B	1
TMEM89	1
TMEM91	1
TMIE	1
TMSB10	1
TMSB15A	1
TMSB4X	1
TNFAIP8L1	1
TNFRSF13C	1
TNFRSF4	1
TNP1	1
TOMM20	1
TOMM20L	1
TOMM6	1
TPGS1	1
TPRG1	1
TPRN	1
TPT1	1
TRAC	1
TRAJ23	1
TRAJ47	1
TRAJ49	1
TRAPPC1	1
TRAPPC6B	1
TRAV13-1	1
TRAV13-2	1
TRAV2	1
TRAV21	1
TRAV23DV6	1
TRAV27	1
TRAV4	1
TRAV8-6	1
TRBV24-1	1
TRBV27	1
TRBV28	1
TRBV3-1	1
TRBV5-1	1
TRDJ2	1
TRDV2	1
TREX1	1
TRGV4	1
TRGV8	1
TRGV9	1
TRIAP1	1
TRIM16	1
TRIM39-RPP21	1
TRMT112	1
TSPAN1	1
TSPAN15	1
TSPAN16	1
TSPAN4	1
TSPY2	1
TSR2	1
TTC1	1
TTC36	1
U2AF1	1
UBALD1	1
UBALD2	1
UBE2D1	1
UBE2D2	1
UBE2E3	1
UBE2H	1
UBE2N	1
UBE2QL1	1
UBE2S	1
UBE2V2	1
UBTFL1	1
UFM1	1
UNC119	1
UPK3B	1
UQCR10	1
USE1	1
USP17L1	1
USP17L4	1
USP27X	1
UTS2	1
UXT	1
VAMP2	1
VAT1	1
VGLL2	1
VMA21	1
VOPP1	1
VPS37D	1
VSNL1	1
VTI1B	1
VWC2	1
WDR12	1
WDR83OS	1
WFDC1	1
WFDC10A	1
WFDC11	1
WFDC12	1
WFDC13	1
WFDC9	1
XCL1	1
XXYLT1	1
YAE1	1
YJEFN3	1
YJU2	1
YPEL4	1
YRDC	1
Z84488.1	1
ZCCHC10	1
ZCCHC24	1
ZDHHC18	1
ZG16B	1
ZGLP1	1
ZNF503	1
ZNF511	1
ZNF705D	1
ZNF706	1
ZNF720	1
ZNF740	1
ZNF747	1
ZNF784	1
ZNF837	1
ZNF853	1
ZSCAN23	1
ZSCAN32	1
ZSWIM7	1
