APC	432	74.10%
TP53	345	59.18%
TTN	265	45.45%
KRAS	246	42.20%
SYNE1	157	26.93%
MUC16	150	25.73%
PIK3CA	149	25.56%
FAT4	128	21.96%
RYR2	111	19.04%
ZFHX4	103	17.67%
OBSCN	101	17.32%
LRP1B	99	16.98%
CSMD3	97	16.64%
FBXW7	97	16.64%
DNAH5	94	16.12%
CSMD1	89	15.27%
DNAH11	87	14.92%
FAT3	84	14.41%
PCLO	84	14.41%
USH2A	83	14.24%
RYR3	82	14.07%
ABCA13	81	13.89%
RYR1	81	13.89%
NEB	79	13.55%
ADGRV1	76	13.04%
DST	73	12.52%
CACNA1E	72	12.35%
SOX9	72	12.35%
AMER1	71	12.18%
LRP2	71	12.18%
SACS	71	12.18%
ATM	70	12.01%
SMAD4	70	12.01%
DMD	69	11.84%
FLG	69	11.84%
HYDIN	69	11.84%
CSMD2	68	11.66%
DOCK3	68	11.66%
ARID1A	67	11.49%
BRAF	67	11.49%
MDN1	67	11.49%
SDK1	67	11.49%
HMCN1	66	11.32%
KMT2D	66	11.32%
PCDH15	66	11.32%
SPTA1	66	11.32%
SYNE2	66	11.32%
RNF43	65	11.15%
MUC5B	64	10.98%
XIRP2	64	10.98%
ANK3	63	10.81%
DNAH10	63	10.81%
KIAA1109	63	10.81%
NBEA	63	10.81%
TRPS1	63	10.81%
ANK2	62	10.63%
DNAH8	62	10.63%
UNC13C	62	10.63%
AHNAK2	61	10.46%
COL12A1	61	10.46%
PCDH17	61	10.46%
ROBO2	61	10.46%
DNAH7	59	10.12%
VPS13B	59	10.12%
KMT2B	58	9.95%
MACF1	58	9.95%
MYCBP2	58	9.95%
TENM3	58	9.95%
ACVR2A	57	9.78%
COL6A3	57	9.78%
DNAH2	57	9.78%
HERC2	57	9.78%
KMT2C	57	9.78%
DNAH3	56	9.61%
DSCAM	56	9.61%
TENM1	56	9.61%
DNAH17	55	9.43%
ERBB4	55	9.43%
FREM2	55	9.43%
HECW1	55	9.43%
LRRK2	55	9.43%
MXRA5	55	9.43%
NALCN	55	9.43%
NRXN1	55	9.43%
PTPRT	55	9.43%
TCF7L2	55	9.43%
TNXB	55	9.43%
CUBN	54	9.26%
DYNC2H1	54	9.26%
FRY	54	9.26%
RELN	54	9.26%
RIMS1	54	9.26%
RNF213	54	9.26%
ZFHX3	54	9.26%
BMPR2	53	9.09%
FAT1	53	9.09%
FAT2	53	9.09%
LRP1	53	9.09%
NAV3	53	9.09%
PCDH9	53	9.09%
PRKDC	53	9.09%
ZNF536	53	9.09%
FCGBP	52	8.92%
HECTD4	52	8.92%
LAMA2	52	8.92%
TSHZ3	52	8.92%
AKAP9	51	8.75%
APOB	51	8.75%
ASPM	51	8.75%
BSN	51	8.75%
DNAH9	51	8.75%
DSCAML1	51	8.75%
DYSF	51	8.75%
GLI3	51	8.75%
ROBO1	51	8.75%
RP1	51	8.75%
SRCAP	51	8.75%
TMEM132D	51	8.75%
COL11A1	50	8.58%
DOCK2	50	8.58%
FNDC1	50	8.58%
MUC17	50	8.58%
PCDH11X	50	8.58%
PDZD2	50	8.58%
PKHD1	50	8.58%
VCAN	50	8.58%
ASH1L	49	8.40%
ATP10A	49	8.40%
COL5A1	49	8.40%
FBN3	49	8.40%
FRYL	49	8.40%
GRIK2	49	8.40%
LAMA1	49	8.40%
UNC79	49	8.40%
DCHS1	48	8.23%
FLNC	48	8.23%
GRIN2A	48	8.23%
IGF2R	48	8.23%
LRRIQ1	48	8.23%
NIPBL	48	8.23%
PCDH10	48	8.23%
SCN1A	48	8.23%
VWF	48	8.23%
ZDBF2	48	8.23%
ZNF831	48	8.23%
ABCA12	47	8.06%
AHNAK	47	8.06%
BCL9	47	8.06%
BCL9L	47	8.06%
COL6A6	47	8.06%
CREBBP	47	8.06%
DNAH1	47	8.06%
FBN1	47	8.06%
LAMA5	47	8.06%
NFASC	47	8.06%
PAPPA2	47	8.06%
PXDN	47	8.06%
SCN9A	47	8.06%
TAF1L	47	8.06%
TNC	47	8.06%
CMYA5	46	7.89%
COL27A1	46	7.89%
COL7A1	46	7.89%
FRAS1	46	7.89%
MAP2	46	7.89%
MEGF8	46	7.89%
RIMS2	46	7.89%
TECTA	46	7.89%
CACNA1A	45	7.72%
CACNA1H	45	7.72%
CDH9	45	7.72%
CHD7	45	7.72%
CNOT1	45	7.72%
FN1	45	7.72%
MYO3A	45	7.72%
OTOGL	45	7.72%
PLXNA4	45	7.72%
ROS1	45	7.72%
SCN5A	45	7.72%
TENM2	45	7.72%
TEX15	45	7.72%
TNR	45	7.72%
ADAMTS16	44	7.55%
ADGRL3	44	7.55%
F8	44	7.55%
PKHD1L1	44	7.55%
PLEC	44	7.55%
SPEG	44	7.55%
TRRAP	44	7.55%
ZNF804B	44	7.55%
ABCA1	43	7.38%
ANKRD11	43	7.38%
BIRC6	43	7.38%
CDH10	43	7.38%
CELSR1	43	7.38%
DSEL	43	7.38%
DYNC1H1	43	7.38%
LRRC7	43	7.38%
MAGEC1	43	7.38%
MKI67	43	7.38%
MYO18B	43	7.38%
PCDHA12	43	7.38%
PEG3	43	7.38%
SCN11A	43	7.38%
TG	43	7.38%
VPS13A	43	7.38%
AKAP12	42	7.20%
BRCA2	42	7.20%
COL22A1	42	7.20%
DCC	42	7.20%
FBN2	42	7.20%
HUWE1	42	7.20%
IGSF9B	42	7.20%
KCNB2	42	7.20%
KMT2A	42	7.20%
NOS1	42	7.20%
PCDHB8	42	7.20%
PXDNL	42	7.20%
SCN7A	42	7.20%
SPAG17	42	7.20%
SPEF2	42	7.20%
VPS13C	42	7.20%
ADAMTS2	41	7.03%
AKAP6	41	7.03%
ALMS1	41	7.03%
CDH23	41	7.03%
CNTNAP5	41	7.03%
CTNNA2	41	7.03%
EP400	41	7.03%
EPHA5	41	7.03%
FMN2	41	7.03%
MAP1B	41	7.03%
MAP3K4	41	7.03%
MTOR	41	7.03%
MYO15A	41	7.03%
NCKAP5	41	7.03%
PTPRS	41	7.03%
SVIL	41	7.03%
THSD7B	41	7.03%
A2ML1	40	6.86%
ADGRG4	40	6.86%
BRWD3	40	6.86%
KIF26B	40	6.86%
MBD6	40	6.86%
PAPPA	40	6.86%
PCDHA2	40	6.86%
PTPRK	40	6.86%
SCN3A	40	6.86%
SETX	40	6.86%
SLITRK1	40	6.86%
TIAM1	40	6.86%
TNS1	40	6.86%
TRIO	40	6.86%
USP34	40	6.86%
ZNF292	40	6.86%
ADAMTS20	39	6.69%
ADGRL2	39	6.69%
ATRX	39	6.69%
BNC2	39	6.69%
CACNA1B	39	6.69%
CHD4	39	6.69%
CHD6	39	6.69%
CHD8	39	6.69%
CNTN6	39	6.69%
FAM47C	39	6.69%
HERC1	39	6.69%
KALRN	39	6.69%
MINAR1	39	6.69%
MYO16	39	6.69%
NAV2	39	6.69%
NRXN2	39	6.69%
PREX2	39	6.69%
PTPRZ1	39	6.69%
RIF1	39	6.69%
RP1L1	39	6.69%
SVEP1	39	6.69%
UBR4	39	6.69%
UBR5	39	6.69%
UTRN	39	6.69%
ABCA4	38	6.52%
CARD11	38	6.52%
CENPF	38	6.52%
CNTNAP2	38	6.52%
CUX2	38	6.52%
DLC1	38	6.52%
DMXL1	38	6.52%
DMXL2	38	6.52%
EVC2	38	6.52%
GALNT17	38	6.52%
GPR158	38	6.52%
KANSL1	38	6.52%
KIF21A	38	6.52%
LPA	38	6.52%
MAP1A	38	6.52%
MGA	38	6.52%
MYH2	38	6.52%
MYH9	38	6.52%
PTPRC	38	6.52%
SALL1	38	6.52%
SPHKAP	38	6.52%
TRPC4	38	6.52%
USP9X	38	6.52%
ADGRB3	37	6.35%
AFF2	37	6.35%
ARFGEF1	37	6.35%
BCORL1	37	6.35%
CEP290	37	6.35%
CHD9	37	6.35%
DLG2	37	6.35%
EPG5	37	6.35%
ERICH3	37	6.35%
FAM135B	37	6.35%
FLNA	37	6.35%
ITPR1	37	6.35%
ITPR3	37	6.35%
KCNA4	37	6.35%
MED12	37	6.35%
PCDH18	37	6.35%
PLXND1	37	6.35%
PRDM9	37	6.35%
REV3L	37	6.35%
SCN2A	37	6.35%
SCN4A	37	6.35%
SDK2	37	6.35%
SORCS1	37	6.35%
SPTB	37	6.35%
TNRC6B	37	6.35%
TRIOBP	37	6.35%
ZBTB20	37	6.35%
ZNF423	37	6.35%
ACACA	36	6.17%
ACAN	36	6.17%
ADAMTSL3	36	6.17%
ADCY8	36	6.17%
ANK1	36	6.17%
ARAP2	36	6.17%
ARID2	36	6.17%
BOD1L1	36	6.17%
CPAMD8	36	6.17%
DCAF4L2	36	6.17%
FHOD3	36	6.17%
GCN1	36	6.17%
GOLGB1	36	6.17%
GPR179	36	6.17%
IGSF10	36	6.17%
LAMA3	36	6.17%
NRAS	36	6.17%
NUP205	36	6.17%
PCDH19	36	6.17%
PCDHA13	36	6.17%
PCDHA8	36	6.17%
PCNT	36	6.17%
RIMBP2	36	6.17%
STAB1	36	6.17%
TRIP12	36	6.17%
YLPM1	36	6.17%
ZC3H13	36	6.17%
ASTN1	35	6.00%
BCOR	35	6.00%
CACNA1C	35	6.00%
CDH8	35	6.00%
CEP170	35	6.00%
CNTNAP4	35	6.00%
COL5A2	35	6.00%
CTNNB1	35	6.00%
CUL9	35	6.00%
DAPK1	35	6.00%
DIDO1	35	6.00%
DISP3	35	6.00%
DOCK5	35	6.00%
EPHA3	35	6.00%
GRIA2	35	6.00%
GRM7	35	6.00%
GTF3C1	35	6.00%
HDAC9	35	6.00%
KCNH7	35	6.00%
LYST	35	6.00%
MED12L	35	6.00%
MYH14	35	6.00%
MYH7	35	6.00%
MYH8	35	6.00%
MYO5A	35	6.00%
NF1	35	6.00%
NLRP7	35	6.00%
PKD1	35	6.00%
PKD1L1	35	6.00%
PKDREJ	35	6.00%
PLCG2	35	6.00%
POLE	35	6.00%
POLQ	35	6.00%
PRUNE2	35	6.00%
PTEN	35	6.00%
PTPN13	35	6.00%
SPEN	35	6.00%
TCERG1	35	6.00%
TENM4	35	6.00%
THSD7A	35	6.00%
TRPM3	35	6.00%
ACACB	34	5.83%
ADAMTS12	34	5.83%
ADAMTS18	34	5.83%
CACNA1F	34	5.83%
CADPS	34	5.83%
CDK12	34	5.83%
CELSR2	34	5.83%
COL14A1	34	5.83%
COL1A2	34	5.83%
COL4A1	34	5.83%
DOCK8	34	5.83%
GREB1	34	5.83%
HRNR	34	5.83%
ITPR2	34	5.83%
MGAM	34	5.83%
MIDEAS	34	5.83%
MPDZ	34	5.83%
MYH6	34	5.83%
NCOR2	34	5.83%
NEXMIF	34	5.83%
NLRC5	34	5.83%
NOTCH3	34	5.83%
NPAP1	34	5.83%
NYAP2	34	5.83%
PCDHB7	34	5.83%
PLXNA1	34	5.83%
PTPRM	34	5.83%
RANBP2	34	5.83%
SFMBT2	34	5.83%
SHPRH	34	5.83%
SLITRK5	34	5.83%
TCHH	34	5.83%
TET1	34	5.83%
TRPM6	34	5.83%
UGGT2	34	5.83%
USF3	34	5.83%
WDFY3	34	5.83%
ADAMTS9	33	5.66%
ADAMTSL1	33	5.66%
ADCY2	33	5.66%
ADGRB1	33	5.66%
AKAP13	33	5.66%
ALK	33	5.66%
ARHGAP21	33	5.66%
ASTN2	33	5.66%
CACNA2D3	33	5.66%
CCDC73	33	5.66%
CDH18	33	5.66%
CHD5	33	5.66%
DAAM2	33	5.66%
ENAM	33	5.66%
EP300	33	5.66%
FER1L6	33	5.66%
FILIP1	33	5.66%
FLRT2	33	5.66%
FRMPD1	33	5.66%
GABRA5	33	5.66%
GRM5	33	5.66%
HELZ2	33	5.66%
HSPG2	33	5.66%
ICE1	33	5.66%
IRS4	33	5.66%
KIAA1217	33	5.66%
LAMA4	33	5.66%
LARP4B	33	5.66%
MTUS2	33	5.66%
MYH11	33	5.66%
MYH13	33	5.66%
MYO7A	33	5.66%
NSD1	33	5.66%
NUGGC	33	5.66%
PCDHA6	33	5.66%
SHANK1	33	5.66%
SIPA1L1	33	5.66%
SLC4A3	33	5.66%
SLIT1	33	5.66%
SPTBN1	33	5.66%
STAB2	33	5.66%
SYCP2	33	5.66%
TCF20	33	5.66%
TULP4	33	5.66%
VPS13D	33	5.66%
ZNF518A	33	5.66%
ZNF804A	33	5.66%
ABCA2	32	5.49%
ATG2B	32	5.49%
AXIN2	32	5.49%
BRINP3	32	5.49%
CACNA1G	32	5.49%
CALD1	32	5.49%
CDH12	32	5.49%
CDH2	32	5.49%
CFH	32	5.49%
COL4A4	32	5.49%
DCLK1	32	5.49%
DPP10	32	5.49%
FASN	32	5.49%
FLNB	32	5.49%
FLT4	32	5.49%
FSTL5	32	5.49%
GRIA1	32	5.49%
GRIK3	32	5.49%
HECW2	32	5.49%
KIF1A	32	5.49%
NBEAL2	32	5.49%
NCOR1	32	5.49%
NRK	32	5.49%
PCDHA11	32	5.49%
PCDHB2	32	5.49%
PHIP	32	5.49%
PLXNB3	32	5.49%
SETD2	32	5.49%
SMARCAD1	32	5.49%
SPTBN2	32	5.49%
TNN	32	5.49%
TRHDE	32	5.49%
TSHZ2	32	5.49%
ZAN	32	5.49%
ZC3H18	32	5.49%
ZFYVE26	32	5.49%
ZNF521	32	5.49%
ABCC1	31	5.32%
ARID1B	31	5.32%
ATG2A	31	5.32%
C3	31	5.32%
CACNA1D	31	5.32%
CHD3	31	5.32%
CHL1	31	5.32%
CIC	31	5.32%
COL18A1	31	5.32%
COL4A5	31	5.32%
DENND4B	31	5.32%
DLGAP2	31	5.32%
DOCK10	31	5.32%
DOCK4	31	5.32%
KATNIP	31	5.32%
KDR	31	5.32%
LTBP2	31	5.32%
MIA3	31	5.32%
MRC1	31	5.32%
MTCL1	31	5.32%
MYLK	31	5.32%
NBAS	31	5.32%
NCAM2	31	5.32%
PCDHA3	31	5.32%
PCDHA5	31	5.32%
PCDHA9	31	5.32%
PCDHGA8	31	5.32%
PIK3R1	31	5.32%
PPFIA2	31	5.32%
PTPN14	31	5.32%
PTPRU	31	5.32%
RGS22	31	5.32%
ROCK1	31	5.32%
SCAF4	31	5.32%
SETBP1	31	5.32%
SOGA3	31	5.32%
SRRM2	31	5.32%
SULF1	31	5.32%
SZT2	31	5.32%
TPO	31	5.32%
WDR17	31	5.32%
WNK3	31	5.32%
ZEB2	31	5.32%
A2M	30	5.15%
ABCB1	30	5.15%
ALPK2	30	5.15%
AMOTL1	30	5.15%
ASCC3	30	5.15%
ATP8A2	30	5.15%
CACHD1	30	5.15%
CASZ1	30	5.15%
CCDC88A	30	5.15%
CD93	30	5.15%
CDH4	30	5.15%
CDON	30	5.15%
DIP2B	30	5.15%
DISP1	30	5.15%
DOCK9	30	5.15%
DOP1A	30	5.15%
DSP	30	5.15%
EML5	30	5.15%
EPHB1	30	5.15%
FANCM	30	5.15%
FSIP2	30	5.15%
GRM1	30	5.15%
HIVEP2	30	5.15%
JMJD1C	30	5.15%
KCNB1	30	5.15%
KCNH1	30	5.15%
KCNQ5	30	5.15%
KIAA1549	30	5.15%
KNL1	30	5.15%
LIFR	30	5.15%
LRFN5	30	5.15%
LRRIQ3	30	5.15%
LRRK1	30	5.15%
MAGI2	30	5.15%
MAP2K4	30	5.15%
MAP3K21	30	5.15%
MECOM	30	5.15%
MSH6	30	5.15%
NCAM1	30	5.15%
NLGN4X	30	5.15%
NRAP	30	5.15%
PCDHA4	30	5.15%
PCDHGB3	30	5.15%
PIKFYVE	30	5.15%
PLCE1	30	5.15%
PREX1	30	5.15%
RUNX1T1	30	5.15%
SAMD9L	30	5.15%
SLIT2	30	5.15%
SLITRK2	30	5.15%
SMARCA4	30	5.15%
TANC2	30	5.15%
TEAD2	30	5.15%
TET3	30	5.15%
TNKS2	30	5.15%
TTK	30	5.15%
VWA8	30	5.15%
WWC3	30	5.15%
YTHDC2	30	5.15%
ZNF318	30	5.15%
ZNF462	30	5.15%
ADAMTS5	29	4.97%
ADCY1	29	4.97%
ANKHD1-EIF4EBP3	29	4.97%
ARHGAP35	29	4.97%
ARHGAP5	29	4.97%
ASXL1	29	4.97%
BDP1	29	4.97%
BIVM-ERCC5	29	4.97%
BRWD1	29	4.97%
CACNA1S	29	4.97%
CFAP47	29	4.97%
CFAP65	29	4.97%
CHD1	29	4.97%
CNTN4	29	4.97%
CNTN5	29	4.97%
CYLC1	29	4.97%
DDX60L	29	4.97%
DLGAP3	29	4.97%
DOCK1	29	4.97%
DOCK11	29	4.97%
EIF3A	29	4.97%
ELOA2	29	4.97%
FREM1	29	4.97%
HDLBP	29	4.97%
HEATR5B	29	4.97%
KCNA5	29	4.97%
KCNQ3	29	4.97%
KCNT2	29	4.97%
KDM2B	29	4.97%
KIAA1549L	29	4.97%
KIDINS220	29	4.97%
KSR2	29	4.97%
LAMC3	29	4.97%
MCF2	29	4.97%
MED13	29	4.97%
MON2	29	4.97%
MUC4	29	4.97%
MUC6	29	4.97%
MYH15	29	4.97%
MYOM2	29	4.97%
NES	29	4.97%
NID2	29	4.97%
NPHS1	29	4.97%
PCDHA7	29	4.97%
PCDHGA2	29	4.97%
PCDHGA5	29	4.97%
PHF20L1	29	4.97%
PIK3C2G	29	4.97%
PLEKHG4B	29	4.97%
PLXNA2	29	4.97%
PLXNA3	29	4.97%
PLXNB1	29	4.97%
PLXNB2	29	4.97%
POLD1	29	4.97%
RALGAPA1	29	4.97%
RGS12	29	4.97%
SCAPER	29	4.97%
SIGLEC1	29	4.97%
SMAD2	29	4.97%
SMC1B	29	4.97%
SPART	29	4.97%
THBS2	29	4.97%
TMEM132B	29	4.97%
TNIK	29	4.97%
TOGARAM2	29	4.97%
TOP2B	29	4.97%
TRIP11	29	4.97%
TRPA1	29	4.97%
TRPC3	29	4.97%
UTP20	29	4.97%
XYLT2	29	4.97%
ZBED9	29	4.97%
ZNF646	29	4.97%
ZNF835	29	4.97%
ABCA10	28	4.80%
ABCA6	28	4.80%
ABCA7	28	4.80%
ABCB5	28	4.80%
ACVR1B	28	4.80%
AFF3	28	4.80%
ANKRD12	28	4.80%
ARFGEF2	28	4.80%
ARMC4	28	4.80%
ATAD5	28	4.80%
AUTS2	28	4.80%
B2M	28	4.80%
BICRA	28	4.80%
BLM	28	4.80%
BPTF	28	4.80%
CD163	28	4.80%
CFAP43	28	4.80%
CLUH	28	4.80%
CNTN1	28	4.80%
CTNND2	28	4.80%
DCAF12L2	28	4.80%
DCDC1	28	4.80%
DIP2C	28	4.80%
DNAJC13	28	4.80%
EPB41L3	28	4.80%
EPHA6	28	4.80%
ERBB3	28	4.80%
FAM47A	28	4.80%
FBXL7	28	4.80%
HCN4	28	4.80%
HEATR1	28	4.80%
HFM1	28	4.80%
HTT	28	4.80%
IGSF1	28	4.80%
IRS1	28	4.80%
ITSN1	28	4.80%
KMT2E	28	4.80%
LAMB4	28	4.80%
LCOR	28	4.80%
LCT	28	4.80%
MARF1	28	4.80%
MDGA2	28	4.80%
MYO9A	28	4.80%
MYOF	28	4.80%
NINL	28	4.80%
PCF11	28	4.80%
PDGFRA	28	4.80%
PIK3CG	28	4.80%
PRKD1	28	4.80%
RALGAPB	28	4.80%
RPL22	28	4.80%
SAGE1	28	4.80%
SAMD9	28	4.80%
SCN10A	28	4.80%
SLIT3	28	4.80%
SMC2	28	4.80%
SMCHD1	28	4.80%
SPECC1	28	4.80%
SPG11	28	4.80%
STAG1	28	4.80%
STK31	28	4.80%
TACC2	28	4.80%
TEP1	28	4.80%
TNRC6A	28	4.80%
TP53BP1	28	4.80%
TRANK1	28	4.80%
TRPM2	28	4.80%
USP24	28	4.80%
USP28	28	4.80%
ZNF208	28	4.80%
ZNF638	28	4.80%
ABCA8	27	4.63%
ABCA9	27	4.63%
ADCY5	27	4.63%
ANKRD30A	27	4.63%
ARHGAP20	27	4.63%
ARHGAP31	27	4.63%
ATP2B3	27	4.63%
ATP8B1	27	4.63%
ATP8B2	27	4.63%
BAZ1A	27	4.63%
CACNA2D1	27	4.63%
CAD	27	4.63%
CAMTA1	27	4.63%
CCDC178	27	4.63%
CD109	27	4.63%
CDC42BPA	27	4.63%
CDH11	27	4.63%
CELSR3	27	4.63%
CENPE	27	4.63%
CEP162	27	4.63%
CHD2	27	4.63%
CHRM2	27	4.63%
CIITA	27	4.63%
CNTLN	27	4.63%
COL19A1	27	4.63%
CPS1	27	4.63%
CRACD	27	4.63%
CROCC	27	4.63%
CTNNA1	27	4.63%
CTNNA3	27	4.63%
CTTNBP2	27	4.63%
CUX1	27	4.63%
DSPP	27	4.63%
EFCAB5	27	4.63%
EYS	27	4.63%
FAM47B	27	4.63%
FLG2	27	4.63%
FRMPD3	27	4.63%
GLI1	27	4.63%
GRM6	27	4.63%
GSE1	27	4.63%
HNRNPL	27	4.63%
INSRR	27	4.63%
ITIH6	27	4.63%
JAKMIP2	27	4.63%
KCNH5	27	4.63%
KIAA1755	27	4.63%
KLHL4	27	4.63%
LMO7	27	4.63%
LRRN3	27	4.63%
MAGI1	27	4.63%
MBD5	27	4.63%
MLH3	27	4.63%
MYH3	27	4.63%
MYH7B	27	4.63%
MYO18A	27	4.63%
NUP98	27	4.63%
PCDH7	27	4.63%
PCDHA1	27	4.63%
PCDHB5	27	4.63%
PCDHB6	27	4.63%
PCDHB9	27	4.63%
PCDHGA6	27	4.63%
PCNX1	27	4.63%
PDS5B	27	4.63%
PDZRN4	27	4.63%
PHF3	27	4.63%
PI4KA	27	4.63%
PLG	27	4.63%
PPL	27	4.63%
PPP1R3A	27	4.63%
PRDM2	27	4.63%
PRKCG	27	4.63%
PRPF8	27	4.63%
PRRC2C	27	4.63%
PRTG	27	4.63%
PTCH1	27	4.63%
PTPRD	27	4.63%
PZP	27	4.63%
RASGRF1	27	4.63%
RET	27	4.63%
RNF17	27	4.63%
SCN8A	27	4.63%
SEMA5B	27	4.63%
SNX13	27	4.63%
SPATA31E1	27	4.63%
SPTAN1	27	4.63%
TLE4	27	4.63%
TMPRSS15	27	4.63%
TPTE	27	4.63%
UBE4B	27	4.63%
USP35	27	4.63%
USP7	27	4.63%
VIRMA	27	4.63%
XIRP1	27	4.63%
ZNF407	27	4.63%
ZNF98	27	4.63%
ABCA3	26	4.46%
ABCA5	26	4.46%
ABCB11	26	4.46%
ADCY9	26	4.46%
AKAP11	26	4.46%
ALS2	26	4.46%
AR	26	4.46%
ARAP3	26	4.46%
ARHGEF10	26	4.46%
ATAD2B	26	4.46%
ATP2A1	26	4.46%
ATP2B2	26	4.46%
ATP6V1B1	26	4.46%
ATR	26	4.46%
BAHCC1	26	4.46%
BNC1	26	4.46%
BRINP1	26	4.46%
C8B	26	4.46%
CACNA1I	26	4.46%
CDK5RAP2	26	4.46%
CHRD	26	4.46%
CKAP5	26	4.46%
COL24A1	26	4.46%
COL3A1	26	4.46%
CRB1	26	4.46%
CRYBG3	26	4.46%
CTR9	26	4.46%
DIP2A	26	4.46%
DMBT1	26	4.46%
ELMO1	26	4.46%
EXPH5	26	4.46%
FAM184A	26	4.46%
FRMD4A	26	4.46%
GRIA4	26	4.46%
GRIK4	26	4.46%
GRIK5	26	4.46%
GRM8	26	4.46%
GUCY1A1	26	4.46%
HCN1	26	4.46%
HECTD1	26	4.46%
HLA-B	26	4.46%
IFT172	26	4.46%
ITIH2	26	4.46%
KCNH8	26	4.46%
KCNMA1	26	4.46%
KDM3B	26	4.46%
KDM6B	26	4.46%
KIAA2026	26	4.46%
KIF13A	26	4.46%
KIT	26	4.46%
LINGO2	26	4.46%
LTBP4	26	4.46%
MAP7D1	26	4.46%
MEGF6	26	4.46%
MYO10	26	4.46%
MYO7B	26	4.46%
MYPN	26	4.46%
N4BP2	26	4.46%
NCAPD3	26	4.46%
NID1	26	4.46%
NOL6	26	4.46%
NOS3	26	4.46%
NOTCH2	26	4.46%
NRXN3	26	4.46%
NUMA1	26	4.46%
NUP210L	26	4.46%
OBSL1	26	4.46%
OSMR	26	4.46%
PARP14	26	4.46%
PCDHB3	26	4.46%
PHF2	26	4.46%
PLEKHA6	26	4.46%
POSTN	26	4.46%
PRDM10	26	4.46%
PRR12	26	4.46%
RAD51AP2	26	4.46%
RADIL	26	4.46%
RBM15	26	4.46%
SBF1	26	4.46%
SCAF11	26	4.46%
SEC16A	26	4.46%
SIN3A	26	4.46%
SLC4A7	26	4.46%
SORBS2	26	4.46%
TIAM2	26	4.46%
TLL1	26	4.46%
TNRC6C	26	4.46%
TRPC6	26	4.46%
TRPM8	26	4.46%
TTC3	26	4.46%
TUBA3C	26	4.46%
ULK2	26	4.46%
UNC13A	26	4.46%
UNC5C	26	4.46%
WDR33	26	4.46%
WWP1	26	4.46%
XRN1	26	4.46%
ZFPM2	26	4.46%
ZMYM2	26	4.46%
ZNFX1	26	4.46%
ABCB4	25	4.29%
ABCC8	25	4.29%
ABI3BP	25	4.29%
ADGRB2	25	4.29%
ADGRL1	25	4.29%
ARHGAP36	25	4.29%
ARHGEF26	25	4.29%
ATP12A	25	4.29%
BTBD11	25	4.29%
CABIN1	25	4.29%
CCDC180	25	4.29%
CEP192	25	4.29%
CFAP251	25	4.29%
CLCN4	25	4.29%
CLSTN2	25	4.29%
CNTRL	25	4.29%
COL11A2	25	4.29%
COL2A1	25	4.29%
COL4A6	25	4.29%
COL6A1	25	4.29%
CR1	25	4.29%
CRMP1	25	4.29%
DENND5A	25	4.29%
DICER1	25	4.29%
DNHD1	25	4.29%
DPP6	25	4.29%
DPYD	25	4.29%
FGD6	25	4.29%
FLT1	25	4.29%
FPGT-TNNI3K	25	4.29%
FRMPD4	25	4.29%
FYB1	25	4.29%
GLIS3	25	4.29%
GLUD2	25	4.29%
GRID1	25	4.29%
HCFC1	25	4.29%
ITGA10	25	4.29%
ITGAX	25	4.29%
JCAD	25	4.29%
JHY	25	4.29%
KCNQ2	25	4.29%
KDM5A	25	4.29%
KIF13B	25	4.29%
KIF26A	25	4.29%
KIF2B	25	4.29%
KIF4B	25	4.29%
LAMB1	25	4.29%
LEPR	25	4.29%
LRBA	25	4.29%
LRRCC1	25	4.29%
LVRN	25	4.29%
MAST4	25	4.29%
MCC	25	4.29%
MYH1	25	4.29%
MYT1L	25	4.29%
NBEAL1	25	4.29%
NELL2	25	4.29%
NLRP5	25	4.29%
NOVA1	25	4.29%
NRIP1	25	4.29%
NUP214	25	4.29%
NYNRIN	25	4.29%
OCA2	25	4.29%
PAM	25	4.29%
PCBP1	25	4.29%
PCDHB12	25	4.29%
PCDHGA12	25	4.29%
PCDHGA7	25	4.29%
PCNX2	25	4.29%
PDGFRB	25	4.29%
PIWIL1	25	4.29%
PLCH1	25	4.29%
PLPPR4	25	4.29%
POLRMT	25	4.29%
RAPGEF2	25	4.29%
RASGRF2	25	4.29%
RBM10	25	4.29%
ROBO3	25	4.29%
RPS6KA2	25	4.29%
SBNO1	25	4.29%
SI	25	4.29%
SLC12A5	25	4.29%
SLC8A1	25	4.29%
SLCO6A1	25	4.29%
SLITRK6	25	4.29%
SMAD3	25	4.29%
SMARCA1	25	4.29%
SORCS3	25	4.29%
SPATA31D1	25	4.29%
SYCP2L	25	4.29%
TAS1R2	25	4.29%
TEX14	25	4.29%
TMEM131L	25	4.29%
TMPO	25	4.29%
TNRC18	25	4.29%
TNS3	25	4.29%
TOGARAM1	25	4.29%
TRO	25	4.29%
TRPM1	25	4.29%
TUT4	25	4.29%
TUT7	25	4.29%
WDR7	25	4.29%
WNK1	25	4.29%
WNK2	25	4.29%
XPO4	25	4.29%
ZFP36L2	25	4.29%
ZMYND8	25	4.29%
ZNF658	25	4.29%
ABCC12	24	4.12%
ACIN1	24	4.12%
ADAM12	24	4.12%
ADAM29	24	4.12%
ADAM7	24	4.12%
ADAMTS10	24	4.12%
AFDN	24	4.12%
AHDC1	24	4.12%
ALPK3	24	4.12%
ANKRD50	24	4.12%
ANO4	24	4.12%
AP2A2	24	4.12%
APBA2	24	4.12%
ARAP1	24	4.12%
ARFGEF3	24	4.12%
ARHGEF17	24	4.12%
ARPP21	24	4.12%
BRD3	24	4.12%
BTAF1	24	4.12%
C2orf16	24	4.12%
C6	24	4.12%
CAMSAP1	24	4.12%
CARMIL3	24	4.12%
CCDC141	24	4.12%
CCDC39	24	4.12%
CD163L1	24	4.12%
CENPJ	24	4.12%
CEP250	24	4.12%
CEP350	24	4.12%
CHST15	24	4.12%
CLASP1	24	4.12%
CLIP1	24	4.12%
COL5A3	24	4.12%
CPED1	24	4.12%
DHX9	24	4.12%
DNM3	24	4.12%
DOP1B	24	4.12%
DUOX2	24	4.12%
EPRS1	24	4.12%
ERC2	24	4.12%
F5	24	4.12%
FAM193A	24	4.12%
FAM214A	24	4.12%
FCRL3	24	4.12%
GABBR1	24	4.12%
GON4L	24	4.12%
GPRASP1	24	4.12%
GRID2	24	4.12%
HIVEP3	24	4.12%
IMPG1	24	4.12%
ITGAL	24	4.12%
JAKMIP1	24	4.12%
KDM5B	24	4.12%
KIF1B	24	4.12%
KIF20B	24	4.12%
LRP4	24	4.12%
MAGEE1	24	4.12%
MCF2L2	24	4.12%
MICAL3	24	4.12%
MROH2B	24	4.12%
MYT1	24	4.12%
NCKAP1L	24	4.12%
NLRP1	24	4.12%
NLRP13	24	4.12%
NLRP3	24	4.12%
NLRP4	24	4.12%
NLRP8	24	4.12%
NOTCH1	24	4.12%
NRCAM	24	4.12%
NRG1	24	4.12%
NTRK3	24	4.12%
NWD1	24	4.12%
OTOF	24	4.12%
PARD3B	24	4.12%
PBRM1	24	4.12%
PCDHB13	24	4.12%
PCDHB15	24	4.12%
PDE4DIP	24	4.12%
PIGO	24	4.12%
PIK3C2B	24	4.12%
PLA2R1	24	4.12%
PLXNC1	24	4.12%
POLR1A	24	4.12%
PPFIA4	24	4.12%
PPP6R2	24	4.12%
PPRC1	24	4.12%
PRRC2A	24	4.12%
PRRC2B	24	4.12%
PSD2	24	4.12%
RB1CC1	24	4.12%
RBP3	24	4.12%
RFX7	24	4.12%
RLF	24	4.12%
RXFP2	24	4.12%
SASH1	24	4.12%
SEZ6L	24	4.12%
SF3B1	24	4.12%
SGSM1	24	4.12%
SIPA1L2	24	4.12%
SLC8A2	24	4.12%
SLX4	24	4.12%
SMARCA2	24	4.12%
SOX5	24	4.12%
SPTBN5	24	4.12%
SRGAP3	24	4.12%
STYXL2	24	4.12%
SUPT16H	24	4.12%
TAF1	24	4.12%
TANC1	24	4.12%
TBC1D9	24	4.12%
TDRD6	24	4.12%
THOC2	24	4.12%
TMEM94	24	4.12%
TPR	24	4.12%
TRAPPC8	24	4.12%
TSPOAP1	24	4.12%
UHRF1BP1L	24	4.12%
ZNF43	24	4.12%
ZNF609	24	4.12%
ZNF808	24	4.12%
ZNF91	24	4.12%
ZNF99	24	4.12%
ZZEF1	24	4.12%
ABCC5	23	3.95%
ADAMTS17	23	3.95%
AGRN	23	3.95%
AHCTF1	23	3.95%
AL592490.1	23	3.95%
ANKRD26	23	3.95%
ANKS1B	23	3.95%
APBB1	23	3.95%
ARHGEF11	23	3.95%
ASXL2	23	3.95%
ATAD2	23	3.95%
ATP13A3	23	3.95%
ATP1A4	23	3.95%
ATP2B4	23	3.95%
ATP4A	23	3.95%
ATRNL1	23	3.95%
AXDND1	23	3.95%
BOC	23	3.95%
BRD1	23	3.95%
C5	23	3.95%
CAMTA2	23	3.95%
CASP8AP2	23	3.95%
CCDC158	23	3.95%
CDC14A	23	3.95%
CDC42BPB	23	3.95%
CDH6	23	3.95%
CEMIP	23	3.95%
CNKSR2	23	3.95%
COBL	23	3.95%
COL15A1	23	3.95%
COL1A1	23	3.95%
COL6A2	23	3.95%
DAB2IP	23	3.95%
DENND4A	23	3.95%
DHX30	23	3.95%
DNMBP	23	3.95%
DNMT3B	23	3.95%
DROSHA	23	3.95%
DUOX1	23	3.95%
EFCAB6	23	3.95%
EPHA4	23	3.95%
ERCC6	23	3.95%
ESPL1	23	3.95%
EVC	23	3.95%
GABBR2	23	3.95%
GIGYF2	23	3.95%
GJA8	23	3.95%
GPR149	23	3.95%
HIRA	23	3.95%
IGSF9	23	3.95%
INPPL1	23	3.95%
IQCA1	23	3.95%
ITGA4	23	3.95%
ITGB4	23	3.95%
ITSN2	23	3.95%
JAK1	23	3.95%
KAT6B	23	3.95%
KCND3	23	3.95%
KCNH3	23	3.95%
KCNV2	23	3.95%
KIAA0100	23	3.95%
KIAA0319	23	3.95%
KIAA0586	23	3.95%
KIF21B	23	3.95%
KIRREL3	23	3.95%
KNTC1	23	3.95%
LRFN2	23	3.95%
LRP6	23	3.95%
MAGEC3	23	3.95%
MAGEL2	23	3.95%
MAP3K1	23	3.95%
MAP7D3	23	3.95%
MAST2	23	3.95%
MAST3	23	3.95%
MIA2	23	3.95%
MICAL2	23	3.95%
MME	23	3.95%
MORC1	23	3.95%
MRTFA	23	3.95%
MTTP	23	3.95%
MYO1F	23	3.95%
MYO5C	23	3.95%
MYO9B	23	3.95%
MYOCD	23	3.95%
NAV1	23	3.95%
NCOA2	23	3.95%
NPHP4	23	3.95%
NRG3	23	3.95%
NUP210	23	3.95%
OPCML	23	3.95%
OPLAH	23	3.95%
OVCH1	23	3.95%
PASK	23	3.95%
PCDHB4	23	3.95%
PCDHGA3	23	3.95%
PCDHGB5	23	3.95%
PCDHGB6	23	3.95%
PCDHGB7	23	3.95%
PCM1	23	3.95%
PCSK5	23	3.95%
PDE3A	23	3.95%
PDS5A	23	3.95%
PLCB4	23	3.95%
PSME4	23	3.95%
PTPRB	23	3.95%
RALGAPA2	23	3.95%
RERE	23	3.95%
REST	23	3.95%
RPGRIP1L	23	3.95%
RPTOR	23	3.95%
RSF1	23	3.95%
RTL9	23	3.95%
SETD1A	23	3.95%
SGO2	23	3.95%
SH3PXD2A	23	3.95%
SLC24A2	23	3.95%
SLITRK4	23	3.95%
SMG1	23	3.95%
SNRNP200	23	3.95%
SOHLH2	23	3.95%
SRCIN1	23	3.95%
SRGAP1	23	3.95%
ST18	23	3.95%
STAT1	23	3.95%
SV2C	23	3.95%
TGIF1	23	3.95%
TLN1	23	3.95%
TMEM131	23	3.95%
TRPC7	23	3.95%
WASF3	23	3.95%
ZEB1	23	3.95%
ZMYM4	23	3.95%
ZNF512B	23	3.95%
ZNF540	23	3.95%
ZNF862	23	3.95%
ZSCAN20	23	3.95%
AASS	22	3.77%
ADAMTS1	22	3.77%
AFF4	22	3.77%
AMPH	22	3.77%
APLP1	22	3.77%
ARHGAP22	22	3.77%
ARMC3	22	3.77%
ASAP2	22	3.77%
ATP13A5	22	3.77%
ATP1A2	22	3.77%
ATP6V0A4	22	3.77%
ATXN2L	22	3.77%
BACH2	22	3.77%
BCHE	22	3.77%
BRPF3	22	3.77%
C10orf90	22	3.77%
CARMIL1	22	3.77%
CASKIN2	22	3.77%
CCDC110	22	3.77%
CECR2	22	3.77%
CEP152	22	3.77%
CEP164	22	3.77%
CFTR	22	3.77%
CLCA4	22	3.77%
CLEC16A	22	3.77%
CNGB3	22	3.77%
COL4A2	22	3.77%
CSF3R	22	3.77%
CTCF	22	3.77%
DENND2C	22	3.77%
DENND3	22	3.77%
DLEC1	22	3.77%
DNER	22	3.77%
DNMT1	22	3.77%
ECM2	22	3.77%
EDNRB	22	3.77%
EIF2AK4	22	3.77%
EIF4G1	22	3.77%
EIF4G3	22	3.77%
EPHA7	22	3.77%
FCRL5	22	3.77%
FIGN	22	3.77%
FKBP15	22	3.77%
FMNL3	22	3.77%
FXR1	22	3.77%
GABRG1	22	3.77%
GCC2	22	3.77%
GNAS	22	3.77%
GOLGA4	22	3.77%
GRIN2B	22	3.77%
GRM3	22	3.77%
GUCY1A2	22	3.77%
GUCY2F	22	3.77%
HEG1	22	3.77%
HGF	22	3.77%
IFI16	22	3.77%
IL1RAPL2	22	3.77%
INTS1	22	3.77%
IPO11	22	3.77%
IPO8	22	3.77%
IQGAP2	22	3.77%
ITGA8	22	3.77%
ITIH1	22	3.77%
ITIH5	22	3.77%
JPH3	22	3.77%
KANSL1L	22	3.77%
KAT6A	22	3.77%
KCNA1	22	3.77%
KCNU1	22	3.77%
LAMB2	22	3.77%
LENG8	22	3.77%
LRGUK	22	3.77%
LRP12	22	3.77%
LRRTM4	22	3.77%
LTBP1	22	3.77%
MADD	22	3.77%
MAP3K5	22	3.77%
MARK1	22	3.77%
MAST1	22	3.77%
MCM3AP	22	3.77%
MDC1	22	3.77%
MDGA1	22	3.77%
MMP16	22	3.77%
MROH1	22	3.77%
MSH2	22	3.77%
MYH4	22	3.77%
MYOM1	22	3.77%
NAP1L3	22	3.77%
NCKAP5L	22	3.77%
NCOA6	22	3.77%
NDST3	22	3.77%
NEFM	22	3.77%
NHS	22	3.77%
NIN	22	3.77%
NKTR	22	3.77%
NLRP2	22	3.77%
NOD2	22	3.77%
NPAT	22	3.77%
OR6K2	22	3.77%
OSBPL6	22	3.77%
OTUD4	22	3.77%
PAX6	22	3.77%
PCDH12	22	3.77%
PCDHGA11	22	3.77%
PCDHGB1	22	3.77%
PCDHGB4	22	3.77%
PFKP	22	3.77%
PITPNM3	22	3.77%
PLEKHH2	22	3.77%
PLEKHM1	22	3.77%
PNISR	22	3.77%
POTEF	22	3.77%
PRKCB	22	3.77%
PSMD1	22	3.77%
PTK2	22	3.77%
PUM1	22	3.77%
RAPGEF6	22	3.77%
RBBP6	22	3.77%
RESF1	22	3.77%
RFC1	22	3.77%
RGS3	22	3.77%
RTTN	22	3.77%
RXFP3	22	3.77%
SALL4	22	3.77%
SCAF1	22	3.77%
SCAF8	22	3.77%
SEMA3D	22	3.77%
SETD5	22	3.77%
SETDB1	22	3.77%
SHROOM4	22	3.77%
SIGLEC8	22	3.77%
SLC9C1	22	3.77%
SLC9C2	22	3.77%
SMTN	22	3.77%
SORL1	22	3.77%
SP140	22	3.77%
ST6GAL2	22	3.77%
STAG3	22	3.77%
SYCP1	22	3.77%
SYNPO2	22	3.77%
TBC1D32	22	3.77%
TEK	22	3.77%
THBS1	22	3.77%
TMEM132E	22	3.77%
TMEM168	22	3.77%
TRAPPC9	22	3.77%
TRERF1	22	3.77%
TRIM71	22	3.77%
TRPC5	22	3.77%
TRPM7	22	3.77%
TSHZ1	22	3.77%
UNC80	22	3.77%
WSCD2	22	3.77%
ZBBX	22	3.77%
ZGRF1	22	3.77%
ZNF142	22	3.77%
ZNF644	22	3.77%
AASDH	21	3.60%
ABCC11	21	3.60%
ABL2	21	3.60%
ACE	21	3.60%
ADAMTS7	21	3.60%
ADGRA3	21	3.60%
ADGRG6	21	3.60%
AGAP1	21	3.60%
AGL	21	3.60%
ARID4A	21	3.60%
ASXL3	21	3.60%
ATG9B	21	3.60%
ATP11C	21	3.60%
ATP7A	21	3.60%
ATP8B4	21	3.60%
BTBD7	21	3.60%
C3orf20	21	3.60%
CADPS2	21	3.60%
CAMSAP2	21	3.60%
CAND1	21	3.60%
CASP8	21	3.60%
CC2D2A	21	3.60%
CCDC80	21	3.60%
CCKBR	21	3.60%
CEP85L	21	3.60%
CFAP54	21	3.60%
CFAP61	21	3.60%
CIT	21	3.60%
CLSTN1	21	3.60%
COLEC12	21	3.60%
CPSF1	21	3.60%
CRYBG1	21	3.60%
CSPG4	21	3.60%
CTNND1	21	3.60%
CUL1	21	3.60%
DCTN1	21	3.60%
DDX58	21	3.60%
DENND5B	21	3.60%
DIAPH3	21	3.60%
DOCK6	21	3.60%
DOCK7	21	3.60%
DYNC2I1	21	3.60%
E2F7	21	3.60%
ECPAS	21	3.60%
EEA1	21	3.60%
EGR2	21	3.60%
ESR1	21	3.60%
FAM83B	21	3.60%
FANCA	21	3.60%
FASTKD3	21	3.60%
FGF13	21	3.60%
FOLH1	21	3.60%
FSHR	21	3.60%
GABRB3	21	3.60%
GFRA1	21	3.60%
GLDC	21	3.60%
GOLGA3	21	3.60%
GRIA3	21	3.60%
HDX	21	3.60%
HELZ	21	3.60%
HIVEP1	21	3.60%
HTR2C	21	3.60%
INHBA	21	3.60%
INPP5D	21	3.60%
ITGA7	21	3.60%
ITGAD	21	3.60%
ITGAV	21	3.60%
JARID2	21	3.60%
KCND2	21	3.60%
KCNS2	21	3.60%
KIF16B	21	3.60%
KLHL1	21	3.60%
KLHL34	21	3.60%
MAP10	21	3.60%
MAP4K4	21	3.60%
MASP1	21	3.60%
MCHR2	21	3.60%
MCM4	21	3.60%
MEI1	21	3.60%
MGAT4C	21	3.60%
MMP9	21	3.60%
MUC2	21	3.60%
MVK	21	3.60%
NEURL4	21	3.60%
NOL4	21	3.60%
NPAS4	21	3.60%
NTRK2	21	3.60%
NUP133	21	3.60%
PAPLN	21	3.60%
PATJ	21	3.60%
PAXIP1	21	3.60%
PCDHB10	21	3.60%
PCDHGA1	21	3.60%
PCDHGA4	21	3.60%
PCNX3	21	3.60%
PEAR1	21	3.60%
PHLDB2	21	3.60%
PHLPP1	21	3.60%
PLK1	21	3.60%
PRG4	21	3.60%
PTPRG	21	3.60%
RAI1	21	3.60%
RASGRP3	21	3.60%
RBM33	21	3.60%
REV1	21	3.60%
RNF40	21	3.60%
SALL2	21	3.60%
SEL1L2	21	3.60%
SEMA3C	21	3.60%
SHANK2	21	3.60%
SHROOM3	21	3.60%
SIM1	21	3.60%
SLC12A6	21	3.60%
SLC1A6	21	3.60%
SLC39A10	21	3.60%
SLC44A5	21	3.60%
SLC6A15	21	3.60%
SLCO1B3	21	3.60%
SMC1A	21	3.60%
SNTG1	21	3.60%
SON	21	3.60%
SOS1	21	3.60%
SOX6	21	3.60%
SPINK5	21	3.60%
STARD8	21	3.60%
STOX2	21	3.60%
SUPT6H	21	3.60%
SYNGAP1	21	3.60%
TASOR2	21	3.60%
TBX3	21	3.60%
TNKS	21	3.60%
TPP2	21	3.60%
TRDN	21	3.60%
TRIM24	21	3.60%
TRIM9	21	3.60%
TRPV6	21	3.60%
TSSK1B	21	3.60%
TUBGCP3	21	3.60%
UHRF1BP1	21	3.60%
UNC45B	21	3.60%
USP29	21	3.60%
USP48	21	3.60%
VRTN	21	3.60%
WDR35	21	3.60%
WDTC1	21	3.60%
WNK4	21	3.60%
ZBTB41	21	3.60%
ZFAT	21	3.60%
ZFR	21	3.60%
ZMYM6	21	3.60%
ZNF106	21	3.60%
ZNF334	21	3.60%
ZNF451	21	3.60%
ZNF471	21	3.60%
ZNF516	21	3.60%
ABCC2	20	3.43%
ABCC4	20	3.43%
ABCC9	20	3.43%
ADAMTS13	20	3.43%
ADAMTS3	20	3.43%
ADAMTSL4	20	3.43%
ADCY10	20	3.43%
AK9	20	3.43%
ALPK1	20	3.43%
AMPD1	20	3.43%
ANKAR	20	3.43%
ANKRD17	20	3.43%
ANO5	20	3.43%
ARHGAP28	20	3.43%
ARHGAP32	20	3.43%
ARHGAP33	20	3.43%
ARHGEF1	20	3.43%
ARHGEF40	20	3.43%
ATP9A	20	3.43%
BAZ2B	20	3.43%
BRD4	20	3.43%
BRINP2	20	3.43%
BRIP1	20	3.43%
CASR	20	3.43%
CATSPERD	20	3.43%
CC2D1A	20	3.43%
CCDC171	20	3.43%
CCT8L2	20	3.43%
CDH19	20	3.43%
CFAP69	20	3.43%
CHRM3	20	3.43%
CLTCL1	20	3.43%
CNBD1	20	3.43%
CNGB1	20	3.43%
CNTN3	20	3.43%
COL9A1	20	3.43%
CORIN	20	3.43%
CR2	20	3.43%
CWF19L2	20	3.43%
DAB1	20	3.43%
DDI1	20	3.43%
DDX27	20	3.43%
DGKB	20	3.43%
DGKD	20	3.43%
DGKI	20	3.43%
DHX36	20	3.43%
DHX38	20	3.43%
DZIP1L	20	3.43%
EEF1AKMT4-ECE2	20	3.43%
EFEMP1	20	3.43%
ELP1	20	3.43%
EPHB6	20	3.43%
ERBB2	20	3.43%
ERN2	20	3.43%
EVI5	20	3.43%
EXOC1	20	3.43%
EXOC4	20	3.43%
EXOC6B	20	3.43%
FAM135A	20	3.43%
FER	20	3.43%
FGA	20	3.43%
FGD1	20	3.43%
FHDC1	20	3.43%
FZD10	20	3.43%
GABRG3	20	3.43%
GAPVD1	20	3.43%
GBF1	20	3.43%
GIGYF1	20	3.43%
GPATCH8	20	3.43%
GPR37	20	3.43%
GRIN3A	20	3.43%
GUF1	20	3.43%
HCFC2	20	3.43%
HDAC4	20	3.43%
HIP1R	20	3.43%
HK3	20	3.43%
HPSE2	20	3.43%
HSPA2	20	3.43%
IL1RAPL1	20	3.43%
IMPG2	20	3.43%
IQGAP3	20	3.43%
IRX1	20	3.43%
ITGAM	20	3.43%
ITGB2	20	3.43%
JADE1	20	3.43%
KCNH4	20	3.43%
KIAA0232	20	3.43%
KIAA0319L	20	3.43%
KIAA1210	20	3.43%
KIRREL2	20	3.43%
KNDC1	20	3.43%
LIPE	20	3.43%
LRP5	20	3.43%
LRRC4C	20	3.43%
MACC1	20	3.43%
MAP1S	20	3.43%
MAP3K13	20	3.43%
MAPK8IP3	20	3.43%
MCTP1	20	3.43%
MED1	20	3.43%
MIS18BP1	20	3.43%
MITF	20	3.43%
MMS22L	20	3.43%
MPO	20	3.43%
MPRIP	20	3.43%
MROH5	20	3.43%
MYH10	20	3.43%
MYO3B	20	3.43%
NAA25	20	3.43%
NCOA1	20	3.43%
NEDD4	20	3.43%
NEK10	20	3.43%
NEO1	20	3.43%
NETO1	20	3.43%
NFATC4	20	3.43%
NLRP11	20	3.43%
NLRP9	20	3.43%
NMUR2	20	3.43%
NOS2	20	3.43%
NR4A2	20	3.43%
NUAK1	20	3.43%
OAS2	20	3.43%
OGDHL	20	3.43%
PAK5	20	3.43%
PCARE	20	3.43%
PCDHA10	20	3.43%
PCDHAC1	20	3.43%
PCDHB1	20	3.43%
PCDHGB2	20	3.43%
PDHA2	20	3.43%
PHF14	20	3.43%
PHKA2	20	3.43%
PHRF1	20	3.43%
PLCL2	20	3.43%
PLEKHA5	20	3.43%
PLIN4	20	3.43%
POGZ	20	3.43%
POP1	20	3.43%
POU4F2	20	3.43%
PPP1R9A	20	3.43%
PPP4R4	20	3.43%
PRDM16	20	3.43%
PRDM5	20	3.43%
PRPF40B	20	3.43%
PTPN23	20	3.43%
PTPRN	20	3.43%
PYHIN1	20	3.43%
QSER1	20	3.43%
RASA1	20	3.43%
RICTOR	20	3.43%
RNF111	20	3.43%
RNF6	20	3.43%
ROR2	20	3.43%
SAFB	20	3.43%
SAFB2	20	3.43%
SALL3	20	3.43%
SH3BP4	20	3.43%
SHOC1	20	3.43%
SHROOM2	20	3.43%
SLC26A7	20	3.43%
SLC27A6	20	3.43%
SLC4A11	20	3.43%
SLFN5	20	3.43%
SLITRK3	20	3.43%
SMC4	20	3.43%
SNAP91	20	3.43%
SNX29	20	3.43%
SPAG9	20	3.43%
SPOCK3	20	3.43%
SPTBN4	20	3.43%
STAT5B	20	3.43%
SUPT5H	20	3.43%
SV2A	20	3.43%
TAF4	20	3.43%
TBX18	20	3.43%
TEX10	20	3.43%
TFAP2D	20	3.43%
TICRR	20	3.43%
TIE1	20	3.43%
TJP2	20	3.43%
TPTE2	20	3.43%
TRIM3	20	3.43%
TRIM42	20	3.43%
TRIM55	20	3.43%
TTBK1	20	3.43%
UGGT1	20	3.43%
UNC5D	20	3.43%
UPF2	20	3.43%
USP19	20	3.43%
USP31	20	3.43%
USP6	20	3.43%
VAV3	20	3.43%
VPS50	20	3.43%
WHRN	20	3.43%
ZBTB40	20	3.43%
ZC3H6	20	3.43%
ZFC3H1	20	3.43%
ZHX2	20	3.43%
ZNF236	20	3.43%
ZNF385D	20	3.43%
ZNF585A	20	3.43%
ZNF615	20	3.43%
ZNF626	20	3.43%
ZNF677	20	3.43%
ZNF793	20	3.43%
ZNF836	20	3.43%
ADAMTS4	19	3.26%
ADGRD1	19	3.26%
ADGRG2	19	3.26%
AEBP1	19	3.26%
AGBL1	19	3.26%
AGTPBP1	19	3.26%
ANKIB1	19	3.26%
ANO2	19	3.26%
ANO3	19	3.26%
AP3B1	19	3.26%
ARHGAP11A	19	3.26%
ARHGAP30	19	3.26%
ARHGEF15	19	3.26%
ATP10B	19	3.26%
ATP10D	19	3.26%
ATP2A2	19	3.26%
B4GALNT1	19	3.26%
BANK1	19	3.26%
BCLAF1	19	3.26%
CACNA2D4	19	3.26%
CAND2	19	3.26%
CAPRIN2	19	3.26%
CASP5	19	3.26%
CATSPERE	19	3.26%
CD1E	19	3.26%
CDC42BPG	19	3.26%
CDH1	19	3.26%
CDH16	19	3.26%
CDHR2	19	3.26%
CDHR3	19	3.26%
CDRT1	19	3.26%
CEP112	19	3.26%
CEP126	19	3.26%
CGNL1	19	3.26%
CILP	19	3.26%
CKAP2	19	3.26%
CLSPN	19	3.26%
CLTC	19	3.26%
CNNM1	19	3.26%
CNTNAP1	19	3.26%
COBLL1	19	3.26%
COL17A1	19	3.26%
COL20A1	19	3.26%
COL21A1	19	3.26%
COPA	19	3.26%
CPD	19	3.26%
CPXM1	19	3.26%
CYFIP2	19	3.26%
CYP7B1	19	3.26%
DDR2	19	3.26%
DEPDC5	19	3.26%
DGKH	19	3.26%
DHX15	19	3.26%
DIAPH2	19	3.26%
DIS3L	19	3.26%
DRD5	19	3.26%
DYNC1I1	19	3.26%
EDC4	19	3.26%
EGFLAM	19	3.26%
EHD3	19	3.26%
EML1	19	3.26%
EPB41L5	19	3.26%
ERICH6	19	3.26%
ESRP1	19	3.26%
EVPL	19	3.26%
EXOC6	19	3.26%
FAN1	19	3.26%
FBXO10	19	3.26%
FGFR2	19	3.26%
FOXK1	19	3.26%
FOXP2	19	3.26%
FSTL4	19	3.26%
GABRG2	19	3.26%
GATA3	19	3.26%
GEMIN5	19	3.26%
GGT5	19	3.26%
GLB1L2	19	3.26%
HEATR5A	19	3.26%
HEPHL1	19	3.26%
HIF3A	19	3.26%
IARS2	19	3.26%
IFT140	19	3.26%
IFT80	19	3.26%
IGSF3	19	3.26%
IL18R1	19	3.26%
IL18RAP	19	3.26%
IL1RL1	19	3.26%
IL7R	19	3.26%
INPP4A	19	3.26%
INTS2	19	3.26%
IRAG1	19	3.26%
ITGA5	19	3.26%
ITGA6	19	3.26%
KANK1	19	3.26%
KCNC3	19	3.26%
KCNG1	19	3.26%
KCNH2	19	3.26%
KCTD3	19	3.26%
KIF4A	19	3.26%
KLHL5	19	3.26%
LARGE1	19	3.26%
LARP1	19	3.26%
LATS1	19	3.26%
LGR4	19	3.26%
LONRF2	19	3.26%
LRIG3	19	3.26%
LZTR1	19	3.26%
MAN2A1	19	3.26%
MED13L	19	3.26%
MET	19	3.26%
MIER3	19	3.26%
MLH1	19	3.26%
MOS	19	3.26%
MSH3	19	3.26%
MYO1B	19	3.26%
NAALAD2	19	3.26%
NCAPG	19	3.26%
NCOA3	19	3.26%
NCOA5	19	3.26%
NDST4	19	3.26%
NEDD9	19	3.26%
NELL1	19	3.26%
NEMF	19	3.26%
NEXN	19	3.26%
NLRC4	19	3.26%
NOTCH4	19	3.26%
NPC1	19	3.26%
NR0B1	19	3.26%
NUP155	19	3.26%
NUP188	19	3.26%
OR2M2	19	3.26%
PABPC5	19	3.26%
PAPOLG	19	3.26%
PAX3	19	3.26%
PAXBP1	19	3.26%
PC	19	3.26%
PCDH8	19	3.26%
PCDHAC2	19	3.26%
PCDHGC5	19	3.26%
PCSK1	19	3.26%
PDE8B	19	3.26%
PEAK1	19	3.26%
PER3	19	3.26%
PGR	19	3.26%
PIK3R6	19	3.26%
PKN2	19	3.26%
PLCG1	19	3.26%
PLCL1	19	3.26%
PNLDC1	19	3.26%
POLR3E	19	3.26%
POTEE	19	3.26%
PPARGC1A	19	3.26%
PPP1R26	19	3.26%
PRDM15	19	3.26%
PTBP2	19	3.26%
PTCHD3	19	3.26%
PTGER3	19	3.26%
PTPRF	19	3.26%
RAD50	19	3.26%
RAG1	19	3.26%
RBM46	19	3.26%
RIMBP3	19	3.26%
ROR1	19	3.26%
RPGRIP1	19	3.26%
RPRD2	19	3.26%
RTN1	19	3.26%
SCRIB	19	3.26%
SEC31A	19	3.26%
SEL1L3	19	3.26%
SELP	19	3.26%
SEMA3A	19	3.26%
SEMA3E	19	3.26%
SEMA5A	19	3.26%
SENP7	19	3.26%
SH3PXD2B	19	3.26%
SLC12A1	19	3.26%
SLC12A7	19	3.26%
SLC13A3	19	3.26%
SLC32A1	19	3.26%
SLC3A2	19	3.26%
SLC4A1	19	3.26%
SLC6A2	19	3.26%
SLCO5A1	19	3.26%
SLFN13	19	3.26%
SNAPC4	19	3.26%
SNED1	19	3.26%
SNX25	19	3.26%
SORCS2	19	3.26%
SOS2	19	3.26%
SPAG16	19	3.26%
SRFBP1	19	3.26%
SRRM1	19	3.26%
SRRM4	19	3.26%
SWT1	19	3.26%
SYNJ2	19	3.26%
TAOK2	19	3.26%
TBC1D25	19	3.26%
TBC1D8B	19	3.26%
TBC1D9B	19	3.26%
TBXT	19	3.26%
TCF4	19	3.26%
TIMELESS	19	3.26%
TJP1	19	3.26%
TLN2	19	3.26%
TLR7	19	3.26%
TLR8	19	3.26%
TLR9	19	3.26%
TMF1	19	3.26%
TOP2A	19	3.26%
TOP3A	19	3.26%
TOPBP1	19	3.26%
TOPORS	19	3.26%
TRIM37	19	3.26%
TRIM46	19	3.26%
TRPV5	19	3.26%
TSC1	19	3.26%
TTC37	19	3.26%
TTF1	19	3.26%
TUBGCP2	19	3.26%
TXLNB	19	3.26%
UACA	19	3.26%
UBN2	19	3.26%
UGT3A2	19	3.26%
ULK1	19	3.26%
ULK4	19	3.26%
UNC13B	19	3.26%
UPF1	19	3.26%
USP43	19	3.26%
USP44	19	3.26%
WDR49	19	3.26%
WDR72	19	3.26%
WRN	19	3.26%
YTHDC1	19	3.26%
ZBTB7C	19	3.26%
ZC3H4	19	3.26%
ZDHHC7	19	3.26%
ZDHHC8	19	3.26%
ZIC4	19	3.26%
ZMYM1	19	3.26%
ZNF304	19	3.26%
ZNF366	19	3.26%
ZNF479	19	3.26%
ZNF528	19	3.26%
ZNF546	19	3.26%
ZNF607	19	3.26%
ZSWIM8	19	3.26%
ABL1	18	3.09%
AC011462.1	18	3.09%
ACTN1	18	3.09%
ACVR2B	18	3.09%
ADAM18	18	3.09%
ADAM21	18	3.09%
ADAMTS14	18	3.09%
ADAR	18	3.09%
ADD3	18	3.09%
ADGRL4	18	3.09%
ADNP	18	3.09%
AGBL5	18	3.09%
AGO4	18	3.09%
ANKRD44	18	3.09%
AP3D1	18	3.09%
ARHGEF10L	18	3.09%
ARHGEF18	18	3.09%
ARHGEF6	18	3.09%
ARID5B	18	3.09%
AXL	18	3.09%
BCAS3	18	3.09%
BCL11A	18	3.09%
BEND3	18	3.09%
BICC1	18	3.09%
BRSK1	18	3.09%
C10orf120	18	3.09%
C1R	18	3.09%
C2CD5	18	3.09%
C6orf118	18	3.09%
CAMSAP3	18	3.09%
CATSPERB	18	3.09%
CCAR1	18	3.09%
CCNA1	18	3.09%
CD58	18	3.09%
CDH22	18	3.09%
CDYL	18	3.09%
CEP120	18	3.09%
CEP128	18	3.09%
CEP170B	18	3.09%
CFAP46	18	3.09%
CFAP58	18	3.09%
CHST2	18	3.09%
CNKSR1	18	3.09%
CNTNAP3	18	3.09%
COL28A1	18	3.09%
CP	18	3.09%
CPQ	18	3.09%
CPXM2	18	3.09%
CPZ	18	3.09%
CSDE1	18	3.09%
CSNK1A1L	18	3.09%
DACH2	18	3.09%
DCAF1	18	3.09%
DCX	18	3.09%
DDX17	18	3.09%
DDX60	18	3.09%
DGKZ	18	3.09%
DHX29	18	3.09%
DHX34	18	3.09%
DHX57	18	3.09%
DIAPH1	18	3.09%
DLGAP1	18	3.09%
DNAI1	18	3.09%
DNAI3	18	3.09%
DNAI4	18	3.09%
DNM2	18	3.09%
DZIP1	18	3.09%
DZIP3	18	3.09%
EHMT2	18	3.09%
EIF2AK1	18	3.09%
EIF2AK3	18	3.09%
EML4	18	3.09%
ENC1	18	3.09%
ENPP2	18	3.09%
EPHA2	18	3.09%
EPS8L1	18	3.09%
ESCO1	18	3.09%
FAM214B	18	3.09%
FANCD2	18	3.09%
FARP1	18	3.09%
FBH1	18	3.09%
FBXW10	18	3.09%
FGD5	18	3.09%
FHOD1	18	3.09%
FILIP1L	18	3.09%
FLCN	18	3.09%
FNIP1	18	3.09%
FOXG1	18	3.09%
FRMPD2	18	3.09%
G3BP1	18	3.09%
GABRB2	18	3.09%
GABRQ	18	3.09%
GANAB	18	3.09%
GDF5	18	3.09%
GIMAP8	18	3.09%
GRIP2	18	3.09%
HEATR4	18	3.09%
HELQ	18	3.09%
HIPK2	18	3.09%
HSPA12A	18	3.09%
HTR1A	18	3.09%
IBTK	18	3.09%
IGF2BP1	18	3.09%
IL16	18	3.09%
IL21R	18	3.09%
INF2	18	3.09%
INSR	18	3.09%
IQCH	18	3.09%
ITK	18	3.09%
KAT14	18	3.09%
KCNA3	18	3.09%
KCTD19	18	3.09%
KDM4A	18	3.09%
KIAA0825	18	3.09%
KIF5B	18	3.09%
KIF5C	18	3.09%
KIFC3	18	3.09%
KMT5B	18	3.09%
LHCGR	18	3.09%
LIG3	18	3.09%
LMTK3	18	3.09%
LRRC41	18	3.09%
LRRN1	18	3.09%
LTN1	18	3.09%
MAMLD1	18	3.09%
MAP3K10	18	3.09%
MAP7	18	3.09%
MAP9	18	3.09%
MAPKBP1	18	3.09%
MARK4	18	3.09%
MARS1	18	3.09%
MEIS2	18	3.09%
MGAT3	18	3.09%
MGAT5B	18	3.09%
MKRN3	18	3.09%
MOV10L1	18	3.09%
MRGPRX1	18	3.09%
MYBPC3	18	3.09%
MYO1E	18	3.09%
MYO6	18	3.09%
NAA16	18	3.09%
NAALADL1	18	3.09%
NCAPD2	18	3.09%
NCBP1	18	3.09%
NFATC1	18	3.09%
NFATC2	18	3.09%
NLGN1	18	3.09%
NLRC3	18	3.09%
NLRP14	18	3.09%
NLRX1	18	3.09%
NOM1	18	3.09%
NPC1L1	18	3.09%
NPR1	18	3.09%
NR3C2	18	3.09%
NSD2	18	3.09%
OGDH	18	3.09%
OLFML2B	18	3.09%
OR2M4	18	3.09%
OTOA	18	3.09%
OTUD7B	18	3.09%
PARD3	18	3.09%
PASD1	18	3.09%
PCDH11Y	18	3.09%
PDE10A	18	3.09%
PDE11A	18	3.09%
PDE6A	18	3.09%
PELP1	18	3.09%
PEX1	18	3.09%
PHC1	18	3.09%
PLB1	18	3.09%
PLCB1	18	3.09%
PLEKHG1	18	3.09%
POLR2A	18	3.09%
PPP1R13B	18	3.09%
PPP6R3	18	3.09%
PRAM1	18	3.09%
PRAMEF17	18	3.09%
PSD	18	3.09%
PTCHD4	18	3.09%
PTPRH	18	3.09%
PTPRN2	18	3.09%
RABGAP1	18	3.09%
RAI14	18	3.09%
RAPH1	18	3.09%
RASA2	18	3.09%
RASAL3	18	3.09%
RASEF	18	3.09%
RASGRP2	18	3.09%
RBFOX1	18	3.09%
RFX5	18	3.09%
RFX6	18	3.09%
RNF123	18	3.09%
RNF20	18	3.09%
ROBO4	18	3.09%
ROCK2	18	3.09%
SBNO2	18	3.09%
SCUBE3	18	3.09%
SDHA	18	3.09%
SEC24B	18	3.09%
SEMA6A	18	3.09%
SEZ6L2	18	3.09%
SFSWAP	18	3.09%
SGO1	18	3.09%
SH3TC1	18	3.09%
SHANK3	18	3.09%
SLC4A10	18	3.09%
SLCO2A1	18	3.09%
SLFN11	18	3.09%
SMC5	18	3.09%
SOGA1	18	3.09%
SPON1	18	3.09%
ST8SIA6	18	3.09%
STON1	18	3.09%
SYDE2	18	3.09%
SYNM	18	3.09%
SYNRG	18	3.09%
SYT16	18	3.09%
TAF3	18	3.09%
TAP2	18	3.09%
TBC1D4	18	3.09%
TDRD5	18	3.09%
TECRL	18	3.09%
TGM5	18	3.09%
TMC5	18	3.09%
TMTC1	18	3.09%
TMTC2	18	3.09%
TNPO1	18	3.09%
TUB	18	3.09%
UBA6	18	3.09%
UBE3A	18	3.09%
UBE3B	18	3.09%
UBN1	18	3.09%
UTP4	18	3.09%
VCAM1	18	3.09%
VPS33A	18	3.09%
VPS8	18	3.09%
WASHC2C	18	3.09%
WDR19	18	3.09%
WDR47	18	3.09%
XKR4	18	3.09%
XRCC5	18	3.09%
ZC3H12C	18	3.09%
ZFP28	18	3.09%
ZFYVE16	18	3.09%
ZIM2	18	3.09%
ZMYM3	18	3.09%
ZNF354C	18	3.09%
ZNF418	18	3.09%
ZNF443	18	3.09%
ZNF518B	18	3.09%
ZNF568	18	3.09%
ZNF578	18	3.09%
ZNF616	18	3.09%
ZNF629	18	3.09%
ZNF7	18	3.09%
ZXDA	18	3.09%
AATK	17	2.92%
ABCD2	17	2.92%
AC004922.1	17	2.92%
ACSS3	17	2.92%
ACTL9	17	2.92%
ADAM2	17	2.92%
ADAM23	17	2.92%
ADAM30	17	2.92%
ADAMTS6	17	2.92%
ADARB2	17	2.92%
ADGRE5	17	2.92%
AGGF1	17	2.92%
AL136295.1	17	2.92%
ALDH1A3	17	2.92%
AMBRA1	17	2.92%
ANKRD35	17	2.92%
APPL1	17	2.92%
ARAF	17	2.92%
ARHGAP29	17	2.92%
ASAP1	17	2.92%
ASIC2	17	2.92%
ASNSD1	17	2.92%
ATP11A	17	2.92%
ATP1A1	17	2.92%
ATP8B3	17	2.92%
B4GALNT4	17	2.92%
BAZ1B	17	2.92%
BAZ2A	17	2.92%
BMP1	17	2.92%
BMS1	17	2.92%
C14orf39	17	2.92%
C15orf39	17	2.92%
C2CD3	17	2.92%
CADM1	17	2.92%
CARD6	17	2.92%
CASD1	17	2.92%
CASS4	17	2.92%
CATSPER1	17	2.92%
CCDC15	17	2.92%
CCDC88C	17	2.92%
CD22	17	2.92%
CDAN1	17	2.92%
CDH13	17	2.92%
CDYL2	17	2.92%
CENPC	17	2.92%
CEP104	17	2.92%
CEP135	17	2.92%
CEP83	17	2.92%
CFAP100	17	2.92%
CFAP44	17	2.92%
CFAP45	17	2.92%
CHAT	17	2.92%
CLASP2	17	2.92%
CLCN2	17	2.92%
CLIP4	17	2.92%
CLSTN3	17	2.92%
CNGA3	17	2.92%
COPB1	17	2.92%
CPXCR1	17	2.92%
CSF2RA	17	2.92%
CSPP1	17	2.92%
CUL7	17	2.92%
CYLC2	17	2.92%
CYLD	17	2.92%
CYP4Z1	17	2.92%
DCLK2	17	2.92%
DHX8	17	2.92%
DLG5	17	2.92%
DLL1	17	2.92%
DTNA	17	2.92%
DUS4L-BCAP29	17	2.92%
DVL2	17	2.92%
EBF3	17	2.92%
EFCAB13	17	2.92%
EFHB	17	2.92%
EGR1	17	2.92%
EHBP1	17	2.92%
EIF5B	17	2.92%
EMILIN1	17	2.92%
EMSY	17	2.92%
ENTPD4	17	2.92%
EPHA10	17	2.92%
EPPK1	17	2.92%
ERBIN	17	2.92%
ERCC6L	17	2.92%
ERCC6L2	17	2.92%
ESF1	17	2.92%
ETV1	17	2.92%
EXT1	17	2.92%
EYA4	17	2.92%
F13A1	17	2.92%
FAM13C	17	2.92%
FAM71B	17	2.92%
FBXO34	17	2.92%
FCHO2	17	2.92%
FCSK	17	2.92%
FKBP9	17	2.92%
FOCAD	17	2.92%
FOXI1	17	2.92%
FSCB	17	2.92%
FYB2	17	2.92%
FYCO1	17	2.92%
GAA	17	2.92%
GABRA1	17	2.92%
GAK	17	2.92%
GALNT13	17	2.92%
GALNTL5	17	2.92%
GALNTL6	17	2.92%
GJA10	17	2.92%
GLI2	17	2.92%
GLRB	17	2.92%
GP2	17	2.92%
GPLD1	17	2.92%
GRIK1	17	2.92%
GRIP1	17	2.92%
GRM2	17	2.92%
GUCY1B1	17	2.92%
GYS2	17	2.92%
HBS1L	17	2.92%
HELB	17	2.92%
HERC5	17	2.92%
HLA-A	17	2.92%
HSPA1L	17	2.92%
IFIH1	17	2.92%
IFT122	17	2.92%
IQSEC2	17	2.92%
ITGA11	17	2.92%
ITGA3	17	2.92%
ITGB8	17	2.92%
IVL	17	2.92%
JAG1	17	2.92%
JAG2	17	2.92%
JAKMIP3	17	2.92%
JUP	17	2.92%
KAZN	17	2.92%
KBTBD6	17	2.92%
KBTBD7	17	2.92%
KCNC2	17	2.92%
KCNJ3	17	2.92%
KCNJ8	17	2.92%
KCNN3	17	2.92%
KCNT1	17	2.92%
KCTD8	17	2.92%
KDM4B	17	2.92%
KEL	17	2.92%
KIF17	17	2.92%
KLHL42	17	2.92%
KLHL6	17	2.92%
KLHL9	17	2.92%
KPRP	17	2.92%
KRT73	17	2.92%
LAMC1	17	2.92%
LARS1	17	2.92%
LILRB1	17	2.92%
LNPEP	17	2.92%
LOXL2	17	2.92%
LRRC37A2	17	2.92%
LUZP1	17	2.92%
LY75	17	2.92%
MAP2K7	17	2.92%
MAP3K12	17	2.92%
MARCHF10	17	2.92%
MARK2	17	2.92%
MCF2L	17	2.92%
ME1	17	2.92%
MEFV	17	2.92%
MEIS1	17	2.92%
MGAT5	17	2.92%
MINK1	17	2.92%
MOGS	17	2.92%
MST1R	17	2.92%
MTA2	17	2.92%
MTREX	17	2.92%
MUSK	17	2.92%
MYO1A	17	2.92%
MYO1G	17	2.92%
NAA15	17	2.92%
NEK1	17	2.92%
NEK5	17	2.92%
NFE2L1	17	2.92%
NLRP12	17	2.92%
NOL8	17	2.92%
NOMO1	17	2.92%
NPAS3	17	2.92%
NPR2	17	2.92%
NUTM1	17	2.92%
NYAP1	17	2.92%
OLFM1	17	2.92%
OR2L13	17	2.92%
OR4A5	17	2.92%
P3H3	17	2.92%
PABPC3	17	2.92%
PCDHB14	17	2.92%
PCDHB16	17	2.92%
PCDHGA10	17	2.92%
PCDHGA9	17	2.92%
PDCD11	17	2.92%
PDE1B	17	2.92%
PDE1C	17	2.92%
PDZD4	17	2.92%
PDZD8	17	2.92%
PHKB	17	2.92%
PIP5K1C	17	2.92%
PKD2	17	2.92%
PLEKHG2	17	2.92%
PNPLA8	17	2.92%
PODN	17	2.92%
POLR2B	17	2.92%
POLR3B	17	2.92%
POM121L12	17	2.92%
PPFIBP2	17	2.92%
PPP2R3A	17	2.92%
PRAMEF20	17	2.92%
PRDM1	17	2.92%
PRPF4B	17	2.92%
PRRG1	17	2.92%
PTCH2	17	2.92%
PTGFRN	17	2.92%
PTK2B	17	2.92%
PTPN12	17	2.92%
PTPN3	17	2.92%
PTPN4	17	2.92%
R3HDM1	17	2.92%
RAB11FIP1	17	2.92%
RABGAP1L	17	2.92%
RAD54L2	17	2.92%
RANBP17	17	2.92%
RAPGEF1	17	2.92%
RBL2	17	2.92%
RBM27	17	2.92%
RELCH	17	2.92%
RFTN1	17	2.92%
RNF216	17	2.92%
RRBP1	17	2.92%
RTN4	17	2.92%
SBF2	17	2.92%
SCG2	17	2.92%
SEMA6D	17	2.92%
SENP6	17	2.92%
SIGLEC10	17	2.92%
SIPA1L3	17	2.92%
SLC12A2	17	2.92%
SLC12A9	17	2.92%
SLC16A7	17	2.92%
SLC18A3	17	2.92%
SLC24A3	17	2.92%
SLC26A3	17	2.92%
SLC26A5	17	2.92%
SND1	17	2.92%
SOCS5	17	2.92%
SPATA31A1	17	2.92%
SPPL2B	17	2.92%
SPRTN	17	2.92%
SPZ1	17	2.92%
SSH2	17	2.92%
ST8SIA4	17	2.92%
STON1-GTF2A1L	17	2.92%
STPG2	17	2.92%
STS	17	2.92%
STXBP5L	17	2.92%
SYNE3	17	2.92%
SYNJ1	17	2.92%
TACR3	17	2.92%
TAF2	17	2.92%
TAOK3	17	2.92%
TBX5	17	2.92%
TDRD3	17	2.92%
TECPR2	17	2.92%
TEX11	17	2.92%
TGFBR1	17	2.92%
TGFBR2	17	2.92%
TLR3	17	2.92%
TMC3	17	2.92%
TNKS1BP1	17	2.92%
TRAPPC12	17	2.92%
TSC2	17	2.92%
TTC21A	17	2.92%
TTC21B	17	2.92%
TTLL7	17	2.92%
TTYH1	17	2.92%
TUBGCP5	17	2.92%
TUSC3	17	2.92%
UBE3C	17	2.92%
UBR3	17	2.92%
UNC5A	17	2.92%
URB2	17	2.92%
UROC1	17	2.92%
USP15	17	2.92%
USP26	17	2.92%
VAV1	17	2.92%
VEPH1	17	2.92%
VTN	17	2.92%
WASL	17	2.92%
WDHD1	17	2.92%
WDR62	17	2.92%
WDR90	17	2.92%
WIZ	17	2.92%
WWC1	17	2.92%
XDH	17	2.92%
XPO6	17	2.92%
XPR1	17	2.92%
ZBTB16	17	2.92%
ZBTB46	17	2.92%
ZFR2	17	2.92%
ZNF148	17	2.92%
ZNF184	17	2.92%
ZNF257	17	2.92%
ZNF335	17	2.92%
ZNF33A	17	2.92%
ZNF37A	17	2.92%
ZNF382	17	2.92%
ZNF416	17	2.92%
ZNF454	17	2.92%
ZNF483	17	2.92%
ZNF492	17	2.92%
ZNF569	17	2.92%
ZNF667	17	2.92%
AARS2	16	2.74%
ABCC10	16	2.74%
ABCG2	16	2.74%
ABR	16	2.74%
ACAP1	16	2.74%
ACKR3	16	2.74%
ACTA1	16	2.74%
ADAD1	16	2.74%
ADAMTSL2	16	2.74%
ADARB1	16	2.74%
ADCY7	16	2.74%
ADNP2	16	2.74%
AGAP2	16	2.74%
AGO3	16	2.74%
AK5	16	2.74%
AKAP4	16	2.74%
ALG13	16	2.74%
ALOX5	16	2.74%
ALS2CL	16	2.74%
ANAPC1	16	2.74%
ANKRD52	16	2.74%
ANKS1A	16	2.74%
ANXA6	16	2.74%
AP5Z1	16	2.74%
APAF1	16	2.74%
APBA1	16	2.74%
APP	16	2.74%
ARSJ	16	2.74%
ATP1A3	16	2.74%
ATP2C1	16	2.74%
ATP2C2	16	2.74%
ATP9B	16	2.74%
ATRN	16	2.74%
BCR	16	2.74%
BICDL1	16	2.74%
BMPER	16	2.74%
BRPF1	16	2.74%
BUB1	16	2.74%
C1S	16	2.74%
CACNG3	16	2.74%
CASKIN1	16	2.74%
CBLB	16	2.74%
CBX8	16	2.74%
CCAR2	16	2.74%
CCDC136	16	2.74%
CCDC170	16	2.74%
CCDC28A	16	2.74%
CCDC40	16	2.74%
CCPG1	16	2.74%
CELF4	16	2.74%
CEMIP2	16	2.74%
CEP70	16	2.74%
CEP78	16	2.74%
CEP95	16	2.74%
CHST10	16	2.74%
CILP2	16	2.74%
CLCA1	16	2.74%
CLCN3	16	2.74%
CNGA1	16	2.74%
CNR1	16	2.74%
COL6A5	16	2.74%
CPEB2	16	2.74%
CPNE4	16	2.74%
CRTC1	16	2.74%
CTC1	16	2.74%
CTSC	16	2.74%
CUL5	16	2.74%
CYP11B1	16	2.74%
DCAF12L1	16	2.74%
DDX23	16	2.74%
DDX43	16	2.74%
DDX54	16	2.74%
DENND4C	16	2.74%
DENND6A	16	2.74%
DHX16	16	2.74%
DIS3	16	2.74%
DIS3L2	16	2.74%
DNM1	16	2.74%
DPP8	16	2.74%
E4F1	16	2.74%
EEF1AKNMT	16	2.74%
EIF4G2	16	2.74%
EMC1	16	2.74%
ENPP3	16	2.74%
EOMES	16	2.74%
EPB41L1	16	2.74%
EPN1	16	2.74%
EPS15	16	2.74%
EPX	16	2.74%
ESPNL	16	2.74%
ESRRG	16	2.74%
ESYT3	16	2.74%
ETAA1	16	2.74%
ETV5	16	2.74%
ETV6	16	2.74%
F9	16	2.74%
FAM114A1	16	2.74%
FAM120B	16	2.74%
FAM171B	16	2.74%
FAM83E	16	2.74%
FBXO21	16	2.74%
FBXO40	16	2.74%
FLRT1	16	2.74%
FNBP4	16	2.74%
FNDC3B	16	2.74%
FURIN	16	2.74%
FZD6	16	2.74%
GABRA4	16	2.74%
GAD1	16	2.74%
GALNT14	16	2.74%
GBE1	16	2.74%
GLG1	16	2.74%
GMEB2	16	2.74%
GPR101	16	2.74%
GPR156	16	2.74%
GPRASP2	16	2.74%
GTF2IRD1	16	2.74%
GTF3C3	16	2.74%
GUCY2C	16	2.74%
HDC	16	2.74%
HECTD2	16	2.74%
HHIP	16	2.74%
HKDC1	16	2.74%
HTR1E	16	2.74%
HTR7	16	2.74%
IDE	16	2.74%
IGDCC3	16	2.74%
INPP5F	16	2.74%
INTS5	16	2.74%
INTS7	16	2.74%
IQSEC1	16	2.74%
IQSEC3	16	2.74%
ISLR2	16	2.74%
ITGB6	16	2.74%
ITPRID1	16	2.74%
JAK2	16	2.74%
KHDRBS2	16	2.74%
KIAA0408	16	2.74%
KIAA1522	16	2.74%
KIAA1586	16	2.74%
KIF3A	16	2.74%
KLKB1	16	2.74%
KRT85	16	2.74%
KTN1	16	2.74%
L1TD1	16	2.74%
LAMB3	16	2.74%
LARP4	16	2.74%
LATS2	16	2.74%
LCA5	16	2.74%
LEO1	16	2.74%
LHX1	16	2.74%
LILRB5	16	2.74%
LIMA1	16	2.74%
LMBRD1	16	2.74%
LNX1	16	2.74%
LOXL3	16	2.74%
LRRC31	16	2.74%
LRRC37A3	16	2.74%
LRRC49	16	2.74%
LRRC66	16	2.74%
LRRFIP2	16	2.74%
LRRTM1	16	2.74%
LSR	16	2.74%
MAD1L1	16	2.74%
MAG	16	2.74%
MAN2C1	16	2.74%
MAP3K11	16	2.74%
MAP3K9	16	2.74%
MAP4	16	2.74%
MARVELD2	16	2.74%
MCM10	16	2.74%
MCPH1	16	2.74%
MCTP2	16	2.74%
MED23	16	2.74%
MEGF10	16	2.74%
MEX3B	16	2.74%
MLLT10	16	2.74%
MLLT6	16	2.74%
MMRN1	16	2.74%
MN1	16	2.74%
MON1B	16	2.74%
MRC2	16	2.74%
MTF2	16	2.74%
MTHFD1L	16	2.74%
MTUS1	16	2.74%
MXRA8	16	2.74%
MYBBP1A	16	2.74%
MYBL1	16	2.74%
MYBPC1	16	2.74%
MYLK3	16	2.74%
NCKAP1	16	2.74%
NEDD4L	16	2.74%
NFRKB	16	2.74%
NKAPL	16	2.74%
NLGN3	16	2.74%
NRDC	16	2.74%
NSD3	16	2.74%
NTM	16	2.74%
NTN4	16	2.74%
NTNG2	16	2.74%
OR1C1	16	2.74%
OR2L3	16	2.74%
OR4A15	16	2.74%
OR4C13	16	2.74%
OR6N1	16	2.74%
OTOL1	16	2.74%
PAPOLB	16	2.74%
PCDHB11	16	2.74%
PCDHGC4	16	2.74%
PDILT	16	2.74%
PDYN	16	2.74%
PDZRN3	16	2.74%
PHC2	16	2.74%
PHLDB1	16	2.74%
PHLPP2	16	2.74%
PITPNM1	16	2.74%
PKD2L1	16	2.74%
PKN1	16	2.74%
PLA2G4A	16	2.74%
PLA2G6	16	2.74%
PLCB3	16	2.74%
PLCZ1	16	2.74%
PLD1	16	2.74%
PLEKHM2	16	2.74%
PLXDC2	16	2.74%
PNPLA5	16	2.74%
POLA1	16	2.74%
POLM	16	2.74%
POLR3A	16	2.74%
PPP1R12B	16	2.74%
PPP1R16B	16	2.74%
PPP2R2C	16	2.74%
PPP5C	16	2.74%
PRICKLE2	16	2.74%
PRKAA2	16	2.74%
PRKCH	16	2.74%
PRKCI	16	2.74%
PRKD3	16	2.74%
PROKR1	16	2.74%
PROS1	16	2.74%
PROX1	16	2.74%
PTCHD1	16	2.74%
PUS7	16	2.74%
PWP1	16	2.74%
PWWP3B	16	2.74%
QRICH2	16	2.74%
RANBP6	16	2.74%
RARB	16	2.74%
RB1	16	2.74%
RBBP7	16	2.74%
RBBP8NL	16	2.74%
RBM25	16	2.74%
RBM26	16	2.74%
RDX	16	2.74%
RECQL5	16	2.74%
RGS20	16	2.74%
RNASEL	16	2.74%
RPH3A	16	2.74%
RPS6KC1	16	2.74%
RTEL1	16	2.74%
RTKN2	16	2.74%
RXRG	16	2.74%
SATB2	16	2.74%
SCARA5	16	2.74%
SECISBP2L	16	2.74%
SEMA3G	16	2.74%
SEMA4F	16	2.74%
SEMG2	16	2.74%
SENP5	16	2.74%
SHOX	16	2.74%
SIX4	16	2.74%
SLC12A3	16	2.74%
SLC15A2	16	2.74%
SLC16A1	16	2.74%
SLC16A6	16	2.74%
SLC27A5	16	2.74%
SLC2A14	16	2.74%
SLC30A9	16	2.74%
SLC34A2	16	2.74%
SLC4A2	16	2.74%
SLC4A4	16	2.74%
SLC4A5	16	2.74%
SLC4A8	16	2.74%
SLC5A8	16	2.74%
SLC9A4	16	2.74%
SLC9A9	16	2.74%
SLCO3A1	16	2.74%
SLCO4C1	16	2.74%
SLK	16	2.74%
SMARCAL1	16	2.74%
SMG6	16	2.74%
SNX19	16	2.74%
SORBS1	16	2.74%
SPAG5	16	2.74%
SPTY2D1	16	2.74%
SRGAP2	16	2.74%
SSH1	16	2.74%
SSTR4	16	2.74%
STAMBPL1	16	2.74%
STOX1	16	2.74%
STRIP2	16	2.74%
SUCO	16	2.74%
SYMPK	16	2.74%
SYNPO	16	2.74%
TBC1D22A	16	2.74%
TCF12	16	2.74%
TGFBR3	16	2.74%
TGM2	16	2.74%
TGM4	16	2.74%
TGM7	16	2.74%
THAP12	16	2.74%
THOC1	16	2.74%
TMC2	16	2.74%
TNK2	16	2.74%
TNPO3	16	2.74%
TNS2	16	2.74%
TOP1	16	2.74%
TRAK1	16	2.74%
TRPM4	16	2.74%
TSC22D1	16	2.74%
TSGA10	16	2.74%
TTI1	16	2.74%
TTLL2	16	2.74%
TTLL5	16	2.74%
TUBGCP6	16	2.74%
UBQLN2	16	2.74%
UBR1	16	2.74%
UNC5B	16	2.74%
USP25	16	2.74%
USP42	16	2.74%
USP54	16	2.74%
VARS1	16	2.74%
VCPIP1	16	2.74%
VEGFC	16	2.74%
WDR11	16	2.74%
WDR3	16	2.74%
WDR6	16	2.74%
WDR64	16	2.74%
XAB2	16	2.74%
XKR3	16	2.74%
XKR6	16	2.74%
YEATS2	16	2.74%
ZBED1	16	2.74%
ZBED4	16	2.74%
ZFP90	16	2.74%
ZFYVE28	16	2.74%
ZFYVE9	16	2.74%
ZIC1	16	2.74%
ZIK1	16	2.74%
ZKSCAN2	16	2.74%
ZMYM5	16	2.74%
ZNF112	16	2.74%
ZNF180	16	2.74%
ZNF19	16	2.74%
ZNF229	16	2.74%
ZNF420	16	2.74%
ZNF429	16	2.74%
ZNF445	16	2.74%
ZNF493	16	2.74%
ZNF560	16	2.74%
ZNF592	16	2.74%
ZNF619	16	2.74%
ZNF721	16	2.74%
ZNF761	16	2.74%
ZNF878	16	2.74%
ZRANB3	16	2.74%
ABCB8	15	2.57%
ABCC3	15	2.57%
ABCC6	15	2.57%
ABCD1	15	2.57%
ACSM1	15	2.57%
ACSM4	15	2.57%
ACSS2	15	2.57%
ADAM8	15	2.57%
ADAMDEC1	15	2.57%
ADAMTS19	15	2.57%
ADAMTS8	15	2.57%
ADCY3	15	2.57%
ADCY4	15	2.57%
ADCY6	15	2.57%
ADGRA2	15	2.57%
ADGRE1	15	2.57%
ADGRE2	15	2.57%
ADGRF1	15	2.57%
AFF1	15	2.57%
AFM	15	2.57%
AFP	15	2.57%
AKAP3	15	2.57%
AKAP7	15	2.57%
ALDH1L1	15	2.57%
ALG8	15	2.57%
AMER2	15	2.57%
ANGPT4	15	2.57%
ANKRD27	15	2.57%
ANKS6	15	2.57%
ANPEP	15	2.57%
AP3B2	15	2.57%
APOBR	15	2.57%
AQR	15	2.57%
ARHGAP17	15	2.57%
ARHGAP27	15	2.57%
ARHGAP39	15	2.57%
ARHGEF12	15	2.57%
ARNTL	15	2.57%
ARNTL2	15	2.57%
ASB5	15	2.57%
ASIC5	15	2.57%
ATCAY	15	2.57%
ATP11B	15	2.57%
ATP2A3	15	2.57%
ATXN1	15	2.57%
AVPR1A	15	2.57%
BBS2	15	2.57%
BBS9	15	2.57%
BCL6	15	2.57%
BEND2	15	2.57%
BMP10	15	2.57%
BRD8	15	2.57%
C12orf40	15	2.57%
C20orf194	15	2.57%
C7	15	2.57%
CCDC102B	15	2.57%
CCDC116	15	2.57%
CCDC18	15	2.57%
CCDC85A	15	2.57%
CCNB3	15	2.57%
CCP110	15	2.57%
CCSER2	15	2.57%
CD180	15	2.57%
CDK13	15	2.57%
CDKL5	15	2.57%
CEP63	15	2.57%
CERS3	15	2.57%
CFAP70	15	2.57%
CFAP91	15	2.57%
CFAP94	15	2.57%
CHAF1A	15	2.57%
CHST9	15	2.57%
CHSY1	15	2.57%
CLCA2	15	2.57%
CLCN1	15	2.57%
CLIP2	15	2.57%
CLOCK	15	2.57%
COL16A1	15	2.57%
COL4A3	15	2.57%
CRISPLD1	15	2.57%
CRNKL1	15	2.57%
CSF1R	15	2.57%
CTDP1	15	2.57%
CTNNBL1	15	2.57%
CUL2	15	2.57%
CYP4B1	15	2.57%
DAAM1	15	2.57%
DCAF6	15	2.57%
DDX24	15	2.57%
DDX31	15	2.57%
DDX42	15	2.57%
DENND1C	15	2.57%
DENND2B	15	2.57%
DISP2	15	2.57%
DKK2	15	2.57%
DOK5	15	2.57%
DPY19L2	15	2.57%
DSG1	15	2.57%
DSG4	15	2.57%
DYRK3	15	2.57%
DZANK1	15	2.57%
EBF1	15	2.57%
EFHC2	15	2.57%
EFL1	15	2.57%
EHD2	15	2.57%
ELF3	15	2.57%
ELL	15	2.57%
ENPEP	15	2.57%
ERCC4	15	2.57%
ERF	15	2.57%
ERG	15	2.57%
ESCO2	15	2.57%
EXD3	15	2.57%
F13B	15	2.57%
F2	15	2.57%
FAM120A	15	2.57%
FAM13A	15	2.57%
FAM151A	15	2.57%
FAM83H	15	2.57%
FAM9A	15	2.57%
FANCI	15	2.57%
FBLN2	15	2.57%
FER1L5	15	2.57%
FGD2	15	2.57%
FGFR1	15	2.57%
FNBP1	15	2.57%
FOXN3	15	2.57%
FTSJ3	15	2.57%
FUBP1	15	2.57%
GALNT2	15	2.57%
GARNL3	15	2.57%
GBP1	15	2.57%
GCNA	15	2.57%
GFPT2	15	2.57%
GMPS	15	2.57%
GPC5	15	2.57%
GPC6	15	2.57%
GPHN	15	2.57%
GPR139	15	2.57%
GPR32	15	2.57%
GPSM2	15	2.57%
GRAMD1B	15	2.57%
GRIPAP1	15	2.57%
GRM4	15	2.57%
GTDC1	15	2.57%
GTF2IRD2	15	2.57%
GTF3C2	15	2.57%
HAPLN1	15	2.57%
HAUS6	15	2.57%
HDAC5	15	2.57%
HIF1A	15	2.57%
HIPK1	15	2.57%
HSP90B1	15	2.57%
HSPA4L	15	2.57%
IFFO1	15	2.57%
IFT88	15	2.57%
IGDCC4	15	2.57%
IGF1R	15	2.57%
IL12RB2	15	2.57%
IL6ST	15	2.57%
INPP4B	15	2.57%
INTS8	15	2.57%
IPO7	15	2.57%
IQCE	15	2.57%
IQCN	15	2.57%
IQGAP1	15	2.57%
IQUB	15	2.57%
ISL1	15	2.57%
ITGAE	15	2.57%
ITGB3	15	2.57%
JRK	15	2.57%
KAT2B	15	2.57%
KAT7	15	2.57%
KCNA10	15	2.57%
KCNA6	15	2.57%
KCNH6	15	2.57%
KDM2A	15	2.57%
KDM5C	15	2.57%
KDM6A	15	2.57%
KIAA0753	15	2.57%
KIF18A	15	2.57%
KIF5A	15	2.57%
KIF9	15	2.57%
KL	15	2.57%
KLHL23	15	2.57%
KMO	15	2.57%
KRT6A	15	2.57%
KRT84	15	2.57%
L1CAM	15	2.57%
L3MBTL3	15	2.57%
L3MBTL4	15	2.57%
LAMC2	15	2.57%
LIG4	15	2.57%
LINGO1	15	2.57%
LMTK2	15	2.57%
LOXL4	15	2.57%
LRCH2	15	2.57%
LRIG1	15	2.57%
LRP10	15	2.57%
LRPPRC	15	2.57%
LRRC17	15	2.57%
LUZP2	15	2.57%
LYN	15	2.57%
LZTS3	15	2.57%
MAEL	15	2.57%
MAP3K19	15	2.57%
MAPRE3	15	2.57%
MAPT	15	2.57%
MARK3	15	2.57%
MASTL	15	2.57%
MBD1	15	2.57%
MCM6	15	2.57%
MCM7	15	2.57%
MCOLN3	15	2.57%
MED14	15	2.57%
MEPCE	15	2.57%
MNDA	15	2.57%
MPP2	15	2.57%
MTDH	15	2.57%
MTR	15	2.57%
MYBPC2	15	2.57%
MYCBPAP	15	2.57%
MYO5B	15	2.57%
MYOM3	15	2.57%
MYORG	15	2.57%
MYRIP	15	2.57%
N4BP1	15	2.57%
NAALADL2	15	2.57%
NAP1L2	15	2.57%
NDN	15	2.57%
NEUROD4	15	2.57%
NFIB	15	2.57%
NIBAN1	15	2.57%
NISCH	15	2.57%
NLRP10	15	2.57%
NOL4L	15	2.57%
NOX4	15	2.57%
NPBWR1	15	2.57%
NRP2	15	2.57%
NSUN2	15	2.57%
NUP107	15	2.57%
NUP153	15	2.57%
OCRL	15	2.57%
OMD	15	2.57%
OPTN	15	2.57%
OR2B2	15	2.57%
OR5D18	15	2.57%
OR5R1	15	2.57%
OSBPL7	15	2.57%
OTUD7A	15	2.57%
OXR1	15	2.57%
PABPC4	15	2.57%
PAH	15	2.57%
PALM2AKAP2	15	2.57%
PAMR1	15	2.57%
PCDHGC3	15	2.57%
PCSK7	15	2.57%
PDE5A	15	2.57%
PDE9A	15	2.57%
PDPR	15	2.57%
PFAS	15	2.57%
PHACTR1	15	2.57%
PHACTR2	15	2.57%
PHACTR3	15	2.57%
PHEX	15	2.57%
PHTF1	15	2.57%
PIGG	15	2.57%
PIWIL2	15	2.57%
PKD2L2	15	2.57%
PLEKHA7	15	2.57%
PLEKHH1	15	2.57%
PMS2	15	2.57%
PNMA8B	15	2.57%
PNPLA6	15	2.57%
PNPLA7	15	2.57%
POGK	15	2.57%
POLN	15	2.57%
POU3F4	15	2.57%
PPFIBP1	15	2.57%
PRICKLE1	15	2.57%
PROM1	15	2.57%
PRPF6	15	2.57%
PTPN21	15	2.57%
PYGB	15	2.57%
QRFPR	15	2.57%
RAB3C	15	2.57%
RADX	15	2.57%
RASAL2	15	2.57%
RC3H1	15	2.57%
REPS1	15	2.57%
RGL3	15	2.57%
RGS9	15	2.57%
RHOBTB1	15	2.57%
RHOT1	15	2.57%
RIN2	15	2.57%
RING1	15	2.57%
RNF145	15	2.57%
RPE65	15	2.57%
RPS6KA6	15	2.57%
RSPH4A	15	2.57%
RTL3	15	2.57%
RUNX1	15	2.57%
RUSC2	15	2.57%
SAP130	15	2.57%
SATB1	15	2.57%
SCUBE2	15	2.57%
SEC14L1	15	2.57%
SEC14L5	15	2.57%
SEMA4G	15	2.57%
SEMA6B	15	2.57%
SERPINE3	15	2.57%
SFI1	15	2.57%
SIN3B	15	2.57%
SLC11A1	15	2.57%
SLC13A1	15	2.57%
SLC15A1	15	2.57%
SLC22A16	15	2.57%
SLC25A12	15	2.57%
SLC26A8	15	2.57%
SLC27A1	15	2.57%
SLC4A9	15	2.57%
SLC5A2	15	2.57%
SLC6A1	15	2.57%
SLC6A11	15	2.57%
SLC6A5	15	2.57%
SLC8A3	15	2.57%
SLC9A3	15	2.57%
SLCO1B1	15	2.57%
SMARCC2	15	2.57%
SMG7	15	2.57%
SNX2	15	2.57%
SOX7	15	2.57%
SRP68	15	2.57%
ST6GALNAC3	15	2.57%
ST8SIA3	15	2.57%
STAC	15	2.57%
STAT2	15	2.57%
STK10	15	2.57%
SYNPO2L	15	2.57%
TARBP2	15	2.57%
TASOR	15	2.57%
TBC1D10B	15	2.57%
TBC1D5	15	2.57%
TBC1D8	15	2.57%
TBX20	15	2.57%
TBX4	15	2.57%
TET2	15	2.57%
TEX2	15	2.57%
TF	15	2.57%
TFAP2B	15	2.57%
TGFB2	15	2.57%
THAP9	15	2.57%
THEMIS	15	2.57%
THRAP3	15	2.57%
TICAM1	15	2.57%
TIMP3	15	2.57%
TJP3	15	2.57%
TLE3	15	2.57%
TMEM200A	15	2.57%
TMPRSS11A	15	2.57%
TMTC3	15	2.57%
TOX4	15	2.57%
TP53BP2	15	2.57%
TP63	15	2.57%
TRIM33	15	2.57%
TRIM60	15	2.57%
TTC14	15	2.57%
TTC17	15	2.57%
TTLL12	15	2.57%
UGT2B15	15	2.57%
UGT8	15	2.57%
UPF3A	15	2.57%
URGCP	15	2.57%
USP10	15	2.57%
USP32	15	2.57%
USP47	15	2.57%
USP8	15	2.57%
VLDLR	15	2.57%
VPS41	15	2.57%
VPS52	15	2.57%
VRK2	15	2.57%
VWA3A	15	2.57%
VWA7	15	2.57%
WDPCP	15	2.57%
WDR13	15	2.57%
WIPF1	15	2.57%
WWC2	15	2.57%
YTHDF3	15	2.57%
ZAP70	15	2.57%
ZC3H11A	15	2.57%
ZHX3	15	2.57%
ZMAT1	15	2.57%
ZNF107	15	2.57%
ZNF256	15	2.57%
ZNF326	15	2.57%
ZNF331	15	2.57%
ZNF345	15	2.57%
ZNF354A	15	2.57%
ZNF365	15	2.57%
ZNF385B	15	2.57%
ZNF425	15	2.57%
ZNF431	15	2.57%
ZNF442	15	2.57%
ZNF557	15	2.57%
ZNF567	15	2.57%
ZNF574	15	2.57%
ZNF583	15	2.57%
ZNF595	15	2.57%
ZNF608	15	2.57%
ZNF611	15	2.57%
ZNF648	15	2.57%
ZNF687	15	2.57%
ZNF749	15	2.57%
ZNF780A	15	2.57%
ZNF827	15	2.57%
ABCF3	14	2.40%
ABCG4	14	2.40%
ABLIM2	14	2.40%
ACP7	14	2.40%
ACSBG2	14	2.40%
ACTN2	14	2.40%
ADAM10	14	2.40%
ADAM11	14	2.40%
ADD2	14	2.40%
AGO1	14	2.40%
AHI1	14	2.40%
AKT3	14	2.40%
ALAS2	14	2.40%
ALB	14	2.40%
ALDH1A2	14	2.40%
ALX4	14	2.40%
AMER3	14	2.40%
AMPD2	14	2.40%
ANKRD28	14	2.40%
ANO6	14	2.40%
ANTXR1	14	2.40%
APCDD1L	14	2.40%
ARHGAP15	14	2.40%
ARHGAP24	14	2.40%
ASIC4	14	2.40%
ASPH	14	2.40%
ATF7IP	14	2.40%
ATL1	14	2.40%
ATP13A2	14	2.40%
ATP2B1	14	2.40%
ATP7B	14	2.40%
ATXN2	14	2.40%
AURKC	14	2.40%
AXIN1	14	2.40%
BAIAP2L1	14	2.40%
BANP	14	2.40%
BMPR1B	14	2.40%
BRD2	14	2.40%
BRF1	14	2.40%
C8orf34	14	2.40%
CADM2	14	2.40%
CAMK1D	14	2.40%
CAMK2G	14	2.40%
CAMKK2	14	2.40%
CAPN5	14	2.40%
CARD10	14	2.40%
CARMIL2	14	2.40%
CBFA2T3	14	2.40%
CBY2	14	2.40%
CCBE1	14	2.40%
CCDC150	14	2.40%
CCDC66	14	2.40%
CCDC87	14	2.40%
CCDC88B	14	2.40%
CCDC9B	14	2.40%
CD248	14	2.40%
CDC73	14	2.40%
CDH20	14	2.40%
CDH7	14	2.40%
CDK14	14	2.40%
CEBPZ	14	2.40%
CHGB	14	2.40%
CHRDL1	14	2.40%
CHRNA4	14	2.40%
CIZ1	14	2.40%
CLEC14A	14	2.40%
CLMN	14	2.40%
CNGA2	14	2.40%
CNNM2	14	2.40%
CNTN2	14	2.40%
COL25A1	14	2.40%
CORO7	14	2.40%
CPSF6	14	2.40%
CTCFL	14	2.40%
CYFIP1	14	2.40%
CYP1B1	14	2.40%
CYP20A1	14	2.40%
DARS2	14	2.40%
DCAF5	14	2.40%
DCLK3	14	2.40%
DCST2	14	2.40%
DCT	14	2.40%
DDR1	14	2.40%
DDX18	14	2.40%
DDX50	14	2.40%
DEPDC1	14	2.40%
DISC1	14	2.40%
DLGAP4	14	2.40%
DNAI2	14	2.40%
DNAJC10	14	2.40%
DOC2A	14	2.40%
DOT1L	14	2.40%
DPYS	14	2.40%
DRP2	14	2.40%
DSE	14	2.40%
DSG2	14	2.40%
DSG3	14	2.40%
DSTYK	14	2.40%
DUSP16	14	2.40%
DYTN	14	2.40%
ECE1	14	2.40%
ECT2	14	2.40%
ECT2L	14	2.40%
EDIL3	14	2.40%
EEF1A2	14	2.40%
EEF2	14	2.40%
EEF2K	14	2.40%
EFR3A	14	2.40%
EGF	14	2.40%
EHMT1	14	2.40%
EIF2A	14	2.40%
EIF3B	14	2.40%
EIF4ENIF1	14	2.40%
ELAPOR1	14	2.40%
ELAPOR2	14	2.40%
ELL2	14	2.40%
EPC2	14	2.40%
EPHB4	14	2.40%
ERMP1	14	2.40%
ETNPPL	14	2.40%
EZH2	14	2.40%
FADS2	14	2.40%
FAM126A	14	2.40%
FAM186B	14	2.40%
FAM222B	14	2.40%
FAM227B	14	2.40%
FAM83C	14	2.40%
FBXO11	14	2.40%
FBXO15	14	2.40%
FBXO24	14	2.40%
FBXO38	14	2.40%
FGF5	14	2.40%
FXR2	14	2.40%
FYN	14	2.40%
FZD3	14	2.40%
GAB4	14	2.40%
GABRA2	14	2.40%
GABRA6	14	2.40%
GAD2	14	2.40%
GATAD2A	14	2.40%
GBP6	14	2.40%
GCC1	14	2.40%
GCNT4	14	2.40%
GK2	14	2.40%
GPR162	14	2.40%
GPR50	14	2.40%
GUCY2D	14	2.40%
HACE1	14	2.40%
HDAC6	14	2.40%
HDGFL2	14	2.40%
HERC4	14	2.40%
HK2	14	2.40%
HLX	14	2.40%
HNF1A	14	2.40%
HNRNPDL	14	2.40%
HRC	14	2.40%
HRG	14	2.40%
HRH2	14	2.40%
HTR1B	14	2.40%
ICAM5	14	2.40%
IGHM	14	2.40%
IKBKE	14	2.40%
INO80	14	2.40%
INTS4	14	2.40%
IRAK3	14	2.40%
ITGA1	14	2.40%
ITGA9	14	2.40%
ITGB1	14	2.40%
JAK3	14	2.40%
JMJD7-PLA2G4B	14	2.40%
KANK2	14	2.40%
KANSL3	14	2.40%
KCNG2	14	2.40%
KCNV1	14	2.40%
KHSRP	14	2.40%
KIF24	14	2.40%
KIF27	14	2.40%
KIZ	14	2.40%
KLHL24	14	2.40%
KRT3	14	2.40%
KRT31	14	2.40%
KRT34	14	2.40%
KRT82	14	2.40%
KSR1	14	2.40%
LDB3	14	2.40%
LEMD3	14	2.40%
LIG1	14	2.40%
LIMCH1	14	2.40%
LMBRD2	14	2.40%
LONRF1	14	2.40%
LPIN1	14	2.40%
LPIN3	14	2.40%
LRRFIP1	14	2.40%
LZTS1	14	2.40%
MACO1	14	2.40%
MAGED2	14	2.40%
MAK	14	2.40%
MAML3	14	2.40%
MAN1A1	14	2.40%
MAP4K3	14	2.40%
MAP7D2	14	2.40%
MAPK8IP1	14	2.40%
MARCO	14	2.40%
MBTPS1	14	2.40%
MCOLN1	14	2.40%
MED25	14	2.40%
MEF2C	14	2.40%
MEIOC	14	2.40%
MELTF	14	2.40%
MFGE8	14	2.40%
MIB1	14	2.40%
MINDY4	14	2.40%
MMP2	14	2.40%
MOCOS	14	2.40%
MORC3	14	2.40%
MORC4	14	2.40%
MOV10	14	2.40%
MPP4	14	2.40%
MRGPRX3	14	2.40%
MROH7	14	2.40%
MTMR1	14	2.40%
MTMR4	14	2.40%
MUC5AC	14	2.40%
MYEF2	14	2.40%
MYO19	14	2.40%
MYO1H	14	2.40%
N4BP2L2	14	2.40%
NAPEPLD	14	2.40%
NBN	14	2.40%
NDST2	14	2.40%
NDUFS1	14	2.40%
NEK4	14	2.40%
NEK8	14	2.40%
NEUROD6	14	2.40%
NFE2	14	2.40%
NFXL1	14	2.40%
NGLY1	14	2.40%
NIM1K	14	2.40%
NOBOX	14	2.40%
NOP2	14	2.40%
NPFFR2	14	2.40%
NPHP3	14	2.40%
NRDE2	14	2.40%
NRROS	14	2.40%
NSMAF	14	2.40%
NTNG1	14	2.40%
NVL	14	2.40%
ODF2L	14	2.40%
OR10A3	14	2.40%
OR2A5	14	2.40%
OR2T12	14	2.40%
OR2T33	14	2.40%
OR4C15	14	2.40%
OR52A5	14	2.40%
OR5D14	14	2.40%
OR5H14	14	2.40%
OR5I1	14	2.40%
OR5M1	14	2.40%
OR5T2	14	2.40%
OR5W2	14	2.40%
OR6C75	14	2.40%
OR8H1	14	2.40%
OR8H2	14	2.40%
OR8J1	14	2.40%
OSBPL1A	14	2.40%
OTC	14	2.40%
OTOP2	14	2.40%
PALB2	14	2.40%
PAN3	14	2.40%
PAQR9	14	2.40%
PARP1	14	2.40%
PARP4	14	2.40%
PARP9	14	2.40%
PAX5	14	2.40%
PCCA	14	2.40%
PCOLCE2	14	2.40%
PDE2A	14	2.40%
PER1	14	2.40%
PEX5L	14	2.40%
PHF21A	14	2.40%
PIAS1	14	2.40%
PIGR	14	2.40%
PIK3C2A	14	2.40%
PITRM1	14	2.40%
PKLR	14	2.40%
PKN3	14	2.40%
PKP2	14	2.40%
PLAG1	14	2.40%
PLAT	14	2.40%
PLD2	14	2.40%
PLOD2	14	2.40%
PMS1	14	2.40%
PNPT1	14	2.40%
POLK	14	2.40%
POLR1B	14	2.40%
POM121C	14	2.40%
POMT2	14	2.40%
POU6F2	14	2.40%
PPFIA1	14	2.40%
PPM1E	14	2.40%
PPM1L	14	2.40%
PPP2R1A	14	2.40%
PRAG1	14	2.40%
PRDM4	14	2.40%
PRKG2	14	2.40%
PROM2	14	2.40%
PRRT2	14	2.40%
PRX	14	2.40%
PSD4	14	2.40%
PSMD2	14	2.40%
PSPC1	14	2.40%
PTH2R	14	2.40%
PTK7	14	2.40%
PTPN11	14	2.40%
PTPRO	14	2.40%
PTPRR	14	2.40%
PYGM	14	2.40%
RAB3GAP2	14	2.40%
RAPGEF3	14	2.40%
RAPGEF4	14	2.40%
RASA3	14	2.40%
RBAK	14	2.40%
RBM15B	14	2.40%
RBM19	14	2.40%
RBPJL	14	2.40%
RECK	14	2.40%
RGL2	14	2.40%
RINT1	14	2.40%
RIPOR1	14	2.40%
RMI1	14	2.40%
RNF103	14	2.40%
RNF128	14	2.40%
RNF180	14	2.40%
RORB	14	2.40%
RTL5	14	2.40%
RUBCN	14	2.40%
SARDH	14	2.40%
SEC24D	14	2.40%
SEC61A1	14	2.40%
SEC63	14	2.40%
SELE	14	2.40%
SEMA3F	14	2.40%
SFRP4	14	2.40%
SH2D3C	14	2.40%
SH3GL3	14	2.40%
SH3TC2	14	2.40%
SHC1	14	2.40%
SHCBP1L	14	2.40%
SIPA1	14	2.40%
SLC17A6	14	2.40%
SLC1A3	14	2.40%
SLC26A4	14	2.40%
SLC26A9	14	2.40%
SLC2A7	14	2.40%
SLC45A4	14	2.40%
SLC9A1	14	2.40%
SLTM	14	2.40%
SMARCA5	14	2.40%
SMCR8	14	2.40%
SMG5	14	2.40%
SMO	14	2.40%
SMYD1	14	2.40%
SPAG6	14	2.40%
SPATA17	14	2.40%
SPATA5	14	2.40%
SRPK1	14	2.40%
SRRT	14	2.40%
STK32B	14	2.40%
SUGP2	14	2.40%
SULF2	14	2.40%
SUPT20H	14	2.40%
SYVN1	14	2.40%
TAF1C	14	2.40%
TAGAP	14	2.40%
TAX1BP1	14	2.40%
TBC1D1	14	2.40%
TBC1D31	14	2.40%
TCERG1L	14	2.40%
TCOF1	14	2.40%
TDRD7	14	2.40%
TENT2	14	2.40%
TESPA1	14	2.40%
TFAP2C	14	2.40%
TFIP11	14	2.40%
TGM6	14	2.40%
THRB	14	2.40%
TLE2	14	2.40%
TLL2	14	2.40%
TMEM63B	14	2.40%
TMEM74	14	2.40%
TMOD1	14	2.40%
TNFAIP3	14	2.40%
TNFRSF19	14	2.40%
TNPO2	14	2.40%
TRAK2	14	2.40%
TRAM1L1	14	2.40%
TRAPPC10	14	2.40%
TRAPPC11	14	2.40%
TRIM45	14	2.40%
TRIM51	14	2.40%
TRIM67	14	2.40%
TRIML2	14	2.40%
TRPC1	14	2.40%
TRPV2	14	2.40%
TTBK2	14	2.40%
TTLL4	14	2.40%
TVP23A	14	2.40%
U2SURP	14	2.40%
UBE4A	14	2.40%
UBQLN3	14	2.40%
UGT3A1	14	2.40%
UHRF2	14	2.40%
USHBP1	14	2.40%
USP20	14	2.40%
USP3	14	2.40%
USP33	14	2.40%
USP40	14	2.40%
UTP6	14	2.40%
VILL	14	2.40%
VIT	14	2.40%
VN1R2	14	2.40%
VWA3B	14	2.40%
VWA5A	14	2.40%
WAC	14	2.40%
WAPL	14	2.40%
WASHC2A	14	2.40%
WASHC4	14	2.40%
WNT16	14	2.40%
WNT9A	14	2.40%
WWOX	14	2.40%
YTHDF2	14	2.40%
ZBTB21	14	2.40%
ZBTB24	14	2.40%
ZBTB33	14	2.40%
ZKSCAN5	14	2.40%
ZNF101	14	2.40%
ZNF117	14	2.40%
ZNF140	14	2.40%
ZNF174	14	2.40%
ZNF226	14	2.40%
ZNF248	14	2.40%
ZNF266	14	2.40%
ZNF273	14	2.40%
ZNF28	14	2.40%
ZNF282	14	2.40%
ZNF329	14	2.40%
ZNF34	14	2.40%
ZNF350	14	2.40%
ZNF395	14	2.40%
ZNF398	14	2.40%
ZNF419	14	2.40%
ZNF44	14	2.40%
ZNF45	14	2.40%
ZNF470	14	2.40%
ZNF490	14	2.40%
ZNF532	14	2.40%
ZNF543	14	2.40%
ZNF544	14	2.40%
ZNF572	14	2.40%
ZNF585B	14	2.40%
ZNF594	14	2.40%
ZNF610	14	2.40%
ZNF653	14	2.40%
ZNF676	14	2.40%
ZNF700	14	2.40%
ZNF709	14	2.40%
ZNF714	14	2.40%
ZNF74	14	2.40%
ZNF778	14	2.40%
ZNF790	14	2.40%
ZNF800	14	2.40%
ZNF83	14	2.40%
ZNF93	14	2.40%
AADACL3	13	2.23%
ABCB9	13	2.23%
ABLIM3	13	2.23%
AC006059.2	13	2.23%
ACE2	13	2.23%
ACLY	13	2.23%
ACSBG1	13	2.23%
ACTL7B	13	2.23%
ACTN4	13	2.23%
ACTRT1	13	2.23%
ADAM17	13	2.23%
ADCK1	13	2.23%
ADRA1A	13	2.23%
AGAP3	13	2.23%
AGO2	13	2.23%
AHRR	13	2.23%
AKNA	13	2.23%
AKNAD1	13	2.23%
ALDH1L2	13	2.23%
AMOT	13	2.23%
AMPD3	13	2.23%
ANGPT2	13	2.23%
ANGPTL1	13	2.23%
ANGPTL2	13	2.23%
ANKFN1	13	2.23%
ANKFY1	13	2.23%
ANKMY1	13	2.23%
ANKRD13A	13	2.23%
ANO7	13	2.23%
ANOS1	13	2.23%
ANTXR2	13	2.23%
ANXA13	13	2.23%
AOC2	13	2.23%
AOC3	13	2.23%
AOX1	13	2.23%
AP2A1	13	2.23%
APBB3	13	2.23%
ARHGAP25	13	2.23%
ARHGAP4	13	2.23%
ARHGAP44	13	2.23%
ARHGAP6	13	2.23%
ARHGEF28	13	2.23%
ARHGEF5	13	2.23%
ARHGEF7	13	2.23%
ARHGEF9	13	2.23%
ARNT2	13	2.23%
ATF5	13	2.23%
ATP8A1	13	2.23%
AVPR1B	13	2.23%
BACH1	13	2.23%
BAHD1	13	2.23%
BARHL1	13	2.23%
BARHL2	13	2.23%
BBX	13	2.23%
BCAM	13	2.23%
BEND5	13	2.23%
BICRAL	13	2.23%
BMP5	13	2.23%
BMP7	13	2.23%
BPIFB2	13	2.23%
BPIFB6	13	2.23%
BRCA1	13	2.23%
BRDT	13	2.23%
C12orf42	13	2.23%
C7orf31	13	2.23%
C9	13	2.23%
CAB39L	13	2.23%
CACNB2	13	2.23%
CARF	13	2.23%
CBL	13	2.23%
CC2D1B	13	2.23%
CCDC144A	13	2.23%
CCDC160	13	2.23%
CCDC173	13	2.23%
CCDC92	13	2.23%
CCDC93	13	2.23%
CCR3	13	2.23%
CCSER1	13	2.23%
CD101	13	2.23%
CD4	13	2.23%
CDCA7L	13	2.23%
CDH17	13	2.23%
CEL	13	2.23%
CES3	13	2.23%
CFAP206	13	2.23%
CFAP74	13	2.23%
CGN	13	2.23%
CHRNB3	13	2.23%
CHST1	13	2.23%
CHST11	13	2.23%
CHST3	13	2.23%
CHST4	13	2.23%
CHTF18	13	2.23%
CHUK	13	2.23%
CLCN6	13	2.23%
CLEC4F	13	2.23%
CLGN	13	2.23%
CNOT10	13	2.23%
CNOT4	13	2.23%
COG6	13	2.23%
COLGALT1	13	2.23%
COLGALT2	13	2.23%
COPB2	13	2.23%
CPB2	13	2.23%
CPE	13	2.23%
CPT1A	13	2.23%
CPT1C	13	2.23%
CRAT	13	2.23%
CRIM1	13	2.23%
CRTAC1	13	2.23%
CSF2RB	13	2.23%
CYP27C1	13	2.23%
CYP2A7	13	2.23%
DAB2	13	2.23%
DACT1	13	2.23%
DAGLA	13	2.23%
DAO	13	2.23%
DAW1	13	2.23%
DAXX	13	2.23%
DCST1	13	2.23%
DDX46	13	2.23%
DDX47	13	2.23%
DEUP1	13	2.23%
DGCR2	13	2.23%
DGKA	13	2.23%
DMGDH	13	2.23%
DMRTB1	13	2.23%
DNAAF4	13	2.23%
DNAH12	13	2.23%
DNTTIP2	13	2.23%
DPP3	13	2.23%
DPYSL2	13	2.23%
DSC1	13	2.23%
DTX4	13	2.23%
E2F8	13	2.23%
EBF2	13	2.23%
EDRF1	13	2.23%
EFHC1	13	2.23%
EFNB3	13	2.23%
EGFR	13	2.23%
EHHADH	13	2.23%
EIF4B	13	2.23%
ELAVL4	13	2.23%
ELF1	13	2.23%
ENOX2	13	2.23%
EPB41	13	2.23%
EPB41L2	13	2.23%
EPB41L4A	13	2.23%
EPB41L4B	13	2.23%
ERCC3	13	2.23%
ESYT2	13	2.23%
EXOSC10	13	2.23%
EXTL3	13	2.23%
FAM133A	13	2.23%
FAM71A	13	2.23%
FAM78B	13	2.23%
FAM91A1	13	2.23%
FAP	13	2.23%
FARP2	13	2.23%
FASTKD1	13	2.23%
FBF1	13	2.23%
FBXL18	13	2.23%
FBXO30	13	2.23%
FBXO43	13	2.23%
FCHSD1	13	2.23%
FCN1	13	2.23%
FETUB	13	2.23%
FGD4	13	2.23%
FIG4	13	2.23%
FLII	13	2.23%
FLT3	13	2.23%
FMO5	13	2.23%
FMR1	13	2.23%
FNDC3A	13	2.23%
FRMD3	13	2.23%
FRMD6	13	2.23%
FUBP3	13	2.23%
FUT9	13	2.23%
FZD2	13	2.23%
G2E3	13	2.23%
GALNT5	13	2.23%
GAN	13	2.23%
GASK1B	13	2.23%
GBA2	13	2.23%
GDF2	13	2.23%
GGNBP2	13	2.23%
GIT2	13	2.23%
GNPTAB	13	2.23%
GPD2	13	2.23%
GPR12	13	2.23%
GPR19	13	2.23%
GRHL2	13	2.23%
GRIN2C	13	2.23%
GZF1	13	2.23%
HCLS1	13	2.23%
HCRTR2	13	2.23%
HECA	13	2.23%
HEPH	13	2.23%
HERC6	13	2.23%
HIC2	13	2.23%
HID1	13	2.23%
HOXC10	13	2.23%
HR	13	2.23%
HROB	13	2.23%
HS3ST4	13	2.23%
HTATSF1	13	2.23%
HUNK	13	2.23%
IARS1	13	2.23%
IBSP	13	2.23%
IGSF8	13	2.23%
IL17RD	13	2.23%
IL1RL2	13	2.23%
IL4I1	13	2.23%
ING1	13	2.23%
INTS13	13	2.23%
INTU	13	2.23%
INVS	13	2.23%
IPO9	13	2.23%
IQCJ-SCHIP1	13	2.23%
IRX6	13	2.23%
ITGA2B	13	2.23%
ITIH3	13	2.23%
ITPKB	13	2.23%
ITPRID2	13	2.23%
IVNS1ABP	13	2.23%
JADE2	13	2.23%
KBTBD3	13	2.23%
KCNA2	13	2.23%
KCND1	13	2.23%
KCNQ1	13	2.23%
KCNQ4	13	2.23%
KIF14	13	2.23%
KIF15	13	2.23%
KIF18B	13	2.23%
KIF6	13	2.23%
KLC1	13	2.23%
KLC2	13	2.23%
KLF3	13	2.23%
KLHL10	13	2.23%
KLHL14	13	2.23%
KLHL25	13	2.23%
KLHL32	13	2.23%
KLHL40	13	2.23%
KRT222	13	2.23%
KRT4	13	2.23%
KRT74	13	2.23%
LANCL2	13	2.23%
LILRB3	13	2.23%
LIPC	13	2.23%
LMOD1	13	2.23%
LRCH1	13	2.23%
LRIG2	13	2.23%
LRRC36	13	2.23%
LSM14A	13	2.23%
LTBP3	13	2.23%
LTF	13	2.23%
LUM	13	2.23%
LZTS2	13	2.23%
MACROH2A2	13	2.23%
MAF	13	2.23%
MAGEA12	13	2.23%
MAGI3	13	2.23%
MAP2K1	13	2.23%
MAP3K14	13	2.23%
MAP3K15	13	2.23%
MAP3K2	13	2.23%
MAPK10	13	2.23%
MASP2	13	2.23%
MATK	13	2.23%
MATN4	13	2.23%
MATR3	13	2.23%
MDM1	13	2.23%
MFN1	13	2.23%
MICAL1	13	2.23%
MICALL2	13	2.23%
MIGA1	13	2.23%
MMP12	13	2.23%
MMP13	13	2.23%
MMP19	13	2.23%
MPHOSPH8	13	2.23%
MPL	13	2.23%
MROH9	13	2.23%
MRTFB	13	2.23%
MS4A14	13	2.23%
MSL3	13	2.23%
MSN	13	2.23%
MTA1	13	2.23%
MTMR12	13	2.23%
MTMR6	13	2.23%
MTNR1B	13	2.23%
MX1	13	2.23%
MYBPH	13	2.23%
NEFL	13	2.23%
NELFE	13	2.23%
NEUROD1	13	2.23%
NFATC3	13	2.23%
NFE2L3	13	2.23%
NFKB1	13	2.23%
NHSL2	13	2.23%
NKAPD1	13	2.23%
NLGN4Y	13	2.23%
NME8	13	2.23%
NOX3	13	2.23%
NPHP1	13	2.23%
NPTX2	13	2.23%
NPY2R	13	2.23%
ODF2	13	2.23%
OFD1	13	2.23%
OLFML2A	13	2.23%
OPA1	13	2.23%
OR10H1	13	2.23%
OR10Z1	13	2.23%
OR13C3	13	2.23%
OR2M3	13	2.23%
OR2W1	13	2.23%
OR4K5	13	2.23%
OR4N2	13	2.23%
OR52E4	13	2.23%
OR5F1	13	2.23%
OR5H6	13	2.23%
OR5K2	13	2.23%
OR7C1	13	2.23%
OR7E24	13	2.23%
OR8K1	13	2.23%
OR9G1	13	2.23%
OSBPL3	13	2.23%
OSBPL5	13	2.23%
OXCT2	13	2.23%
P2RY8	13	2.23%
PACS2	13	2.23%
PADI1	13	2.23%
PAK3	13	2.23%
PANX2	13	2.23%
PAPOLA	13	2.23%
PARP6	13	2.23%
PARVB	13	2.23%
PAX2	13	2.23%
PCID2	13	2.23%
PDE4A	13	2.23%
PDE4B	13	2.23%
PDE4D	13	2.23%
PDSS1	13	2.23%
PGBD4	13	2.23%
PGBD5	13	2.23%
PGM5	13	2.23%
PIK3CD	13	2.23%
PIK3R5	13	2.23%
PIP4K2A	13	2.23%
PIWIL3	13	2.23%
PIWIL4	13	2.23%
PKP3	13	2.23%
PKP4	13	2.23%
PLAGL2	13	2.23%
PLCB2	13	2.23%
PLCD1	13	2.23%
PLEKHG6	13	2.23%
PML	13	2.23%
PNLIP	13	2.23%
PNLIPRP3	13	2.23%
PNMA8A	13	2.23%
POGLUT2	13	2.23%
POM121	13	2.23%
PON1	13	2.23%
POTEA	13	2.23%
POTEH	13	2.23%
PPIP5K2	13	2.23%
PPP1R10	13	2.23%
PPP2R2B	13	2.23%
PREP	13	2.23%
PRKG1	13	2.23%
PRL	13	2.23%
PRMT2	13	2.23%
PRPF3	13	2.23%
PRR14	13	2.23%
PRSS12	13	2.23%
PRSS35	13	2.23%
PSG1	13	2.23%
PTGS2	13	2.23%
PTPN5	13	2.23%
PUM3	13	2.23%
PUS7L	13	2.23%
QRICH1	13	2.23%
R3HDM2	13	2.23%
RASSF2	13	2.23%
RAVER1	13	2.23%
RBBP8	13	2.23%
RBL1	13	2.23%
RBM12B	13	2.23%
RBM6	13	2.23%
RBMXL2	13	2.23%
RCBTB2	13	2.23%
RCC2	13	2.23%
REXO5	13	2.23%
RGS6	13	2.23%
RIPK4	13	2.23%
RMC1	13	2.23%
RNF139	13	2.23%
RNF214	13	2.23%
RO60	13	2.23%
RPS6KA1	13	2.23%
RREB1	13	2.23%
RRP1B	13	2.23%
RSPH10B2	13	2.23%
RTN3	13	2.23%
RUNX2	13	2.23%
S1PR1	13	2.23%
S1PR4	13	2.23%
SCAI	13	2.23%
SCAP	13	2.23%
SEMA6C	13	2.23%
SERPINB2	13	2.23%
SERPINI2	13	2.23%
SF1	13	2.23%
SH3RF3	13	2.23%
SHLD2	13	2.23%
SIK2	13	2.23%
SIK3	13	2.23%
SIMC1	13	2.23%
SKIV2L	13	2.23%
SLC10A2	13	2.23%
SLC12A4	13	2.23%
SLC14A2	13	2.23%
SLC17A5	13	2.23%
SLC18A2	13	2.23%
SLC22A10	13	2.23%
SLC22A14	13	2.23%
SLC23A1	13	2.23%
SLC24A1	13	2.23%
SLC25A13	13	2.23%
SLC35F3	13	2.23%
SLC38A9	13	2.23%
SLC44A1	13	2.23%
SLC44A4	13	2.23%
SLC4A1AP	13	2.23%
SLC5A4	13	2.23%
SLC6A12	13	2.23%
SLC6A3	13	2.23%
SLC7A2	13	2.23%
SLFN12	13	2.23%
SMARCB1	13	2.23%
SMARCD2	13	2.23%
SOBP	13	2.23%
SOX10	13	2.23%
SOX11	13	2.23%
SP3	13	2.23%
SPAG1	13	2.23%
SPARCL1	13	2.23%
SPDL1	13	2.23%
SPRY3	13	2.23%
SREK1	13	2.23%
SRMS	13	2.23%
STEAP4	13	2.23%
STIM2	13	2.23%
STIP1	13	2.23%
STK36	13	2.23%
SUN2	13	2.23%
SUSD5	13	2.23%
SV2B	13	2.23%
SYN3	13	2.23%
TAB3	13	2.23%
TAOK1	13	2.23%
TBC1D10C	13	2.23%
TBC1D14	13	2.23%
TBCK	13	2.23%
TECPR1	13	2.23%
TENT5D	13	2.23%
TFEC	13	2.23%
TGFBRAP1	13	2.23%
THADA	13	2.23%
THBS3	13	2.23%
THOC5	13	2.23%
THSD4	13	2.23%
TLR10	13	2.23%
TLR5	13	2.23%
TM7SF3	13	2.23%
TM9SF3	13	2.23%
TMEM132A	13	2.23%
TMEM87B	13	2.23%
TMPRSS11D	13	2.23%
TMPRSS9	13	2.23%
TNIP3	13	2.23%
TRAF7	13	2.23%
TRAP1	13	2.23%
TRIM22	13	2.23%
TRPV3	13	2.23%
TSPAN10	13	2.23%
TSPAN5	13	2.23%
TTC12	13	2.23%
TTC29	13	2.23%
TTF2	13	2.23%
TUBB8	13	2.23%
TYK2	13	2.23%
TYR	13	2.23%
UBAP2L	13	2.23%
UBASH3A	13	2.23%
UBE2O	13	2.23%
UBP1	13	2.23%
UBR2	13	2.23%
UMOD	13	2.23%
UMODL1	13	2.23%
URI1	13	2.23%
USP1	13	2.23%
USP2	13	2.23%
USP45	13	2.23%
USP53	13	2.23%
UXS1	13	2.23%
VCL	13	2.23%
WDR26	13	2.23%
WDR36	13	2.23%
WDR55	13	2.23%
WDR59	13	2.23%
WFS1	13	2.23%
WNT1	13	2.23%
WNT5A	13	2.23%
XPO1	13	2.23%
XPO5	13	2.23%
ZBTB38	13	2.23%
ZBTB5	13	2.23%
ZC3HAV1	13	2.23%
ZCCHC2	13	2.23%
ZCCHC8	13	2.23%
ZFP57	13	2.23%
ZFP82	13	2.23%
ZIC3	13	2.23%
ZIM3	13	2.23%
ZKSCAN7	13	2.23%
ZNF131	13	2.23%
ZNF132	13	2.23%
ZNF154	13	2.23%
ZNF16	13	2.23%
ZNF197	13	2.23%
ZNF205	13	2.23%
ZNF212	13	2.23%
ZNF217	13	2.23%
ZNF227	13	2.23%
ZNF251	13	2.23%
ZNF26	13	2.23%
ZNF267	13	2.23%
ZNF283	13	2.23%
ZNF284	13	2.23%
ZNF320	13	2.23%
ZNF337	13	2.23%
ZNF347	13	2.23%
ZNF404	13	2.23%
ZNF467	13	2.23%
ZNF473	13	2.23%
ZNF507	13	2.23%
ZNF517	13	2.23%
ZNF556	13	2.23%
ZNF571	13	2.23%
ZNF573	13	2.23%
ZNF587	13	2.23%
ZNF675	13	2.23%
ZNF85	13	2.23%
ZP4	13	2.23%
ZRANB1	13	2.23%
ZSCAN1	13	2.23%
ZSCAN29	13	2.23%
ZSCAN31	13	2.23%
ZW10	13	2.23%
ABTB1	12	2.06%
AC092143.1	12	2.06%
ACAD11	12	2.06%
ACKR2	12	2.06%
ACOT12	12	2.06%
ACRBP	12	2.06%
ACSM2A	12	2.06%
ACTL7A	12	2.06%
ADAM19	12	2.06%
ADAM22	12	2.06%
ADAM28	12	2.06%
ADAM32	12	2.06%
ADAM9	12	2.06%
ADGRE3	12	2.06%
ADGRF5	12	2.06%
ADGRG3	12	2.06%
ADGRG7	12	2.06%
ADRB3	12	2.06%
AFAP1	12	2.06%
AGTR1	12	2.06%
AHR	12	2.06%
AJAP1	12	2.06%
AKR1B1	12	2.06%
AKT1	12	2.06%
AL121899.2	12	2.06%
ALDH16A1	12	2.06%
ALDH1B1	12	2.06%
ALG10	12	2.06%
ALG11	12	2.06%
ALOX12B	12	2.06%
ALOXE3	12	2.06%
AMIGO3	12	2.06%
ANGPT1	12	2.06%
ANKK1	12	2.06%
ANKRD55	12	2.06%
ANO8	12	2.06%
AOC1	12	2.06%
AP1G2	12	2.06%
AP1M1	12	2.06%
AP2B1	12	2.06%
ARC	12	2.06%
ARHGAP45	12	2.06%
ARHGAP9	12	2.06%
ARHGEF2	12	2.06%
ARHGEF25	12	2.06%
ARID4B	12	2.06%
ARMH4	12	2.06%
ARSF	12	2.06%
ARV1	12	2.06%
ASAH2	12	2.06%
ASB18	12	2.06%
ASMTL	12	2.06%
ASZ1	12	2.06%
ATF6	12	2.06%
ATG9A	12	2.06%
ATIC	12	2.06%
ATN1	12	2.06%
ATP13A4	12	2.06%
ATP6V0D2	12	2.06%
ATXN3L	12	2.06%
BARD1	12	2.06%
BBS12	12	2.06%
BCO2	12	2.06%
BEST3	12	2.06%
BICD1	12	2.06%
BLK	12	2.06%
BMP2	12	2.06%
BMP3	12	2.06%
BPIFB1	12	2.06%
C10orf71	12	2.06%
C12orf4	12	2.06%
C19orf44	12	2.06%
C1orf112	12	2.06%
C2orf78	12	2.06%
C8A	12	2.06%
CACNA2D2	12	2.06%
CACNB4	12	2.06%
CADM3	12	2.06%
CAPRIN1	12	2.06%
CARNMT1	12	2.06%
CBLL2	12	2.06%
CCDC14	12	2.06%
CCDC186	12	2.06%
CCDC62	12	2.06%
CCDC7	12	2.06%
CCER1	12	2.06%
CCNL1	12	2.06%
CCNT2	12	2.06%
CD5L	12	2.06%
CDC20B	12	2.06%
CDC5L	12	2.06%
CDC7	12	2.06%
CDCA2	12	2.06%
CDHR5	12	2.06%
CDK11B	12	2.06%
CDR2	12	2.06%
CEP89	12	2.06%
CES1	12	2.06%
CES5A	12	2.06%
CFHR5	12	2.06%
CHERP	12	2.06%
CHRNA6	12	2.06%
CIP2A	12	2.06%
CMKLR1	12	2.06%
CMTR1	12	2.06%
COG2	12	2.06%
COG4	12	2.06%
COL23A1	12	2.06%
COL9A2	12	2.06%
COPS6	12	2.06%
CORO2B	12	2.06%
CPEB1	12	2.06%
CPEB4	12	2.06%
CPLANE1	12	2.06%
CPNE8	12	2.06%
CRACDL	12	2.06%
CRAMP1	12	2.06%
CSE1L	12	2.06%
CSNK1G3	12	2.06%
CSNK2A2	12	2.06%
CSRNP3	12	2.06%
CTAGE1	12	2.06%
CUL3	12	2.06%
CUL4B	12	2.06%
CWC22	12	2.06%
CYP2A13	12	2.06%
CYP4F12	12	2.06%
CYP4F3	12	2.06%
CYP7A1	12	2.06%
DACH1	12	2.06%
DBF4B	12	2.06%
DCAF4L1	12	2.06%
DCAF8L1	12	2.06%
DCP2	12	2.06%
DCSTAMP	12	2.06%
DDX11	12	2.06%
DGKK	12	2.06%
DHTKD1	12	2.06%
DHX35	12	2.06%
DHX37	12	2.06%
DLX5	12	2.06%
DNA2	12	2.06%
DNAAF1	12	2.06%
DNAAF3	12	2.06%
DNAJC28	12	2.06%
DNTT	12	2.06%
DPP4	12	2.06%
DPY19L4	12	2.06%
DPYSL4	12	2.06%
DPYSL5	12	2.06%
DRC1	12	2.06%
DSC2	12	2.06%
DSC3	12	2.06%
DUSP22	12	2.06%
DYNC1I2	12	2.06%
DYRK1A	12	2.06%
DYRK1B	12	2.06%
EDEM3	12	2.06%
EGR3	12	2.06%
ELAVL3	12	2.06%
ELF4	12	2.06%
ELFN2	12	2.06%
EMILIN2	12	2.06%
ENPP1	12	2.06%
EPHA8	12	2.06%
EPHB3	12	2.06%
ERAP1	12	2.06%
ERC1	12	2.06%
EXO1	12	2.06%
EYA1	12	2.06%
FAHD2B	12	2.06%
FAM160A2	12	2.06%
FAM160B1	12	2.06%
FAM169A	12	2.06%
FAM20A	12	2.06%
FAM81B	12	2.06%
FARSB	12	2.06%
FBLN7	12	2.06%
FBXL20	12	2.06%
FBXW11	12	2.06%
FCAMR	12	2.06%
FEZF2	12	2.06%
FHL5	12	2.06%
FKBP10	12	2.06%
FLRT3	12	2.06%
FLVCR2	12	2.06%
FMNL2	12	2.06%
FMO3	12	2.06%
FMO4	12	2.06%
FNIP2	12	2.06%
FOXM1	12	2.06%
FOXO4	12	2.06%
FSCN3	12	2.06%
FTO	12	2.06%
FUT1	12	2.06%
FZD7	12	2.06%
GABPA	12	2.06%
GABRB1	12	2.06%
GABRR3	12	2.06%
GAS2L1	12	2.06%
GBP7	12	2.06%
GCNT2	12	2.06%
GDF6	12	2.06%
GGA2	12	2.06%
GGCX	12	2.06%
GJD2	12	2.06%
GLB1L3	12	2.06%
GLE1	12	2.06%
GLP1R	12	2.06%
GLT8D1	12	2.06%
GNB4	12	2.06%
GOLGA2	12	2.06%
GOLGA5	12	2.06%
GOT1L1	12	2.06%
GP6	12	2.06%
GPAT3	12	2.06%
GPC3	12	2.06%
GPR161	12	2.06%
GRK3	12	2.06%
GSK3B	12	2.06%
GSTCD	12	2.06%
GYS1	12	2.06%
GZMA	12	2.06%
HAO1	12	2.06%
HAS1	12	2.06%
HAUS3	12	2.06%
HDAC7	12	2.06%
HEPACAM2	12	2.06%
HHIPL2	12	2.06%
HIP1	12	2.06%
HK1	12	2.06%
HLTF	12	2.06%
HMG20A	12	2.06%
HMMR	12	2.06%
HNRNPA3	12	2.06%
HNRNPUL1	12	2.06%
HPSE	12	2.06%
HS6ST3	12	2.06%
HSPA8	12	2.06%
HTR3E	12	2.06%
HYOU1	12	2.06%
IDH2	12	2.06%
IFIT2	12	2.06%
IGFALS	12	2.06%
IGFN1	12	2.06%
IGHG2	12	2.06%
IL17RC	12	2.06%
IL1R2	12	2.06%
IL1RAP	12	2.06%
IL2RG	12	2.06%
IL31RA	12	2.06%
IL3RA	12	2.06%
ILDR1	12	2.06%
ILDR2	12	2.06%
ILF3	12	2.06%
INA	12	2.06%
INSC	12	2.06%
INTS6	12	2.06%
INTS6L	12	2.06%
IPO13	12	2.06%
IPO5	12	2.06%
IRF2	12	2.06%
JRKL	12	2.06%
KANK4	12	2.06%
KCNC1	12	2.06%
KCNF1	12	2.06%
KCNG4	12	2.06%
KCNJ4	12	2.06%
KCTD18	12	2.06%
KDM7A	12	2.06%
KIF11	12	2.06%
KIF19	12	2.06%
KIF1C	12	2.06%
KIF2C	12	2.06%
KIRREL1	12	2.06%
KLF17	12	2.06%
KLHL13	12	2.06%
KLHL22	12	2.06%
KNOP1	12	2.06%
KRIT1	12	2.06%
KRT37	12	2.06%
KRT39	12	2.06%
KRT40	12	2.06%
KRT6C	12	2.06%
KRT71	12	2.06%
KRT75	12	2.06%
KRT79	12	2.06%
KRT9	12	2.06%
LARP1B	12	2.06%
LARP7	12	2.06%
LBR	12	2.06%
LCA5L	12	2.06%
LCP1	12	2.06%
LCP2	12	2.06%
LDLRAP1	12	2.06%
LETM1	12	2.06%
LGR5	12	2.06%
LILRB2	12	2.06%
LIMK1	12	2.06%
LIMK2	12	2.06%
LINS1	12	2.06%
LMF2	12	2.06%
LNX2	12	2.06%
LRIT1	12	2.06%
LRRIQ4	12	2.06%
MAB21L2	12	2.06%
MAGEB6B	12	2.06%
MAMDC2	12	2.06%
MAML1	12	2.06%
MATN2	12	2.06%
MBD4	12	2.06%
MCCC1	12	2.06%
MED24	12	2.06%
MELK	12	2.06%
MEPE	12	2.06%
MERTK	12	2.06%
METTL16	12	2.06%
MGAT1	12	2.06%
MGRN1	12	2.06%
MIGA2	12	2.06%
MIOS	12	2.06%
MORC2	12	2.06%
MPEG1	12	2.06%
MPHOSPH9	12	2.06%
MRE11	12	2.06%
MSH4	12	2.06%
MTBP	12	2.06%
MTIF2	12	2.06%
MTMR3	12	2.06%
MTO1	12	2.06%
MYCN	12	2.06%
MYO1D	12	2.06%
NAA35	12	2.06%
NCAPG2	12	2.06%
NDC1	12	2.06%
NDUFA10	12	2.06%
NECTIN1	12	2.06%
NEDD1	12	2.06%
NF2	12	2.06%
NFIA	12	2.06%
NFX1	12	2.06%
NHLRC3	12	2.06%
NIBAN2	12	2.06%
NIBAN3	12	2.06%
NKX6-1	12	2.06%
NONO	12	2.06%
NOP14	12	2.06%
NPY5R	12	2.06%
NR5A2	12	2.06%
NRBP1	12	2.06%
NT5C1A	12	2.06%
NT5C1B	12	2.06%
NTSR1	12	2.06%
NUB1	12	2.06%
NUP93	12	2.06%
OGT	12	2.06%
OR10AG1	12	2.06%
OR10G7	12	2.06%
OR10H5	12	2.06%
OR2L8	12	2.06%
OR2M5	12	2.06%
OR2T6	12	2.06%
OR4A16	12	2.06%
OR4C6	12	2.06%
OR4D10	12	2.06%
OR4K1	12	2.06%
OR4M1	12	2.06%
OR4P4	12	2.06%
OR51B4	12	2.06%
OR51M1	12	2.06%
OR51S1	12	2.06%
OR52D1	12	2.06%
OR5K3	12	2.06%
OR6K6	12	2.06%
OR6N2	12	2.06%
OR9A4	12	2.06%
ORC1	12	2.06%
OSBPL10	12	2.06%
OTOP1	12	2.06%
OTOP3	12	2.06%
PACSIN1	12	2.06%
PALMD	12	2.06%
PANK4	12	2.06%
PARP8	12	2.06%
PCDH1	12	2.06%
PDCD6IP	12	2.06%
PDE3B	12	2.06%
PDE6C	12	2.06%
PDGFD	12	2.06%
PDIA3	12	2.06%
PDLIM5	12	2.06%
PDXDC1	12	2.06%
PFKFB1	12	2.06%
PGM1	12	2.06%
PHAX	12	2.06%
PIAS4	12	2.06%
PIBF1	12	2.06%
PICALM	12	2.06%
PIEZO2	12	2.06%
PIK3R4	12	2.06%
PITPNM2	12	2.06%
PLCH2	12	2.06%
PLEKHA4	12	2.06%
PLPPR5	12	2.06%
PLS3	12	2.06%
PM20D1	12	2.06%
POLG	12	2.06%
POLH	12	2.06%
POLI	12	2.06%
POU2F1	12	2.06%
PPARGC1B	12	2.06%
PPAT	12	2.06%
PPEF1	12	2.06%
PPEF2	12	2.06%
PPFIA3	12	2.06%
PPIG	12	2.06%
PPP1R12C	12	2.06%
PPP4R1	12	2.06%
PRAMEF1	12	2.06%
PRKCSH	12	2.06%
PRORP	12	2.06%
PRPF38B	12	2.06%
PRRT3	12	2.06%
PSD3	12	2.06%
PSMA8	12	2.06%
PTGFR	12	2.06%
PTOV1	12	2.06%
PTPN1	12	2.06%
PTPRJ	12	2.06%
PURG	12	2.06%
PYGL	12	2.06%
QKI	12	2.06%
R3HCC1L	12	2.06%
RAB11FIP2	12	2.06%
RAD17	12	2.06%
RAD21	12	2.06%
RAF1	12	2.06%
RANBP10	12	2.06%
RANBP3L	12	2.06%
RARS2	12	2.06%
RASAL1	12	2.06%
RBM12	12	2.06%
RBM43	12	2.06%
RFX4	12	2.06%
RHAG	12	2.06%
RHBDF2	12	2.06%
RIC1	12	2.06%
RIMKLB	12	2.06%
RIPOR3	12	2.06%
RNF150	12	2.06%
RNF31	12	2.06%
RPAP2	12	2.06%
RRP12	12	2.06%
RTKN	12	2.06%
RUFY2	12	2.06%
RUFY3	12	2.06%
SAMD4A	12	2.06%
SAMHD1	12	2.06%
SCFD1	12	2.06%
SCNN1G	12	2.06%
SCYL2	12	2.06%
SEC24A	12	2.06%
SEC24C	12	2.06%
SEMA4D	12	2.06%
SERAC1	12	2.06%
SERPINB8	12	2.06%
SESTD1	12	2.06%
SGCZ	12	2.06%
SIDT1	12	2.06%
SIRT1	12	2.06%
SIX5	12	2.06%
SKIDA1	12	2.06%
SLAIN1	12	2.06%
SLC1A1	12	2.06%
SLC22A6	12	2.06%
SLC22A7	12	2.06%
SLC23A2	12	2.06%
SLC25A31	12	2.06%
SLC30A8	12	2.06%
SLC39A12	12	2.06%
SLC43A3	12	2.06%
SLC45A1	12	2.06%
SLC5A3	12	2.06%
SLC6A13	12	2.06%
SLC7A3	12	2.06%
SLC9A7	12	2.06%
SLCO4A1	12	2.06%
SLF2	12	2.06%
SMG8	12	2.06%
SMOX	12	2.06%
SMURF1	12	2.06%
SNCAIP	12	2.06%
SNRK	12	2.06%
SNTG2	12	2.06%
SNX1	12	2.06%
SNX18	12	2.06%
SNX33	12	2.06%
SORT1	12	2.06%
SP100	12	2.06%
SPATA20	12	2.06%
SPECC1L	12	2.06%
SPG7	12	2.06%
SPIDR	12	2.06%
SPPL2C	12	2.06%
SPTLC3	12	2.06%
SREBF1	12	2.06%
SREBF2	12	2.06%
SREK1IP1	12	2.06%
SRP72	12	2.06%
SSBP4	12	2.06%
STAG2	12	2.06%
STARD13	12	2.06%
STAU2	12	2.06%
STIL	12	2.06%
STON2	12	2.06%
STRN3	12	2.06%
STT3A	12	2.06%
STXBP1	12	2.06%
STXBP5	12	2.06%
SUCLA2	12	2.06%
SYT3	12	2.06%
SYT4	12	2.06%
SYTL5	12	2.06%
TAB2	12	2.06%
TAF4B	12	2.06%
TAF5	12	2.06%
TAS1R1	12	2.06%
TAS1R3	12	2.06%
TBC1D17	12	2.06%
TBK1	12	2.06%
TBL1XR1	12	2.06%
TBXAS1	12	2.06%
TCF3	12	2.06%
TCF7	12	2.06%
TCHP	12	2.06%
TDO2	12	2.06%
TDRD1	12	2.06%
TEKT3	12	2.06%
TFR2	12	2.06%
TKTL2	12	2.06%
TMC4	12	2.06%
TMCO3	12	2.06%
TMEM181	12	2.06%
TMEM260	12	2.06%
TMEM63C	12	2.06%
TMPRSS12	12	2.06%
TOX	12	2.06%
TP73	12	2.06%
TREH	12	2.06%
TRIM2	12	2.06%
TRIM35	12	2.06%
TRIM6	12	2.06%
TRIP4	12	2.06%
TRPC4AP	12	2.06%
TSHR	12	2.06%
TSPYL5	12	2.06%
TSPYL6	12	2.06%
TTC16	12	2.06%
TTC30B	12	2.06%
TTC39C	12	2.06%
TUBA3E	12	2.06%
TXNDC2	12	2.06%
TXNRD1	12	2.06%
TYW1	12	2.06%
UBASH3B	12	2.06%
UBQLNL	12	2.06%
UBXN4	12	2.06%
UGP2	12	2.06%
UGT2A1	12	2.06%
UGT2A3	12	2.06%
UNK	12	2.06%
USP13	12	2.06%
USP38	12	2.06%
USP5	12	2.06%
USP6NL	12	2.06%
UST	12	2.06%
VANGL1	12	2.06%
VANGL2	12	2.06%
VMP1	12	2.06%
VPS54	12	2.06%
WDCP	12	2.06%
WDR81	12	2.06%
XPNPEP3	12	2.06%
XRN2	12	2.06%
YIF1A	12	2.06%
YY1AP1	12	2.06%
ZBP1	12	2.06%
ZBTB11	12	2.06%
ZBTB22	12	2.06%
ZBTB4	12	2.06%
ZC3H12A	12	2.06%
ZC3H12B	12	2.06%
ZC3H7A	12	2.06%
ZC3H7B	12	2.06%
ZCCHC14	12	2.06%
ZDHHC5	12	2.06%
ZFP2	12	2.06%
ZFP37	12	2.06%
ZFP64	12	2.06%
ZFPM1	12	2.06%
ZMYND11	12	2.06%
ZNF14	12	2.06%
ZNF175	12	2.06%
ZNF20	12	2.06%
ZNF214	12	2.06%
ZNF234	12	2.06%
ZNF33B	12	2.06%
ZNF385A	12	2.06%
ZNF432	12	2.06%
ZNF484	12	2.06%
ZNF491	12	2.06%
ZNF529	12	2.06%
ZNF530	12	2.06%
ZNF549	12	2.06%
ZNF559	12	2.06%
ZNF564	12	2.06%
ZNF597	12	2.06%
ZNF600	12	2.06%
ZNF614	12	2.06%
ZNF665	12	2.06%
ZNF668	12	2.06%
ZNF671	12	2.06%
ZNF692	12	2.06%
ZNF699	12	2.06%
ZNF746	12	2.06%
ZNF777	12	2.06%
ZNF791	12	2.06%
ZNF829	12	2.06%
ZNF84	12	2.06%
ZNHIT6	12	2.06%
ZNRF3	12	2.06%
ZSWIM2	12	2.06%
ZSWIM4	12	2.06%
ZSWIM5	12	2.06%
ZZZ3	12	2.06%
AADACL4	11	1.89%
AARS1	11	1.89%
ABCB6	11	1.89%
ABI3	11	1.89%
AC098582.1	11	1.89%
ACTR3B	11	1.89%
ADA2	11	1.89%
ADAM15	11	1.89%
ADAMTS15	11	1.89%
ADGRF3	11	1.89%
ADGRF4	11	1.89%
ADORA1	11	1.89%
ADRA1D	11	1.89%
AFAP1L1	11	1.89%
AFTPH	11	1.89%
AGBL2	11	1.89%
AIFM1	11	1.89%
AIM2	11	1.89%
AK7	11	1.89%
ALAS1	11	1.89%
ALDH1A1	11	1.89%
ALPL	11	1.89%
AMBN	11	1.89%
AMY2A	11	1.89%
ANLN	11	1.89%
ANO10	11	1.89%
AP4E1	11	1.89%
APBB1IP	11	1.89%
APLF	11	1.89%
APOBEC4	11	1.89%
AQP7	11	1.89%
ARFIP1	11	1.89%
ARHGAP10	11	1.89%
ARHGAP18	11	1.89%
ARHGEF3	11	1.89%
ARMC2	11	1.89%
ARMCX1	11	1.89%
ARMCX5	11	1.89%
ARSB	11	1.89%
ARSG	11	1.89%
ASAP3	11	1.89%
ASB15	11	1.89%
ASIC3	11	1.89%
ATG4D	11	1.89%
ATP1B4	11	1.89%
ATXN7	11	1.89%
B3GAT1	11	1.89%
BABAM2	11	1.89%
BACE2	11	1.89%
BAG6	11	1.89%
BCAR3	11	1.89%
BICD2	11	1.89%
BIRC3	11	1.89%
BMPR1A	11	1.89%
BRD7	11	1.89%
BRSK2	11	1.89%
BSX	11	1.89%
BTN2A2	11	1.89%
BTRC	11	1.89%
BZW1	11	1.89%
C11orf87	11	1.89%
C2CD6	11	1.89%
C3AR1	11	1.89%
C4orf50	11	1.89%
CA6	11	1.89%
CABS1	11	1.89%
CACNG7	11	1.89%
CAPN15	11	1.89%
CAPN2	11	1.89%
CAPN3	11	1.89%
CAPN6	11	1.89%
CAPN7	11	1.89%
CAPS2	11	1.89%
CARNS1	11	1.89%
CARS1	11	1.89%
CASK	11	1.89%
CCDC138	11	1.89%
CCDC146	11	1.89%
CCDC148	11	1.89%
CCDC151	11	1.89%
CCDC174	11	1.89%
CCDC181	11	1.89%
CCDC191	11	1.89%
CCDC30	11	1.89%
CCDC82	11	1.89%
CCDC9	11	1.89%
CCNT1	11	1.89%
CCR1	11	1.89%
CCT6A	11	1.89%
CD207	11	1.89%
CDC25B	11	1.89%
CDC27	11	1.89%
CDK1	11	1.89%
CENPU	11	1.89%
CEP131	11	1.89%
CEP41	11	1.89%
CERKL	11	1.89%
CERT1	11	1.89%
CFHR4	11	1.89%
CGAS	11	1.89%
CHIT1	11	1.89%
CHRNB2	11	1.89%
CHSY3	11	1.89%
CIAO3	11	1.89%
CIB3	11	1.89%
CLASRP	11	1.89%
CLDN10	11	1.89%
CLEC18B	11	1.89%
CLIP3	11	1.89%
CLK3	11	1.89%
CLMP	11	1.89%
CLNK	11	1.89%
CNTROB	11	1.89%
COG1	11	1.89%
COG5	11	1.89%
COL13A1	11	1.89%
COL8A1	11	1.89%
COMP	11	1.89%
CPA1	11	1.89%
CPA5	11	1.89%
CPSF2	11	1.89%
CPT1B	11	1.89%
CRYBG2	11	1.89%
CRYZ	11	1.89%
CSGALNACT2	11	1.89%
CSTF2T	11	1.89%
CSTF3	11	1.89%
CTSF	11	1.89%
CWC27	11	1.89%
CWF19L1	11	1.89%
CYP2A6	11	1.89%
CYP2C19	11	1.89%
CYP2C8	11	1.89%
CYP2D6	11	1.89%
CYP4F22	11	1.89%
DAG1	11	1.89%
DDB1	11	1.89%
DDHD2	11	1.89%
DENND1A	11	1.89%
DES	11	1.89%
DGCR8	11	1.89%
DGKE	11	1.89%
DLG3	11	1.89%
DMP1	11	1.89%
DNAH6	11	1.89%
DNAJB8	11	1.89%
DNAJC16	11	1.89%
DNAJC7	11	1.89%
DNMT3A	11	1.89%
DOK1	11	1.89%
DPP9	11	1.89%
DRC7	11	1.89%
ECEL1	11	1.89%
EDEM1	11	1.89%
EEPD1	11	1.89%
EGFL6	11	1.89%
ELAVL2	11	1.89%
ENG	11	1.89%
ENPP5	11	1.89%
ENTHD1	11	1.89%
EPHB2	11	1.89%
EPHX1	11	1.89%
EPS8L2	11	1.89%
EPS8L3	11	1.89%
EPSTI1	11	1.89%
ERCC2	11	1.89%
ERICH1	11	1.89%
ESR2	11	1.89%
ESX1	11	1.89%
EZHIP	11	1.89%
F2R	11	1.89%
FAM110B	11	1.89%
FAM120C	11	1.89%
FAM13B	11	1.89%
FAM155A	11	1.89%
FAM161A	11	1.89%
FAM161B	11	1.89%
FAM170A	11	1.89%
FAM217A	11	1.89%
FAM90A1	11	1.89%
FBLN1	11	1.89%
FBXL13	11	1.89%
FBXO31	11	1.89%
FBXO5	11	1.89%
FERMT2	11	1.89%
FEZF1	11	1.89%
FFAR3	11	1.89%
FGF14	11	1.89%
FIBCD1	11	1.89%
FKBP6	11	1.89%
FMNL1	11	1.89%
FMR1NB	11	1.89%
FOXD4L4	11	1.89%
FOXD4L5	11	1.89%
FOXN2	11	1.89%
FOXP1	11	1.89%
FPGT	11	1.89%
FRK	11	1.89%
FSD2	11	1.89%
GABRA3	11	1.89%
GABRR1	11	1.89%
GABRR2	11	1.89%
GAL3ST4	11	1.89%
GALNT15	11	1.89%
GALNT3	11	1.89%
GALNT7	11	1.89%
GALNT9	11	1.89%
GANC	11	1.89%
GAREM1	11	1.89%
GATA2	11	1.89%
GBP5	11	1.89%
GCDH	11	1.89%
GCLC	11	1.89%
GDF10	11	1.89%
GFM1	11	1.89%
GHR	11	1.89%
GIMAP1	11	1.89%
GIMAP7	11	1.89%
GJA1	11	1.89%
GJC1	11	1.89%
GLCE	11	1.89%
GLRA3	11	1.89%
GLT6D1	11	1.89%
GNB1L	11	1.89%
GNG12	11	1.89%
GOLGA1	11	1.89%
GORASP2	11	1.89%
GP5	11	1.89%
GPR174	11	1.89%
GPR22	11	1.89%
GPR26	11	1.89%
GPR87	11	1.89%
GPRC6A	11	1.89%
GRAMD1C	11	1.89%
GRIN1	11	1.89%
GSAP	11	1.89%
GXYLT1	11	1.89%
HADHB	11	1.89%
HEATR3	11	1.89%
HELLS	11	1.89%
HLCS	11	1.89%
HNRNPK	11	1.89%
HNRNPUL2	11	1.89%
HOMEZ	11	1.89%
HOOK3	11	1.89%
HOXD12	11	1.89%
HPS3	11	1.89%
HS3ST3B1	11	1.89%
HSPA6	11	1.89%
HTR3A	11	1.89%
HTR5A	11	1.89%
ICA1	11	1.89%
ICE2	11	1.89%
IFT74	11	1.89%
IFT81	11	1.89%
IGSF11	11	1.89%
IGSF22	11	1.89%
IGSF5	11	1.89%
IKBKB	11	1.89%
IKZF1	11	1.89%
IKZF2	11	1.89%
IKZF4	11	1.89%
IL13RA2	11	1.89%
IL1R1	11	1.89%
ILVBL	11	1.89%
IMMT	11	1.89%
INHA	11	1.89%
INO80D	11	1.89%
INSM2	11	1.89%
IPO4	11	1.89%
IREB2	11	1.89%
JAM3	11	1.89%
JPH1	11	1.89%
KATNB1	11	1.89%
KCNK10	11	1.89%
KCNK13	11	1.89%
KCNK18	11	1.89%
KCNS3	11	1.89%
KIF12	11	1.89%
KIF20A	11	1.89%
KIF3C	11	1.89%
KIF7	11	1.89%
KIFAP3	11	1.89%
KLHL11	11	1.89%
KLHL20	11	1.89%
KLHL30	11	1.89%
KLHL36	11	1.89%
KLHL38	11	1.89%
KLHL41	11	1.89%
KLRK1	11	1.89%
KNG1	11	1.89%
KPNA3	11	1.89%
KPNA6	11	1.89%
KRT1	11	1.89%
KRT2	11	1.89%
KRT33A	11	1.89%
KRT5	11	1.89%
L3MBTL1	11	1.89%
LILRA5	11	1.89%
LIPI	11	1.89%
LIPT1	11	1.89%
LLGL2	11	1.89%
LMCD1	11	1.89%
LMNB1	11	1.89%
LPAR4	11	1.89%
LPO	11	1.89%
LRIT2	11	1.89%
LRP3	11	1.89%
LRRC1	11	1.89%
LRRTM2	11	1.89%
LRRTM3	11	1.89%
LUC7L3	11	1.89%
LYAR	11	1.89%
MAB21L1	11	1.89%
MAGEB2	11	1.89%
MAGEC2	11	1.89%
MAGED1	11	1.89%
MAGEE2	11	1.89%
MALT1	11	1.89%
MAN2A2	11	1.89%
MAN2B1	11	1.89%
MAP3K6	11	1.89%
MAP4K1	11	1.89%
MAPK6	11	1.89%
MAPK8	11	1.89%
MARCHF4	11	1.89%
MAT2B	11	1.89%
MBOAT2	11	1.89%
MCCC2	11	1.89%
MCHR1	11	1.89%
MDH1B	11	1.89%
MEP1B	11	1.89%
METTL25	11	1.89%
MFSD1	11	1.89%
MKLN1	11	1.89%
MLIP	11	1.89%
MLLT1	11	1.89%
MMP26	11	1.89%
MMP3	11	1.89%
MMRN2	11	1.89%
MMUT	11	1.89%
MNS1	11	1.89%
MPP6	11	1.89%
MR1	11	1.89%
MROH8	11	1.89%
MTHFSD	11	1.89%
MTM1	11	1.89%
MTSS1	11	1.89%
MYF6	11	1.89%
MYNN	11	1.89%
MYSM1	11	1.89%
NAT10	11	1.89%
NCAN	11	1.89%
NDE1	11	1.89%
NEBL	11	1.89%
NEPRO	11	1.89%
NIPA2	11	1.89%
NLN	11	1.89%
NOC2L	11	1.89%
NOC4L	11	1.89%
NOP58	11	1.89%
NR1D2	11	1.89%
NR2C2	11	1.89%
NR2E1	11	1.89%
NR4A3	11	1.89%
NRP1	11	1.89%
NT5C2	11	1.89%
NUDCD1	11	1.89%
NUDT7	11	1.89%
NUF2	11	1.89%
NUFIP1	11	1.89%
NXF1	11	1.89%
OAS3	11	1.89%
OLFML1	11	1.89%
OPRD1	11	1.89%
OPRK1	11	1.89%
OPRM1	11	1.89%
OR10G9	11	1.89%
OR11H1	11	1.89%
OR13C8	11	1.89%
OR14A16	11	1.89%
OR14C36	11	1.89%
OR2H1	11	1.89%
OR2Y1	11	1.89%
OR4A47	11	1.89%
OR4C16	11	1.89%
OR4K15	11	1.89%
OR4Q3	11	1.89%
OR51E1	11	1.89%
OR51E2	11	1.89%
OR56A4	11	1.89%
OR5B3	11	1.89%
OR6K3	11	1.89%
OR8K3	11	1.89%
OR9Q2	11	1.89%
ORC3	11	1.89%
OSBPL11	11	1.89%
OSBPL2	11	1.89%
OSBPL8	11	1.89%
OSR2	11	1.89%
OTUD6A	11	1.89%
OTX2	11	1.89%
PABPC1	11	1.89%
PADI6	11	1.89%
PAK4	11	1.89%
PALLD	11	1.89%
PARP15	11	1.89%
PAX1	11	1.89%
PCIF1	11	1.89%
PCNX4	11	1.89%
PDE1A	11	1.89%
PDE8A	11	1.89%
PDZD7	11	1.89%
PFKFB2	11	1.89%
PGK2	11	1.89%
PHACTR4	11	1.89%
PHC3	11	1.89%
PHF12	11	1.89%
PHF20	11	1.89%
PHF23	11	1.89%
PHF24	11	1.89%
PHKA1	11	1.89%
PI15	11	1.89%
PIAS3	11	1.89%
PIK3C3	11	1.89%
PIK3CB	11	1.89%
PIK3R2	11	1.89%
PKP1	11	1.89%
PLA1A	11	1.89%
PLD5	11	1.89%
PLEK	11	1.89%
PLEKHM3	11	1.89%
PLK4	11	1.89%
PLS1	11	1.89%
PLTP	11	1.89%
POLDIP3	11	1.89%
POMT1	11	1.89%
POR	11	1.89%
POT1	11	1.89%
PPHLN1	11	1.89%
PPP1R12A	11	1.89%
PPP1R3F	11	1.89%
PPP3CB	11	1.89%
PPP4R3A	11	1.89%
PPP4R3B	11	1.89%
PRAMEF19	11	1.89%
PRKCD	11	1.89%
PRKD2	11	1.89%
PRKRA	11	1.89%
PRLHR	11	1.89%
PRMT3	11	1.89%
PROSER1	11	1.89%
PRPF40A	11	1.89%
PTDSS1	11	1.89%
PTHLH	11	1.89%
PUM2	11	1.89%
PUS10	11	1.89%
PUS3	11	1.89%
QARS1	11	1.89%
RAB11FIP4	11	1.89%
RAB34	11	1.89%
RAB6B	11	1.89%
RABGGTA	11	1.89%
RAD54B	11	1.89%
RAE1	11	1.89%
RALGDS	11	1.89%
RANBP9	11	1.89%
RAP1GDS1	11	1.89%
RAPGEF5	11	1.89%
RBM28	11	1.89%
RBM42	11	1.89%
RBM48	11	1.89%
RC3H2	11	1.89%
REL	11	1.89%
RFX2	11	1.89%
RGMB	11	1.89%
RGS7	11	1.89%
RHBG	11	1.89%
RHOBTB3	11	1.89%
RHPN1	11	1.89%
RIN3	11	1.89%
RIOK1	11	1.89%
RNF113B	11	1.89%
RNF148	11	1.89%
RNF165	11	1.89%
RNF169	11	1.89%
RNF220	11	1.89%
RNF25	11	1.89%
RPAP1	11	1.89%
RPS6KA4	11	1.89%
RSPH6A	11	1.89%
RSPO2	11	1.89%
RSPO3	11	1.89%
RTCB	11	1.89%
RTP1	11	1.89%
RUBCNL	11	1.89%
RUFY1	11	1.89%
RXFP1	11	1.89%
RXRA	11	1.89%
RYK	11	1.89%
SART3	11	1.89%
SASS6	11	1.89%
SCEL	11	1.89%
SCFD2	11	1.89%
SCLT1	11	1.89%
SCML2	11	1.89%
SCYL3	11	1.89%
SDSL	11	1.89%
SEC23A	11	1.89%
SEC23IP	11	1.89%
SEC31B	11	1.89%
SEMA4A	11	1.89%
SERPINE2	11	1.89%
SETD3	11	1.89%
SEZ6	11	1.89%
SF3B3	11	1.89%
SFPQ	11	1.89%
SGIP1	11	1.89%
SGPP1	11	1.89%
SHOC2	11	1.89%
SIDT2	11	1.89%
SIGLEC11	11	1.89%
SIGLEC5	11	1.89%
SIGLEC6	11	1.89%
SIGLEC9	11	1.89%
SIRPB1	11	1.89%
SLC16A10	11	1.89%
SLC17A9	11	1.89%
SLC1A7	11	1.89%
SLC20A2	11	1.89%
SLC22A15	11	1.89%
SLC26A2	11	1.89%
SLC27A3	11	1.89%
SLC28A3	11	1.89%
SLC2A13	11	1.89%
SLC2A3	11	1.89%
SLC2A9	11	1.89%
SLC35G2	11	1.89%
SLC38A1	11	1.89%
SLC46A3	11	1.89%
SLC49A3	11	1.89%
SLC5A6	11	1.89%
SLC6A16	11	1.89%
SLC7A10	11	1.89%
SLC7A11	11	1.89%
SLC8B1	11	1.89%
SLC9A2	11	1.89%
SLC9A5	11	1.89%
SLCO1A2	11	1.89%
SLCO1C1	11	1.89%
SMARCC1	11	1.89%
SMC3	11	1.89%
SMPD1	11	1.89%
SMPD4	11	1.89%
SNW1	11	1.89%
SNX14	11	1.89%
SNX31	11	1.89%
SOX17	11	1.89%
SP140L	11	1.89%
SPAM1	11	1.89%
SPATA16	11	1.89%
SPATA31A3	11	1.89%
SPATC1	11	1.89%
SPICE1	11	1.89%
SPOPL	11	1.89%
SPTLC2	11	1.89%
SRPK2	11	1.89%
SRPX	11	1.89%
SSBP3	11	1.89%
ST14	11	1.89%
ST6GALNAC5	11	1.89%
STAT4	11	1.89%
STAT5A	11	1.89%
STAU1	11	1.89%
STK33	11	1.89%
STT3B	11	1.89%
SUSD1	11	1.89%
SUSD4	11	1.89%
SYDE1	11	1.89%
SYNCRIP	11	1.89%
SYT5	11	1.89%
SYT9	11	1.89%
SYTL1	11	1.89%
TAAR9	11	1.89%
TACC3	11	1.89%
TADA3	11	1.89%
TAF7L	11	1.89%
TAS2R10	11	1.89%
TATDN2	11	1.89%
TBC1D16	11	1.89%
TBC1D23	11	1.89%
TBCD	11	1.89%
TBR1	11	1.89%
TBX15	11	1.89%
TBX2	11	1.89%
TEKT5	11	1.89%
TENT4B	11	1.89%
TESK2	11	1.89%
TEX47	11	1.89%
THBS4	11	1.89%
TIAL1	11	1.89%
TKFC	11	1.89%
TLE1	11	1.89%
TLR2	11	1.89%
TLR4	11	1.89%
TLR6	11	1.89%
TM9SF2	11	1.89%
TMC1	11	1.89%
TMCC3	11	1.89%
TMCO6	11	1.89%
TMEFF1	11	1.89%
TMEM104	11	1.89%
TMEM108	11	1.89%
TMEM200C	11	1.89%
TMEM60	11	1.89%
TMEM63A	11	1.89%
TMPRSS6	11	1.89%
TNS4	11	1.89%
TPCN1	11	1.89%
TPX2	11	1.89%
TRAF3	11	1.89%
TRAIP	11	1.89%
TRIM17	11	1.89%
TRIM29	11	1.89%
TRIM41	11	1.89%
TRIM56	11	1.89%
TRIM69	11	1.89%
TRIP6	11	1.89%
TRPV1	11	1.89%
TRPV4	11	1.89%
TSPEAR	11	1.89%
TSPYL2	11	1.89%
TTC13	11	1.89%
TTC30A	11	1.89%
TTC7A	11	1.89%
TTLL8	11	1.89%
TUBB4A	11	1.89%
TXK	11	1.89%
TXLNA	11	1.89%
TXNRD2	11	1.89%
UGDH	11	1.89%
UGT2B10	11	1.89%
UGT2B11	11	1.89%
UGT2B4	11	1.89%
USH1G	11	1.89%
USP11	11	1.89%
USP17L2	11	1.89%
USP9Y	11	1.89%
UTP25	11	1.89%
VAT1L	11	1.89%
VEZT	11	1.89%
VNN1	11	1.89%
VPS16	11	1.89%
VPS53	11	1.89%
VSTM2A	11	1.89%
VWA2	11	1.89%
VWCE	11	1.89%
WASHC5	11	1.89%
WBP4	11	1.89%
WDR45	11	1.89%
WDR5	11	1.89%
WDR70	11	1.89%
WDR75	11	1.89%
WEE2	11	1.89%
WHAMM	11	1.89%
WIPF3	11	1.89%
WNT2	11	1.89%
WRAP53	11	1.89%
XKR7	11	1.89%
XPO7	11	1.89%
XRCC6	11	1.89%
YME1L1	11	1.89%
ZBTB49	11	1.89%
ZC3H3	11	1.89%
ZER1	11	1.89%
ZFP3	11	1.89%
ZFP30	11	1.89%
ZFP42	11	1.89%
ZMAT3	11	1.89%
ZMIZ1	11	1.89%
ZMYND15	11	1.89%
ZNF100	11	1.89%
ZNF135	11	1.89%
ZNF157	11	1.89%
ZNF211	11	1.89%
ZNF221	11	1.89%
ZNF254	11	1.89%
ZNF264	11	1.89%
ZNF286A	11	1.89%
ZNF311	11	1.89%
ZNF317	11	1.89%
ZNF354B	11	1.89%
ZNF384	11	1.89%
ZNF415	11	1.89%
ZNF417	11	1.89%
ZNF430	11	1.89%
ZNF439	11	1.89%
ZNF510	11	1.89%
ZNF562	11	1.89%
ZNF570	11	1.89%
ZNF577	11	1.89%
ZNF605	11	1.89%
ZNF606	11	1.89%
ZNF618	11	1.89%
ZNF625	11	1.89%
ZNF628	11	1.89%
ZNF652	11	1.89%
ZNF660	11	1.89%
ZNF680	11	1.89%
ZNF689	11	1.89%
ZNF701	11	1.89%
ZNF704	11	1.89%
ZNF773	11	1.89%
ZNF775	11	1.89%
ZNF780B	11	1.89%
ZNF813	11	1.89%
ZP2	11	1.89%
ZSCAN5B	11	1.89%
ZYG11B	11	1.89%
AACS	10	1.72%
AADAC	10	1.72%
AADACL2	10	1.72%
AAK1	10	1.72%
ABCD4	10	1.72%
ABCG1	10	1.72%
AC013489.1	10	1.72%
ACAD9	10	1.72%
ACAP3	10	1.72%
ACOX3	10	1.72%
ACOXL	10	1.72%
ACSF3	10	1.72%
ACSM5	10	1.72%
ACTB	10	1.72%
ACTR1B	10	1.72%
ADAM33	10	1.72%
ADD1	10	1.72%
ADGRA1	10	1.72%
ADSL	10	1.72%
ADSS1	10	1.72%
AGTR2	10	1.72%
AHCYL1	10	1.72%
AHCYL2	10	1.72%
AL645922.1	10	1.72%
ALDH18A1	10	1.72%
ALDH3A1	10	1.72%
ALDH4A1	10	1.72%
ALG10B	10	1.72%
ALLC	10	1.72%
ALOX15B	10	1.72%
ALPI	10	1.72%
AMHR2	10	1.72%
AMIGO2	10	1.72%
AMZ1	10	1.72%
ANAPC2	10	1.72%
ANGEL1	10	1.72%
ANKLE2	10	1.72%
ANKRD6	10	1.72%
ANO1	10	1.72%
AP002512.3	10	1.72%
AP002748.5	10	1.72%
AP1G1	10	1.72%
AP1S1	10	1.72%
APC2	10	1.72%
APLNR	10	1.72%
APMAP	10	1.72%
ARHGAP19	10	1.72%
ARHGEF4	10	1.72%
ARID5A	10	1.72%
ARSA	10	1.72%
ARSL	10	1.72%
ART5	10	1.72%
ASTE1	10	1.72%
ATAT1	10	1.72%
ATP13A1	10	1.72%
ATPSCKMT	10	1.72%
B3GNT2	10	1.72%
B4GALT3	10	1.72%
BAIAP3	10	1.72%
BBS7	10	1.72%
BCAT1	10	1.72%
BLZF1	10	1.72%
BMERB1	10	1.72%
BMP2K	10	1.72%
BNIP5	10	1.72%
BPIFB4	10	1.72%
BTBD16	10	1.72%
BTK	10	1.72%
C4BPA	10	1.72%
C5orf34	10	1.72%
C9orf131	10	1.72%
C9orf43	10	1.72%
CABYR	10	1.72%
CACNB1	10	1.72%
CACNG2	10	1.72%
CAPSL	10	1.72%
CASP4	10	1.72%
CATSPER3	10	1.72%
CATSPER4	10	1.72%
CAVIN1	10	1.72%
CAVIN2	10	1.72%
CAVIN4	10	1.72%
CBX6	10	1.72%
CC2D2B	10	1.72%
CCDC105	10	1.72%
CCDC112	10	1.72%
CCDC120	10	1.72%
CCDC125	10	1.72%
CCDC157	10	1.72%
CCDC8	10	1.72%
CCDC96	10	1.72%
CCKAR	10	1.72%
CCR7	10	1.72%
CCT6B	10	1.72%
CD2AP	10	1.72%
CD2BP2	10	1.72%
CD96	10	1.72%
CDC16	10	1.72%
CDC23	10	1.72%
CDC25C	10	1.72%
CDH5	10	1.72%
CDHR1	10	1.72%
CDK16	10	1.72%
CDK8	10	1.72%
CDKL2	10	1.72%
CELF2	10	1.72%
CEP57	10	1.72%
CEP97	10	1.72%
CFAP20DC	10	1.72%
CFAP77	10	1.72%
CHD1L	10	1.72%
CHEK1	10	1.72%
CHML	10	1.72%
CHPF	10	1.72%
CHRDL2	10	1.72%
CHRNA3	10	1.72%
CHRNB1	10	1.72%
CHST6	10	1.72%
CLCN7	10	1.72%
CLDN18	10	1.72%
CLEC4D	10	1.72%
CLINT1	10	1.72%
CLK1	10	1.72%
CLPTM1	10	1.72%
CMAS	10	1.72%
CNDP2	10	1.72%
CNGA4	10	1.72%
CNOT3	10	1.72%
COL9A3	10	1.72%
COLQ	10	1.72%
COP1	10	1.72%
COPS2	10	1.72%
COQ8A	10	1.72%
COX10	10	1.72%
CPEB3	10	1.72%
CPNE2	10	1.72%
CREB3	10	1.72%
CREB5	10	1.72%
CRHR2	10	1.72%
CRISP1	10	1.72%
CRPPA	10	1.72%
CRY1	10	1.72%
CRYGA	10	1.72%
CSNK1D	10	1.72%
CSNK1E	10	1.72%
CSRNP1	10	1.72%
CX3CR1	10	1.72%
CXCR2	10	1.72%
CXorf66	10	1.72%
CYP1A1	10	1.72%
CYP26A1	10	1.72%
CYP26B1	10	1.72%
CYP2F1	10	1.72%
CYP2R1	10	1.72%
CYP3A7	10	1.72%
CYP4A22	10	1.72%
DAPK3	10	1.72%
DBF4	10	1.72%
DBH	10	1.72%
DBT	10	1.72%
DCAF11	10	1.72%
DCBLD2	10	1.72%
DCDC2	10	1.72%
DCLRE1A	10	1.72%
DDIAS	10	1.72%
DDX4	10	1.72%
DDX55	10	1.72%
DHODH	10	1.72%
DHX33	10	1.72%
DKK4	10	1.72%
DLD	10	1.72%
DLG1	10	1.72%
DLG4	10	1.72%
DMRT3	10	1.72%
DNAJC11	10	1.72%
DNAJC21	10	1.72%
DNAJC3	10	1.72%
DNAJC6	10	1.72%
DNM1L	10	1.72%
DOK7	10	1.72%
DPEP2	10	1.72%
DSTN	10	1.72%
DTL	10	1.72%
DYM	10	1.72%
EDAR	10	1.72%
EFTUD2	10	1.72%
EHBP1L1	10	1.72%
EHD1	10	1.72%
EHD4	10	1.72%
EID3	10	1.72%
EIF2B5	10	1.72%
EIF3J	10	1.72%
ELK3	10	1.72%
ELL3	10	1.72%
ELOA	10	1.72%
ELOVL2	10	1.72%
ELP2	10	1.72%
EMID1	10	1.72%
EML3	10	1.72%
EPC1	10	1.72%
ERAP2	10	1.72%
ERRFI1	10	1.72%
ESYT1	10	1.72%
EVX2	10	1.72%
EXOC2	10	1.72%
EXOC3	10	1.72%
EXOC8	10	1.72%
F11	10	1.72%
FAAP100	10	1.72%
FAF1	10	1.72%
FAM111B	10	1.72%
FAM124A	10	1.72%
FAM160B2	10	1.72%
FAM83G	10	1.72%
FAM98A	10	1.72%
FAR2	10	1.72%
FBP2	10	1.72%
FBXL5	10	1.72%
FBXO41	10	1.72%
FBXO42	10	1.72%
FBXO47	10	1.72%
FCHO1	10	1.72%
FCN2	10	1.72%
FEZ1	10	1.72%
FGD3	10	1.72%
FGF12	10	1.72%
FGF23	10	1.72%
FIP1L1	10	1.72%
FKTN	10	1.72%
FLI1	10	1.72%
FMN1	10	1.72%
FMO1	10	1.72%
FMO2	10	1.72%
FOXP4	10	1.72%
FOXRED2	10	1.72%
FRRS1L	10	1.72%
FRS3	10	1.72%
FSD1	10	1.72%
FTMT	10	1.72%
FUT8	10	1.72%
FZD9	10	1.72%
G6PD	10	1.72%
GAB1	10	1.72%
GALNT11	10	1.72%
GALR1	10	1.72%
GARRE1	10	1.72%
GAS2L2	10	1.72%
GAS2L3	10	1.72%
GATA1	10	1.72%
GBP3	10	1.72%
GCK	10	1.72%
GCNT1	10	1.72%
GDAP2	10	1.72%
GDPD2	10	1.72%
GEMIN4	10	1.72%
GFPT1	10	1.72%
GFRA2	10	1.72%
GJB3	10	1.72%
GLB1	10	1.72%
GLIPR1	10	1.72%
GLRX3	10	1.72%
GMIP	10	1.72%
GML	10	1.72%
GMPPA	10	1.72%
GNA14	10	1.72%
GNAO1	10	1.72%
GNAQ	10	1.72%
GNAZ	10	1.72%
GNRHR	10	1.72%
GORASP1	10	1.72%
GPBP1	10	1.72%
GPC4	10	1.72%
GPM6A	10	1.72%
GPR155	10	1.72%
GPR171	10	1.72%
GPR6	10	1.72%
GRAMD1A	10	1.72%
GREM2	10	1.72%
GRIN2D	10	1.72%
GRK5	10	1.72%
GRK6	10	1.72%
GRN	10	1.72%
GRXCR1	10	1.72%
GSDMC	10	1.72%
GSPT2	10	1.72%
GTF2F1	10	1.72%
H1-2	10	1.72%
HADHA	10	1.72%
HASPIN	10	1.72%
HAVCR2	10	1.72%
HDGF	10	1.72%
HEATR9	10	1.72%
HECTD3	10	1.72%
HIPK3	10	1.72%
HJV	10	1.72%
HLA-C	10	1.72%
HLF	10	1.72%
HMGCR	10	1.72%
HMX2	10	1.72%
HNF1B	10	1.72%
HNF4A	10	1.72%
HNRNPAB	10	1.72%
HOOK2	10	1.72%
HOXB3	10	1.72%
HPS1	10	1.72%
HS3ST2	10	1.72%
HS6ST2	10	1.72%
HSD17B2	10	1.72%
HSD3B1	10	1.72%
HTR2A	10	1.72%
HTR3B	10	1.72%
HTRA1	10	1.72%
HYAL4	10	1.72%
IFIT1	10	1.72%
IGF2	10	1.72%
IGHE	10	1.72%
IHH	10	1.72%
IHO1	10	1.72%
IL17RA	10	1.72%
IL20RA	10	1.72%
IL5RA	10	1.72%
IMPDH2	10	1.72%
INCENP	10	1.72%
INO80E	10	1.72%
INSL6	10	1.72%
INSYN2A	10	1.72%
IP6K3	10	1.72%
IQCB1	10	1.72%
IRX3	10	1.72%
IRX5	10	1.72%
ISG20L2	10	1.72%
ISLR	10	1.72%
ITCH	10	1.72%
ITGA2	10	1.72%
ITGBL1	10	1.72%
JAML	10	1.72%
JMY	10	1.72%
JPH2	10	1.72%
KATNAL1	10	1.72%
KBTBD12	10	1.72%
KBTBD8	10	1.72%
KCNAB3	10	1.72%
KCNJ1	10	1.72%
KCNJ2	10	1.72%
KCNK9	10	1.72%
KCNN2	10	1.72%
KCNS1	10	1.72%
KCTD16	10	1.72%
KDM1B	10	1.72%
KDM3A	10	1.72%
KDM4C	10	1.72%
KERA	10	1.72%
KIAA1841	10	1.72%
KIAA1958	10	1.72%
KIF23	10	1.72%
KIFC1	10	1.72%
KIR2DL1	10	1.72%
KIR3DL2	10	1.72%
KIR3DL3	10	1.72%
KLF8	10	1.72%
KLHL3	10	1.72%
KLHL31	10	1.72%
KLHL7	10	1.72%
KPNA4	10	1.72%
KRI1	10	1.72%
KRR1	10	1.72%
KRT10	10	1.72%
KRT33B	10	1.72%
KRTAP24-1	10	1.72%
KYAT3	10	1.72%
LACTB	10	1.72%
LCMT2	10	1.72%
LDHAL6B	10	1.72%
LDLRAD3	10	1.72%
LDOC1	10	1.72%
LEF1	10	1.72%
LGALS4	10	1.72%
LGI1	10	1.72%
LGSN	10	1.72%
LHX9	10	1.72%
LILRA4	10	1.72%
LIX1	10	1.72%
LMAN1	10	1.72%
LMNTD1	10	1.72%
LMOD2	10	1.72%
LONP1	10	1.72%
LONP2	10	1.72%
LONRF3	10	1.72%
LPCAT1	10	1.72%
LPCAT4	10	1.72%
LPIN2	10	1.72%
LRIF1	10	1.72%
LRRC18	10	1.72%
LRRC30	10	1.72%
LRRC37B	10	1.72%
LRRC40	10	1.72%
LRRC4B	10	1.72%
LRRC8A	10	1.72%
LRRC8C	10	1.72%
LRRC8E	10	1.72%
LSP1	10	1.72%
LSS	10	1.72%
MACROD2	10	1.72%
MAGEB4	10	1.72%
MAN1A2	10	1.72%
MAN2B2	10	1.72%
MAP4K5	10	1.72%
MAP6	10	1.72%
MARCHF6	10	1.72%
MARCHF7	10	1.72%
MAU2	10	1.72%
MBOAT1	10	1.72%
MCMDC2	10	1.72%
ME2	10	1.72%
MEAK7	10	1.72%
MED16	10	1.72%
MEP1A	10	1.72%
METTL6	10	1.72%
MFAP3L	10	1.72%
MFSD2A	10	1.72%
MIB2	10	1.72%
MMD2	10	1.72%
MMEL1	10	1.72%
MMP10	10	1.72%
MOG	10	1.72%
MPHOSPH10	10	1.72%
MPP3	10	1.72%
MRAP2	10	1.72%
MRGPRX2	10	1.72%
MRPL39	10	1.72%
MSC	10	1.72%
MSL2	10	1.72%
MTMR11	10	1.72%
MTMR7	10	1.72%
MTPAP	10	1.72%
MTRR	10	1.72%
MX2	10	1.72%
MYBL2	10	1.72%
MYO1C	10	1.72%
MYPOP	10	1.72%
MYRF	10	1.72%
MZF1	10	1.72%
NADSYN1	10	1.72%
NAF1	10	1.72%
NASP	10	1.72%
NCOA4	10	1.72%
NCSTN	10	1.72%
NEIL1	10	1.72%
NEK3	10	1.72%
NET1	10	1.72%
NMT1	10	1.72%
NOC3L	10	1.72%
NOD1	10	1.72%
NOP56	10	1.72%
NOX5	10	1.72%
NPSR1	10	1.72%
NR1D1	10	1.72%
NR1H3	10	1.72%
NR1H4	10	1.72%
NSFL1C	10	1.72%
NT5DC3	10	1.72%
NTN1	10	1.72%
NTRK1	10	1.72%
NUMB	10	1.72%
NUP88	10	1.72%
NYX	10	1.72%
OBI1	10	1.72%
ODF3L2	10	1.72%
OGFRL1	10	1.72%
OOEP	10	1.72%
OR10T2	10	1.72%
OR12D2	10	1.72%
OR13C4	10	1.72%
OR13D1	10	1.72%
OR13F1	10	1.72%
OR14K1	10	1.72%
OR1A2	10	1.72%
OR1G1	10	1.72%
OR1L1	10	1.72%
OR2G6	10	1.72%
OR2L2	10	1.72%
OR2W3	10	1.72%
OR4C46	10	1.72%
OR4D5	10	1.72%
OR4S1	10	1.72%
OR4X1	10	1.72%
OR51B2	10	1.72%
OR51V1	10	1.72%
OR5L2	10	1.72%
OR5M3	10	1.72%
OR5M8	10	1.72%
OR6C68	10	1.72%
OR6M1	10	1.72%
OR6T1	10	1.72%
OR8H3	10	1.72%
OVGP1	10	1.72%
OXA1L	10	1.72%
OXSM	10	1.72%
P2RY13	10	1.72%
P2RY4	10	1.72%
P3H2	10	1.72%
P4HB	10	1.72%
PACRG	10	1.72%
PACS1	10	1.72%
PADI3	10	1.72%
PAF1	10	1.72%
PAK1	10	1.72%
PANK1	10	1.72%
PARP10	10	1.72%
PARPBP	10	1.72%
PBXIP1	10	1.72%
PCED1B	10	1.72%
PCGF2	10	1.72%
PCMTD1	10	1.72%
PCSK6	10	1.72%
PCYT1B	10	1.72%
PDE6B	10	1.72%
PDE7A	10	1.72%
PDIA5	10	1.72%
PELI3	10	1.72%
PER2	10	1.72%
PEX6	10	1.72%
PGAP1	10	1.72%
PGAP4	10	1.72%
PGAP6	10	1.72%
PGBD1	10	1.72%
PHF1	10	1.72%
PHOX2B	10	1.72%
PHTF2	10	1.72%
PIGB	10	1.72%
PINK1	10	1.72%
PIPOX	10	1.72%
PKD1L2	10	1.72%
PKNOX2	10	1.72%
PLA2G4D	10	1.72%
PLA2G4F	10	1.72%
PLA2G7	10	1.72%
PLEKHA2	10	1.72%
PLEKHG3	10	1.72%
PLEKHH3	10	1.72%
PMFBP1	10	1.72%
POF1B	10	1.72%
POMGNT1	10	1.72%
PON3	10	1.72%
PPARA	10	1.72%
PPIL4	10	1.72%
PPM1A	10	1.72%
PPM1D	10	1.72%
PPP2R2A	10	1.72%
PPP2R3B	10	1.72%
PPP3CA	10	1.72%
PRAMEF12	10	1.72%
PRAMEF18	10	1.72%
PRDM14	10	1.72%
PRKACG	10	1.72%
PRLR	10	1.72%
PRMT7	10	1.72%
PRR23B	10	1.72%
PSG7	10	1.72%
PTER	10	1.72%
PTGS1	10	1.72%
PTPRE	10	1.72%
PWWP3A	10	1.72%
QRSL1	10	1.72%
RABGEF1	10	1.72%
RABGGTB	10	1.72%
RAD18	10	1.72%
RALBP1	10	1.72%
RANBP3	10	1.72%
RASGEF1B	10	1.72%
RASGRP1	10	1.72%
RBMS3	10	1.72%
RBSN	10	1.72%
RCOR3	10	1.72%
RELA	10	1.72%
REM1	10	1.72%
RGL1	10	1.72%
RGS14	10	1.72%
RIPOR2	10	1.72%
RIT2	10	1.72%
RNF168	10	1.72%
RNF19A	10	1.72%
RNF8	10	1.72%
RPA1	10	1.72%
RPS6KA3	10	1.72%
RPS6KA5	10	1.72%
RSBN1	10	1.72%
RSBN1L	10	1.72%
RTF1	10	1.72%
RTL1	10	1.72%
RTP5	10	1.72%
RUVBL1	10	1.72%
RWDD2B	10	1.72%
S1PR5	10	1.72%
SAXO2	10	1.72%
SC5D	10	1.72%
SCARB2	10	1.72%
SCG3	10	1.72%
SCML4	10	1.72%
SCNN1B	10	1.72%
SCUBE1	10	1.72%
SEC16B	10	1.72%
SELL	10	1.72%
SEMA4B	10	1.72%
SEPTIN4	10	1.72%
SERPINB10	10	1.72%
SERPINB13	10	1.72%
SERPINB7	10	1.72%
SERPINE1	10	1.72%
SF3B4	10	1.72%
SGCD	10	1.72%
SGCE	10	1.72%
SH3BP2	10	1.72%
SH3KBP1	10	1.72%
SHE	10	1.72%
SHKBP1	10	1.72%
SHTN1	10	1.72%
SIGLEC7	10	1.72%
SIRPA	10	1.72%
SKA3	10	1.72%
SLC11A2	10	1.72%
SLC14A1	10	1.72%
SLC16A12	10	1.72%
SLC17A1	10	1.72%
SLC17A8	10	1.72%
SLC18A1	10	1.72%
SLC22A13	10	1.72%
SLC22A2	10	1.72%
SLC22A3	10	1.72%
SLC24A4	10	1.72%
SLC27A2	10	1.72%
SLC28A1	10	1.72%
SLC2A10	10	1.72%
SLC2A2	10	1.72%
SLC2A4	10	1.72%
SLC37A2	10	1.72%
SLC38A6	10	1.72%
SLC39A7	10	1.72%
SLC44A2	10	1.72%
SLC45A2	10	1.72%
SLC6A17	10	1.72%
SLC9A8	10	1.72%
SLMAP	10	1.72%
SMARCD1	10	1.72%
SMOC1	10	1.72%
SNAP47	10	1.72%
SNAPC1	10	1.72%
SNX15	10	1.72%
SOX13	10	1.72%
SPANXN2	10	1.72%
SPARC	10	1.72%
SPEM2	10	1.72%
SPOCD1	10	1.72%
SPTLC1	10	1.72%
SRBD1	10	1.72%
SRPK3	10	1.72%
SSRP1	10	1.72%
STK39	10	1.72%
STK4	10	1.72%
STRA8	10	1.72%
STRBP	10	1.72%
STRN	10	1.72%
STX11	10	1.72%
STXBP3	10	1.72%
SULT6B1	10	1.72%
SUN1	10	1.72%
SUN3	10	1.72%
SUPT20HL1	10	1.72%
SUPT20HL2	10	1.72%
SYBU	10	1.72%
SYK	10	1.72%
SYN1	10	1.72%
SYT12	10	1.72%
SYT14	10	1.72%
TAAR6	10	1.72%
TACC1	10	1.72%
TAF6L	10	1.72%
TAP1	10	1.72%
TARBP1	10	1.72%
TARS1	10	1.72%
TAS2R1	10	1.72%
TBC1D12	10	1.72%
TBC1D15	10	1.72%
TBC1D2	10	1.72%
TBCCD1	10	1.72%
TBRG4	10	1.72%
TBX22	10	1.72%
TCHHL1	10	1.72%
TCP11	10	1.72%
TDRKH	10	1.72%
TDRP	10	1.72%
TELO2	10	1.72%
TFDP1	10	1.72%
TFE3	10	1.72%
TFRC	10	1.72%
TGM1	10	1.72%
THNSL1	10	1.72%
THYN1	10	1.72%
TIGD2	10	1.72%
TIGD7	10	1.72%
TINAG	10	1.72%
TLCD3B	10	1.72%
TLK1	10	1.72%
TLK2	10	1.72%
TMCC1	10	1.72%
TMCC2	10	1.72%
TMEFF2	10	1.72%
TMEM117	10	1.72%
TMEM175	10	1.72%
TMEM26	10	1.72%
TMEM39A	10	1.72%
TMPRSS11B	10	1.72%
TMPRSS7	10	1.72%
TMTC4	10	1.72%
TMX3	10	1.72%
TNFRSF10A	10	1.72%
TNFRSF11B	10	1.72%
TNK1	10	1.72%
TOP3B	10	1.72%
TRABD	10	1.72%
TRAF2	10	1.72%
TRAF3IP2	10	1.72%
TRAM1	10	1.72%
TRIB2	10	1.72%
TRIM23	10	1.72%
TRIM4	10	1.72%
TRIM49	10	1.72%
TRIM50	10	1.72%
TRIM54	10	1.72%
TRMT12	10	1.72%
TSBP1	10	1.72%
TSKS	10	1.72%
TSNAXIP1	10	1.72%
TSPYL4	10	1.72%
TTC23L	10	1.72%
TTC27	10	1.72%
TTC39A	10	1.72%
TTC7B	10	1.72%
TTLL9	10	1.72%
TUBB2A	10	1.72%
TULP1	10	1.72%
TUT1	10	1.72%
TWNK	10	1.72%
TYRO3	10	1.72%
UBA7	10	1.72%
UBAP2	10	1.72%
UBQLN1	10	1.72%
UBXN7	10	1.72%
UHRF1	10	1.72%
UNC13D	10	1.72%
UNKL	10	1.72%
USP4	10	1.72%
USPL1	10	1.72%
UTP14C	10	1.72%
VAV2	10	1.72%
VCP	10	1.72%
VGLL3	10	1.72%
VIL1	10	1.72%
VIPR2	10	1.72%
VN1R5	10	1.72%
VPS18	10	1.72%
VPS33B	10	1.72%
VPS35L	10	1.72%
WDR1	10	1.72%
WDR91	10	1.72%
WFIKKN2	10	1.72%
WT1	10	1.72%
XIAP	10	1.72%
XK	10	1.72%
XPOT	10	1.72%
XRCC4	10	1.72%
ZBTB18	10	1.72%
ZBTB7B	10	1.72%
ZDHHC14	10	1.72%
ZFP36L1	10	1.72%
ZFX	10	1.72%
ZNF10	10	1.72%
ZNF133	10	1.72%
ZNF134	10	1.72%
ZNF136	10	1.72%
ZNF141	10	1.72%
ZNF160	10	1.72%
ZNF189	10	1.72%
ZNF224	10	1.72%
ZNF235	10	1.72%
ZNF24	10	1.72%
ZNF280A	10	1.72%
ZNF280C	10	1.72%
ZNF281	10	1.72%
ZNF285	10	1.72%
ZNF287	10	1.72%
ZNF30	10	1.72%
ZNF300	10	1.72%
ZNF330	10	1.72%
ZNF333	10	1.72%
ZNF391	10	1.72%
ZNF480	10	1.72%
ZNF496	10	1.72%
ZNF513	10	1.72%
ZNF514	10	1.72%
ZNF526	10	1.72%
ZNF534	10	1.72%
ZNF548	10	1.72%
ZNF554	10	1.72%
ZNF586	10	1.72%
ZNF599	10	1.72%
ZNF623	10	1.72%
ZNF624	10	1.72%
ZNF649	10	1.72%
ZNF654	10	1.72%
ZNF678	10	1.72%
ZNF750	10	1.72%
ZNF763	10	1.72%
ZNF765	10	1.72%
ZNF768	10	1.72%
ZNF772	10	1.72%
ZNF782	10	1.72%
ZNF839	10	1.72%
ZNF846	10	1.72%
ZNF92	10	1.72%
ZPBP	10	1.72%
ZRANB2	10	1.72%
ZSCAN18	10	1.72%
ZSCAN2	10	1.72%
ZSCAN4	10	1.72%
ZSCAN5A	10	1.72%
ABAT	9	1.54%
ABCB10	9	1.54%
ABCB7	9	1.54%
ABCG5	9	1.54%
ABCG8	9	1.54%
ABT1	9	1.54%
ABTB2	9	1.54%
AC090517.4	9	1.54%
ACADL	9	1.54%
ACADM	9	1.54%
ACAP2	9	1.54%
ACO1	9	1.54%
ACOT7	9	1.54%
ACSL1	9	1.54%
ACSL5	9	1.54%
ACSM2B	9	1.54%
ACTBL2	9	1.54%
ACTG2	9	1.54%
ACTL6A	9	1.54%
ACTL6B	9	1.54%
ACTRT2	9	1.54%
ACVR1C	9	1.54%
ADHFE1	9	1.54%
ADRB2	9	1.54%
AFAP1L2	9	1.54%
AFG3L2	9	1.54%
AGBL4	9	1.54%
AGFG1	9	1.54%
AGMAT	9	1.54%
AGPAT4	9	1.54%
AGXT2	9	1.54%
AHSG	9	1.54%
AJM1	9	1.54%
AKAP8	9	1.54%
ALDH6A1	9	1.54%
ALDH8A1	9	1.54%
ALPP	9	1.54%
AMIGO1	9	1.54%
AMMECR1L	9	1.54%
AMY2B	9	1.54%
ANAPC5	9	1.54%
ANGPTL5	9	1.54%
ANKEF1	9	1.54%
ANKLE1	9	1.54%
ANKMY2	9	1.54%
ANKRD24	9	1.54%
ANKRD34A	9	1.54%
ANKZF1	9	1.54%
ANO9	9	1.54%
ANXA1	9	1.54%
AP2M1	9	1.54%
AP3M2	9	1.54%
AP4B1	9	1.54%
APCDD1	9	1.54%
APEH	9	1.54%
APOA4	9	1.54%
APOA5	9	1.54%
APOBEC3G	9	1.54%
ARFGAP3	9	1.54%
ARHGAP12	9	1.54%
ARHGAP26	9	1.54%
ARL13B	9	1.54%
ARMCX2	9	1.54%
ARMH3	9	1.54%
ARMT1	9	1.54%
ARRDC3	9	1.54%
ARSD	9	1.54%
ASB11	9	1.54%
ASB2	9	1.54%
ASCC2	9	1.54%
ASH2L	9	1.54%
ASPN	9	1.54%
ATE1	9	1.54%
ATOH1	9	1.54%
ATP5F1A	9	1.54%
AWAT2	9	1.54%
B3GLCT	9	1.54%
B4GALNT2	9	1.54%
B4GAT1	9	1.54%
BAG3	9	1.54%
BCAN	9	1.54%
BCKDK	9	1.54%
BCL11B	9	1.54%
BCL6B	9	1.54%
BEND4	9	1.54%
BEST1	9	1.54%
BGN	9	1.54%
BMP4	9	1.54%
BOP1	9	1.54%
BRF2	9	1.54%
BTBD10	9	1.54%
BTN1A1	9	1.54%
BTN2A1	9	1.54%
BTN3A3	9	1.54%
BTNL3	9	1.54%
BTNL8	9	1.54%
C12orf50	9	1.54%
C17orf97	9	1.54%
C1RL	9	1.54%
C1orf127	9	1.54%
C1orf141	9	1.54%
C21orf58	9	1.54%
C2CD2	9	1.54%
C2orf42	9	1.54%
CA2	9	1.54%
CA3	9	1.54%
CACNG5	9	1.54%
CACTIN	9	1.54%
CACUL1	9	1.54%
CALR3	9	1.54%
CAMK2B	9	1.54%
CAMKV	9	1.54%
CAPN10	9	1.54%
CARD14	9	1.54%
CASQ2	9	1.54%
CBFA2T2	9	1.54%
CBLIF	9	1.54%
CCDC168	9	1.54%
CCDC172	9	1.54%
CCDC34	9	1.54%
CCDC38	9	1.54%
CCDC50	9	1.54%
CCDC57	9	1.54%
CCDC6	9	1.54%
CCDC77	9	1.54%
CCDC81	9	1.54%
CCIN	9	1.54%
CCNF	9	1.54%
CCR5	9	1.54%
CCZ1	9	1.54%
CD19	9	1.54%
CD200R1	9	1.54%
CD244	9	1.54%
CD276	9	1.54%
CD300LG	9	1.54%
CD40	9	1.54%
CD70	9	1.54%
CDC25A	9	1.54%
CDC40	9	1.54%
CDC45	9	1.54%
CDH24	9	1.54%
CDH26	9	1.54%
CDKL4	9	1.54%
CDRT15	9	1.54%
CEACAM18	9	1.54%
CEACAM5	9	1.54%
CENPI	9	1.54%
CEP55	9	1.54%
CEP68	9	1.54%
CEP72	9	1.54%
CER1	9	1.54%
CETP	9	1.54%
CFAP57	9	1.54%
CHAMP1	9	1.54%
CHFR	9	1.54%
CHIA	9	1.54%
CHPF2	9	1.54%
CHRM4	9	1.54%
CHRNA1	9	1.54%
CHRNA2	9	1.54%
CHRNA5	9	1.54%
CHRND	9	1.54%
CHST5	9	1.54%
CKAP2L	9	1.54%
CKMT2	9	1.54%
CLCC1	9	1.54%
CLCN5	9	1.54%
CLDN8	9	1.54%
CLEC4C	9	1.54%
CLIC6	9	1.54%
CLU	9	1.54%
CLUAP1	9	1.54%
CMIP	9	1.54%
CMTR2	9	1.54%
CNN1	9	1.54%
CNOT11	9	1.54%
CNOT7	9	1.54%
CNOT9	9	1.54%
CNTFR	9	1.54%
CPB1	9	1.54%
CPNE3	9	1.54%
CPNE9	9	1.54%
CPO	9	1.54%
CRBN	9	1.54%
CREB3L1	9	1.54%
CRTC2	9	1.54%
CSAD	9	1.54%
CSPG5	9	1.54%
CST1	9	1.54%
CTBP1	9	1.54%
CXADR	9	1.54%
CXCR1	9	1.54%
CXCR4	9	1.54%
CXorf58	9	1.54%
CYB5R4	9	1.54%
CYC1	9	1.54%
CYP11A1	9	1.54%
CYP11B2	9	1.54%
CYP19A1	9	1.54%
CYP1A2	9	1.54%
CYP27B1	9	1.54%
CYP2W1	9	1.54%
CYP3A43	9	1.54%
CYP4A11	9	1.54%
CYP4F2	9	1.54%
CYP8B1	9	1.54%
DBN1	9	1.54%
DBR1	9	1.54%
DCLRE1C	9	1.54%
DCN	9	1.54%
DCTN2	9	1.54%
DDX1	9	1.54%
DDX10	9	1.54%
DDX19A	9	1.54%
DDX39B	9	1.54%
DEAF1	9	1.54%
DENND2D	9	1.54%
DEPDC7	9	1.54%
DGKG	9	1.54%
DHX40	9	1.54%
DHX58	9	1.54%
DKK1	9	1.54%
DLGAP5	9	1.54%
DMTN	9	1.54%
DNAJA1	9	1.54%
DNAJB7	9	1.54%
DNAJC2	9	1.54%
DNAJC5B	9	1.54%
DNPEP	9	1.54%
DOK6	9	1.54%
DPF2	9	1.54%
DPPA2	9	1.54%
DPY19L1	9	1.54%
DPY19L3	9	1.54%
DPYSL3	9	1.54%
DRD1	9	1.54%
DUXA	9	1.54%
DVL3	9	1.54%
DYNC1LI1	9	1.54%
DYNC2LI1	9	1.54%
DYRK4	9	1.54%
E2F5	9	1.54%
ECSIT	9	1.54%
EDEM2	9	1.54%
EDNRA	9	1.54%
EFCAB12	9	1.54%
EFCAB3	9	1.54%
EFCAB7	9	1.54%
EIF3E	9	1.54%
ELF5	9	1.54%
EMB	9	1.54%
EME1	9	1.54%
EML2	9	1.54%
ENOX1	9	1.54%
ENTPD3	9	1.54%
ENTPD8	9	1.54%
ENTR1	9	1.54%
EPHA1	9	1.54%
EPHX4	9	1.54%
EPS15L1	9	1.54%
ERMARD	9	1.54%
ERMN	9	1.54%
ESRRB	9	1.54%
EVI5L	9	1.54%
EWSR1	9	1.54%
EXOC3L2	9	1.54%
F7	9	1.54%
FADS3	9	1.54%
FAM102A	9	1.54%
FAM171A1	9	1.54%
FAM181A	9	1.54%
FAM189B	9	1.54%
FAM234B	9	1.54%
FAM83D	9	1.54%
FAM9B	9	1.54%
FANCC	9	1.54%
FANCL	9	1.54%
FARS2	9	1.54%
FARSA	9	1.54%
FASTKD2	9	1.54%
FBL	9	1.54%
FBXL19	9	1.54%
FBXL3	9	1.54%
FBXL4	9	1.54%
FCRL1	9	1.54%
FCRL4	9	1.54%
FERMT3	9	1.54%
FES	9	1.54%
FGF10	9	1.54%
FGL1	9	1.54%
FIGNL1	9	1.54%
FIZ1	9	1.54%
FKBPL	9	1.54%
FMOD	9	1.54%
FOXL1	9	1.54%
FOXO1	9	1.54%
FOXO3	9	1.54%
FOXS1	9	1.54%
FPR1	9	1.54%
FSCN2	9	1.54%
FSIP1	9	1.54%
FSTL1	9	1.54%
FUT2	9	1.54%
FZD1	9	1.54%
GABRE	9	1.54%
GALNT10	9	1.54%
GALNT6	9	1.54%
GAP43	9	1.54%
GAS7	9	1.54%
GATAD2B	9	1.54%
GATB	9	1.54%
GCM2	9	1.54%
GDF3	9	1.54%
GEM	9	1.54%
GEN1	9	1.54%
GFM2	9	1.54%
GGA3	9	1.54%
GIMAP4	9	1.54%
GIPC3	9	1.54%
GJB1	9	1.54%
GLRA1	9	1.54%
GMEB1	9	1.54%
GNAT1	9	1.54%
GNL1	9	1.54%
GNL2	9	1.54%
GOLIM4	9	1.54%
GOT1	9	1.54%
GP1BA	9	1.54%
GPBP1L1	9	1.54%
GPC1	9	1.54%
GPC2	9	1.54%
GPCPD1	9	1.54%
GPNMB	9	1.54%
GPR141	9	1.54%
GPR142	9	1.54%
GPR15	9	1.54%
GPR160	9	1.54%
GPR180	9	1.54%
GPR20	9	1.54%
GPR37L1	9	1.54%
GPRC5C	9	1.54%
GPRIN3	9	1.54%
GPT	9	1.54%
GRAMD4	9	1.54%
GRK2	9	1.54%
GSK3A	9	1.54%
GTF2IRD2B	9	1.54%
GTPBP3	9	1.54%
GUSB	9	1.54%
GZMK	9	1.54%
HAS2	9	1.54%
HAUS5	9	1.54%
HCN3	9	1.54%
HDGFL1	9	1.54%
HEATR6	9	1.54%
HESX1	9	1.54%
HEXB	9	1.54%
HGS	9	1.54%
HGSNAT	9	1.54%
HHAT	9	1.54%
HJURP	9	1.54%
HLA-G	9	1.54%
HNRNPF	9	1.54%
HNRNPH1	9	1.54%
HNRNPM	9	1.54%
HOOK1	9	1.54%
HORMAD1	9	1.54%
HOXA6	9	1.54%
HOXD1	9	1.54%
HOXD10	9	1.54%
HOXD4	9	1.54%
HPS5	9	1.54%
HS3ST5	9	1.54%
HS6ST1	9	1.54%
HSP90AA1	9	1.54%
HSPA4	9	1.54%
HSPH1	9	1.54%
HTR1F	9	1.54%
HTR2B	9	1.54%
HTRA3	9	1.54%
HVCN1	9	1.54%
IDO2	9	1.54%
IFI44L	9	1.54%
IFIT1B	9	1.54%
IFRD2	9	1.54%
IGBP1P2	9	1.54%
IGF2BP3	9	1.54%
IGHG1	9	1.54%
IGHG3	9	1.54%
IGHMBP2	9	1.54%
IGHV3-20	9	1.54%
IGSF21	9	1.54%
IKZF3	9	1.54%
IL17RB	9	1.54%
IL26	9	1.54%
INAVA	9	1.54%
INPP5A	9	1.54%
INPP5J	9	1.54%
INTS10	9	1.54%
INTS11	9	1.54%
INTS3	9	1.54%
IP6K2	9	1.54%
IRAK2	9	1.54%
IRAK4	9	1.54%
IRS2	9	1.54%
ISYNA1	9	1.54%
ITPRIP	9	1.54%
IWS1	9	1.54%
KANSL2	9	1.54%
KBTBD4	9	1.54%
KCNIP1	9	1.54%
KCNJ16	9	1.54%
KCNK2	9	1.54%
KCNN1	9	1.54%
KCTD20	9	1.54%
KHNYN	9	1.54%
KIAA0895	9	1.54%
KIFC2	9	1.54%
KLB	9	1.54%
KLC4	9	1.54%
KLHDC8B	9	1.54%
KLHL26	9	1.54%
KLHL8	9	1.54%
KLK4	9	1.54%
KPNA1	9	1.54%
KRBA1	9	1.54%
KRT17	9	1.54%
KRT27	9	1.54%
KRT28	9	1.54%
KRT32	9	1.54%
KRT38	9	1.54%
KRT76	9	1.54%
KRT78	9	1.54%
L3MBTL2	9	1.54%
LAD1	9	1.54%
LCTL	9	1.54%
LDB1	9	1.54%
LDLR	9	1.54%
LGR6	9	1.54%
LHPP	9	1.54%
LIAS	9	1.54%
LILRA1	9	1.54%
LINGO4	9	1.54%
LMF1	9	1.54%
LMOD3	9	1.54%
LMX1A	9	1.54%
LNPK	9	1.54%
LPAR1	9	1.54%
LPL	9	1.54%
LRFN4	9	1.54%
LRRC15	9	1.54%
LRRC43	9	1.54%
LRRC71	9	1.54%
LRRC8D	9	1.54%
LRTM1	9	1.54%
LSAMP	9	1.54%
LTK	9	1.54%
MAGEB6	9	1.54%
MAML2	9	1.54%
MAN1B1	9	1.54%
MAN1C1	9	1.54%
MANBA	9	1.54%
MANEAL	9	1.54%
MAP2K2	9	1.54%
MAP3K7	9	1.54%
MAT1A	9	1.54%
MC3R	9	1.54%
MDM4	9	1.54%
MEF2A	9	1.54%
METAP2	9	1.54%
METTL3	9	1.54%
MFN2	9	1.54%
MFSD11	9	1.54%
MFSD5	9	1.54%
MFSD6	9	1.54%
MGAT4B	9	1.54%
MINPP1	9	1.54%
MIPEP	9	1.54%
MLLT3	9	1.54%
MMP11	9	1.54%
MMP15	9	1.54%
MMP21	9	1.54%
MMP7	9	1.54%
MOK	9	1.54%
MOXD1	9	1.54%
MPP1	9	1.54%
MSLN	9	1.54%
MSLNL	9	1.54%
MST1	9	1.54%
MTHFD1	9	1.54%
MTMR10	9	1.54%
MTMR2	9	1.54%
MTMR8	9	1.54%
MTMR9	9	1.54%
MTX3	9	1.54%
MUC13	9	1.54%
MUC20	9	1.54%
MUC21	9	1.54%
MUL1	9	1.54%
MYC	9	1.54%
MYCT1	9	1.54%
MYF5	9	1.54%
MYOD1	9	1.54%
MYOZ1	9	1.54%
NADK	9	1.54%
NAGPA	9	1.54%
NAIF1	9	1.54%
NAP1L1	9	1.54%
NAXD	9	1.54%
NBPF11	9	1.54%
NBR1	9	1.54%
NCAPH	9	1.54%
NCDN	9	1.54%
NCOA7	9	1.54%
NDOR1	9	1.54%
NECAB3	9	1.54%
NEFH	9	1.54%
NELFB	9	1.54%
NETO2	9	1.54%
NEU1	9	1.54%
NFIC	9	1.54%
NFIL3	9	1.54%
NHLRC2	9	1.54%
NKX2-2	9	1.54%
NLRP6	9	1.54%
NMD3	9	1.54%
NOLC1	9	1.54%
NOP9	9	1.54%
NPAS2	9	1.54%
NPR3	9	1.54%
NR5A1	9	1.54%
NSF	9	1.54%
NSL1	9	1.54%
NSRP1	9	1.54%
NTAN1	9	1.54%
NUP160	9	1.54%
NUP42	9	1.54%
NXPE4	9	1.54%
OLAH	9	1.54%
OLFM3	9	1.54%
OLFM4	9	1.54%
OLFML3	9	1.54%
ONECUT2	9	1.54%
OPN4	9	1.54%
OPRL1	9	1.54%
OR10A6	9	1.54%
OR10C1	9	1.54%
OR10J1	9	1.54%
OR10J3	9	1.54%
OR10J5	9	1.54%
OR10P1	9	1.54%
OR1J1	9	1.54%
OR2A14	9	1.54%
OR2B11	9	1.54%
OR2T10	9	1.54%
OR2T2	9	1.54%
OR2T27	9	1.54%
OR3A1	9	1.54%
OR4K2	9	1.54%
OR51A4	9	1.54%
OR51A7	9	1.54%
OR51B5	9	1.54%
OR51I2	9	1.54%
OR51T1	9	1.54%
OR52H1	9	1.54%
OR52I2	9	1.54%
OR52J3	9	1.54%
OR56A1	9	1.54%
OR56A3	9	1.54%
OR5AR1	9	1.54%
OR5AS1	9	1.54%
OR5D16	9	1.54%
OR5H1	9	1.54%
OR6C65	9	1.54%
OR6F1	9	1.54%
OR7G2	9	1.54%
OR8G2P	9	1.54%
ORC5	9	1.54%
OSBPL9	9	1.54%
OSCP1	9	1.54%
OSGEPL1	9	1.54%
OTUD6B	9	1.54%
OVCH2	9	1.54%
OXER1	9	1.54%
OXSR1	9	1.54%
P2RY10	9	1.54%
PABPC1L	9	1.54%
PACSIN2	9	1.54%
PAK2	9	1.54%
PAX4	9	1.54%
PAX7	9	1.54%
PBX2	9	1.54%
PCSK2	9	1.54%
PCSK4	9	1.54%
PDE7B	9	1.54%
PDIA2	9	1.54%
PDK2	9	1.54%
PDLIM1	9	1.54%
PDP1	9	1.54%
PFKL	9	1.54%
PGLYRP4	9	1.54%
PHF10	9	1.54%
PHF8	9	1.54%
PHYHIPL	9	1.54%
PIANP	9	1.54%
PIGK	9	1.54%
PIH1D1	9	1.54%
PIK3AP1	9	1.54%
PIP4P2	9	1.54%
PIP5K1A	9	1.54%
PLA2G4C	9	1.54%
PLA2G4E	9	1.54%
PLCD3	9	1.54%
PLEKHG4	9	1.54%
PLEKHG5	9	1.54%
PLK2	9	1.54%
PLOD1	9	1.54%
PNPLA3	9	1.54%
PODXL	9	1.54%
POFUT2	9	1.54%
POLD3	9	1.54%
POTED	9	1.54%
POU1F1	9	1.54%
PPAN-P2RY11	9	1.54%
PPP1R18	9	1.54%
PPP1R32	9	1.54%
PPP1R36	9	1.54%
PPP2R5A	9	1.54%
PRAME	9	1.54%
PRAMEF14	9	1.54%
PRAMEF2	9	1.54%
PRCC	9	1.54%
PRDM13	9	1.54%
PRF1	9	1.54%
PRICKLE3	9	1.54%
PRIMPOL	9	1.54%
PRKAG2	9	1.54%
PRMT8	9	1.54%
PRMT9	9	1.54%
PROKR2	9	1.54%
PROSER3	9	1.54%
PRRG3	9	1.54%
PSAP	9	1.54%
PSEN2	9	1.54%
PSG2	9	1.54%
PSG8	9	1.54%
PSKH2	9	1.54%
PSMC5	9	1.54%
PTCD1	9	1.54%
PTPN6	9	1.54%
PTPN9	9	1.54%
PTPRA	9	1.54%
PYGO2	9	1.54%
QSOX1	9	1.54%
QSOX2	9	1.54%
RAB3GAP1	9	1.54%
RABL6	9	1.54%
RAG2	9	1.54%
RAI2	9	1.54%
RALGPS2	9	1.54%
RALYL	9	1.54%
RARA	9	1.54%
RARG	9	1.54%
RASGEF1A	9	1.54%
RASSF9	9	1.54%
RBM14	9	1.54%
RBM45	9	1.54%
RBM47	9	1.54%
RCN3	9	1.54%
RECQL	9	1.54%
RECQL4	9	1.54%
RFTN2	9	1.54%
RGL4	9	1.54%
RGS2	9	1.54%
RGS21	9	1.54%
RHOA	9	1.54%
RNF112	9	1.54%
ROPN1B	9	1.54%
RP2	9	1.54%
RPL3L	9	1.54%
RRAGB	9	1.54%
RRNAD1	9	1.54%
RRP9	9	1.54%
RSAD2	9	1.54%
SAG	9	1.54%
SAMD14	9	1.54%
SAMD3	9	1.54%
SAMD7	9	1.54%
SAMSN1	9	1.54%
SASH3	9	1.54%
SATL1	9	1.54%
SCIN	9	1.54%
SCRN1	9	1.54%
SCYL1	9	1.54%
SDC2	9	1.54%
SEC14L3	9	1.54%
SEC14L4	9	1.54%
SERPINA10	9	1.54%
SERPINA12	9	1.54%
SERPINA7	9	1.54%
SERPINB12	9	1.54%
SESN3	9	1.54%
SF3A1	9	1.54%
SF3B2	9	1.54%
SFMBT1	9	1.54%
SFXN2	9	1.54%
SGCB	9	1.54%
SGCG	9	1.54%
SGSM3	9	1.54%
SH3D21	9	1.54%
SH3RF1	9	1.54%
SHCBP1	9	1.54%
SHQ1	9	1.54%
SIAE	9	1.54%
SIAH3	9	1.54%
SIRT4	9	1.54%
SKOR1	9	1.54%
SLAMF1	9	1.54%
SLC10A5	9	1.54%
SLC13A2	9	1.54%
SLC13A4	9	1.54%
SLC17A4	9	1.54%
SLC17A7	9	1.54%
SLC23A3	9	1.54%
SLC25A17	9	1.54%
SLC25A2	9	1.54%
SLC25A23	9	1.54%
SLC25A28	9	1.54%
SLC25A32	9	1.54%
SLC26A11	9	1.54%
SLC28A2	9	1.54%
SLC29A4	9	1.54%
SLC2A5	9	1.54%
SLC2A8	9	1.54%
SLC34A1	9	1.54%
SLC35F4	9	1.54%
SLC35G3	9	1.54%
SLC37A1	9	1.54%
SLC38A10	9	1.54%
SLC38A11	9	1.54%
SLC39A5	9	1.54%
SLC41A3	9	1.54%
SLC45A3	9	1.54%
SLC5A10	9	1.54%
SLC5A12	9	1.54%
SLC6A4	9	1.54%
SLC7A1	9	1.54%
SLC7A9	9	1.54%
SLC9B1	9	1.54%
SLF1	9	1.54%
SLFNL1	9	1.54%
SLU7	9	1.54%
SMAD9	9	1.54%
SMARCD3	9	1.54%
SMC6	9	1.54%
SNIP1	9	1.54%
SNRPN	9	1.54%
SNX27	9	1.54%
SNX32	9	1.54%
SOCS6	9	1.54%
SP4	9	1.54%
SPATA1	9	1.54%
SPATS2	9	1.54%
SPIN1	9	1.54%
SPRED1	9	1.54%
SPRED2	9	1.54%
SRL	9	1.54%
SRSF11	9	1.54%
SRSF4	9	1.54%
SRSF5	9	1.54%
SRSF6	9	1.54%
SRSF7	9	1.54%
SSTR1	9	1.54%
SSX2IP	9	1.54%
ST3GAL6	9	1.54%
ST8SIA1	9	1.54%
ST8SIA5	9	1.54%
STEAP2	9	1.54%
STK11IP	9	1.54%
STK24	9	1.54%
STKLD1	9	1.54%
STRIP1	9	1.54%
STXBP2	9	1.54%
STXBP4	9	1.54%
SULT1E1	9	1.54%
SUOX	9	1.54%
SUZ12	9	1.54%
SYPL2	9	1.54%
SYT10	9	1.54%
SYT6	9	1.54%
SYTL2	9	1.54%
TAAR5	9	1.54%
TAF15	9	1.54%
TANGO6	9	1.54%
TAS2R38	9	1.54%
TASP1	9	1.54%
TAT	9	1.54%
TBC1D10A	9	1.54%
TBC1D2B	9	1.54%
TBL1X	9	1.54%
TBL2	9	1.54%
TCAIM	9	1.54%
TCEA2	9	1.54%
TCEANC	9	1.54%
TCFL5	9	1.54%
TCTN2	9	1.54%
TCTN3	9	1.54%
TDRD15	9	1.54%
TEC	9	1.54%
TEPSIN	9	1.54%
TEX13A	9	1.54%
TFB1M	9	1.54%
TFPI	9	1.54%
TGIF2LX	9	1.54%
TGS1	9	1.54%
THOP1	9	1.54%
THSD1	9	1.54%
TIGD3	9	1.54%
TIMD4	9	1.54%
TINAGL1	9	1.54%
TLX1	9	1.54%
TM4SF4	9	1.54%
TMC6	9	1.54%
TMEM130	9	1.54%
TMEM161B	9	1.54%
TMEM185A	9	1.54%
TMEM25	9	1.54%
TMEM67	9	1.54%
TMEM79	9	1.54%
TMPRSS2	9	1.54%
TMPRSS3	9	1.54%
TNFRSF21	9	1.54%
TNFRSF8	9	1.54%
TNFSF13B	9	1.54%
TOMM70	9	1.54%
TOP1MT	9	1.54%
TOX3	9	1.54%
TPH2	9	1.54%
TPMT	9	1.54%
TPP1	9	1.54%
TPSD1	9	1.54%
TRAF5	9	1.54%
TRIL	9	1.54%
TRIM25	9	1.54%
TRIM32	9	1.54%
TRIM58	9	1.54%
TRIM6-TRIM34	9	1.54%
TRMT1L	9	1.54%
TRMT6	9	1.54%
TRMU	9	1.54%
TRPM5	9	1.54%
TRUB1	9	1.54%
TSPAN19	9	1.54%
TSR1	9	1.54%
TTC6	9	1.54%
TTLL1	9	1.54%
TTLL3	9	1.54%
TTLL6	9	1.54%
TTYH3	9	1.54%
TUBA4A	9	1.54%
TUBAL3	9	1.54%
TUBGCP4	9	1.54%
TUFM	9	1.54%
TXNDC11	9	1.54%
UBA1	9	1.54%
UBE2NL	9	1.54%
UBE2Q1	9	1.54%
UBTF	9	1.54%
UGT1A9	9	1.54%
UNC5CL	9	1.54%
UPK1B	9	1.54%
USH1C	9	1.54%
USO1	9	1.54%
USP16	9	1.54%
USP36	9	1.54%
UTP14A	9	1.54%
UVRAG	9	1.54%
UVSSA	9	1.54%
VASN	9	1.54%
VGLL4	9	1.54%
VPS37B	9	1.54%
VPS45	9	1.54%
VRK1	9	1.54%
WARS2	9	1.54%
WASF1	9	1.54%
WDR37	9	1.54%
WDR5B	9	1.54%
WDR93	9	1.54%
WDSUB1	9	1.54%
WIPI2	9	1.54%
WNT11	9	1.54%
WNT3A	9	1.54%
WSCD1	9	1.54%
XCR1	9	1.54%
XYLT1	9	1.54%
YARS2	9	1.54%
ZADH2	9	1.54%
ZBED8	9	1.54%
ZBTB26	9	1.54%
ZBTB48	9	1.54%
ZC2HC1C	9	1.54%
ZC3H15	9	1.54%
ZC3HC1	9	1.54%
ZCCHC12	9	1.54%
ZDHHC15	9	1.54%
ZDHHC17	9	1.54%
ZFAND4	9	1.54%
ZFYVE1	9	1.54%
ZHX1	9	1.54%
ZMAT4	9	1.54%
ZMIZ2	9	1.54%
ZNF121	9	1.54%
ZNF17	9	1.54%
ZNF181	9	1.54%
ZNF23	9	1.54%
ZNF233	9	1.54%
ZNF275	9	1.54%
ZNF280B	9	1.54%
ZNF408	9	1.54%
ZNF41	9	1.54%
ZNF438	9	1.54%
ZNF440	9	1.54%
ZNF449	9	1.54%
ZNF460	9	1.54%
ZNF502	9	1.54%
ZNF563	9	1.54%
ZNF622	9	1.54%
ZNF669	9	1.54%
ZNF683	9	1.54%
ZNF718	9	1.54%
ZNF766	9	1.54%
ZNF776	9	1.54%
ZNF786	9	1.54%
ZNF789	9	1.54%
ZNF816	9	1.54%
ZNF821	9	1.54%
ZNF875	9	1.54%
ZSWIM3	9	1.54%
ZUP1	9	1.54%
ZXDB	9	1.54%
A4GALT	8	1.37%
A4GNT	8	1.37%
ABCE1	8	1.37%
ABCF1	8	1.37%
ABHD16A	8	1.37%
ABHD18	8	1.37%
ABLIM1	8	1.37%
AC008397.2	8	1.37%
AC126283.2	8	1.37%
ACBD5	8	1.37%
ACER1	8	1.37%
ACKR4	8	1.37%
ACMSD	8	1.37%
ACO2	8	1.37%
ACOX1	8	1.37%
ACP2	8	1.37%
ACSL4	8	1.37%
ACSL6	8	1.37%
ACSM3	8	1.37%
ACTR5	8	1.37%
ACVR1	8	1.37%
ADCYAP1R1	8	1.37%
ADGRF2	8	1.37%
ADH1C	8	1.37%
ADORA2A	8	1.37%
AGMO	8	1.37%
AGPAT1	8	1.37%
AHCY	8	1.37%
AICDA	8	1.37%
AIDA	8	1.37%
AIFM3	8	1.37%
AKAP17A	8	1.37%
AKR1B15	8	1.37%
ALCAM	8	1.37%
ALDOB	8	1.37%
ALG5	8	1.37%
AMACR	8	1.37%
ANAPC4	8	1.37%
ANAPC7	8	1.37%
ANKRD1	8	1.37%
ANKRD36B	8	1.37%
ANKRD53	8	1.37%
ANXA7	8	1.37%
AOPEP	8	1.37%
APBA3	8	1.37%
API5	8	1.37%
APOBEC1	8	1.37%
AQP2	8	1.37%
AQP9	8	1.37%
ARFGAP2	8	1.37%
ARHGEF19	8	1.37%
ARHGEF37	8	1.37%
ARID3C	8	1.37%
ARL11	8	1.37%
ARL14EP	8	1.37%
ARMC5	8	1.37%
ARMC8	8	1.37%
ARMC9	8	1.37%
ARSI	8	1.37%
ART1	8	1.37%
ASAH1	8	1.37%
ASB17	8	1.37%
ASB3	8	1.37%
ASB7	8	1.37%
ASIC1	8	1.37%
ASPG	8	1.37%
ASTL	8	1.37%
ATAD3A	8	1.37%
ATF6B	8	1.37%
ATF7IP2	8	1.37%
ATG5	8	1.37%
ATP1B2	8	1.37%
ATP5F1C	8	1.37%
ATP6AP2	8	1.37%
ATP6V0A1	8	1.37%
ATP6V0A2	8	1.37%
ATP6V1H	8	1.37%
ATXN7L3	8	1.37%
AVPR2	8	1.37%
AWAT1	8	1.37%
B3GALNT1	8	1.37%
B3GALT2	8	1.37%
B3GNT7	8	1.37%
BAP1	8	1.37%
BBOX1	8	1.37%
BEST2	8	1.37%
BEST4	8	1.37%
BFSP1	8	1.37%
BFSP2	8	1.37%
BHLHE22	8	1.37%
BIRC2	8	1.37%
BLMH	8	1.37%
BPIFA3	8	1.37%
BPIFC	8	1.37%
BRS3	8	1.37%
BTBD3	8	1.37%
BTBD8	8	1.37%
BTNL9	8	1.37%
BUB1B	8	1.37%
C1GALT1C1L	8	1.37%
C1QTNF3	8	1.37%
C1orf100	8	1.37%
C1orf87	8	1.37%
C1orf94	8	1.37%
C22orf23	8	1.37%
C6orf15	8	1.37%
C7orf33	8	1.37%
C9orf72	8	1.37%
CA8	8	1.37%
CABP4	8	1.37%
CALCR	8	1.37%
CALHM1	8	1.37%
CALHM5	8	1.37%
CAMK2D	8	1.37%
CAMK4	8	1.37%
CAPN12	8	1.37%
CAPZA3	8	1.37%
CAPZB	8	1.37%
CARD9	8	1.37%
CASP7	8	1.37%
CAST	8	1.37%
CATSPER2	8	1.37%
CBLN3	8	1.37%
CBX1	8	1.37%
CBX3	8	1.37%
CCDC185	8	1.37%
CCDC27	8	1.37%
CCDC42	8	1.37%
CCDC60	8	1.37%
CCDC74B	8	1.37%
CCDC78	8	1.37%
CCM2	8	1.37%
CCN6	8	1.37%
CCNK	8	1.37%
CCNL2	8	1.37%
CCR2	8	1.37%
CCT3	8	1.37%
CCT4	8	1.37%
CD200R1L	8	1.37%
CD34	8	1.37%
CD40LG	8	1.37%
CD84	8	1.37%
CDADC1	8	1.37%
CDK19	8	1.37%
CDK20	8	1.37%
CDKL3	8	1.37%
CDNF	8	1.37%
CDR2L	8	1.37%
CDS2	8	1.37%
CDX2	8	1.37%
CELF3	8	1.37%
CENPN	8	1.37%
CERS6	8	1.37%
CETN1	8	1.37%
CFAP221	8	1.37%
CFAP53	8	1.37%
CFAP97	8	1.37%
CFHR2	8	1.37%
CH25H	8	1.37%
CHEK2	8	1.37%
CHGA	8	1.37%
CHI3L2	8	1.37%
CHN1	8	1.37%
CHRM5	8	1.37%
CHRNG	8	1.37%
CHST8	8	1.37%
CIR1	8	1.37%
CKM	8	1.37%
CLCNKA	8	1.37%
CLCNKB	8	1.37%
CLEC2B	8	1.37%
CLPB	8	1.37%
CLYBL	8	1.37%
CMTM5	8	1.37%
CNKSR3	8	1.37%
CNOT6	8	1.37%
CNOT8	8	1.37%
CNPPD1	8	1.37%
CNST	8	1.37%
COG7	8	1.37%
COG8	8	1.37%
COL8A2	8	1.37%
COPG1	8	1.37%
COPS3	8	1.37%
COQ2	8	1.37%
COQ8B	8	1.37%
COQ9	8	1.37%
CORO1C	8	1.37%
COX18	8	1.37%
CPSF7	8	1.37%
CR1L	8	1.37%
CREBRF	8	1.37%
CRISPLD2	8	1.37%
CRNN	8	1.37%
CROT	8	1.37%
CRX	8	1.37%
CRY2	8	1.37%
CRYBB1	8	1.37%
CSGALNACT1	8	1.37%
CSK	8	1.37%
CSNK1G2	8	1.37%
CSNK2A1	8	1.37%
CTAGE6	8	1.37%
CTIF	8	1.37%
CTPS1	8	1.37%
CTPS2	8	1.37%
CTSH	8	1.37%
CUZD1	8	1.37%
CWH43	8	1.37%
CXCR5	8	1.37%
CYP17A1	8	1.37%
CYP24A1	8	1.37%
CYP2E1	8	1.37%
CYP3A4	8	1.37%
CYP46A1	8	1.37%
CYP4F11	8	1.37%
CYP4F8	8	1.37%
CYP4V2	8	1.37%
CYTH3	8	1.37%
DAPP1	8	1.37%
DAZAP1	8	1.37%
DCAF12	8	1.37%
DCAF13	8	1.37%
DCAF7	8	1.37%
DCAKD	8	1.37%
DCPS	8	1.37%
DDX20	8	1.37%
DDX6	8	1.37%
DELE1	8	1.37%
DEPTOR	8	1.37%
DERA	8	1.37%
DHRS7C	8	1.37%
DHX32	8	1.37%
DIO3	8	1.37%
DIPK2B	8	1.37%
DIRAS2	8	1.37%
DMBX1	8	1.37%
DMPK	8	1.37%
DMRT2	8	1.37%
DMTF1	8	1.37%
DNAJA3	8	1.37%
DNAJA4	8	1.37%
DNAJB13	8	1.37%
DNAJB5	8	1.37%
DNAJC1	8	1.37%
DNAJC22	8	1.37%
DOLK	8	1.37%
DPAGT1	8	1.37%
DPF3	8	1.37%
DPH5	8	1.37%
DTNB	8	1.37%
DTWD1	8	1.37%
DTWD2	8	1.37%
DTX3L	8	1.37%
DVL1	8	1.37%
EDN3	8	1.37%
EFHD1	8	1.37%
EFNB1	8	1.37%
EIF3D	8	1.37%
EIF4A2	8	1.37%
ELAC2	8	1.37%
ELAVL1	8	1.37%
ELK1	8	1.37%
ELMOD1	8	1.37%
ELN	8	1.37%
EMC7	8	1.37%
EMD	8	1.37%
EML6	8	1.37%
EN1	8	1.37%
ENAH	8	1.37%
ENGASE	8	1.37%
ENKUR	8	1.37%
ENPP4	8	1.37%
ENPP6	8	1.37%
ENTPD2	8	1.37%
EOGT	8	1.37%
EPAS1	8	1.37%
EPB42	8	1.37%
EPM2AIP1	8	1.37%
EPN2	8	1.37%
ERGIC3	8	1.37%
ERLIN2	8	1.37%
ERN1	8	1.37%
ERP27	8	1.37%
ERVFRD-1	8	1.37%
ESM1	8	1.37%
ESRP2	8	1.37%
ETS1	8	1.37%
ETS2	8	1.37%
EVL	8	1.37%
EXD1	8	1.37%
EXOC3L4	8	1.37%
EXOC5	8	1.37%
EXTL1	8	1.37%
EYA2	8	1.37%
EZH1	8	1.37%
F10	8	1.37%
FAAH2	8	1.37%
FAHD2A	8	1.37%
FAM107B	8	1.37%
FAM114A2	8	1.37%
FAM155B	8	1.37%
FAM186A	8	1.37%
FAM189A2	8	1.37%
FAM199X	8	1.37%
FAM200A	8	1.37%
FAM217B	8	1.37%
FAM50B	8	1.37%
FAR1	8	1.37%
FBXL17	8	1.37%
FBXL2	8	1.37%
FBXO22	8	1.37%
FBXO28	8	1.37%
FBXO48	8	1.37%
FBXW5	8	1.37%
FCHSD2	8	1.37%
FCRL2	8	1.37%
FDPS	8	1.37%
FEM1A	8	1.37%
FEM1B	8	1.37%
FGFRL1	8	1.37%
FKBP8	8	1.37%
FLOT1	8	1.37%
FLYWCH1	8	1.37%
FNTB	8	1.37%
FOLR3	8	1.37%
FOXD4L1	8	1.37%
FOXN1	8	1.37%
FOXR1	8	1.37%
FOXRED1	8	1.37%
FPR3	8	1.37%
FUT11	8	1.37%
G3BP2	8	1.37%
GAB3	8	1.37%
GAL3ST2	8	1.37%
GALK2	8	1.37%
GALNS	8	1.37%
GALNT12	8	1.37%
GALNT16	8	1.37%
GALNT18	8	1.37%
GALT	8	1.37%
GAS6	8	1.37%
GBA3	8	1.37%
GBP4	8	1.37%
GCAT	8	1.37%
GCM1	8	1.37%
GDAP1	8	1.37%
GDF9	8	1.37%
GDPD4	8	1.37%
GGT7	8	1.37%
GHSR	8	1.37%
GIN1	8	1.37%
GJA3	8	1.37%
GJA9	8	1.37%
GK5	8	1.37%
GLA	8	1.37%
GLP2R	8	1.37%
GLRA4	8	1.37%
GLYR1	8	1.37%
GMPR	8	1.37%
GNA12	8	1.37%
GNE	8	1.37%
GOLM1	8	1.37%
GPAM	8	1.37%
GPR137B	8	1.37%
GPR3	8	1.37%
GPR31	8	1.37%
GPR34	8	1.37%
GPR45	8	1.37%
GPR75	8	1.37%
GPR78	8	1.37%
GPRIN1	8	1.37%
GRB7	8	1.37%
GRIN3B	8	1.37%
GRK4	8	1.37%
GRSF1	8	1.37%
GSTZ1	8	1.37%
GSX2	8	1.37%
GTF2E1	8	1.37%
GTF2H1	8	1.37%
GTPBP4	8	1.37%
GTPBP8	8	1.37%
H1-3	8	1.37%
H1-5	8	1.37%
H2AC20	8	1.37%
H6PD	8	1.37%
HABP2	8	1.37%
HAGHL	8	1.37%
HAL	8	1.37%
HAP1	8	1.37%
HAPLN4	8	1.37%
HAVCR1	8	1.37%
HCK	8	1.37%
HCN2	8	1.37%
HDAC2	8	1.37%
HEMGN	8	1.37%
HEXIM2	8	1.37%
HFE	8	1.37%
HHATL	8	1.37%
HIRIP3	8	1.37%
HLA-DPA1	8	1.37%
HLA-DQA2	8	1.37%
HLA-DRA	8	1.37%
HMGCLL1	8	1.37%
HMGCS2	8	1.37%
HNRNPD	8	1.37%
HOXA1	8	1.37%
HOXA3	8	1.37%
HOXD9	8	1.37%
HP	8	1.37%
HPS6	8	1.37%
HSD17B14	8	1.37%
HSF2	8	1.37%
HSP90AB1	8	1.37%
HSPA5	8	1.37%
HSPD1	8	1.37%
ICA1L	8	1.37%
IDH1	8	1.37%
IDH3G	8	1.37%
IDO1	8	1.37%
IFNAR1	8	1.37%
IFNLR1	8	1.37%
IGF2BP2	8	1.37%
IGHG4	8	1.37%
IGHV3OR16-8	8	1.37%
IK	8	1.37%
IKBIP	8	1.37%
IL10RB	8	1.37%
IL27RA	8	1.37%
IL6	8	1.37%
INPP5B	8	1.37%
INPP5E	8	1.37%
IPPK	8	1.37%
IRGQ	8	1.37%
ITGB5	8	1.37%
ITPKC	8	1.37%
JADE3	8	1.37%
JPT2	8	1.37%
KAT2A	8	1.37%
KATNAL2	8	1.37%
KATNBL1	8	1.37%
KCNAB1	8	1.37%
KCNC4	8	1.37%
KCNE5	8	1.37%
KCNJ10	8	1.37%
KCNJ12	8	1.37%
KCNJ13	8	1.37%
KCNJ5	8	1.37%
KCNJ6	8	1.37%
KCNK1	8	1.37%
KCNK5	8	1.37%
KCNMB2	8	1.37%
KCNRG	8	1.37%
KDM4D	8	1.37%
KHDRBS3	8	1.37%
KIAA1614	8	1.37%
KIF22	8	1.37%
KIF2A	8	1.37%
KIFBP	8	1.37%
KLF5	8	1.37%
KLHDC7A	8	1.37%
KLHDC9	8	1.37%
KLHL18	8	1.37%
KLHL28	8	1.37%
KLK12	8	1.37%
KLK13	8	1.37%
KRT12	8	1.37%
KRT15	8	1.37%
KRT35	8	1.37%
KRT6B	8	1.37%
KRTAP10-6	8	1.37%
KRTAP10-7	8	1.37%
KRTAP27-1	8	1.37%
KRTAP6-2	8	1.37%
KYNU	8	1.37%
LAMP1	8	1.37%
LANCL1	8	1.37%
LAP3	8	1.37%
LAS1L	8	1.37%
LDB2	8	1.37%
LDHAL6A	8	1.37%
LEXM	8	1.37%
LGI2	8	1.37%
LHX5	8	1.37%
LHX6	8	1.37%
LIMD1	8	1.37%
LIN54	8	1.37%
LMBR1L	8	1.37%
LMX1B	8	1.37%
LOX	8	1.37%
LPAR3	8	1.37%
LPAR6	8	1.37%
LRCH3	8	1.37%
LRFN3	8	1.37%
LRP2BP	8	1.37%
LRP8	8	1.37%
LRRC28	8	1.37%
LRRC32	8	1.37%
LRRC47	8	1.37%
LRRC52	8	1.37%
LRRC56	8	1.37%
LRRC74A	8	1.37%
LTBR	8	1.37%
LTV1	8	1.37%
LUC7L2	8	1.37%
LUZP4	8	1.37%
LY9	8	1.37%
MAEA	8	1.37%
MAGEA1	8	1.37%
MAGEA11	8	1.37%
MAGEB3	8	1.37%
MAGIX	8	1.37%
MAP2K3	8	1.37%
MAP2K6	8	1.37%
MAP3K20	8	1.37%
MAP4K2	8	1.37%
MAPK7	8	1.37%
MAPK9	8	1.37%
MARS2	8	1.37%
MARVELD3	8	1.37%
MATN1	8	1.37%
MBNL1	8	1.37%
MBNL2	8	1.37%
MCM8	8	1.37%
MCM9	8	1.37%
MCMBP	8	1.37%
MECP2	8	1.37%
MED26	8	1.37%
MEIS3	8	1.37%
MEMO1	8	1.37%
MEN1	8	1.37%
METTL22	8	1.37%
MEX3A	8	1.37%
MEX3C	8	1.37%
MFAP5	8	1.37%
MFHAS1	8	1.37%
MFSD12	8	1.37%
MFSD13A	8	1.37%
MFSD14B	8	1.37%
MFSD2B	8	1.37%
MFSD8	8	1.37%
MICALL1	8	1.37%
MID2	8	1.37%
MIEF2	8	1.37%
MKS1	8	1.37%
MKX	8	1.37%
MLC1	8	1.37%
MLNR	8	1.37%
MLXIPL	8	1.37%
MMAA	8	1.37%
MMP25	8	1.37%
MMP27	8	1.37%
MNT	8	1.37%
MOCS3	8	1.37%
MPPED2	8	1.37%
MS4A1	8	1.37%
MSH5	8	1.37%
MSI1	8	1.37%
MSR1	8	1.37%
MTHFD2L	8	1.37%
MUTYH	8	1.37%
MXD3	8	1.37%
MYB	8	1.37%
MYOC	8	1.37%
MYOG	8	1.37%
MYOT	8	1.37%
MYOZ2	8	1.37%
NAAA	8	1.37%
NAB1	8	1.37%
NAB2	8	1.37%
NACC1	8	1.37%
NACC2	8	1.37%
NAE1	8	1.37%
NARS2	8	1.37%
NBPF3	8	1.37%
NCAPH2	8	1.37%
NCEH1	8	1.37%
NCK2	8	1.37%
NDC80	8	1.37%
NDNF	8	1.37%
NDST1	8	1.37%
NDUFA9	8	1.37%
NDUFS2	8	1.37%
NECAB1	8	1.37%
NECTIN3	8	1.37%
NEK11	8	1.37%
NELFA	8	1.37%
NFE2L2	8	1.37%
NFKB2	8	1.37%
NGFR	8	1.37%
NIFK	8	1.37%
NIPAL3	8	1.37%
NKAP	8	1.37%
NKRF	8	1.37%
NKX6-2	8	1.37%
NLE1	8	1.37%
NME9	8	1.37%
NOSIP	8	1.37%
NOSTRIN	8	1.37%
NOXRED1	8	1.37%
NPHS2	8	1.37%
NPLOC4	8	1.37%
NPRL3	8	1.37%
NR2C1	8	1.37%
NR2F2	8	1.37%
NR3C1	8	1.37%
NRF1	8	1.37%
NTSR2	8	1.37%
NUAK2	8	1.37%
NUDT12	8	1.37%
NUDT13	8	1.37%
NUP54	8	1.37%
NUTM2F	8	1.37%
NXF3	8	1.37%
NXN	8	1.37%
NXPE3	8	1.37%
NXPH2	8	1.37%
OGA	8	1.37%
OIT3	8	1.37%
OLIG3	8	1.37%
ONECUT1	8	1.37%
OR10R2	8	1.37%
OR10S1	8	1.37%
OR14I1	8	1.37%
OR1B1	8	1.37%
OR1E2	8	1.37%
OR1J2	8	1.37%
OR1L3	8	1.37%
OR1L8	8	1.37%
OR1M1	8	1.37%
OR2A7	8	1.37%
OR2AT4	8	1.37%
OR2B6	8	1.37%
OR2D2	8	1.37%
OR2G3	8	1.37%
OR2J3	8	1.37%
OR2T4	8	1.37%
OR2T8	8	1.37%
OR51Q1	8	1.37%
OR52L1	8	1.37%
OR5AN1	8	1.37%
OR5AP2	8	1.37%
OR5B12	8	1.37%
OR5B2	8	1.37%
OR5D13	8	1.37%
OR5H2	8	1.37%
OR5T3	8	1.37%
OR5V1	8	1.37%
OR6B3	8	1.37%
OR6C70	8	1.37%
OR6Q1	8	1.37%
OR6S1	8	1.37%
OR6Y1	8	1.37%
OR7A5	8	1.37%
OR7D2	8	1.37%
OR8I2	8	1.37%
OR8K5	8	1.37%
OR9G4	8	1.37%
OR9K2	8	1.37%
OSBP	8	1.37%
OSGIN2	8	1.37%
OSM	8	1.37%
OTULIN	8	1.37%
P2RX1	8	1.37%
P2RX2	8	1.37%
P2RX7	8	1.37%
P2RY14	8	1.37%
P3H1	8	1.37%
PACC1	8	1.37%
PAK6	8	1.37%
PALD1	8	1.37%
PARD6G	8	1.37%
PARN	8	1.37%
PARP3	8	1.37%
PATZ1	8	1.37%
PCGF1	8	1.37%
PCK1	8	1.37%
PCSK9	8	1.37%
PDCD4	8	1.37%
PDK1	8	1.37%
PDLIM2	8	1.37%
PDZD3	8	1.37%
PEX2	8	1.37%
PGLYRP2	8	1.37%
PGS1	8	1.37%
PHF13	8	1.37%
PHF7	8	1.37%
PHLDA1	8	1.37%
PI4KB	8	1.37%
PIAS2	8	1.37%
PIDD1	8	1.37%
PIK3R3	8	1.37%
PIP4K2B	8	1.37%
PKNOX1	8	1.37%
PLA2G3	8	1.37%
PLAA	8	1.37%
PLCD4	8	1.37%
PLCXD1	8	1.37%
PLCXD3	8	1.37%
PLD3	8	1.37%
PLEKHA3	8	1.37%
PLEKHN1	8	1.37%
PLSCR4	8	1.37%
PLVAP	8	1.37%
PMEPA1	8	1.37%
PNMA1	8	1.37%
PNMT	8	1.37%
POC1B	8	1.37%
POLR1E	8	1.37%
POMGNT2	8	1.37%
PON2	8	1.37%
POU2F2	8	1.37%
POU4F3	8	1.37%
PPARD	8	1.37%
PPCS	8	1.37%
PPIE	8	1.37%
PPP1R13L	8	1.37%
PPP1R15A	8	1.37%
PPP1R15B	8	1.37%
PPP1R2	8	1.37%
PPP1R3C	8	1.37%
PPP2R5E	8	1.37%
PPP6C	8	1.37%
PPWD1	8	1.37%
PRAMEF7	8	1.37%
PRAMEF8	8	1.37%
PRDM7	8	1.37%
PRELP	8	1.37%
PRG3	8	1.37%
PRKAA1	8	1.37%
PRKAG1	8	1.37%
PRKCQ	8	1.37%
PRKCZ	8	1.37%
PRKN	8	1.37%
PROC	8	1.37%
PROCA1	8	1.37%
PRPF18	8	1.37%
PRPF31	8	1.37%
PRPF38A	8	1.37%
PRPSAP1	8	1.37%
PRR14L	8	1.37%
PRSS54	8	1.37%
PRXL2A	8	1.37%
PSAPL1	8	1.37%
PSG4	8	1.37%
PSG6	8	1.37%
PSG9	8	1.37%
PSMB8	8	1.37%
PSMC6	8	1.37%
PSMD11	8	1.37%
PSMD12	8	1.37%
PSMD5	8	1.37%
PSTK	8	1.37%
PSTPIP2	8	1.37%
PTCD2	8	1.37%
PTH1R	8	1.37%
PXK	8	1.37%
PXN	8	1.37%
PYGO1	8	1.37%
PYROXD1	8	1.37%
QTRT2	8	1.37%
RAB3IP	8	1.37%
RAB40C	8	1.37%
RAD51AP1	8	1.37%
RAD54L	8	1.37%
RAN	8	1.37%
RANGAP1	8	1.37%
RASIP1	8	1.37%
RASSF5	8	1.37%
RAVER2	8	1.37%
RBM4	8	1.37%
RBM5	8	1.37%
RBMS1	8	1.37%
RBPJ	8	1.37%
RCOR2	8	1.37%
RCSD1	8	1.37%
RD3	8	1.37%
RDH16	8	1.37%
RELB	8	1.37%
REN	8	1.37%
RETREG1	8	1.37%
RETSAT	8	1.37%
REXO1	8	1.37%
RFC4	8	1.37%
RFC5	8	1.37%
RGP1	8	1.37%
RGS4	8	1.37%
RHBDL3	8	1.37%
RHOBTB2	8	1.37%
RHPN2	8	1.37%
RIBC2	8	1.37%
RIC3	8	1.37%
RIC8B	8	1.37%
RIN1	8	1.37%
RINL	8	1.37%
RIPK1	8	1.37%
RNF10	8	1.37%
RNF133	8	1.37%
RNF39	8	1.37%
RNF44	8	1.37%
RNMT	8	1.37%
RORC	8	1.37%
RPAP3	8	1.37%
RPGR	8	1.37%
RPL5	8	1.37%
RPN1	8	1.37%
RPTN	8	1.37%
RPUSD4	8	1.37%
RRM1	8	1.37%
RRN3	8	1.37%
RTCA	8	1.37%
RTL8A	8	1.37%
RUNDC3B	8	1.37%
RUVBL2	8	1.37%
RXRB	8	1.37%
SAMD4B	8	1.37%
SBSN	8	1.37%
SCRN3	8	1.37%
SDAD1	8	1.37%
SDS	8	1.37%
SEL1L	8	1.37%
SELENOO	8	1.37%
SEMA3B	8	1.37%
SEMA4C	8	1.37%
SEPTIN6	8	1.37%
SEPTIN8	8	1.37%
SERPINA11	8	1.37%
SERPINA4	8	1.37%
SERPINA5	8	1.37%
SESN2	8	1.37%
SETDB2	8	1.37%
SETMAR	8	1.37%
SFTPB	8	1.37%
SGK1	8	1.37%
SGK2	8	1.37%
SGMS2	8	1.37%
SH2D3A	8	1.37%
SH3BP5	8	1.37%
SH3GLB2	8	1.37%
SH3YL1	8	1.37%
SHC4	8	1.37%
SHMT1	8	1.37%
SIGLEC12	8	1.37%
SIGLEC14	8	1.37%
SIX1	8	1.37%
SKAP1	8	1.37%
SKIL	8	1.37%
SLA	8	1.37%
SLC10A4	8	1.37%
SLC10A6	8	1.37%
SLC16A13	8	1.37%
SLC16A14	8	1.37%
SLC16A9	8	1.37%
SLC17A2	8	1.37%
SLC17A3	8	1.37%
SLC18B1	8	1.37%
SLC19A2	8	1.37%
SLC1A2	8	1.37%
SLC22A11	8	1.37%
SLC22A4	8	1.37%
SLC25A14	8	1.37%
SLC25A3	8	1.37%
SLC25A37	8	1.37%
SLC2A6	8	1.37%
SLC30A10	8	1.37%
SLC30A3	8	1.37%
SLC35C2	8	1.37%
SLC35F5	8	1.37%
SLC35G5	8	1.37%
SLC36A1	8	1.37%
SLC38A3	8	1.37%
SLC38A4	8	1.37%
SLC47A1	8	1.37%
SLC5A7	8	1.37%
SLC66A1	8	1.37%
SLC6A20	8	1.37%
SLC7A4	8	1.37%
SLCO2B1	8	1.37%
SMAD1	8	1.37%
SMOC2	8	1.37%
SMPD2	8	1.37%
SMPD3	8	1.37%
SMTNL1	8	1.37%
SMUG1	8	1.37%
SNRNP70	8	1.37%
SNX9	8	1.37%
SP2	8	1.37%
SP6	8	1.37%
SPANXD	8	1.37%
SPANXN3	8	1.37%
SPAST	8	1.37%
SPATA22	8	1.37%
SPATA9	8	1.37%
SPATC1L	8	1.37%
SPEM1	8	1.37%
SPHK2	8	1.37%
SPI1	8	1.37%
SPIRE2	8	1.37%
SPNS2	8	1.37%
SPOUT1	8	1.37%
SPRR3	8	1.37%
SPRY1	8	1.37%
SQLE	8	1.37%
SRPRA	8	1.37%
SSUH2	8	1.37%
ST6GALNAC2	8	1.37%
ST7	8	1.37%
STAC2	8	1.37%
STAT3	8	1.37%
STAT6	8	1.37%
STC2	8	1.37%
STIM1	8	1.37%
STK3	8	1.37%
STK38	8	1.37%
STK40	8	1.37%
STRADA	8	1.37%
STRN4	8	1.37%
STX19	8	1.37%
STX5	8	1.37%
STX8	8	1.37%
STYK1	8	1.37%
SUCNR1	8	1.37%
SUGP1	8	1.37%
SULT1B1	8	1.37%
SUN5	8	1.37%
SUPT3H	8	1.37%
SYN2	8	1.37%
SYNE4	8	1.37%
SYT1	8	1.37%
SYT2	8	1.37%
SYTL3	8	1.37%
SYTL4	8	1.37%
TAB1	8	1.37%
TAF1D	8	1.37%
TAFA1	8	1.37%
TANK	8	1.37%
TARS2	8	1.37%
TARS3	8	1.37%
TAS2R13	8	1.37%
TAS2R14	8	1.37%
TAS2R19	8	1.37%
TAS2R30	8	1.37%
TAS2R39	8	1.37%
TAS2R42	8	1.37%
TAS2R50	8	1.37%
TBC1D19	8	1.37%
TBC1D20	8	1.37%
TBC1D24	8	1.37%
TBX19	8	1.37%
TCF19	8	1.37%
TCIRG1	8	1.37%
TDG	8	1.37%
TEFM	8	1.37%
TEKT1	8	1.37%
TEKT4	8	1.37%
TENT4A	8	1.37%
TEX13B	8	1.37%
TFDP3	8	1.37%
TFG	8	1.37%
TFPI2	8	1.37%
THEMIS2	8	1.37%
TLR1	8	1.37%
TLX2	8	1.37%
TMA16	8	1.37%
TMBIM4	8	1.37%
TMEM135	8	1.37%
TMEM145	8	1.37%
TMEM178A	8	1.37%
TMEM214	8	1.37%
TMEM237	8	1.37%
TMEM255A	8	1.37%
TMEM41A	8	1.37%
TMEM44	8	1.37%
TMEM52B	8	1.37%
TMEM64	8	1.37%
TMEM8B	8	1.37%
TMOD2	8	1.37%
TMOD4	8	1.37%
TMPRSS11E	8	1.37%
TMPRSS13	8	1.37%
TNFAIP2	8	1.37%
TNFRSF11A	8	1.37%
TNIP1	8	1.37%
TNNT2	8	1.37%
TONSL	8	1.37%
TOR1AIP1	8	1.37%
TPCN2	8	1.37%
TPM3	8	1.37%
TPRX1	8	1.37%
TPST2	8	1.37%
TRAF1	8	1.37%
TRAF3IP1	8	1.37%
TRAF3IP3	8	1.37%
TRHR	8	1.37%
TRIB1	8	1.37%
TRIM15	8	1.37%
TRIM39	8	1.37%
TRIM43	8	1.37%
TRIM62	8	1.37%
TRIML1	8	1.37%
TRMT10A	8	1.37%
TRMT13	8	1.37%
TRMT9B	8	1.37%
TRNT1	8	1.37%
TROAP	8	1.37%
TSFM	8	1.37%
TSPAN7	8	1.37%
TTYH2	8	1.37%
TUBA1B	8	1.37%
TUBA3D	8	1.37%
TUBE1	8	1.37%
TUBG2	8	1.37%
UBA2	8	1.37%
UBE2E2	8	1.37%
UBQLN4	8	1.37%
UBR7	8	1.37%
UBXN6	8	1.37%
UFL1	8	1.37%
UGT1A4	8	1.37%
UGT1A6	8	1.37%
UGT1A7	8	1.37%
UGT2B28	8	1.37%
UGT2B7	8	1.37%
ULBP2	8	1.37%
UNC45A	8	1.37%
UPB1	8	1.37%
UROS	8	1.37%
USP21	8	1.37%
USP30	8	1.37%
VAC14	8	1.37%
VN1R1	8	1.37%
VPS37C	8	1.37%
VPS4A	8	1.37%
VSIG10	8	1.37%
VSIR	8	1.37%
VWC2L	8	1.37%
WARS1	8	1.37%
WDFY2	8	1.37%
WDFY4	8	1.37%
WDR41	8	1.37%
WDR44	8	1.37%
WDR87	8	1.37%
WIPF2	8	1.37%
WNT10B	8	1.37%
WNT3	8	1.37%
WNT7A	8	1.37%
XPNPEP1	8	1.37%
XPNPEP2	8	1.37%
XRCC2	8	1.37%
XRRA1	8	1.37%
YES1	8	1.37%
ZACN	8	1.37%
ZBTB6	8	1.37%
ZBTB7A	8	1.37%
ZC3H14	8	1.37%
ZCCHC7	8	1.37%
ZCRB1	8	1.37%
ZCWPW1	8	1.37%
ZCWPW2	8	1.37%
ZDHHC16	8	1.37%
ZDHHC2	8	1.37%
ZDHHC4	8	1.37%
ZGPAT	8	1.37%
ZMPSTE24	8	1.37%
ZNF12	8	1.37%
ZNF124	8	1.37%
ZNF18	8	1.37%
ZNF182	8	1.37%
ZNF185	8	1.37%
ZNF215	8	1.37%
ZNF219	8	1.37%
ZNF22	8	1.37%
ZNF223	8	1.37%
ZNF277	8	1.37%
ZNF3	8	1.37%
ZNF302	8	1.37%
ZNF319	8	1.37%
ZNF35	8	1.37%
ZNF362	8	1.37%
ZNF426	8	1.37%
ZNF433	8	1.37%
ZNF461	8	1.37%
ZNF486	8	1.37%
ZNF497	8	1.37%
ZNF506	8	1.37%
ZNF519	8	1.37%
ZNF547	8	1.37%
ZNF551	8	1.37%
ZNF57	8	1.37%
ZNF672	8	1.37%
ZNF674	8	1.37%
ZNF708	8	1.37%
ZNF71	8	1.37%
ZNF75D	8	1.37%
ZNF770	8	1.37%
ZNF785	8	1.37%
ZNF792	8	1.37%
ZNF81	8	1.37%
ZNF823	8	1.37%
ZNRF4	8	1.37%
ZP1	8	1.37%
ZSCAN25	8	1.37%
A1BG	7	1.20%
AAAS	7	1.20%
ABHD2	7	1.20%
ABRAXAS1	7	1.20%
AC097636.1	7	1.20%
AC127029.3	7	1.20%
ACAA1	7	1.20%
ACADS	7	1.20%
ACADSB	7	1.20%
ACADVL	7	1.20%
ACBD3	7	1.20%
ACCS	7	1.20%
ACHE	7	1.20%
ACSL3	7	1.20%
ACTR6	7	1.20%
ACTR8	7	1.20%
ACVRL1	7	1.20%
ADAD2	7	1.20%
ADAT1	7	1.20%
ADCK2	7	1.20%
ADCK5	7	1.20%
ADCYAP1	7	1.20%
ADGRG5	7	1.20%
ADH1B	7	1.20%
ADH5	7	1.20%
ADIPOQ	7	1.20%
ADIPOR2	7	1.20%
ADRA2B	7	1.20%
AGA	7	1.20%
AGPAT5	7	1.20%
AGT	7	1.20%
AKAP8L	7	1.20%
AL441992.2	7	1.20%
ALDH2	7	1.20%
ALDH3B2	7	1.20%
ALG6	7	1.20%
ALOX12	7	1.20%
ANKDD1A	7	1.20%
ANKRD33	7	1.20%
ANKRD45	7	1.20%
ANKRD49	7	1.20%
ANXA11	7	1.20%
ANXA8	7	1.20%
AP1M2	7	1.20%
APBB2	7	1.20%
APLP2	7	1.20%
APOD	7	1.20%
APPL2	7	1.20%
AQP8	7	1.20%
ARHGDIB	7	1.20%
ARL2BP	7	1.20%
ART3	7	1.20%
ASB12	7	1.20%
ASB14	7	1.20%
ASMT	7	1.20%
ASPHD2	7	1.20%
ASPRV1	7	1.20%
ASPSCR1	7	1.20%
ATAD1	7	1.20%
ATF7	7	1.20%
ATG10	7	1.20%
ATG16L1	7	1.20%
ATG4C	7	1.20%
ATP5F1B	7	1.20%
ATP6V0D1	7	1.20%
ATP6V1C2	7	1.20%
ATRIP	7	1.20%
ATXN10	7	1.20%
ATXN7L1	7	1.20%
ATXN7L2	7	1.20%
B3GALT4	7	1.20%
B4GALT1	7	1.20%
B4GALT5	7	1.20%
B4GALT6	7	1.20%
BACE1	7	1.20%
BASP1	7	1.20%
BBS10	7	1.20%
BCAR1	7	1.20%
BCKDHB	7	1.20%
BCL10	7	1.20%
BCL2L14	7	1.20%
BCL3	7	1.20%
BDKRB2	7	1.20%
BFAR	7	1.20%
BHLHE41	7	1.20%
BHMT	7	1.20%
BHMT2	7	1.20%
BIN1	7	1.20%
BIN3	7	1.20%
BPI	7	1.20%
BPIFB3	7	1.20%
BRMS1	7	1.20%
BTBD1	7	1.20%
BTBD2	7	1.20%
BTG4	7	1.20%
BTN3A2	7	1.20%
BVES	7	1.20%
C11orf42	7	1.20%
C11orf65	7	1.20%
C11orf80	7	1.20%
C12orf56	7	1.20%
C12orf66	7	1.20%
C17orf98	7	1.20%
C19orf18	7	1.20%
C1QL2	7	1.20%
C20orf85	7	1.20%
C2orf80	7	1.20%
C3orf38	7	1.20%
C5AR1	7	1.20%
C5orf22	7	1.20%
C7orf50	7	1.20%
C8orf74	7	1.20%
CA14	7	1.20%
CA9	7	1.20%
CABP2	7	1.20%
CACNG1	7	1.20%
CADM4	7	1.20%
CAGE1	7	1.20%
CALCRL	7	1.20%
CALN1	7	1.20%
CAMK1	7	1.20%
CAMK1G	7	1.20%
CAMK2A	7	1.20%
CAPN9	7	1.20%
CARS2	7	1.20%
CASP1	7	1.20%
CAT	7	1.20%
CBLL1	7	1.20%
CBLN2	7	1.20%
CBLN4	7	1.20%
CCDC117	7	1.20%
CCDC17	7	1.20%
CCDC198	7	1.20%
CCDC22	7	1.20%
CCDC3	7	1.20%
CCDC54	7	1.20%
CCDC59	7	1.20%
CCL14	7	1.20%
CCM2L	7	1.20%
CCN4	7	1.20%
CCN5	7	1.20%
CCNB1	7	1.20%
CD14	7	1.20%
CD2	7	1.20%
CD28	7	1.20%
CDC14B	7	1.20%
CDK17	7	1.20%
CDK5	7	1.20%
CDK5RAP1	7	1.20%
CDK9	7	1.20%
CDKN1B	7	1.20%
CDKN2AIP	7	1.20%
CDR1	7	1.20%
CEACAM16	7	1.20%
CEACAM4	7	1.20%
CENPB	7	1.20%
CERK	7	1.20%
CERS5	7	1.20%
CETN3	7	1.20%
CFAP298-TCP10L	7	1.20%
CFAP299	7	1.20%
CHAD	7	1.20%
CHDH	7	1.20%
CHI3L1	7	1.20%
CHKA	7	1.20%
CHMP7	7	1.20%
CHODL	7	1.20%
CHRM1	7	1.20%
CHRNE	7	1.20%
CIBAR2	7	1.20%
CILK1	7	1.20%
CLDN16	7	1.20%
CLEC12B	7	1.20%
CLEC1A	7	1.20%
CLEC3A	7	1.20%
CLEC4E	7	1.20%
CLEC5A	7	1.20%
CLK4	7	1.20%
CLN3	7	1.20%
CLP1	7	1.20%
CLPX	7	1.20%
CLRN1	7	1.20%
CLUL1	7	1.20%
CMTM3	7	1.20%
CNBD2	7	1.20%
CNDP1	7	1.20%
CNMD	7	1.20%
CNN2	7	1.20%
CNOT6L	7	1.20%
COG3	7	1.20%
COLEC11	7	1.20%
COPS7A	7	1.20%
CORO6	7	1.20%
CPNE6	7	1.20%
CPNE7	7	1.20%
CPVL	7	1.20%
CRACR2B	7	1.20%
CRB2	7	1.20%
CREB3L3	7	1.20%
CREM	7	1.20%
CRLF3	7	1.20%
CRTAM	7	1.20%
CRTC3	7	1.20%
CS	7	1.20%
CTNNAL1	7	1.20%
CTSL	7	1.20%
CTSV	7	1.20%
CTSW	7	1.20%
CTU2	7	1.20%
CXCL5	7	1.20%
CYBB	7	1.20%
CYP39A1	7	1.20%
CYP51A1	7	1.20%
CYSLTR1	7	1.20%
CYTIP	7	1.20%
DCAF17	7	1.20%
DCAF4	7	1.20%
DCBLD1	7	1.20%
DDC	7	1.20%
DDHD1	7	1.20%
DDIT4L	7	1.20%
DDX21	7	1.20%
DDX28	7	1.20%
DDX52	7	1.20%
DECR1	7	1.20%
DEFB116	7	1.20%
DEGS1	7	1.20%
DENND11	7	1.20%
DENND1B	7	1.20%
DENND2A	7	1.20%
DERL2	7	1.20%
DGAT1	7	1.20%
DHH	7	1.20%
DHRS9	7	1.20%
DIRAS1	7	1.20%
DKKL1	7	1.20%
DLAT	7	1.20%
DLK1	7	1.20%
DMAP1	7	1.20%
DMKN	7	1.20%
DNAAF2	7	1.20%
DNAJB9	7	1.20%
DNAJC14	7	1.20%
DNAJC24	7	1.20%
DNAJC9	7	1.20%
DNASE1L2	7	1.20%
DOK3	7	1.20%
DOK4	7	1.20%
DPF1	7	1.20%
DPH1	7	1.20%
DPH2	7	1.20%
DPPA4	7	1.20%
DRAM2	7	1.20%
DRC3	7	1.20%
DRD2	7	1.20%
DUSP4	7	1.20%
DUSP6	7	1.20%
DXO	7	1.20%
DYNC2I2	7	1.20%
E2F3	7	1.20%
EAF2	7	1.20%
EBLN2	7	1.20%
EBPL	7	1.20%
ECHDC1	7	1.20%
ECHDC2	7	1.20%
ECHS1	7	1.20%
ECI2	7	1.20%
EDARADD	7	1.20%
EEFSEC	7	1.20%
EFCAB14	7	1.20%
EFNA4	7	1.20%
EIF3L	7	1.20%
ELANE	7	1.20%
ELMO2	7	1.20%
ELMO3	7	1.20%
ELOVL1	7	1.20%
ELOVL4	7	1.20%
ELP4	7	1.20%
EMCN	7	1.20%
ENDOD1	7	1.20%
ENKD1	7	1.20%
ENO3	7	1.20%
ENTPD7	7	1.20%
EPHX2	7	1.20%
EPN3	7	1.20%
EPS8	7	1.20%
ERI3	7	1.20%
ERLEC1	7	1.20%
ERO1B	7	1.20%
ERP44	7	1.20%
ESS2	7	1.20%
ETV4	7	1.20%
EVA1C	7	1.20%
EXOSC9	7	1.20%
EXTL2	7	1.20%
F2RL2	7	1.20%
FAIM2	7	1.20%
FAM118B	7	1.20%
FAM126B	7	1.20%
FAM149A	7	1.20%
FAM153B	7	1.20%
FAM163B	7	1.20%
FAM20B	7	1.20%
FAM220A	7	1.20%
FAM234A	7	1.20%
FAM53A	7	1.20%
FAM71C	7	1.20%
FAM78A	7	1.20%
FANCB	7	1.20%
FANCG	7	1.20%
FAS	7	1.20%
FASTKD5	7	1.20%
FBLIM1	7	1.20%
FBXL14	7	1.20%
FBXO32	7	1.20%
FBXO4	7	1.20%
FBXO7	7	1.20%
FBXO8	7	1.20%
FBXO9	7	1.20%
FBXW12	7	1.20%
FBXW2	7	1.20%
FBXW8	7	1.20%
FCGRT	7	1.20%
FCN3	7	1.20%
FCRLA	7	1.20%
FEN1	7	1.20%
FERD3L	7	1.20%
FERMT1	7	1.20%
FGF20	7	1.20%
FGG	7	1.20%
FGGY	7	1.20%
FNBP1L	7	1.20%
FOSB	7	1.20%
FOXA2	7	1.20%
FOXB2	7	1.20%
FOXE1	7	1.20%
FOXF2	7	1.20%
FOXJ3	7	1.20%
FRG2C	7	1.20%
FRMD1	7	1.20%
FRMD4B	7	1.20%
FRMD7	7	1.20%
FRRS1	7	1.20%
FUCA2	7	1.20%
FUT3	7	1.20%
FUT5	7	1.20%
FZR1	7	1.20%
GABRD	7	1.20%
GAMT	7	1.20%
GBP2	7	1.20%
GCFC2	7	1.20%
GCKR	7	1.20%
GCOM1	7	1.20%
GDF15	7	1.20%
GDPD5	7	1.20%
GGA1	7	1.20%
GGN	7	1.20%
GIPC1	7	1.20%
GJA4	7	1.20%
GJA5	7	1.20%
GJD4	7	1.20%
GLB1L	7	1.20%
GLCCI1	7	1.20%
GLI4	7	1.20%
GLRA2	7	1.20%
GMDS	7	1.20%
GNAI2	7	1.20%
GNB5	7	1.20%
GNL3	7	1.20%
GNL3L	7	1.20%
GNPAT	7	1.20%
GNRH1	7	1.20%
GNS	7	1.20%
GOLGA6A	7	1.20%
GOPC	7	1.20%
GPATCH2	7	1.20%
GPATCH2L	7	1.20%
GPN1	7	1.20%
GPR108	7	1.20%
GPR137	7	1.20%
GPR173	7	1.20%
GPR182	7	1.20%
GPR183	7	1.20%
GPR4	7	1.20%
GPR52	7	1.20%
GPR61	7	1.20%
GPR68	7	1.20%
GPR83	7	1.20%
GPR85	7	1.20%
GPS1	7	1.20%
GPS2	7	1.20%
GPX5	7	1.20%
GPX6	7	1.20%
GRAP2	7	1.20%
GRB10	7	1.20%
GREB1L	7	1.20%
GRHL3	7	1.20%
GSDMA	7	1.20%
GSDME	7	1.20%
GSG1	7	1.20%
GSN	7	1.20%
GSTM3	7	1.20%
GTF2A1	7	1.20%
GTF2B	7	1.20%
GTF3C5	7	1.20%
GXYLT2	7	1.20%
GYG2	7	1.20%
GYPA	7	1.20%
H2AC1	7	1.20%
H3C2	7	1.20%
HAPLN3	7	1.20%
HARS1	7	1.20%
HARS2	7	1.20%
HAT1	7	1.20%
HCFC1R1	7	1.20%
HDAC11	7	1.20%
HDHD5	7	1.20%
HEY1	7	1.20%
HEY2	7	1.20%
HEYL	7	1.20%
HGFAC	7	1.20%
HIPK4	7	1.20%
HLA-DMB	7	1.20%
HMBS	7	1.20%
HMX3	7	1.20%
HOXC13	7	1.20%
HOXD3	7	1.20%
HOXD8	7	1.20%
HP1BP3	7	1.20%
HS2ST1	7	1.20%
HSPA13	7	1.20%
HSPA9	7	1.20%
HSPB8	7	1.20%
HTR3C	7	1.20%
HTR4	7	1.20%
HTR6	7	1.20%
HTRA4	7	1.20%
HYAL2	7	1.20%
IFI44	7	1.20%
IFIT5	7	1.20%
IFNAR2	7	1.20%
IFNGR2	7	1.20%
IGFBP3	7	1.20%
IGHD	7	1.20%
IGHV1OR21-1	7	1.20%
IGHV4-28	7	1.20%
IGKV1-5	7	1.20%
IGKV2-24	7	1.20%
IL11	7	1.20%
IL11RA	7	1.20%
IL12RB1	7	1.20%
IL1B	7	1.20%
IL23R	7	1.20%
IL9R	7	1.20%
IMPA1	7	1.20%
INKA2	7	1.20%
INPP5K	7	1.20%
IP6K1	7	1.20%
IPCEF1	7	1.20%
IPMK	7	1.20%
IPP	7	1.20%
IRF1	7	1.20%
IRF4	7	1.20%
IRF5	7	1.20%
IRF6	7	1.20%
IRF7	7	1.20%
IRGC	7	1.20%
IRX2	7	1.20%
ISM1	7	1.20%
ISM2	7	1.20%
ITGB7	7	1.20%
ITPRIPL1	7	1.20%
JCHAIN	7	1.20%
KARS1	7	1.20%
KAT5	7	1.20%
KCNK17	7	1.20%
KCTD11	7	1.20%
KCTD15	7	1.20%
KCTD21	7	1.20%
KCTD9	7	1.20%
KDM1A	7	1.20%
KHDC3L	7	1.20%
KHDC4	7	1.20%
KHDRBS1	7	1.20%
KIAA0930	7	1.20%
KIAA1328	7	1.20%
KIF25	7	1.20%
KIF3B	7	1.20%
KLC3	7	1.20%
KLF14	7	1.20%
KLHDC2	7	1.20%
KLHDC4	7	1.20%
KLK15	7	1.20%
KLRF1	7	1.20%
KNSTRN	7	1.20%
KPNA5	7	1.20%
KPNB1	7	1.20%
KRT14	7	1.20%
KRT16	7	1.20%
KRT25	7	1.20%
KRT72	7	1.20%
KRTAP19-5	7	1.20%
LAG3	7	1.20%
LAMP2	7	1.20%
LAMP3	7	1.20%
LARGE2	7	1.20%
LARP6	7	1.20%
LAX1	7	1.20%
LBP	7	1.20%
LCE1A	7	1.20%
LCE2B	7	1.20%
LDHB	7	1.20%
LENG1	7	1.20%
LGALS3BP	7	1.20%
LGALS8	7	1.20%
LGALS9	7	1.20%
LGI3	7	1.20%
LGI4	7	1.20%
LHFPL6	7	1.20%
LHX2	7	1.20%
LHX8	7	1.20%
LILRA2	7	1.20%
LIMS2	7	1.20%
LIPG	7	1.20%
LIPH	7	1.20%
LIPJ	7	1.20%
LPP	7	1.20%
LRRC14B	7	1.20%
LRRC39	7	1.20%
LRRC4	7	1.20%
LRRC42	7	1.20%
LRRN4	7	1.20%
LRWD1	7	1.20%
LY6K	7	1.20%
LYVE1	7	1.20%
LYZL1	7	1.20%
MACROH2A1	7	1.20%
MAGEA6	7	1.20%
MAGEH1	7	1.20%
MAGT1	7	1.20%
MAMSTR	7	1.20%
MAP3K3	7	1.20%
MAPK15	7	1.20%
MAPKAPK2	7	1.20%
MAPRE2	7	1.20%
MARCHF11	7	1.20%
MARCHF8	7	1.20%
MARCKSL1	7	1.20%
MAS1	7	1.20%
MAX	7	1.20%
MB21D2	7	1.20%
MBD3L1	7	1.20%
MC4R	7	1.20%
MCAM	7	1.20%
MCOLN2	7	1.20%
MCRS1	7	1.20%
MDFIC	7	1.20%
ME3	7	1.20%
MED15	7	1.20%
MEGF11	7	1.20%
MEGF9	7	1.20%
MEOX2	7	1.20%
MESD	7	1.20%
MEST	7	1.20%
METRNL	7	1.20%
METTL14	7	1.20%
METTL15	7	1.20%
METTL24	7	1.20%
METTL7A	7	1.20%
MFF	7	1.20%
MFSD14A	7	1.20%
MFSD6L	7	1.20%
MFSD9	7	1.20%
MGAT4A	7	1.20%
MIA	7	1.20%
MICU2	7	1.20%
MICU3	7	1.20%
MID1	7	1.20%
MIDN	7	1.20%
MIER2	7	1.20%
MINDY1	7	1.20%
MINDY2	7	1.20%
MLF2	7	1.20%
MMP24	7	1.20%
MMS19	7	1.20%
MNX1	7	1.20%
MOCS1	7	1.20%
MORN1	7	1.20%
MPIG6B	7	1.20%
MPP5	7	1.20%
MPP7	7	1.20%
MPPED1	7	1.20%
MRGPRX4	7	1.20%
MRPL19	7	1.20%
MRPL44	7	1.20%
MRPL47	7	1.20%
MRPL54	7	1.20%
MRPS22	7	1.20%
MRPS27	7	1.20%
MRPS30	7	1.20%
MSANTD4	7	1.20%
MSS51	7	1.20%
MTA3	7	1.20%
MTCH2	7	1.20%
MTERF1	7	1.20%
MTERF3	7	1.20%
MTFR1L	7	1.20%
MTG1	7	1.20%
MTHFR	7	1.20%
MUC15	7	1.20%
MUS81	7	1.20%
MVD	7	1.20%
MVP	7	1.20%
NANOS2	7	1.20%
NAPSA	7	1.20%
NARF	7	1.20%
NARS1	7	1.20%
NCF2	7	1.20%
NCF4	7	1.20%
NCKIPSD	7	1.20%
NCL	7	1.20%
NDUFAF5	7	1.20%
NECTIN2	7	1.20%
NEIL3	7	1.20%
NEK2	7	1.20%
NEMP1	7	1.20%
NEU4	7	1.20%
NEUROD2	7	1.20%
NFAT5	7	1.20%
NFKBIB	7	1.20%
NFKBIZ	7	1.20%
NGEF	7	1.20%
NKD1	7	1.20%
NKPD1	7	1.20%
NKX2-1	7	1.20%
NKX2-5	7	1.20%
NLK	7	1.20%
NNT	7	1.20%
NOL9	7	1.20%
NOMO2	7	1.20%
NOP53	7	1.20%
NOS1AP	7	1.20%
NOXA1	7	1.20%
NPEPL1	7	1.20%
NPNT	7	1.20%
NR2E3	7	1.20%
NR2F1	7	1.20%
NRN1	7	1.20%
NSUN6	7	1.20%
NT5C3A	7	1.20%
NTF3	7	1.20%
NUCB2	7	1.20%
NUFIP2	7	1.20%
NUP43	7	1.20%
NUP58	7	1.20%
NXPH1	7	1.20%
ODF1	7	1.20%
OLA1	7	1.20%
OPN1SW	7	1.20%
OPN3	7	1.20%
OPN5	7	1.20%
OPRPN	7	1.20%
OR10H2	7	1.20%
OR10H4	7	1.20%
OR10K1	7	1.20%
OR10Q1	7	1.20%
OR10X1	7	1.20%
OR11H6	7	1.20%
OR13C9	7	1.20%
OR1D5	7	1.20%
OR1F1	7	1.20%
OR2A2	7	1.20%
OR2AK2	7	1.20%
OR2F1	7	1.20%
OR2G2	7	1.20%
OR2K2	7	1.20%
OR2M7	7	1.20%
OR4C11	7	1.20%
OR4C12	7	1.20%
OR4C3	7	1.20%
OR4D1	7	1.20%
OR4D6	7	1.20%
OR4D9	7	1.20%
OR51F2	7	1.20%
OR51G2	7	1.20%
OR51I1	7	1.20%
OR52B4	7	1.20%
OR52E2	7	1.20%
OR52E8	7	1.20%
OR52K2	7	1.20%
OR52N1	7	1.20%
OR52N4	7	1.20%
OR52N5	7	1.20%
OR5AC2	7	1.20%
OR5C1	7	1.20%
OR5K4	7	1.20%
OR5L1	7	1.20%
OR6B2	7	1.20%
OR6C6	7	1.20%
OR7G1	7	1.20%
OR8B4	7	1.20%
OR8D2	7	1.20%
OR8G1	7	1.20%
OR8U1	7	1.20%
ORAI2	7	1.20%
ORC2	7	1.20%
OTUD5	7	1.20%
OXNAD1	7	1.20%
P2RX3	7	1.20%
P2RX4	7	1.20%
P2RY2	7	1.20%
P4HA3	7	1.20%
PACSIN3	7	1.20%
PADI4	7	1.20%
PAFAH1B1	7	1.20%
PAFAH2	7	1.20%
PAIP1	7	1.20%
PANK3	7	1.20%
PAPSS1	7	1.20%
PARP2	7	1.20%
PARVG	7	1.20%
PATL1	7	1.20%
PBX1	7	1.20%
PBX3	7	1.20%
PCGF5	7	1.20%
PCYOX1	7	1.20%
PCYT1A	7	1.20%
PDGFA	7	1.20%
PDHA1	7	1.20%
PDIA6	7	1.20%
PDLIM7	7	1.20%
PDZK1	7	1.20%
PELI1	7	1.20%
PEPD	7	1.20%
PES1	7	1.20%
PEX13	7	1.20%
PEX3	7	1.20%
PGC	7	1.20%
PGD	7	1.20%
PGM2L1	7	1.20%
PGM3	7	1.20%
PHF21B	7	1.20%
PHYH	7	1.20%
PHYHIP	7	1.20%
PIGM	7	1.20%
PIGT	7	1.20%
PIMREG	7	1.20%
PITPNC1	7	1.20%
PJA1	7	1.20%
PLA2G15	7	1.20%
PLAAT4	7	1.20%
PLEKHO1	7	1.20%
PLEKHO2	7	1.20%
PLEKHS1	7	1.20%
PLOD3	7	1.20%
PLP1	7	1.20%
PLPPR1	7	1.20%
PLRG1	7	1.20%
PLSCR3	7	1.20%
PLSCR5	7	1.20%
PLXDC1	7	1.20%
PMEL	7	1.20%
PNMA2	7	1.20%
PNN	7	1.20%
POLB	7	1.20%
POLE2	7	1.20%
POLR3C	7	1.20%
POPDC2	7	1.20%
POU3F3	7	1.20%
POU5F2	7	1.20%
PPA2	7	1.20%
PPID	7	1.20%
PPM1H	7	1.20%
PPP1R16A	7	1.20%
PPP1R21	7	1.20%
PPP1R42	7	1.20%
PPP2R1B	7	1.20%
PPP2R3C	7	1.20%
PPP2R5B	7	1.20%
PPP2R5C	7	1.20%
PPP2R5D	7	1.20%
PPTC7	7	1.20%
PRAMEF10	7	1.20%
PRAMEF4	7	1.20%
PRB2	7	1.20%
PRDM11	7	1.20%
PRDX6	7	1.20%
PREPL	7	1.20%
PRIM2	7	1.20%
PRKAB1	7	1.20%
PRKAR1A	7	1.20%
PRKCA	7	1.20%
PRODH2	7	1.20%
PRR11	7	1.20%
PRSS1	7	1.20%
PRSS37	7	1.20%
PRSS53	7	1.20%
PRSS55	7	1.20%
PSG3	7	1.20%
PSIP1	7	1.20%
PSMD6	7	1.20%
PSRC1	7	1.20%
PTBP1	7	1.20%
PTBP3	7	1.20%
PTGIS	7	1.20%
PTN	7	1.20%
PTPN2	7	1.20%
PTPN22	7	1.20%
PUF60	7	1.20%
PVRIG	7	1.20%
PWWP2B	7	1.20%
PYM1	7	1.20%
R3HDM4	7	1.20%
RAB11FIP5	7	1.20%
RAB3B	7	1.20%
RAB40AL	7	1.20%
RAB5A	7	1.20%
RABEP1	7	1.20%
RAD9B	7	1.20%
RALGPS1	7	1.20%
RAMP3	7	1.20%
RAP1GAP2	7	1.20%
RARS1	7	1.20%
RASGRP4	7	1.20%
RBBP5	7	1.20%
RBCK1	7	1.20%
RBM17	7	1.20%
RBM34	7	1.20%
RBM39	7	1.20%
RBM4B	7	1.20%
RBMX2	7	1.20%
RBPMS	7	1.20%
RCC1	7	1.20%
RCL1	7	1.20%
RCOR1	7	1.20%
RCVRN	7	1.20%
REC8	7	1.20%
REEP2	7	1.20%
REG1A	7	1.20%
RELL2	7	1.20%
RELT	7	1.20%
REM2	7	1.20%
REPS2	7	1.20%
RERG	7	1.20%
REXO4	7	1.20%
RFPL3	7	1.20%
RFPL4B	7	1.20%
RFX1	7	1.20%
RFX3	7	1.20%
RGS10	7	1.20%
RGS17	7	1.20%
RGS7BP	7	1.20%
RHBDF1	7	1.20%
RHD	7	1.20%
RIDA	7	1.20%
RIOK2	7	1.20%
RLBP1	7	1.20%
RLIM	7	1.20%
RMDN1	7	1.20%
RNASE10	7	1.20%
RNF32	7	1.20%
RNPEPL1	7	1.20%
RPA4	7	1.20%
RPF1	7	1.20%
RPL28	7	1.20%
RPUSD1	7	1.20%
RPUSD2	7	1.20%
RRH	7	1.20%
RSL1D1	7	1.20%
RSPH10B	7	1.20%
RSPO4	7	1.20%
RSRC1	7	1.20%
RSRC2	7	1.20%
RUNX3	7	1.20%
S1PR3	7	1.20%
SCARF2	7	1.20%
SCN2B	7	1.20%
SCN3B	7	1.20%
SDC3	7	1.20%
SECISBP2	7	1.20%
SEMG1	7	1.20%
SEPHS1	7	1.20%
SEPTIN11	7	1.20%
SEPTIN3	7	1.20%
SEPTIN9	7	1.20%
SERBP1	7	1.20%
SERPINB11	7	1.20%
SERPINC1	7	1.20%
SERPIND1	7	1.20%
SERPING1	7	1.20%
SERPINI1	7	1.20%
SERTAD4	7	1.20%
SH3GL2	7	1.20%
SHBG	7	1.20%
SHC2	7	1.20%
SHF	7	1.20%
SHFL	7	1.20%
SHH	7	1.20%
SHISA5	7	1.20%
SHISAL1	7	1.20%
SIGLECL1	7	1.20%
SIX2	7	1.20%
SIX6	7	1.20%
SLAIN2	7	1.20%
SLC15A3	7	1.20%
SLC16A4	7	1.20%
SLC19A1	7	1.20%
SLC22A8	7	1.20%
SLC22A9	7	1.20%
SLC25A24	7	1.20%
SLC25A39	7	1.20%
SLC25A4	7	1.20%
SLC25A40	7	1.20%
SLC25A42	7	1.20%
SLC25A46	7	1.20%
SLC25A51	7	1.20%
SLC25A53	7	1.20%
SLC29A3	7	1.20%
SLC2A11	7	1.20%
SLC35A5	7	1.20%
SLC35F1	7	1.20%
SLC36A4	7	1.20%
SLC37A3	7	1.20%
SLC37A4	7	1.20%
SLC39A11	7	1.20%
SLC39A6	7	1.20%
SLC40A1	7	1.20%
SLC41A1	7	1.20%
SLC41A2	7	1.20%
SLC43A1	7	1.20%
SLC44A3	7	1.20%
SLC52A2	7	1.20%
SLC5A5	7	1.20%
SLC5A9	7	1.20%
SLC6A14	7	1.20%
SLC6A18	7	1.20%
SLC6A9	7	1.20%
SLC7A14	7	1.20%
SLX4IP	7	1.20%
SMAD5	7	1.20%
SMYD3	7	1.20%
SMYD5	7	1.20%
SNAPC3	7	1.20%
SNPH	7	1.20%
SNRNP35	7	1.20%
SNRNP48	7	1.20%
SNTA1	7	1.20%
SNTB1	7	1.20%
SNTB2	7	1.20%
SNX17	7	1.20%
SOAT1	7	1.20%
SOD2	7	1.20%
SORD	7	1.20%
SP1	7	1.20%
SP110	7	1.20%
SPATA13	7	1.20%
SPATA18	7	1.20%
SPATA2L	7	1.20%
SPATA32	7	1.20%
SPATA5L1	7	1.20%
SPATA6L	7	1.20%
SPDYE1	7	1.20%
SPNS1	7	1.20%
SPOCK1	7	1.20%
SPOCK2	7	1.20%
SRR	7	1.20%
SS18L1	7	1.20%
SSB	7	1.20%
SSBP2	7	1.20%
SSTR2	7	1.20%
SSX3	7	1.20%
ST3GAL1	7	1.20%
ST6GALNAC1	7	1.20%
ST8SIA2	7	1.20%
STAMBP	7	1.20%
STK25	7	1.20%
STK32A	7	1.20%
STRC	7	1.20%
STUB1	7	1.20%
STX2	7	1.20%
STX3	7	1.20%
STX4	7	1.20%
SUGCT	7	1.20%
SUSD2	7	1.20%
SVOPL	7	1.20%
SWAP70	7	1.20%
SYNDIG1	7	1.20%
SYNGR4	7	1.20%
SYT17	7	1.20%
TAAR1	7	1.20%
TAF5L	7	1.20%
TAPT1	7	1.20%
TBATA	7	1.20%
TBC1D22B	7	1.20%
TBX10	7	1.20%
TC2N	7	1.20%
TCEA1	7	1.20%
TCEAL4	7	1.20%
TCEAL6	7	1.20%
TCF25	7	1.20%
TCP1	7	1.20%
TCTE1	7	1.20%
TCTN1	7	1.20%
TDRD10	7	1.20%
TEAD1	7	1.20%
TEAD4	7	1.20%
TENT5B	7	1.20%
TEPP	7	1.20%
TERF1	7	1.20%
TERF2	7	1.20%
TERT	7	1.20%
TESMIN	7	1.20%
TEX30	7	1.20%
TEX9	7	1.20%
TFAP2A	7	1.20%
TFCP2	7	1.20%
TGFB1I1	7	1.20%
TH	7	1.20%
THBD	7	1.20%
THEG	7	1.20%
TIGD4	7	1.20%
TIGIT	7	1.20%
TIMM50	7	1.20%
TIPARP	7	1.20%
TM4SF19	7	1.20%
TM9SF4	7	1.20%
TMCO4	7	1.20%
TMEM100	7	1.20%
TMEM119	7	1.20%
TMEM147	7	1.20%
TMEM156	7	1.20%
TMEM164	7	1.20%
TMEM184A	7	1.20%
TMEM184C	7	1.20%
TMEM30A	7	1.20%
TMEM59L	7	1.20%
TMEM74B	7	1.20%
TMIGD1	7	1.20%
TMPRSS11F	7	1.20%
TNFAIP6	7	1.20%
TNFRSF10B	7	1.20%
TNFRSF13B	7	1.20%
TNFRSF1A	7	1.20%
TNFRSF9	7	1.20%
TNFSF14	7	1.20%
TOM1L2	7	1.20%
TOX2	7	1.20%
TPBG	7	1.20%
TRA2B	7	1.20%
TRIM10	7	1.20%
TRIM13	7	1.20%
TRIM26	7	1.20%
TRIM36	7	1.20%
TRIM48	7	1.20%
TRIM52	7	1.20%
TRIM68	7	1.20%
TRIM72	7	1.20%
TRIM75P	7	1.20%
TRMT1	7	1.20%
TRMT10C	7	1.20%
TRUB2	7	1.20%
TSPAN2	7	1.20%
TSSK2	7	1.20%
TTC24	7	1.20%
TTC26	7	1.20%
TTC31	7	1.20%
TTC39B	7	1.20%
TUBA1A	7	1.20%
TUBB2B	7	1.20%
TULP2	7	1.20%
TWF1	7	1.20%
TXLNG	7	1.20%
TXNIP	7	1.20%
TYRP1	7	1.20%
TYW3	7	1.20%
U2AF2	7	1.20%
UBAC1	7	1.20%
UBE2A	7	1.20%
UBE2K	7	1.20%
UBE2U	7	1.20%
UBE3D	7	1.20%
UBLCP1	7	1.20%
UBXN11	7	1.20%
UCP1	7	1.20%
UEVLD	7	1.20%
UGT1A8	7	1.20%
UGT2B17	7	1.20%
ULBP1	7	1.20%
ULBP3	7	1.20%
UNC93A	7	1.20%
UPF3B	7	1.20%
UPRT	7	1.20%
UQCC1	7	1.20%
UQCRC1	7	1.20%
USP37	7	1.20%
USP46	7	1.20%
USP51	7	1.20%
VARS2	7	1.20%
VASH1	7	1.20%
VASP	7	1.20%
VAX2	7	1.20%
VEGFB	7	1.20%
VEGFD	7	1.20%
VENTX	7	1.20%
VIPAS39	7	1.20%
VPS11	7	1.20%
VPS36	7	1.20%
VPS51	7	1.20%
VPS72	7	1.20%
VPS9D1	7	1.20%
VSIG1	7	1.20%
WDR45B	7	1.20%
WDR88	7	1.20%
WIF1	7	1.20%
WLS	7	1.20%
WNT2B	7	1.20%
WNT4	7	1.20%
WRAP73	7	1.20%
XKR9	7	1.20%
XKRX	7	1.20%
XPC	7	1.20%
XYLB	7	1.20%
YBX2	7	1.20%
ZBTB1	7	1.20%
ZBTB14	7	1.20%
ZBTB39	7	1.20%
ZBTB44	7	1.20%
ZC4H2	7	1.20%
ZDHHC11	7	1.20%
ZDHHC20	7	1.20%
ZFYVE27	7	1.20%
ZKSCAN4	7	1.20%
ZNF155	7	1.20%
ZNF165	7	1.20%
ZNF169	7	1.20%
ZNF230	7	1.20%
ZNF25	7	1.20%
ZNF263	7	1.20%
ZNF324	7	1.20%
ZNF341	7	1.20%
ZNF346	7	1.20%
ZNF358	7	1.20%
ZNF367	7	1.20%
ZNF436	7	1.20%
ZNF441	7	1.20%
ZNF469	7	1.20%
ZNF488	7	1.20%
ZNF527	7	1.20%
ZNF550	7	1.20%
ZNF555	7	1.20%
ZNF566	7	1.20%
ZNF582	7	1.20%
ZNF596	7	1.20%
ZNF598	7	1.20%
ZNF670	7	1.20%
ZNF70	7	1.20%
ZNF710	7	1.20%
ZNF711	7	1.20%
ZNF713	7	1.20%
ZNF781	7	1.20%
ZNF8	7	1.20%
ZNF880	7	1.20%
ZNF883	7	1.20%
ZWILCH	7	1.20%
ZXDC	7	1.20%
A1CF	6	1.03%
AASDHPPT	6	1.03%
ABCF2	6	1.03%
ABHD12	6	1.03%
ABI2	6	1.03%
ABO	6	1.03%
ABRA	6	1.03%
AC004593.2	6	1.03%
AC100868.1	6	1.03%
AC134980.2	6	1.03%
ACAD10	6	1.03%
ACAT1	6	1.03%
ACAT2	6	1.03%
ACKR1	6	1.03%
ACOT11	6	1.03%
ACOX2	6	1.03%
ACP1	6	1.03%
ACP3	6	1.03%
ACP4	6	1.03%
ACR	6	1.03%
ACRV1	6	1.03%
ACSS1	6	1.03%
ACTN3	6	1.03%
ACTR10	6	1.03%
ACTR3	6	1.03%
ADA	6	1.03%
ADAL	6	1.03%
ADAMTSL5	6	1.03%
ADAP2	6	1.03%
ADGB	6	1.03%
ADGRG1	6	1.03%
ADH1A	6	1.03%
ADH6	6	1.03%
ADK	6	1.03%
ADPRHL1	6	1.03%
ADRA1B	6	1.03%
ADRB1	6	1.03%
ADSS2	6	1.03%
AFG1L	6	1.03%
AGER	6	1.03%
AGFG2	6	1.03%
AGK	6	1.03%
AGPAT3	6	1.03%
AGXT	6	1.03%
AIMP2	6	1.03%
AKAP10	6	1.03%
AKAP5	6	1.03%
AKIRIN2	6	1.03%
AKR1B10	6	1.03%
AKR1C1	6	1.03%
AKR1C8P	6	1.03%
AKR1D1	6	1.03%
AKT1S1	6	1.03%
ALDH3A2	6	1.03%
ALDH7A1	6	1.03%
ALDH9A1	6	1.03%
ALPG	6	1.03%
AMBP	6	1.03%
AMD1	6	1.03%
AMDHD1	6	1.03%
AMMECR1	6	1.03%
ANGPTL7	6	1.03%
ANKRD10	6	1.03%
ANKRD13B	6	1.03%
ANKRD13C	6	1.03%
ANKRD34B	6	1.03%
ANKRD40	6	1.03%
ANXA10	6	1.03%
ANXA4	6	1.03%
ANXA9	6	1.03%
AP4M1	6	1.03%
APEX2	6	1.03%
APOBEC3B	6	1.03%
APOBEC3C	6	1.03%
APOL3	6	1.03%
APOL5	6	1.03%
APPBP2	6	1.03%
APTX	6	1.03%
AQP10	6	1.03%
AQP4	6	1.03%
ARCN1	6	1.03%
AREL1	6	1.03%
ARF4	6	1.03%
ARFGAP1	6	1.03%
ARG2	6	1.03%
ARHGEF33	6	1.03%
ARID3B	6	1.03%
ARIH2	6	1.03%
ARL13A	6	1.03%
ARL6IP6	6	1.03%
ARL8B	6	1.03%
ARMCX3	6	1.03%
ARMCX5-GPRASP2	6	1.03%
ARNT	6	1.03%
ARRB1	6	1.03%
ARSK	6	1.03%
ART4	6	1.03%
ARVCF	6	1.03%
ASB13	6	1.03%
ASB16	6	1.03%
ASB4	6	1.03%
ASCL4	6	1.03%
ASPA	6	1.03%
ASPHD1	6	1.03%
ASS1	6	1.03%
ATAD3B	6	1.03%
ATF2	6	1.03%
ATG101	6	1.03%
ATG13	6	1.03%
ATG4A	6	1.03%
ATG4B	6	1.03%
ATG7	6	1.03%
ATP6V1C1	6	1.03%
ATP6V1E2	6	1.03%
AURKB	6	1.03%
AVIL	6	1.03%
AVL9	6	1.03%
AVPI1	6	1.03%
B3GALT1	6	1.03%
B3GALT5	6	1.03%
B3GNT4	6	1.03%
B4GALNT3	6	1.03%
B4GALT2	6	1.03%
BAAT	6	1.03%
BAG4	6	1.03%
BAMBI	6	1.03%
BATF3	6	1.03%
BAX	6	1.03%
BBOF1	6	1.03%
BBS4	6	1.03%
BCL2L13	6	1.03%
BDKRB1	6	1.03%
BDNF	6	1.03%
BEX1	6	1.03%
BIN2	6	1.03%
BLOC1S2	6	1.03%
BMF	6	1.03%
BMP15	6	1.03%
BMX	6	1.03%
BPNT1	6	1.03%
BRMS1L	6	1.03%
BSCL2	6	1.03%
BSG	6	1.03%
BSND	6	1.03%
BTBD9	6	1.03%
C11orf49	6	1.03%
C11orf53	6	1.03%
C12orf29	6	1.03%
C16orf46	6	1.03%
C16orf70	6	1.03%
C16orf71	6	1.03%
C16orf72	6	1.03%
C17orf75	6	1.03%
C17orf78	6	1.03%
C17orf80	6	1.03%
C19orf57	6	1.03%
C1D	6	1.03%
C1QTNF1	6	1.03%
C1orf116	6	1.03%
C1orf74	6	1.03%
C2orf15	6	1.03%
C2orf73	6	1.03%
C5AR2	6	1.03%
C6orf58	6	1.03%
C7orf25	6	1.03%
C7orf57	6	1.03%
C9orf135	6	1.03%
CA10	6	1.03%
CA13	6	1.03%
CA7	6	1.03%
CABLES1	6	1.03%
CABP5	6	1.03%
CACNB3	6	1.03%
CACNG6	6	1.03%
CALB2	6	1.03%
CAMKK1	6	1.03%
CAP2	6	1.03%
CAPZA2	6	1.03%
CARM1	6	1.03%
CASP14	6	1.03%
CASP2	6	1.03%
CASQ1	6	1.03%
CATIP	6	1.03%
CAV3	6	1.03%
CBX4	6	1.03%
CCDC106	6	1.03%
CCDC124	6	1.03%
CCDC130	6	1.03%
CCDC183	6	1.03%
CCDC24	6	1.03%
CCDC33	6	1.03%
CCDC61	6	1.03%
CCDC63	6	1.03%
CCDC65	6	1.03%
CCDC71	6	1.03%
CCDC83	6	1.03%
CCDC91	6	1.03%
CCN3	6	1.03%
CCNDBP1	6	1.03%
CCNE2	6	1.03%
CCNJL	6	1.03%
CCNQ	6	1.03%
CCR4	6	1.03%
CCR9	6	1.03%
CCS	6	1.03%
CD177	6	1.03%
CD1B	6	1.03%
CD1D	6	1.03%
CD200	6	1.03%
CD33	6	1.03%
CD37	6	1.03%
CD44	6	1.03%
CD53	6	1.03%
CD6	6	1.03%
CD63	6	1.03%
CD69	6	1.03%
CD72	6	1.03%
CDC42EP4	6	1.03%
CDCP1	6	1.03%
CDH15	6	1.03%
CDH3	6	1.03%
CDK11A	6	1.03%
CDK2	6	1.03%
CDK3	6	1.03%
CDK5R1	6	1.03%
CEACAM20	6	1.03%
CEACAM3	6	1.03%
CENPK	6	1.03%
CENPO	6	1.03%
CEPT1	6	1.03%
CFAP36	6	1.03%
CFDP1	6	1.03%
CFHR3	6	1.03%
CGB1	6	1.03%
CHMP1A	6	1.03%
CHORDC1	6	1.03%
CHST12	6	1.03%
CHST13	6	1.03%
CIART	6	1.03%
CLDN17	6	1.03%
CLDND1	6	1.03%
CLEC10A	6	1.03%
CLEC12A	6	1.03%
CLEC7A	6	1.03%
CLHC1	6	1.03%
CLNS1A	6	1.03%
CLPP	6	1.03%
CLTA	6	1.03%
CLVS1	6	1.03%
CNIH1	6	1.03%
CNNM4	6	1.03%
CNTD1	6	1.03%
COL26A1	6	1.03%
CORO1A	6	1.03%
CPA6	6	1.03%
CPOX	6	1.03%
CPSF3	6	1.03%
CRADD	6	1.03%
CREB3L4	6	1.03%
CRKL	6	1.03%
CRYL1	6	1.03%
CRYM	6	1.03%
CSNK1G1	6	1.03%
CSRNP2	6	1.03%
CSTF1	6	1.03%
CTSA	6	1.03%
CTSB	6	1.03%
CTSO	6	1.03%
CTTNBP2NL	6	1.03%
CUEDC1	6	1.03%
CUL4A	6	1.03%
CUTC	6	1.03%
CYB5R2	6	1.03%
CYP2S1	6	1.03%
CYP2U1	6	1.03%
CYP3A5	6	1.03%
CYREN	6	1.03%
CYRIA	6	1.03%
CYRIB	6	1.03%
CYTH1	6	1.03%
CYTL1	6	1.03%
DAGLB	6	1.03%
DAPK2	6	1.03%
DBX2	6	1.03%
DCAF10	6	1.03%
DCAF15	6	1.03%
DCAF8	6	1.03%
DCUN1D1	6	1.03%
DDX19B	6	1.03%
DDX25	6	1.03%
DDX49	6	1.03%
DDX51	6	1.03%
DDX56	6	1.03%
DDX59	6	1.03%
DECR2	6	1.03%
DEDD2	6	1.03%
DEF6	6	1.03%
DEK	6	1.03%
DEPDC4	6	1.03%
DERL1	6	1.03%
DFFA	6	1.03%
DHDDS	6	1.03%
DHFR2	6	1.03%
DHRS2	6	1.03%
DIO2	6	1.03%
DIPK1C	6	1.03%
DIPK2A	6	1.03%
DIXDC1	6	1.03%
DKC1	6	1.03%
DKK3	6	1.03%
DLL4	6	1.03%
DLX2	6	1.03%
DLX4	6	1.03%
DMRTA1	6	1.03%
DMRTC2	6	1.03%
DMWD	6	1.03%
DNAH14	6	1.03%
DNAJB12	6	1.03%
DNAJB14	6	1.03%
DNAJB2	6	1.03%
DNAJC25	6	1.03%
DNAJC8	6	1.03%
DONSON	6	1.03%
DQX1	6	1.03%
DRAP1	6	1.03%
DRD3	6	1.03%
DRGX	6	1.03%
DUSP11	6	1.03%
E2F4	6	1.03%
EBNA1BP2	6	1.03%
ECD	6	1.03%
ECI1	6	1.03%
ECM1	6	1.03%
EDA2R	6	1.03%
EEF1A1	6	1.03%
EEF1D	6	1.03%
EFCAB1	6	1.03%
EFEMP2	6	1.03%
EGFL8	6	1.03%
EGLN1	6	1.03%
EGLN2	6	1.03%
EHF	6	1.03%
EIF2B1	6	1.03%
EIF2S3	6	1.03%
EIF4H	6	1.03%
ELAC1	6	1.03%
ELK4	6	1.03%
ELP5	6	1.03%
EMC2	6	1.03%
EMILIN3	6	1.03%
EMX2	6	1.03%
ENDOU	6	1.03%
ENO1	6	1.03%
ENOSF1	6	1.03%
ENPP7	6	1.03%
ENTPD1	6	1.03%
ENTPD6	6	1.03%
EPYC	6	1.03%
ERMAP	6	1.03%
ERO1A	6	1.03%
ERVW-1	6	1.03%
ESRRA	6	1.03%
ETF1	6	1.03%
ETFA	6	1.03%
EVA1A	6	1.03%
EXOC3L1	6	1.03%
EXOC7	6	1.03%
EXOSC5	6	1.03%
EXOSC8	6	1.03%
EZR	6	1.03%
F11R	6	1.03%
F3	6	1.03%
FAH	6	1.03%
FAM110C	6	1.03%
FAM111A	6	1.03%
FAM133B	6	1.03%
FAM166A	6	1.03%
FAM167A	6	1.03%
FAM168B	6	1.03%
FAM184B	6	1.03%
FAM187B	6	1.03%
FAM204A	6	1.03%
FAM209B	6	1.03%
FAM81A	6	1.03%
FANCE	6	1.03%
FBLN5	6	1.03%
FBXO3	6	1.03%
FBXW4	6	1.03%
FCAR	6	1.03%
FCER2	6	1.03%
FCGR3A	6	1.03%
FCMR	6	1.03%
FCRL6	6	1.03%
FEZ2	6	1.03%
FFAR2	6	1.03%
FGF3	6	1.03%
FGFR3	6	1.03%
FGFR4	6	1.03%
FKBP11	6	1.03%
FKBP14	6	1.03%
FKBP5	6	1.03%
FN3K	6	1.03%
FNDC4	6	1.03%
FNDC8	6	1.03%
FNTA	6	1.03%
FOLR1	6	1.03%
FOS	6	1.03%
FOXJ2	6	1.03%
FOXL2	6	1.03%
FOXP3	6	1.03%
FPR2	6	1.03%
FRA10AC1	6	1.03%
FRG2	6	1.03%
FRS2	6	1.03%
FRZB	6	1.03%
FSCN1	6	1.03%
FTCD	6	1.03%
FTHL17	6	1.03%
FTSJ1	6	1.03%
FZD4	6	1.03%
FZD8	6	1.03%
GAB2	6	1.03%
GABPB1	6	1.03%
GABPB2	6	1.03%
GADL1	6	1.03%
GALC	6	1.03%
GALM	6	1.03%
GATA5	6	1.03%
GCNT3	6	1.03%
GDI2	6	1.03%
GFAP	6	1.03%
GFOD2	6	1.03%
GGPS1	6	1.03%
GHDC	6	1.03%
GHITM	6	1.03%
GIPC2	6	1.03%
GIT1	6	1.03%
GK	6	1.03%
GLIS1	6	1.03%
GLS2	6	1.03%
GLUL	6	1.03%
GMCL1	6	1.03%
GMPR2	6	1.03%
GNA11	6	1.03%
GNA15	6	1.03%
GNAI1	6	1.03%
GNAL	6	1.03%
GNAT2	6	1.03%
GNAT3	6	1.03%
GNB1	6	1.03%
GNB3	6	1.03%
GNG11	6	1.03%
GPAA1	6	1.03%
GPANK1	6	1.03%
GPAT4	6	1.03%
GPD1L	6	1.03%
GPER1	6	1.03%
GPR132	6	1.03%
GPR143	6	1.03%
GPR151	6	1.03%
GPR153	6	1.03%
GPR157	6	1.03%
GPR42	6	1.03%
GPR63	6	1.03%
GPR88	6	1.03%
GRHL1	6	1.03%
GRK7	6	1.03%
GSR	6	1.03%
GSTA3	6	1.03%
GSTM4	6	1.03%
GSTM5	6	1.03%
GTF3C4	6	1.03%
GTPBP1	6	1.03%
GTPBP2	6	1.03%
GZMH	6	1.03%
H2BC14	6	1.03%
H2BC3	6	1.03%
H3-5	6	1.03%
HAO2	6	1.03%
HAS3	6	1.03%
HAUS1	6	1.03%
HBP1	6	1.03%
HCAR3	6	1.03%
HDAC1	6	1.03%
HDAC3	6	1.03%
HDAC8	6	1.03%
HENMT1	6	1.03%
HEPACAM	6	1.03%
HGD	6	1.03%
HHLA2	6	1.03%
HIC1	6	1.03%
HIF1AN	6	1.03%
HINFP	6	1.03%
HLA-DOA	6	1.03%
HLA-DPB1	6	1.03%
HLA-DQB1	6	1.03%
HMGN5	6	1.03%
HNRNPA1	6	1.03%
HNRNPA2B1	6	1.03%
HNRNPCL1	6	1.03%
HNRNPU	6	1.03%
HOGA1	6	1.03%
HOMER2	6	1.03%
HOMER3	6	1.03%
HOXA7	6	1.03%
HOXB1	6	1.03%
HOXB13	6	1.03%
HOXC4	6	1.03%
HOXD11	6	1.03%
HPD	6	1.03%
HPN	6	1.03%
HPR	6	1.03%
HPX	6	1.03%
HRH3	6	1.03%
HS1BP3	6	1.03%
HS3ST3A1	6	1.03%
HSCB	6	1.03%
HSD17B10	6	1.03%
HSD17B3	6	1.03%
HSD17B6	6	1.03%
HSF1	6	1.03%
HSPA12B	6	1.03%
HSPA14	6	1.03%
HSPBAP1	6	1.03%
HTRA2	6	1.03%
HYAL1	6	1.03%
IDH3A	6	1.03%
IDI2	6	1.03%
IDS	6	1.03%
IFI27L2	6	1.03%
IFI35	6	1.03%
IFIT3	6	1.03%
IFNA10	6	1.03%
IFNA13	6	1.03%
IFNA4	6	1.03%
IFNGR1	6	1.03%
IFRD1	6	1.03%
IFT57	6	1.03%
IGF1	6	1.03%
IGFBP4	6	1.03%
IGHA1	6	1.03%
IGHV2-70	6	1.03%
IGKV1D-8	6	1.03%
IGLON5	6	1.03%
IKZF5	6	1.03%
IL13RA1	6	1.03%
IL17REL	6	1.03%
IL24	6	1.03%
IL4R	6	1.03%
IL6R	6	1.03%
ILK	6	1.03%
IMMP2L	6	1.03%
IMPACT	6	1.03%
ING2	6	1.03%
ING5	6	1.03%
INHBC	6	1.03%
INPP1	6	1.03%
INSYN1	6	1.03%
IQCG	6	1.03%
IRAG2	6	1.03%
IRAK1	6	1.03%
IRX4	6	1.03%
ITM2A	6	1.03%
ITPRIPL2	6	1.03%
IYD	6	1.03%
JMJD6	6	1.03%
JPH4	6	1.03%
JUNB	6	1.03%
KASH5	6	1.03%
KAT8	6	1.03%
KCNIP2	6	1.03%
KCNJ15	6	1.03%
KCNJ9	6	1.03%
KCNK3	6	1.03%
KCNK7	6	1.03%
KCNMB4	6	1.03%
KCTD1	6	1.03%
KCTD12	6	1.03%
KCTD13	6	1.03%
KCTD14	6	1.03%
KCTD4	6	1.03%
KDELR1	6	1.03%
KDM5D	6	1.03%
KDM8	6	1.03%
KEAP1	6	1.03%
KIN	6	1.03%
KLF12	6	1.03%
KLF15	6	1.03%
KLHDC8A	6	1.03%
KLHL2	6	1.03%
KLK9	6	1.03%
KLRD1	6	1.03%
KRBA2	6	1.03%
KRT13	6	1.03%
KRT18	6	1.03%
KRT24	6	1.03%
KRT81	6	1.03%
KRT83	6	1.03%
KRTAP12-1	6	1.03%
KRTAP13-1	6	1.03%
KRTAP4-3	6	1.03%
LACRT	6	1.03%
LAMP5	6	1.03%
LAYN	6	1.03%
LBH	6	1.03%
LCAT	6	1.03%
LCLAT1	6	1.03%
LDHC	6	1.03%
LEPROTL1	6	1.03%
LETM2	6	1.03%
LGALS13	6	1.03%
LGALS14	6	1.03%
LHFPL3	6	1.03%
LIN7A	6	1.03%
LINGO3	6	1.03%
LLGL1	6	1.03%
LMAN2	6	1.03%
LNP1	6	1.03%
LPAR5	6	1.03%
LPGAT1	6	1.03%
LRFN1	6	1.03%
LRR1	6	1.03%
LRRC14	6	1.03%
LRRC23	6	1.03%
LRRC27	6	1.03%
LRRC3B	6	1.03%
LRRC45	6	1.03%
LRRC8B	6	1.03%
LURAP1	6	1.03%
LY6G6F-LY6G6D	6	1.03%
LY96	6	1.03%
LYG1	6	1.03%
LYSMD3	6	1.03%
LZTFL1	6	1.03%
MACIR	6	1.03%
MAGEA10	6	1.03%
MAGEB1	6	1.03%
MANEA	6	1.03%
MAP2K5	6	1.03%
MAPK14	6	1.03%
MAPK4	6	1.03%
MAPKAP1	6	1.03%
MBD2	6	1.03%
MBP	6	1.03%
MC1R	6	1.03%
MC5R	6	1.03%
MCEE	6	1.03%
MCTS1	6	1.03%
MDM2	6	1.03%
METAP1D	6	1.03%
METTL21C	6	1.03%
MFSD10	6	1.03%
MGST1	6	1.03%
MINDY3	6	1.03%
MIP	6	1.03%
MISP	6	1.03%
MKNK2	6	1.03%
MKRN1	6	1.03%
MLEC	6	1.03%
MLF1	6	1.03%
MLPH	6	1.03%
MMADHC	6	1.03%
MMP1	6	1.03%
MMP14	6	1.03%
MMP17	6	1.03%
MMP20	6	1.03%
MMP28	6	1.03%
MMP8	6	1.03%
MNAT1	6	1.03%
MOGAT2	6	1.03%
MON1A	6	1.03%
MORN3	6	1.03%
MOSPD2	6	1.03%
MPPE1	6	1.03%
MRI1	6	1.03%
MRNIP	6	1.03%
MRPL1	6	1.03%
MRPL13	6	1.03%
MRPL16	6	1.03%
MRPL2	6	1.03%
MRPL38	6	1.03%
MRPS2	6	1.03%
MRPS31	6	1.03%
MRPS9	6	1.03%
MS4A15	6	1.03%
MS4A2	6	1.03%
MS4A8	6	1.03%
MSRB3	6	1.03%
MSX1	6	1.03%
MTF1	6	1.03%
MTFR1	6	1.03%
MTFR2	6	1.03%
MXD1	6	1.03%
MYCL	6	1.03%
MYLK2	6	1.03%
MYLK4	6	1.03%
MYOZ3	6	1.03%
N4BP2L1	6	1.03%
NAGK	6	1.03%
NAGLU	6	1.03%
NAGS	6	1.03%
NAP1L4	6	1.03%
NAPA	6	1.03%
NCBP2L	6	1.03%
NDUFV1	6	1.03%
NECTIN4	6	1.03%
NEK9	6	1.03%
NEU2	6	1.03%
NEUROG1	6	1.03%
NFIX	6	1.03%
NFS1	6	1.03%
NFYA	6	1.03%
NFYC	6	1.03%
NGRN	6	1.03%
NKAIN3	6	1.03%
NKX3-1	6	1.03%
NLGN2	6	1.03%
NME7	6	1.03%
NMNAT2	6	1.03%
NMT2	6	1.03%
NMUR1	6	1.03%
NOVA2	6	1.03%
NOX1	6	1.03%
NOXO1	6	1.03%
NPAS1	6	1.03%
NPEPPS	6	1.03%
NPFFR1	6	1.03%
NPY4R	6	1.03%
NR1I3	6	1.03%
NRBF2	6	1.03%
NRG2	6	1.03%
NSMF	6	1.03%
NSUN3	6	1.03%
NT5C3B	6	1.03%
NT5E	6	1.03%
NUBP1	6	1.03%
NUDC	6	1.03%
NUDT18	6	1.03%
NUMBL	6	1.03%
NUP85	6	1.03%
NUS1	6	1.03%
NUTM2A	6	1.03%
NXPH3	6	1.03%
OCIAD1	6	1.03%
OCLN	6	1.03%
ODF3	6	1.03%
ODR4	6	1.03%
OGFR	6	1.03%
OMA1	6	1.03%
OPHN1	6	1.03%
OR10A2	6	1.03%
OR10A4	6	1.03%
OR11H12	6	1.03%
OR11H4	6	1.03%
OR11L1	6	1.03%
OR13A1	6	1.03%
OR13C5	6	1.03%
OR13J1	6	1.03%
OR14J1	6	1.03%
OR1I1	6	1.03%
OR1L6	6	1.03%
OR1N1	6	1.03%
OR1Q1	6	1.03%
OR2A12	6	1.03%
OR2A25	6	1.03%
OR2A4	6	1.03%
OR2H2	6	1.03%
OR2T3	6	1.03%
OR2T35	6	1.03%
OR2Z1	6	1.03%
OR4D11	6	1.03%
OR4F15	6	1.03%
OR4K13	6	1.03%
OR4K17	6	1.03%
OR4L1	6	1.03%
OR4S2	6	1.03%
OR51F1	6	1.03%
OR52K1	6	1.03%
OR52M1	6	1.03%
OR52N2	6	1.03%
OR52R1	6	1.03%
OR5B17	6	1.03%
OR5J2	6	1.03%
OR5M10	6	1.03%
OR5P2	6	1.03%
OR6C2	6	1.03%
OR6C4	6	1.03%
OR6C74	6	1.03%
OR6X1	6	1.03%
OR8B3	6	1.03%
OR8D4	6	1.03%
OR9Q1	6	1.03%
ORAI1	6	1.03%
ORM2	6	1.03%
OS9	6	1.03%
OTOG	6	1.03%
OTP	6	1.03%
OTX1	6	1.03%
OXCT1	6	1.03%
P2RY1	6	1.03%
P2RY6	6	1.03%
PADI2	6	1.03%
PALM	6	1.03%
PAN2	6	1.03%
PANX1	6	1.03%
PAPSS2	6	1.03%
PAQR8	6	1.03%
PARP11	6	1.03%
PARP12	6	1.03%
PAWR	6	1.03%
PAX8	6	1.03%
PCBP2	6	1.03%
PCK2	6	1.03%
PCOLCE	6	1.03%
PDCD7	6	1.03%
PDCL	6	1.03%
PDE12	6	1.03%
PDGFC	6	1.03%
PDIA4	6	1.03%
PDK4	6	1.03%
PDP2	6	1.03%
PEDS1	6	1.03%
PEG10	6	1.03%
PEX5	6	1.03%
PGAP3	6	1.03%
PGGHG	6	1.03%
PGK1	6	1.03%
PHKG1	6	1.03%
PHKG2	6	1.03%
PHYKPL	6	1.03%
PI16	6	1.03%
PI4K2B	6	1.03%
PIF1	6	1.03%
PIGN	6	1.03%
PIGQ	6	1.03%
PIH1D2	6	1.03%
PIM2	6	1.03%
PISD	6	1.03%
PKMYT1	6	1.03%
PLBD2	6	1.03%
PLCXD2	6	1.03%
PLEKHA1	6	1.03%
PLEKHF2	6	1.03%
PLEKHG7	6	1.03%
PLIN1	6	1.03%
PLIN3	6	1.03%
PLSCR1	6	1.03%
PM20D2	6	1.03%
PNCK	6	1.03%
PNMA5	6	1.03%
PNO1	6	1.03%
PNOC	6	1.03%
PNP	6	1.03%
PNPLA1	6	1.03%
POC1B-GALNT4	6	1.03%
POC5	6	1.03%
PODXL2	6	1.03%
POGLUT3	6	1.03%
POLG2	6	1.03%
POLR1G	6	1.03%
POLR2F	6	1.03%
POLR3D	6	1.03%
POPDC3	6	1.03%
PORCN	6	1.03%
POTEM	6	1.03%
POU3F2	6	1.03%
POU5F1	6	1.03%
PPM1B	6	1.03%
PPM1K	6	1.03%
PPM1N	6	1.03%
PPOX	6	1.03%
PPP1CB	6	1.03%
PPP1R17	6	1.03%
PPP1R7	6	1.03%
PPP2R2D	6	1.03%
PPP3CC	6	1.03%
PPP3R1	6	1.03%
PPT2	6	1.03%
PRB4	6	1.03%
PREB	6	1.03%
PRIM1	6	1.03%
PRKAG3	6	1.03%
PRKAR1B	6	1.03%
PRKAR2B	6	1.03%
PRKCE	6	1.03%
PRMT6	6	1.03%
PROCR	6	1.03%
PROSER2	6	1.03%
PROX2	6	1.03%
PROZ	6	1.03%
PRPF4	6	1.03%
PRPS1L1	6	1.03%
PRR19	6	1.03%
PRR30	6	1.03%
PRR35	6	1.03%
PRR5-ARHGAP8	6	1.03%
PRR5L	6	1.03%
PRSS16	6	1.03%
PRSS23	6	1.03%
PRSS36	6	1.03%
PRSS8	6	1.03%
PSEN1	6	1.03%
PSMA3	6	1.03%
PSMC1	6	1.03%
PSMC3	6	1.03%
PSMC4	6	1.03%
PSMF1	6	1.03%
PTAR1	6	1.03%
PTDSS2	6	1.03%
PTPMT1	6	1.03%
PTX4	6	1.03%
PWWP2A	6	1.03%
RAB11B	6	1.03%
RAB17	6	1.03%
RAB20	6	1.03%
RAB36	6	1.03%
RAB4B	6	1.03%
RAB6C	6	1.03%
RAB7A	6	1.03%
RAB8B	6	1.03%
RABEP2	6	1.03%
RALB	6	1.03%
RASL10B	6	1.03%
RASL11A	6	1.03%
RASSF4	6	1.03%
RBM22	6	1.03%
RBMS2	6	1.03%
RCAN2	6	1.03%
RCBTB1	6	1.03%
REEP5	6	1.03%
RERGL	6	1.03%
RETREG3	6	1.03%
RGMA	6	1.03%
RGS11	6	1.03%
RGS18	6	1.03%
RGS8	6	1.03%
RHCE	6	1.03%
RHCG	6	1.03%
RHOT2	6	1.03%
RIMS3	6	1.03%
RIOX2	6	1.03%
RIPK3	6	1.03%
RNASE11	6	1.03%
RNASE3	6	1.03%
RND2	6	1.03%
RNF113A	6	1.03%
RNF126	6	1.03%
RNF130	6	1.03%
RNF151	6	1.03%
RNF19B	6	1.03%
RNF207	6	1.03%
RNF34	6	1.03%
RNF41	6	1.03%
RNFT2	6	1.03%
RNGTT	6	1.03%
RNPS1	6	1.03%
RORA	6	1.03%
RPF2	6	1.03%
RPL10L	6	1.03%
RPL3	6	1.03%
RPP40	6	1.03%
RPS6KB1	6	1.03%
RRS1	6	1.03%
RS1	6	1.03%
RSAD1	6	1.03%
RSKR	6	1.03%
RSPH1	6	1.03%
RSPH14	6	1.03%
RSPH9	6	1.03%
RSPO1	6	1.03%
RTL10	6	1.03%
RTL4	6	1.03%
RTN4RL1	6	1.03%
RUFY4	6	1.03%
RUNDC3A	6	1.03%
RUSC1	6	1.03%
RWDD1	6	1.03%
SAAL1	6	1.03%
SAMD11	6	1.03%
SAMD12	6	1.03%
SAMD15	6	1.03%
SAXO1	6	1.03%
SCD	6	1.03%
SCP2	6	1.03%
SCPEP1	6	1.03%
SDC1	6	1.03%
SDCBP2	6	1.03%
SDCCAG8	6	1.03%
SDF4	6	1.03%
SDR9C7	6	1.03%
SEC22C	6	1.03%
SELENON	6	1.03%
SELENOP	6	1.03%
SELPLG	6	1.03%
SEMA7A	6	1.03%
SENP1	6	1.03%
SEPTIN10	6	1.03%
SEPTIN14	6	1.03%
SEPTIN2	6	1.03%
SERGEF	6	1.03%
SERPINA1	6	1.03%
SERPINA6	6	1.03%
SERPINA9	6	1.03%
SERPINB3	6	1.03%
SERPINF2	6	1.03%
SERPINH1	6	1.03%
SET	6	1.03%
SETD1B	6	1.03%
SETD4	6	1.03%
SETD7	6	1.03%
SF3A2	6	1.03%
SFRP1	6	1.03%
SFRP2	6	1.03%
SGMS1	6	1.03%
SGPP2	6	1.03%
SGSM2	6	1.03%
SH2B1	6	1.03%
SH2B3	6	1.03%
SH2D4A	6	1.03%
SH3BP5L	6	1.03%
SH3D19	6	1.03%
SH3GL1	6	1.03%
SH3GLB1	6	1.03%
SHMT2	6	1.03%
SHOX2	6	1.03%
SIAH2	6	1.03%
SKAP2	6	1.03%
SLC12A8	6	1.03%
SLC13A5	6	1.03%
SLC15A4	6	1.03%
SLC16A2	6	1.03%
SLC16A5	6	1.03%
SLC19A3	6	1.03%
SLC1A4	6	1.03%
SLC1A5	6	1.03%
SLC20A1	6	1.03%
SLC22A1	6	1.03%
SLC24A5	6	1.03%
SLC25A16	6	1.03%
SLC25A18	6	1.03%
SLC25A25	6	1.03%
SLC25A34	6	1.03%
SLC25A43	6	1.03%
SLC25A48	6	1.03%
SLC25A52	6	1.03%
SLC26A6	6	1.03%
SLC29A2	6	1.03%
SLC2A1	6	1.03%
SLC30A6	6	1.03%
SLC35B1	6	1.03%
SLC35B3	6	1.03%
SLC35G6	6	1.03%
SLC38A7	6	1.03%
SLC38A8	6	1.03%
SLC39A13	6	1.03%
SLC39A14	6	1.03%
SLC39A4	6	1.03%
SLC3A1	6	1.03%
SLC43A2	6	1.03%
SLC46A2	6	1.03%
SLC47A2	6	1.03%
SLC52A1	6	1.03%
SLC52A3	6	1.03%
SLC5A11	6	1.03%
SLC6A19	6	1.03%
SLC6A6	6	1.03%
SLC6A7	6	1.03%
SLC7A13	6	1.03%
SLC7A5	6	1.03%
SLC7A8	6	1.03%
SLC9A6	6	1.03%
SMARCE1	6	1.03%
SMYD4	6	1.03%
SNAI1	6	1.03%
SNRPA	6	1.03%
SNX10	6	1.03%
SNX11	6	1.03%
SNX16	6	1.03%
SNX21	6	1.03%
SNX8	6	1.03%
SOWAHB	6	1.03%
SOX15	6	1.03%
SOX2	6	1.03%
SOX21	6	1.03%
SOX30	6	1.03%
SP7	6	1.03%
SP8	6	1.03%
SPACA1	6	1.03%
SPACA7	6	1.03%
SPANXB1	6	1.03%
SPATA19	6	1.03%
SPATA4	6	1.03%
SPATS2L	6	1.03%
SPG21	6	1.03%
SPIB	6	1.03%
SPINT1	6	1.03%
SPIRE1	6	1.03%
SPN	6	1.03%
SPNS3	6	1.03%
SPON2	6	1.03%
SPP2	6	1.03%
SPRED3	6	1.03%
SPSB4	6	1.03%
SPX	6	1.03%
SQSTM1	6	1.03%
SRPX2	6	1.03%
SRRM3	6	1.03%
SRSF12	6	1.03%
SSC4D	6	1.03%
SSTR3	6	1.03%
SSX5	6	1.03%
ST3GAL3	6	1.03%
ST6GAL1	6	1.03%
ST7L	6	1.03%
STAC3	6	1.03%
STAM2	6	1.03%
STAP2	6	1.03%
STARD6	6	1.03%
STEAP1	6	1.03%
STK11	6	1.03%
STK17A	6	1.03%
STK26	6	1.03%
STK38L	6	1.03%
STPG1	6	1.03%
STRA6	6	1.03%
STRAP	6	1.03%
STX18	6	1.03%
STX1A	6	1.03%
STX1B	6	1.03%
STX7	6	1.03%
STYX	6	1.03%
STYXL1	6	1.03%
SULT1C3	6	1.03%
SUPT7L	6	1.03%
SURF6	6	1.03%
SUV39H1	6	1.03%
SYCE1	6	1.03%
SYNC	6	1.03%
SYT7	6	1.03%
SYT8	6	1.03%
TAAR2	6	1.03%
TAAR8	6	1.03%
TACR1	6	1.03%
TADA2A	6	1.03%
TADA2B	6	1.03%
TAF1A	6	1.03%
TAF6	6	1.03%
TAFA5	6	1.03%
TAL1	6	1.03%
TAPBP	6	1.03%
TAS2R40	6	1.03%
TAS2R60	6	1.03%
TAS2R7	6	1.03%
TAS2R8	6	1.03%
TAZ	6	1.03%
TBC1D13	6	1.03%
TBCC	6	1.03%
TBCEL	6	1.03%
TBKBP1	6	1.03%
TBX6	6	1.03%
TCAF2	6	1.03%
TCF7L1	6	1.03%
TCN1	6	1.03%
TCN2	6	1.03%
TCP11L1	6	1.03%
TDRD9	6	1.03%
TEKT2	6	1.03%
TENT5A	6	1.03%
TEX264	6	1.03%
TGFB1	6	1.03%
THUMPD2	6	1.03%
TIGD6	6	1.03%
TIMM22	6	1.03%
TIMM44	6	1.03%
TKTL1	6	1.03%
TLE6	6	1.03%
TMC8	6	1.03%
TMCO5A	6	1.03%
TMED8	6	1.03%
TMEM109	6	1.03%
TMEM140	6	1.03%
TMEM144	6	1.03%
TMEM163	6	1.03%
TMEM171	6	1.03%
TMEM183A	6	1.03%
TMEM192	6	1.03%
TMEM198	6	1.03%
TMEM217	6	1.03%
TMEM225	6	1.03%
TMEM245	6	1.03%
TMEM248	6	1.03%
TMEM259	6	1.03%
TMEM267	6	1.03%
TMEM35A	6	1.03%
TMEM38A	6	1.03%
TMEM43	6	1.03%
TMEM62	6	1.03%
TMEM71	6	1.03%
TMEM72	6	1.03%
TMEM87A	6	1.03%
TMPPE	6	1.03%
TMPRSS5	6	1.03%
TNFAIP1	6	1.03%
TNFAIP8L2	6	1.03%
TNFSF11	6	1.03%
TNFSF18	6	1.03%
TNFSF4	6	1.03%
TNMD	6	1.03%
TOR1A	6	1.03%
TOR1AIP2	6	1.03%
TP53I13	6	1.03%
TP53INP1	6	1.03%
TP53TG5	6	1.03%
TPD52L1	6	1.03%
TPH1	6	1.03%
TPPP2	6	1.03%
TRAF6	6	1.03%
TRAFD1	6	1.03%
TRDMT1	6	1.03%
TRIM27	6	1.03%
TRIM63	6	1.03%
TRIM65	6	1.03%
TRIT1	6	1.03%
TRMO	6	1.03%
TRMT10B	6	1.03%
TRMT5	6	1.03%
TSC22D2	6	1.03%
TSEN15	6	1.03%
TSEN2	6	1.03%
TSNARE1	6	1.03%
TSPAN18	6	1.03%
TSTD2	6	1.03%
TTC38	6	1.03%
TTC8	6	1.03%
TTL	6	1.03%
TTLL13P	6	1.03%
TUBA1C	6	1.03%
TUFT1	6	1.03%
TULP3	6	1.03%
TXNDC16	6	1.03%
TXNL1	6	1.03%
TYMP	6	1.03%
TYMS	6	1.03%
TYW5	6	1.03%
UAP1L1	6	1.03%
UBA3	6	1.03%
UBA5	6	1.03%
UBE2R2	6	1.03%
UBFD1	6	1.03%
UBIAD1	6	1.03%
UCMA	6	1.03%
UFSP2	6	1.03%
UPP1	6	1.03%
UPP2	6	1.03%
USP12	6	1.03%
USP49	6	1.03%
UTP15	6	1.03%
UTP3	6	1.03%
UTY	6	1.03%
VDAC1	6	1.03%
VGF	6	1.03%
VGLL1	6	1.03%
VIPR1	6	1.03%
VPS26C	6	1.03%
VPS39	6	1.03%
VSTM1	6	1.03%
VSTM4	6	1.03%
VSX2	6	1.03%
VTCN1	6	1.03%
VWDE	6	1.03%
WAS	6	1.03%
WBP1	6	1.03%
WDR24	6	1.03%
WDR31	6	1.03%
WDR53	6	1.03%
WDR86	6	1.03%
WDR92	6	1.03%
WNT9B	6	1.03%
WTAP	6	1.03%
WWP2	6	1.03%
XKR8	6	1.03%
XRCC1	6	1.03%
YIPF7	6	1.03%
Z83844.2	6	1.03%
ZBED2	6	1.03%
ZBTB12	6	1.03%
ZBTB32	6	1.03%
ZBTB34	6	1.03%
ZBTB45	6	1.03%
ZCCHC9	6	1.03%
ZDHHC1	6	1.03%
ZDHHC21	6	1.03%
ZDHHC3	6	1.03%
ZDHHC9	6	1.03%
ZFP14	6	1.03%
ZFY	6	1.03%
ZKSCAN3	6	1.03%
ZKSCAN8	6	1.03%
ZMYND12	6	1.03%
ZNF2	6	1.03%
ZNF207	6	1.03%
ZNF222	6	1.03%
ZNF253	6	1.03%
ZNF276	6	1.03%
ZNF322	6	1.03%
ZNF383	6	1.03%
ZNF396	6	1.03%
ZNF446	6	1.03%
ZNF48	6	1.03%
ZNF500	6	1.03%
ZNF524	6	1.03%
ZNF559-ZNF177	6	1.03%
ZNF565	6	1.03%
ZNF584	6	1.03%
ZNF613	6	1.03%
ZNF620	6	1.03%
ZNF621	6	1.03%
ZNF627	6	1.03%
ZNF639	6	1.03%
ZNF655	6	1.03%
ZNF662	6	1.03%
ZNF664	6	1.03%
ZNF681	6	1.03%
ZNF682	6	1.03%
ZNF688	6	1.03%
ZNF695	6	1.03%
ZNF696	6	1.03%
ZNF705A	6	1.03%
ZNF764	6	1.03%
ZNF77	6	1.03%
ZNF783	6	1.03%
ZNF79	6	1.03%
ZNF80	6	1.03%
ZSCAN22	6	1.03%
ZSCAN30	6	1.03%
ZWINT	6	1.03%
ZYX	6	1.03%
A3GALT2	5	0.86%
AAGAB	5	0.86%
AAMP	5	0.86%
AATF	5	0.86%
ABCD3	5	0.86%
ABHD13	5	0.86%
ABHD14A-ACY1	5	0.86%
ABHD5	5	0.86%
ABHD6	5	0.86%
ABI1	5	0.86%
ABRAXAS2	5	0.86%
AC005324.2	5	0.86%
AC008676.3	5	0.86%
AC011455.2	5	0.86%
AC013477.1	5	0.86%
AC068580.4	5	0.86%
AC244197.3	5	0.86%
ACAD8	5	0.86%
ACBD6	5	0.86%
ACCSL	5	0.86%
ACD	5	0.86%
ACOT2	5	0.86%
ACOT6	5	0.86%
ACP5	5	0.86%
ACTG1	5	0.86%
ACTL8	5	0.86%
ACTR1A	5	0.86%
ACTR2	5	0.86%
ACTRT3	5	0.86%
ADM	5	0.86%
ADPGK	5	0.86%
AFMID	5	0.86%
AGAP4	5	0.86%
AGAP6	5	0.86%
AGBL3	5	0.86%
AGPS	5	0.86%
AK1	5	0.86%
AK3	5	0.86%
AKR1C4	5	0.86%
AKR1E2	5	0.86%
AKT2	5	0.86%
AKTIP	5	0.86%
ALAD	5	0.86%
ALDH3B1	5	0.86%
ALDH5A1	5	0.86%
ALG1	5	0.86%
ALG14	5	0.86%
ALG9	5	0.86%
ALKBH4	5	0.86%
ALKBH5	5	0.86%
ALOX15	5	0.86%
AMFR	5	0.86%
AMZ2	5	0.86%
ANGEL2	5	0.86%
ANKRD20A1	5	0.86%
ANP32D	5	0.86%
ANXA2	5	0.86%
AOAH	5	0.86%
AP1B1	5	0.86%
AP5B1	5	0.86%
AP5M1	5	0.86%
APEX1	5	0.86%
APH1B	5	0.86%
APOBEC2	5	0.86%
APOH	5	0.86%
APOL6	5	0.86%
ARF1	5	0.86%
ARGLU1	5	0.86%
ARHGAP1	5	0.86%
ARIH1	5	0.86%
ARL6	5	0.86%
ARR3	5	0.86%
ARRDC1	5	0.86%
ARRDC2	5	0.86%
ARX	5	0.86%
ASB9	5	0.86%
ASL	5	0.86%
ASPDH	5	0.86%
ATF1	5	0.86%
ATF4	5	0.86%
ATMIN	5	0.86%
ATP1B3	5	0.86%
ATP6AP1	5	0.86%
ATP6V1A	5	0.86%
ATP6V1B2	5	0.86%
ATXN3	5	0.86%
AUP1	5	0.86%
B3GNT3	5	0.86%
B3GNT6	5	0.86%
B3GNT9	5	0.86%
B4GALT7	5	0.86%
BABAM1	5	0.86%
BAIAP2	5	0.86%
BAIAP2L2	5	0.86%
BCAS1	5	0.86%
BCAS2	5	0.86%
BCDIN3D	5	0.86%
BCL2A1	5	0.86%
BCL2L1	5	0.86%
BCL2L11	5	0.86%
BCL2L2	5	0.86%
BCLAF3	5	0.86%
BCO1	5	0.86%
BEGAIN	5	0.86%
BEND6	5	0.86%
BEND7	5	0.86%
BICDL2	5	0.86%
BMT2	5	0.86%
BNIPL	5	0.86%
BORA	5	0.86%
BPHL	5	0.86%
BPIFA1	5	0.86%
BPNT2	5	0.86%
BRAP	5	0.86%
BRAT1	5	0.86%
BRCC3	5	0.86%
BRD9	5	0.86%
BROX	5	0.86%
C10orf88	5	0.86%
C11orf1	5	0.86%
C11orf16	5	0.86%
C11orf54	5	0.86%
C14orf180	5	0.86%
C14orf28	5	0.86%
C14orf93	5	0.86%
C16orf87	5	0.86%
C16orf89	5	0.86%
C16orf96	5	0.86%
C17orf64	5	0.86%
C18orf25	5	0.86%
C18orf54	5	0.86%
C1GALT1	5	0.86%
C1GALT1C1	5	0.86%
C1QA	5	0.86%
C1orf122	5	0.86%
C1orf159	5	0.86%
C1orf189	5	0.86%
C1orf56	5	0.86%
C2orf49	5	0.86%
C3orf33	5	0.86%
C4A	5	0.86%
C4B	5	0.86%
C6orf136	5	0.86%
C6orf62	5	0.86%
C6orf89	5	0.86%
C9orf64	5	0.86%
C9orf78	5	0.86%
CA12	5	0.86%
CACNG4	5	0.86%
CACNG8	5	0.86%
CALCOCO1	5	0.86%
CALCOCO2	5	0.86%
CALHM6	5	0.86%
CALR	5	0.86%
CALU	5	0.86%
CAMLG	5	0.86%
CANT1	5	0.86%
CAPN11	5	0.86%
CAPN14	5	0.86%
CAPNS2	5	0.86%
CAPZA1	5	0.86%
CARD8	5	0.86%
CASP10	5	0.86%
CAVIN3	5	0.86%
CBLN1	5	0.86%
CBR3	5	0.86%
CBX2	5	0.86%
CBX5	5	0.86%
CBX7	5	0.86%
CCDC102A	5	0.86%
CCDC103	5	0.86%
CCDC113	5	0.86%
CCDC114	5	0.86%
CCDC127	5	0.86%
CCDC190	5	0.86%
CCDC197	5	0.86%
CCDC28B	5	0.86%
CCDC47	5	0.86%
CCDC51	5	0.86%
CCDC58	5	0.86%
CCDC89	5	0.86%
CCDC90B	5	0.86%
CCDC97	5	0.86%
CCK	5	0.86%
CCL16	5	0.86%
CCL23	5	0.86%
CCNA2	5	0.86%
CCNB1IP1	5	0.86%
CCNE1	5	0.86%
CCNJ	5	0.86%
CCNY	5	0.86%
CCR10	5	0.86%
CCRL2	5	0.86%
CCT2	5	0.86%
CCT5	5	0.86%
CCZ1B	5	0.86%
CD300C	5	0.86%
CD300LB	5	0.86%
CD36	5	0.86%
CD38	5	0.86%
CD46	5	0.86%
CD47	5	0.86%
CD48	5	0.86%
CD5	5	0.86%
CD80	5	0.86%
CD99L2	5	0.86%
CDC34	5	0.86%
CDC37	5	0.86%
CDC6	5	0.86%
CDCA4	5	0.86%
CDK15	5	0.86%
CDK18	5	0.86%
CDK5RAP3	5	0.86%
CDK7	5	0.86%
CDKL1	5	0.86%
CDO1	5	0.86%
CEBPE	5	0.86%
CELA3A	5	0.86%
CELF1	5	0.86%
CENPBD1	5	0.86%
CENPQ	5	0.86%
CENPT	5	0.86%
CEP43	5	0.86%
CEP44	5	0.86%
CEP57L1	5	0.86%
CEP85	5	0.86%
CERS4	5	0.86%
CFAP300	5	0.86%
CFAP52	5	0.86%
CFP	5	0.86%
CGA	5	0.86%
CHAC1	5	0.86%
CHAF1B	5	0.86%
CHCHD5	5	0.86%
CHMP2B	5	0.86%
CIAPIN1	5	0.86%
CKAP4	5	0.86%
CLDN12	5	0.86%
CLEC11A	5	0.86%
CLEC4A	5	0.86%
CLRN2	5	0.86%
CLVS2	5	0.86%
CMSS1	5	0.86%
CNNM3	5	0.86%
CNOT2	5	0.86%
CNP	5	0.86%
CNPY1	5	0.86%
CNTF	5	0.86%
COA8	5	0.86%
COASY	5	0.86%
COPS4	5	0.86%
COPS5	5	0.86%
COQ6	5	0.86%
COQ7	5	0.86%
COX15	5	0.86%
CPA3	5	0.86%
CPLX4	5	0.86%
CPM	5	0.86%
CPN1	5	0.86%
CPPED1	5	0.86%
CRACR2A	5	0.86%
CREB3L2	5	0.86%
CREBZF	5	0.86%
CRHBP	5	0.86%
CRISP3	5	0.86%
CROCC2	5	0.86%
CRYGB	5	0.86%
CRYZL1	5	0.86%
CSDC2	5	0.86%
CSF1	5	0.86%
CSF3	5	0.86%
CST11	5	0.86%
CSTF2	5	0.86%
CSTL1	5	0.86%
CTAGE15	5	0.86%
CTBS	5	0.86%
CTDNEP1	5	0.86%
CTDSPL	5	0.86%
CTDSPL2	5	0.86%
CTHRC1	5	0.86%
CTLA4	5	0.86%
CTRL	5	0.86%
CTSS	5	0.86%
CTSZ	5	0.86%
CUEDC2	5	0.86%
CX3CL1	5	0.86%
CXCL16	5	0.86%
CXCL9	5	0.86%
CXCR3	5	0.86%
CXXC1	5	0.86%
CXXC5	5	0.86%
CYB561	5	0.86%
CYB5R3	5	0.86%
CYB5RL	5	0.86%
CYGB	5	0.86%
CYP2C18	5	0.86%
CYP2C9	5	0.86%
CZIB	5	0.86%
DAP3	5	0.86%
DAZL	5	0.86%
DCDC2B	5	0.86%
DCLRE1B	5	0.86%
DCP1A	5	0.86%
DCUN1D4	5	0.86%
DDN	5	0.86%
DDO	5	0.86%
DDX3X	5	0.86%
DDX5	5	0.86%
DDX53	5	0.86%
DEDD	5	0.86%
DEF8	5	0.86%
DEFB106B	5	0.86%
DEFB136	5	0.86%
DEPDC1B	5	0.86%
DGLUCY	5	0.86%
DHCR7	5	0.86%
DLK2	5	0.86%
DLL3	5	0.86%
DLST	5	0.86%
DNAJC18	5	0.86%
DNAJC5G	5	0.86%
DNALI1	5	0.86%
DNASE1	5	0.86%
DNASE1L3	5	0.86%
DNASE2B	5	0.86%
DPCD	5	0.86%
DPEP3	5	0.86%
DRAXIN	5	0.86%
DRG1	5	0.86%
DSN1	5	0.86%
DTX2	5	0.86%
DTX3	5	0.86%
DUOXA2	5	0.86%
DUS1L	5	0.86%
DUS3L	5	0.86%
DUSP10	5	0.86%
DUSP12	5	0.86%
DUSP29	5	0.86%
DUSP3	5	0.86%
DUSP5	5	0.86%
DUSP8	5	0.86%
DUSP9	5	0.86%
DYDC2	5	0.86%
DYRK2	5	0.86%
EAPP	5	0.86%
EARS2	5	0.86%
EDA	5	0.86%
EFCAB8	5	0.86%
EID1	5	0.86%
EIF2B3	5	0.86%
EIF2D	5	0.86%
EIF3F	5	0.86%
EIF3H	5	0.86%
EIF4E2	5	0.86%
EIF5	5	0.86%
ELF2	5	0.86%
ELOVL3	5	0.86%
ELOVL6	5	0.86%
ELP3	5	0.86%
ELP6	5	0.86%
EMG1	5	0.86%
EPPIN	5	0.86%
ERI2	5	0.86%
ERICH5	5	0.86%
ERLIN1	5	0.86%
ESD	5	0.86%
ETFDH	5	0.86%
ETNK1	5	0.86%
ETV3	5	0.86%
ETV3L	5	0.86%
EVI2B	5	0.86%
EXOG	5	0.86%
EYA3	5	0.86%
F12	5	0.86%
FABP2	5	0.86%
FAF2	5	0.86%
FAM117A	5	0.86%
FAM118A	5	0.86%
FAM122C	5	0.86%
FAM131C	5	0.86%
FAM151B	5	0.86%
FAM153A	5	0.86%
FAM162B	5	0.86%
FAM174A	5	0.86%
FAM181B	5	0.86%
FAM216A	5	0.86%
FAM53C	5	0.86%
FAM71D	5	0.86%
FAM71E1	5	0.86%
FAM83A	5	0.86%
FAM98C	5	0.86%
FANK1	5	0.86%
FASLG	5	0.86%
FASTK	5	0.86%
FATE1	5	0.86%
FAXC	5	0.86%
FBRS	5	0.86%
FBXL16	5	0.86%
FBXL6	5	0.86%
FBXO6	5	0.86%
FCER1A	5	0.86%
FCGR1A	5	0.86%
FCRLB	5	0.86%
FDXR	5	0.86%
FECH	5	0.86%
FFAR4	5	0.86%
FGB	5	0.86%
FGF17	5	0.86%
FGF7	5	0.86%
FGF8	5	0.86%
FGF9	5	0.86%
FH	5	0.86%
FKBP4	5	0.86%
FLAD1	5	0.86%
FLT3LG	5	0.86%
FOSL1	5	0.86%
FOXC2	5	0.86%
FOXD3	5	0.86%
FOXD4L6	5	0.86%
FOXH1	5	0.86%
FOXK2	5	0.86%
FOXN4	5	0.86%
FOXR2	5	0.86%
FRG2B	5	0.86%
FRMD5	5	0.86%
FSHB	5	0.86%
FST	5	0.86%
FUCA1	5	0.86%
FUT7	5	0.86%
FUZ	5	0.86%
G6PC3	5	0.86%
GABRP	5	0.86%
GAL3ST1	5	0.86%
GALNT1	5	0.86%
GART	5	0.86%
GAS2	5	0.86%
GAS8	5	0.86%
GATA4	5	0.86%
GC	5	0.86%
GCG	5	0.86%
GCLM	5	0.86%
GDAP1L1	5	0.86%
GDF11	5	0.86%
GEMIN8	5	0.86%
GET1	5	0.86%
GET1-SH3BGR	5	0.86%
GFI1	5	0.86%
GFOD1	5	0.86%
GGCT	5	0.86%
GH2	5	0.86%
GIMAP5	5	0.86%
GIMAP6	5	0.86%
GINS1	5	0.86%
GINS3	5	0.86%
GJB4	5	0.86%
GJB7	5	0.86%
GLDN	5	0.86%
GLIS2	5	0.86%
GLMP	5	0.86%
GLT1D1	5	0.86%
GLT8D2	5	0.86%
GLTPD2	5	0.86%
GLUD1	5	0.86%
GLYATL1	5	0.86%
GLYATL2	5	0.86%
GNAI3	5	0.86%
GNPTG	5	0.86%
GOLPH3	5	0.86%
GOLT1B	5	0.86%
GORAB	5	0.86%
GOSR1	5	0.86%
GOT2	5	0.86%
GPAT2	5	0.86%
GPATCH1	5	0.86%
GPI	5	0.86%
GPKOW	5	0.86%
GPR119	5	0.86%
GPR152	5	0.86%
GPR17	5	0.86%
GPR176	5	0.86%
GPR18	5	0.86%
GPR82	5	0.86%
GPR84	5	0.86%
GPR89B	5	0.86%
GPRC5A	5	0.86%
GPRC5B	5	0.86%
GPRIN2	5	0.86%
GPT2	5	0.86%
GRB14	5	0.86%
GRPR	5	0.86%
GSTA1	5	0.86%
GSTA5	5	0.86%
GSTM2	5	0.86%
GTF2I	5	0.86%
GULP1	5	0.86%
GYPB	5	0.86%
GYPE	5	0.86%
GZMB	5	0.86%
H1-4	5	0.86%
H2BC4	5	0.86%
H2BC6	5	0.86%
H2BC8	5	0.86%
H3-4	5	0.86%
H3C6	5	0.86%
HACL1	5	0.86%
HAUS8	5	0.86%
HAX1	5	0.86%
HCAR2	5	0.86%
HCCS	5	0.86%
HDDC2	5	0.86%
HDHD3	5	0.86%
HERPUD1	5	0.86%
HEXD	5	0.86%
HGH1	5	0.86%
HHEX	5	0.86%
HIBADH	5	0.86%
HIBCH	5	0.86%
HLA-E	5	0.86%
HM13	5	0.86%
HMBOX1	5	0.86%
HMCN2	5	0.86%
HMGXB4	5	0.86%
HMOX1	5	0.86%
HMOX2	5	0.86%
HNMT	5	0.86%
HNRNPC	5	0.86%
HNRNPH2	5	0.86%
HNRNPH3	5	0.86%
HNRNPR	5	0.86%
HOMER1	5	0.86%
HOXB2	5	0.86%
HOXC9	5	0.86%
HOXD13	5	0.86%
HPCA	5	0.86%
HPS4	5	0.86%
HRH1	5	0.86%
HRH4	5	0.86%
HSD17B4	5	0.86%
HSF5	5	0.86%
HYI	5	0.86%
HYKK	5	0.86%
ICOS	5	0.86%
IDI1	5	0.86%
IFNA16	5	0.86%
IFNA2	5	0.86%
IFNA8	5	0.86%
IFNG	5	0.86%
IFNL2	5	0.86%
IFT46	5	0.86%
IGBP1	5	0.86%
IGFBP1	5	0.86%
IGFLR1	5	0.86%
IGHA2	5	0.86%
IGHV1-24	5	0.86%
IGHV5-51	5	0.86%
IGKV3-15	5	0.86%
IGLV3-10	5	0.86%
IL10RA	5	0.86%
IL15RA	5	0.86%
IL22RA2	5	0.86%
IL32	5	0.86%
IL7	5	0.86%
ILKAP	5	0.86%
ILRUN	5	0.86%
IMP4	5	0.86%
IMPA2	5	0.86%
ING3	5	0.86%
INTS9	5	0.86%
IQCK	5	0.86%
IRF2BPL	5	0.86%
IRF3	5	0.86%
IRF8	5	0.86%
ISY1-RAB43	5	0.86%
ITFG1	5	0.86%
ITIH4	5	0.86%
ITM2C	5	0.86%
ITPK1	5	0.86%
ITPKA	5	0.86%
IZUMO1	5	0.86%
JAZF1	5	0.86%
JKAMP	5	0.86%
JSRP1	5	0.86%
KANK3	5	0.86%
KATNA1	5	0.86%
KCMF1	5	0.86%
KCNAB2	5	0.86%
KCNE4	5	0.86%
KCNIP4	5	0.86%
KCNJ11	5	0.86%
KCNK4	5	0.86%
KCNMB1	5	0.86%
KCNMB3	5	0.86%
KCTD10	5	0.86%
KCTD6	5	0.86%
KDF1	5	0.86%
KIAA0895L	5	0.86%
KIR3DL1	5	0.86%
KLF11	5	0.86%
KLF13	5	0.86%
KLF4	5	0.86%
KLF6	5	0.86%
KLHDC3	5	0.86%
KLHDC7B	5	0.86%
KLHL15	5	0.86%
KLK1	5	0.86%
KLK6	5	0.86%
KLK8	5	0.86%
KLRB1	5	0.86%
KLRC2	5	0.86%
KMT5A	5	0.86%
KNCN	5	0.86%
KPNA2	5	0.86%
KPTN	5	0.86%
KREMEN1	5	0.86%
KRT23	5	0.86%
KRT26	5	0.86%
KRT36	5	0.86%
KRT7	5	0.86%
KRT80	5	0.86%
KRTAP10-11	5	0.86%
KRTAP10-4	5	0.86%
KRTAP10-9	5	0.86%
KRTAP15-1	5	0.86%
KRTAP5-8	5	0.86%
KRTAP6-3	5	0.86%
LACC1	5	0.86%
LACTB2	5	0.86%
LAIR1	5	0.86%
LCE3D	5	0.86%
LCK	5	0.86%
LCN12	5	0.86%
LHFPL5	5	0.86%
LIN9	5	0.86%
LIPK	5	0.86%
LLPH	5	0.86%
LOXHD1	5	0.86%
LOXL1	5	0.86%
LPAR2	5	0.86%
LRCH4	5	0.86%
LRG1	5	0.86%
LRRC10	5	0.86%
LRRC19	5	0.86%
LRRC25	5	0.86%
LRRC57	5	0.86%
LRRC58	5	0.86%
LRRC59	5	0.86%
LSG1	5	0.86%
LSM1	5	0.86%
LYL1	5	0.86%
LYPD4	5	0.86%
LYSMD2	5	0.86%
M1AP	5	0.86%
MAGEA3	5	0.86%
MAGEB10	5	0.86%
MAGEB16	5	0.86%
MAK16	5	0.86%
MALRD1	5	0.86%
MANF	5	0.86%
MAOB	5	0.86%
MAP11	5	0.86%
MAP1LC3B2	5	0.86%
MAP1LC3C	5	0.86%
MAP3K8	5	0.86%
MAPKAPK5	5	0.86%
MARCKS	5	0.86%
MATN3	5	0.86%
MCFD2	5	0.86%
MCM2	5	0.86%
MCM3	5	0.86%
MCM5	5	0.86%
MCUB	5	0.86%
MDH1	5	0.86%
MDH2	5	0.86%
MEF2D	5	0.86%
MEOX1	5	0.86%
METTL1	5	0.86%
METTL21A	5	0.86%
METTL2B	5	0.86%
METTL7B	5	0.86%
MEX3D	5	0.86%
MFRP	5	0.86%
MFSD4A	5	0.86%
MICOS13	5	0.86%
MICU1	5	0.86%
MID1IP1	5	0.86%
MIER1	5	0.86%
MIF4GD	5	0.86%
MIIP	5	0.86%
MIPOL1	5	0.86%
MKKS	5	0.86%
MLANA	5	0.86%
MLX	5	0.86%
MLXIP	5	0.86%
MOB3A	5	0.86%
MOB3C	5	0.86%
MOB4	5	0.86%
MOGAT1	5	0.86%
MOGAT3	5	0.86%
MOSPD1	5	0.86%
MPG	5	0.86%
MPV17L2	5	0.86%
MPZ	5	0.86%
MPZL1	5	0.86%
MRO	5	0.86%
MROH2A	5	0.86%
MRPL28	5	0.86%
MRPL3	5	0.86%
MRPL32	5	0.86%
MRPL58	5	0.86%
MS4A5	5	0.86%
MS4A7	5	0.86%
MSI2	5	0.86%
MSRA	5	0.86%
MSTN	5	0.86%
MSX2	5	0.86%
MTCH1	5	0.86%
MTERF2	5	0.86%
MTMR14	5	0.86%
MTRES1	5	0.86%
MTRF1	5	0.86%
MTRF1L	5	0.86%
MTSS2	5	0.86%
MTX1	5	0.86%
MXI1	5	0.86%
MYADM	5	0.86%
MYMK	5	0.86%
NAA11	5	0.86%
NAA80	5	0.86%
NACAD	5	0.86%
NAGA	5	0.86%
NANOG	5	0.86%
NAPB	5	0.86%
NAPRT	5	0.86%
NAT2	5	0.86%
NBL1	5	0.86%
NBPF1	5	0.86%
NCF1	5	0.86%
NCLN	5	0.86%
NDEL1	5	0.86%
NDFIP1	5	0.86%
NDUFAF1	5	0.86%
NDUFB5	5	0.86%
NDUFB9	5	0.86%
NECAP2	5	0.86%
NEK7	5	0.86%
NEU3	5	0.86%
NEURL1	5	0.86%
NEUROG3	5	0.86%
NFATC2IP	5	0.86%
NFKBID	5	0.86%
NHEJ1	5	0.86%
NHLH1	5	0.86%
NIT2	5	0.86%
NKD2	5	0.86%
NMNAT1	5	0.86%
NNMT	5	0.86%
NOB1	5	0.86%
NOL11	5	0.86%
NOL12	5	0.86%
NOL7	5	0.86%
NOTUM	5	0.86%
NPIPB15	5	0.86%
NPM1	5	0.86%
NPPA	5	0.86%
NPPB	5	0.86%
NPTN	5	0.86%
NPTX1	5	0.86%
NPVF	5	0.86%
NPY	5	0.86%
NPY1R	5	0.86%
NR1I2	5	0.86%
NRSN2	5	0.86%
NSG2	5	0.86%
NSMCE1	5	0.86%
NSUN4	5	0.86%
NSUN5	5	0.86%
NTAQ1	5	0.86%
NTHL1	5	0.86%
NTN3	5	0.86%
NTN5	5	0.86%
NTS	5	0.86%
NUDT11	5	0.86%
NUDT15	5	0.86%
NUDT17	5	0.86%
NUDT6	5	0.86%
NUDT9	5	0.86%
NUP50	5	0.86%
NUP62	5	0.86%
NXPE1	5	0.86%
OAS1	5	0.86%
OAT	5	0.86%
ODAPH	5	0.86%
ODC1	5	0.86%
OGG1	5	0.86%
OGN	5	0.86%
OLFM2	5	0.86%
OLR1	5	0.86%
ONECUT3	5	0.86%
OPTC	5	0.86%
OR10A7	5	0.86%
OR10G3	5	0.86%
OR10G8	5	0.86%
OR11A1	5	0.86%
OR13C2	5	0.86%
OR13G1	5	0.86%
OR13H1	5	0.86%
OR1A1	5	0.86%
OR1D2	5	0.86%
OR1J4	5	0.86%
OR1K1	5	0.86%
OR1S1	5	0.86%
OR1S2	5	0.86%
OR2AE1	5	0.86%
OR2C1	5	0.86%
OR2D3	5	0.86%
OR2F2	5	0.86%
OR2J2	5	0.86%
OR2T34	5	0.86%
OR3A3	5	0.86%
OR4K14	5	0.86%
OR4N5	5	0.86%
OR4X2	5	0.86%
OR51A2	5	0.86%
OR51B6	5	0.86%
OR52A1	5	0.86%
OR52B2	5	0.86%
OR52E6	5	0.86%
OR52I1	5	0.86%
OR56B1	5	0.86%
OR5AK2	5	0.86%
OR5B21	5	0.86%
OR5T1	5	0.86%
OR6A2	5	0.86%
OR6C1	5	0.86%
OR6C76	5	0.86%
OR7A10	5	0.86%
OR7A17	5	0.86%
OR7C2	5	0.86%
OR8D1	5	0.86%
OR8G5	5	0.86%
OR8J3	5	0.86%
OR8S1	5	0.86%
OSER1	5	0.86%
OSGEP	5	0.86%
OSTM1	5	0.86%
OSTN	5	0.86%
OTOS	5	0.86%
OTUD3	5	0.86%
P2RY12	5	0.86%
P4HTM	5	0.86%
PABPC4L	5	0.86%
PACRGL	5	0.86%
PAG1	5	0.86%
PAQR3	5	0.86%
PAQR4	5	0.86%
PARD6B	5	0.86%
PARM1	5	0.86%
PATE1	5	0.86%
PBDC1	5	0.86%
PCBP3	5	0.86%
PCED1A	5	0.86%
PCMT1	5	0.86%
PCMTD2	5	0.86%
PCNA	5	0.86%
PDC	5	0.86%
PDCD1	5	0.86%
PDCD6	5	0.86%
PDCL3	5	0.86%
PDHX	5	0.86%
PDK3	5	0.86%
PEBP4	5	0.86%
PEDS1-UBE2V1	5	0.86%
PELO	5	0.86%
PENK	5	0.86%
PEX11G	5	0.86%
PEX12	5	0.86%
PEX16	5	0.86%
PGAM1	5	0.86%
PGAM5	5	0.86%
PGGT1B	5	0.86%
PGLYRP1	5	0.86%
PGLYRP3	5	0.86%
PHETA1	5	0.86%
PHETA2	5	0.86%
PHF19	5	0.86%
PHLDB3	5	0.86%
PHOSPHO2	5	0.86%
PHYHD1	5	0.86%
PI4K2A	5	0.86%
PID1	5	0.86%
PIGS	5	0.86%
PIGU	5	0.86%
PIGW	5	0.86%
PIK3IP1	5	0.86%
PILRA	5	0.86%
PIM1	5	0.86%
PIP	5	0.86%
PIP5K1B	5	0.86%
PIP5KL1	5	0.86%
PIR	5	0.86%
PITHD1	5	0.86%
PITPNB	5	0.86%
PKIA	5	0.86%
PKIB	5	0.86%
PLAAT1	5	0.86%
PLAGL1	5	0.86%
PLAU	5	0.86%
PLAUR	5	0.86%
PLBD1	5	0.86%
PLEKHA8	5	0.86%
PLEKHF1	5	0.86%
PLIN2	5	0.86%
PLIN5	5	0.86%
PLPP7	5	0.86%
PLSCR2	5	0.86%
PMM1	5	0.86%
PMPCA	5	0.86%
PNKP	5	0.86%
PNLIPRP2	5	0.86%
PNMA3	5	0.86%
PNPLA2	5	0.86%
PNRC1	5	0.86%
POC1A	5	0.86%
PODNL1	5	0.86%
POFUT1	5	0.86%
POLD2	5	0.86%
POLR1F	5	0.86%
POLR2H	5	0.86%
POLR2J	5	0.86%
POMK	5	0.86%
POTEJ	5	0.86%
PPP1CC	5	0.86%
PPP1R14A	5	0.86%
PPP2CB	5	0.86%
PPP4R2	5	0.86%
PRAMEF15	5	0.86%
PRAMEF5	5	0.86%
PRC1	5	0.86%
PRG2	5	0.86%
PRM3	5	0.86%
PRMT5	5	0.86%
PRPF19	5	0.86%
PRRC1	5	0.86%
PRSS48	5	0.86%
PRSS58	5	0.86%
PRTN3	5	0.86%
PSAT1	5	0.86%
PSG11	5	0.86%
PSG5	5	0.86%
PSKH1	5	0.86%
PSMC2	5	0.86%
PSMD14	5	0.86%
PSMD3	5	0.86%
PTCD3	5	0.86%
PTGDR	5	0.86%
PTGDR2	5	0.86%
PTGER4	5	0.86%
PTGES3L-AARSD1	5	0.86%
PTGR1	5	0.86%
PTGR2	5	0.86%
PTPDC1	5	0.86%
PTPN18	5	0.86%
PTPN20	5	0.86%
PTPN7	5	0.86%
PXYLP1	5	0.86%
RAB11A	5	0.86%
RAB23	5	0.86%
RAB39A	5	0.86%
RAB3D	5	0.86%
RAB41	5	0.86%
RAB4A	5	0.86%
RAB6A	5	0.86%
RABL2A	5	0.86%
RAC2	5	0.86%
RAD23B	5	0.86%
RAD51C	5	0.86%
RALA	5	0.86%
RAP1GAP	5	0.86%
RAP2B	5	0.86%
RASGEF1C	5	0.86%
RASSF1	5	0.86%
RASSF10	5	0.86%
RASSF6	5	0.86%
RBFOX2	5	0.86%
RBM11	5	0.86%
RBM38	5	0.86%
RBM44	5	0.86%
RBM7	5	0.86%
RBMX	5	0.86%
RDH5	5	0.86%
RDH8	5	0.86%
REC114	5	0.86%
REEP3	5	0.86%
REEP4	5	0.86%
REG1B	5	0.86%
RFFL	5	0.86%
RFPL1	5	0.86%
RFWD3	5	0.86%
RGPD1	5	0.86%
RGPD3	5	0.86%
RGPD4	5	0.86%
RGS13	5	0.86%
RGS5	5	0.86%
RHBDD1	5	0.86%
RHBDD3	5	0.86%
RHBDL1	5	0.86%
RHOC	5	0.86%
RHOJ	5	0.86%
RIC8A	5	0.86%
RIPK2	5	0.86%
RITA1	5	0.86%
RMDN2	5	0.86%
RMND1	5	0.86%
RMND5B	5	0.86%
RNASE4	5	0.86%
RNASE9	5	0.86%
RNASEH2B	5	0.86%
RNF115	5	0.86%
RNF125	5	0.86%
RNF138	5	0.86%
RNF14	5	0.86%
RNF146	5	0.86%
RNF175	5	0.86%
RNF2	5	0.86%
RNF208	5	0.86%
RNF26	5	0.86%
RNFT1	5	0.86%
RNH1	5	0.86%
RPIA	5	0.86%
RPL35	5	0.86%
RPL4	5	0.86%
RPL7	5	0.86%
RPRD1A	5	0.86%
RPRD1B	5	0.86%
RPS2	5	0.86%
RRAS2	5	0.86%
RRM2	5	0.86%
RRP15	5	0.86%
RRP8	5	0.86%
RSC1A1	5	0.86%
RSPH3	5	0.86%
RSPRY1	5	0.86%
RTL8B	5	0.86%
RTN2	5	0.86%
RUSF1	5	0.86%
S100A7	5	0.86%
S100PBP	5	0.86%
SAA2-SAA4	5	0.86%
SACM1L	5	0.86%
SAP30BP	5	0.86%
SARS1	5	0.86%
SAT1	5	0.86%
SBK2	5	0.86%
SCAMP1	5	0.86%
SCARA3	5	0.86%
SCARF1	5	0.86%
SCGN	5	0.86%
SCNN1D	5	0.86%
SCTR	5	0.86%
SDHB	5	0.86%
SDHD	5	0.86%
SDR39U1	5	0.86%
SEC13	5	0.86%
SEC22A	5	0.86%
SELENOI	5	0.86%
SELENOM	5	0.86%
SENP2	5	0.86%
SENP3	5	0.86%
SEPSECS	5	0.86%
SEPTIN5	5	0.86%
SEPTIN7	5	0.86%
SERINC2	5	0.86%
SERINC4	5	0.86%
SERPINB4	5	0.86%
SERPINB6	5	0.86%
SERPINF1	5	0.86%
SERTAD2	5	0.86%
SESN1	5	0.86%
SFRP5	5	0.86%
SFT2D1	5	0.86%
SFTPD	5	0.86%
SFXN3	5	0.86%
SGCA	5	0.86%
SGK3	5	0.86%
SGPL1	5	0.86%
SGSH	5	0.86%
SGTA	5	0.86%
SH2B2	5	0.86%
SH2D5	5	0.86%
SHB	5	0.86%
SHD	5	0.86%
SIL1	5	0.86%
SINHCAF	5	0.86%
SIRPB2	5	0.86%
SLAMF7	5	0.86%
SLAMF9	5	0.86%
SLC16A8	5	0.86%
SLC22A12	5	0.86%
SLC22A25	5	0.86%
SLC22A5	5	0.86%
SLC25A19	5	0.86%
SLC25A41	5	0.86%
SLC25A5	5	0.86%
SLC25A6	5	0.86%
SLC26A1	5	0.86%
SLC27A4	5	0.86%
SLC30A1	5	0.86%
SLC30A2	5	0.86%
SLC34A3	5	0.86%
SLC35D2	5	0.86%
SLC35D3	5	0.86%
SLC35G1	5	0.86%
SLC36A2	5	0.86%
SLC39A8	5	0.86%
SLC49A4	5	0.86%
SLC51A	5	0.86%
SLC9B2	5	0.86%
SLFN14	5	0.86%
SMAP2	5	0.86%
SMPDL3B	5	0.86%
SMR3A	5	0.86%
SMU1	5	0.86%
SMURF2	5	0.86%
SMYD2	5	0.86%
SNAPC2	5	0.86%
SNX7	5	0.86%
SOCS3	5	0.86%
SOX3	5	0.86%
SPACA3	5	0.86%
SPACA5B	5	0.86%
SPACA9	5	0.86%
SPAG11A	5	0.86%
SPAG4	5	0.86%
SPAG8	5	0.86%
SPATA6	5	0.86%
SPATS1	5	0.86%
SPDEF	5	0.86%
SPDYA	5	0.86%
SPESP1	5	0.86%
SPINDOC	5	0.86%
SPO11	5	0.86%
SPOP	5	0.86%
SPP1	5	0.86%
SPPL2A	5	0.86%
SPR	5	0.86%
SPRY4	5	0.86%
SRF	5	0.86%
SRP54	5	0.86%
SRSF1	5	0.86%
SSMEM1	5	0.86%
SSR1	5	0.86%
SSU72P8	5	0.86%
ST6GALNAC6	5	0.86%
STARD3	5	0.86%
STC1	5	0.86%
STEAP3	5	0.86%
STK16	5	0.86%
STK35	5	0.86%
STMN4	5	0.86%
STOM	5	0.86%
STOML1	5	0.86%
STOML3	5	0.86%
STRADB	5	0.86%
STX12	5	0.86%
SULT1C2	5	0.86%
SULT4A1	5	0.86%
SUMF1	5	0.86%
SURF4	5	0.86%
SVOP	5	0.86%
SYCE2	5	0.86%
SYF2	5	0.86%
SYT11	5	0.86%
TAF13	5	0.86%
TAF1B	5	0.86%
TAF7	5	0.86%
TAF8	5	0.86%
TAF9B	5	0.86%
TAGLN	5	0.86%
TAS2R16	5	0.86%
TAS2R4	5	0.86%
TBCA	5	0.86%
TBL3	5	0.86%
TBX21	5	0.86%
TCP11L2	5	0.86%
TCTEX1D1	5	0.86%
TDP2	5	0.86%
TEAD3	5	0.86%
TECTB	5	0.86%
TEF	5	0.86%
TERF2IP	5	0.86%
TES	5	0.86%
TEX37	5	0.86%
TEX45	5	0.86%
TEX55	5	0.86%
TFB2M	5	0.86%
TFDP2	5	0.86%
TFEB	5	0.86%
TGDS	5	0.86%
TGFBI	5	0.86%
THAP2	5	0.86%
THAP4	5	0.86%
THOC3	5	0.86%
THRA	5	0.86%
THUMPD1	5	0.86%
THUMPD3	5	0.86%
TIA1	5	0.86%
TIGD5	5	0.86%
TIMP4	5	0.86%
TINF2	5	0.86%
TJAP1	5	0.86%
TKT	5	0.86%
TLX3	5	0.86%
TM2D2	5	0.86%
TM4SF5	5	0.86%
TM6SF1	5	0.86%
TM6SF2	5	0.86%
TMBIM1	5	0.86%
TMCO1	5	0.86%
TMED10	5	0.86%
TMEM106B	5	0.86%
TMEM120A	5	0.86%
TMEM121	5	0.86%
TMEM150C	5	0.86%
TMEM151A	5	0.86%
TMEM154	5	0.86%
TMEM161A	5	0.86%
TMEM165	5	0.86%
TMEM169	5	0.86%
TMEM176B	5	0.86%
TMEM177	5	0.86%
TMEM19	5	0.86%
TMEM215	5	0.86%
TMEM252	5	0.86%
TMEM255B	5	0.86%
TMEM266	5	0.86%
TMEM38B	5	0.86%
TMEM47	5	0.86%
TMEM92	5	0.86%
TNFSF9	5	0.86%
TNIP2	5	0.86%
TNNI1	5	0.86%
TNNI3	5	0.86%
TNNI3K	5	0.86%
TOLLIP	5	0.86%
TOM1L1	5	0.86%
TOMM34	5	0.86%
TOPAZ1	5	0.86%
TOR1B	5	0.86%
TOR3A	5	0.86%
TP53I11	5	0.86%
TP53I3	5	0.86%
TPGS2	5	0.86%
TPM1	5	0.86%
TRAPPC6A	5	0.86%
TREM1	5	0.86%
TREX2	5	0.86%
TRIB3	5	0.86%
TRIM21	5	0.86%
TRIM28	5	0.86%
TRIM38	5	0.86%
TRIM44	5	0.86%
TRIM47	5	0.86%
TRIM59	5	0.86%
TRIM66	5	0.86%
TRIM7	5	0.86%
TRIM77	5	0.86%
TRIP10	5	0.86%
TRIP13	5	0.86%
TRMT11	5	0.86%
TRNAU1AP	5	0.86%
TSC22D4	5	0.86%
TSGA13	5	0.86%
TSLP	5	0.86%
TSPAN11	5	0.86%
TSPAN14	5	0.86%
TSPAN17	5	0.86%
TSPAN8	5	0.86%
TSSK3	5	0.86%
TSSK6	5	0.86%
TTC25	5	0.86%
TTI2	5	0.86%
TTLL10	5	0.86%
TTLL11	5	0.86%
TUBB1	5	0.86%
TUBB4B	5	0.86%
TUBD1	5	0.86%
TWSG1	5	0.86%
U2AF1L4	5	0.86%
UBAC2	5	0.86%
UBB	5	0.86%
UBD	5	0.86%
UBE2J2	5	0.86%
UBE2L3	5	0.86%
UBXN2B	5	0.86%
UBXN8	5	0.86%
UCKL1	5	0.86%
UFSP1	5	0.86%
UGCG	5	0.86%
UGT1A1	5	0.86%
UGT1A3	5	0.86%
UHMK1	5	0.86%
UIMC1	5	0.86%
UNG	5	0.86%
UQCRC2	5	0.86%
UQCRFS1	5	0.86%
USB1	5	0.86%
USP18	5	0.86%
USP22	5	0.86%
USP39	5	0.86%
USP50	5	0.86%
UTP11	5	0.86%
UTP18	5	0.86%
UTP23	5	0.86%
UTS2R	5	0.86%
VAX1	5	0.86%
VBP1	5	0.86%
VDAC2	5	0.86%
VEZF1	5	0.86%
VMO1	5	0.86%
VNN2	5	0.86%
VPREB1	5	0.86%
VPS28	5	0.86%
VPS35	5	0.86%
VPS4B	5	0.86%
VSIG4	5	0.86%
VSIG8	5	0.86%
VSTM2L	5	0.86%
VTI1A	5	0.86%
WBP11	5	0.86%
WDR27	5	0.86%
WDR43	5	0.86%
WDR48	5	0.86%
WDR61	5	0.86%
WDR74	5	0.86%
WDR76	5	0.86%
WEE1	5	0.86%
WNT10A	5	0.86%
WTIP	5	0.86%
WWTR1	5	0.86%
XG	5	0.86%
YTHDF1	5	0.86%
YY2	5	0.86%
ZBED6CL	5	0.86%
ZBTB10	5	0.86%
ZBTB2	5	0.86%
ZBTB25	5	0.86%
ZBTB8A	5	0.86%
ZC3H10	5	0.86%
ZC3H12D	5	0.86%
ZCCHC13	5	0.86%
ZDHHC13	5	0.86%
ZFP69B	5	0.86%
ZFP91	5	0.86%
ZFPL1	5	0.86%
ZFYVE19	5	0.86%
ZNF114	5	0.86%
ZNF143	5	0.86%
ZNF195	5	0.86%
ZNF202	5	0.86%
ZNF225	5	0.86%
ZNF239	5	0.86%
ZNF260	5	0.86%
ZNF268	5	0.86%
ZNF274	5	0.86%
ZNF280D	5	0.86%
ZNF32	5	0.86%
ZNF397	5	0.86%
ZNF410	5	0.86%
ZNF468	5	0.86%
ZNF474	5	0.86%
ZNF501	5	0.86%
ZNF552	5	0.86%
ZNF684	5	0.86%
ZNF697	5	0.86%
ZNF707	5	0.86%
ZNF732	5	0.86%
ZNF75A	5	0.86%
ZNF76	5	0.86%
ZNF799	5	0.86%
ZNF816-ZNF321P	5	0.86%
ZNF830	5	0.86%
ZPBP2	5	0.86%
ZPLD1	5	0.86%
ZPR1	5	0.86%
ZSCAN10	5	0.86%
ZSCAN16	5	0.86%
ZSCAN9	5	0.86%
ZSWIM1	5	0.86%
ZYG11A	5	0.86%
AAR2	4	0.69%
AARD	4	0.69%
ABHD10	4	0.69%
ABHD17C	4	0.69%
ABHD3	4	0.69%
ABHD4	4	0.69%
ABHD8	4	0.69%
AC018630.4	4	0.69%
AC023055.1	4	0.69%
AC139530.2	4	0.69%
AC231657.3	4	0.69%
ACBD4	4	0.69%
ACOT9	4	0.69%
ACSF2	4	0.69%
ACTC1	4	0.69%
ADAM20	4	0.69%
ADM2	4	0.69%
ADORA3	4	0.69%
ADPRH	4	0.69%
ADPRM	4	0.69%
ADPRS	4	0.69%
ADRA2A	4	0.69%
ADRA2C	4	0.69%
ADRM1	4	0.69%
AIRE	4	0.69%
AJUBA	4	0.69%
AK8	4	0.69%
AKAP1	4	0.69%
AKR1C3	4	0.69%
AL031777.2	4	0.69%
ALDOC	4	0.69%
ALG12	4	0.69%
ALG2	4	0.69%
ALKBH6	4	0.69%
ALKBH8	4	0.69%
ALX1	4	0.69%
AMDHD2	4	0.69%
AMH	4	0.69%
AMOTL2	4	0.69%
AMY1C	4	0.69%
ANKH	4	0.69%
ANKRA2	4	0.69%
ANKRD16	4	0.69%
ANKRD18B	4	0.69%
ANKRD2	4	0.69%
ANKRD20A4P	4	0.69%
ANKRD30B	4	0.69%
ANKRD42	4	0.69%
ANKRD7	4	0.69%
ANP32B	4	0.69%
AP1S2	4	0.69%
AP1S3	4	0.69%
AP3M1	4	0.69%
AP5S1	4	0.69%
APCS	4	0.69%
APOBEC3D	4	0.69%
APOBEC3F	4	0.69%
APOE	4	0.69%
APOL1	4	0.69%
APOL2	4	0.69%
APOL4	4	0.69%
AQP1	4	0.69%
AQP3	4	0.69%
ARHGAP42	4	0.69%
ARHGEF16	4	0.69%
ARHGEF39	4	0.69%
ARL10	4	0.69%
ARL14	4	0.69%
ARMC1	4	0.69%
ARPC2	4	0.69%
ARSH	4	0.69%
ASAH2B	4	0.69%
ASB1	4	0.69%
ASB8	4	0.69%
ASCC1	4	0.69%
ASNS	4	0.69%
ATG14	4	0.69%
ATG16L2	4	0.69%
ATG3	4	0.69%
ATL3	4	0.69%
ATP1B1	4	0.69%
ATP4B	4	0.69%
ATP6V0B	4	0.69%
ATP6V1G1	4	0.69%
ATP6V1G3	4	0.69%
AUH	4	0.69%
AZIN2	4	0.69%
B3GNT5	4	0.69%
B3GNT8	4	0.69%
B9D2	4	0.69%
BAALC	4	0.69%
BAG2	4	0.69%
BAK1	4	0.69%
BBS5	4	0.69%
BCAT2	4	0.69%
BCCIP	4	0.69%
BCL7C	4	0.69%
BCS1L	4	0.69%
BEX3	4	0.69%
BHLHE40	4	0.69%
BLID	4	0.69%
BMI1	4	0.69%
BMP6	4	0.69%
BNIP2	4	0.69%
BNIP3L	4	0.69%
BOD1	4	0.69%
BORCS7	4	0.69%
BPIFA2	4	0.69%
BSDC1	4	0.69%
BST1	4	0.69%
BTD	4	0.69%
BTNL2	4	0.69%
BUB3	4	0.69%
BYSL	4	0.69%
C10orf67	4	0.69%
C11orf24	4	0.69%
C11orf68	4	0.69%
C12orf43	4	0.69%
C12orf54	4	0.69%
C17orf58	4	0.69%
C19orf47	4	0.69%
C1QC	4	0.69%
C1orf115	4	0.69%
C1orf131	4	0.69%
C1orf194	4	0.69%
C1orf226	4	0.69%
C1orf52	4	0.69%
C22orf31	4	0.69%
C2orf66	4	0.69%
C2orf69	4	0.69%
C2orf88	4	0.69%
C5orf15	4	0.69%
C5orf38	4	0.69%
C7orf26	4	0.69%
C7orf61	4	0.69%
C8orf58	4	0.69%
CA4	4	0.69%
CA5A	4	0.69%
CAAP1	4	0.69%
CABLES2	4	0.69%
CABP7	4	0.69%
CACYBP	4	0.69%
CALML3	4	0.69%
CALML4	4	0.69%
CAMKMT	4	0.69%
CANX	4	0.69%
CAP1	4	0.69%
CAPG	4	0.69%
CAPN13	4	0.69%
CASC3	4	0.69%
CATSPERG	4	0.69%
CAV2	4	0.69%
CBR4	4	0.69%
CBWD2	4	0.69%
CCDC122	4	0.69%
CCDC134	4	0.69%
CCDC142	4	0.69%
CCDC149	4	0.69%
CCDC184	4	0.69%
CCDC69	4	0.69%
CCDC70	4	0.69%
CCDC86	4	0.69%
CCHCR1	4	0.69%
CCNB2	4	0.69%
CCNC	4	0.69%
CCNI	4	0.69%
CCNYL1	4	0.69%
CCR8	4	0.69%
CCSAP	4	0.69%
CD160	4	0.69%
CD1C	4	0.69%
CD209	4	0.69%
CD226	4	0.69%
CD247	4	0.69%
CD27	4	0.69%
CD300A	4	0.69%
CD300E	4	0.69%
CD320	4	0.69%
CD55	4	0.69%
CD7	4	0.69%
CD79A	4	0.69%
CD79B	4	0.69%
CD86	4	0.69%
CD8B	4	0.69%
CD9	4	0.69%
CDC37L1	4	0.69%
CDC42	4	0.69%
CDCA3	4	0.69%
CDCA7	4	0.69%
CDCA8	4	0.69%
CDHR4	4	0.69%
CDK10	4	0.69%
CDKN1A	4	0.69%
CDS1	4	0.69%
CDSN	4	0.69%
CEACAM19	4	0.69%
CEACAM7	4	0.69%
CEACAM8	4	0.69%
CELA2A	4	0.69%
CELA2B	4	0.69%
CELA3B	4	0.69%
CELF6	4	0.69%
CENPH	4	0.69%
CENPL	4	0.69%
CENPV	4	0.69%
CEP295	4	0.69%
CEP76	4	0.69%
CERCAM	4	0.69%
CERS1	4	0.69%
CERS2	4	0.69%
CES2	4	0.69%
CFAP126	4	0.69%
CFAP161	4	0.69%
CFAP20	4	0.69%
CFAP92	4	0.69%
CFHR1	4	0.69%
CFI	4	0.69%
CFL1	4	0.69%
CFLAR	4	0.69%
CGGBP1	4	0.69%
CHIC2	4	0.69%
CHKB	4	0.69%
CHMP6	4	0.69%
CHPT1	4	0.69%
CHRFAM7A	4	0.69%
CHRNA10	4	0.69%
CHRNA9	4	0.69%
CIDEA	4	0.69%
CIDEC	4	0.69%
CKB	4	0.69%
CKS1B	4	0.69%
CLDN25	4	0.69%
CLEC18C	4	0.69%
CLEC1B	4	0.69%
CLEC4G	4	0.69%
CLEC9A	4	0.69%
CLECL1	4	0.69%
CLIC2	4	0.69%
CLIC4	4	0.69%
CLN8	4	0.69%
CLPTM1L	4	0.69%
CMA1	4	0.69%
CMC1	4	0.69%
CMPK1	4	0.69%
CMTM1	4	0.69%
CMTM2	4	0.69%
CNPY2	4	0.69%
CNRIP1	4	0.69%
COIL	4	0.69%
COL10A1	4	0.69%
COLEC10	4	0.69%
COMMD10	4	0.69%
COMMD2	4	0.69%
COPE	4	0.69%
COQ4	4	0.69%
CORO2A	4	0.69%
COTL1	4	0.69%
COX11	4	0.69%
COX19	4	0.69%
COX4I2	4	0.69%
COX6A2	4	0.69%
CPA4	4	0.69%
CPN2	4	0.69%
CPNE1	4	0.69%
CREB1	4	0.69%
CRHR1	4	0.69%
CRYGC	4	0.69%
CSAG2	4	0.69%
CSN1S1	4	0.69%
CSN3	4	0.69%
CSRP1	4	0.69%
CST4	4	0.69%
CST7	4	0.69%
CTAG2	4	0.69%
CTBP2	4	0.69%
CTDSP1	4	0.69%
CTDSP2	4	0.69%
CTH	4	0.69%
CTNS	4	0.69%
CTRC	4	0.69%
CTSE	4	0.69%
CTTN	4	0.69%
CTXN3	4	0.69%
CWC15	4	0.69%
CWC25	4	0.69%
CXCL11	4	0.69%
CXCL8	4	0.69%
CXorf21	4	0.69%
CXorf65	4	0.69%
CYB5D1	4	0.69%
CYP27A1	4	0.69%
CYP2B6	4	0.69%
CYSLTR2	4	0.69%
CYTH2	4	0.69%
DALRD3	4	0.69%
DAOA	4	0.69%
DARS1	4	0.69%
DBNL	4	0.69%
DCHS2	4	0.69%
DCTN4	4	0.69%
DDAH1	4	0.69%
DDIT3	4	0.69%
DDX39A	4	0.69%
DEFB118	4	0.69%
DEFB126	4	0.69%
DEGS2	4	0.69%
DENND10	4	0.69%
DENND6B	4	0.69%
DENR	4	0.69%
DFFB	4	0.69%
DGAT2	4	0.69%
DGAT2L6	4	0.69%
DHRS1	4	0.69%
DHRS7	4	0.69%
DHRSX	4	0.69%
DIO1	4	0.69%
DMC1	4	0.69%
DNAJB11	4	0.69%
DNAJB4	4	0.69%
DNAJB6	4	0.69%
DNAJC12	4	0.69%
DNAJC19	4	0.69%
DNAJC27	4	0.69%
DNAL4	4	0.69%
DNASE2	4	0.69%
DND1	4	0.69%
DNTTIP1	4	0.69%
DOK2	4	0.69%
DPEP1	4	0.69%
DPM1	4	0.69%
DPPA3	4	0.69%
DPPA5	4	0.69%
DPRX	4	0.69%
DPY30	4	0.69%
DRG2	4	0.69%
DRICH1	4	0.69%
DTD1	4	0.69%
DTD2	4	0.69%
DTNBP1	4	0.69%
DTX1	4	0.69%
DUSP15	4	0.69%
DUSP19	4	0.69%
DUSP2	4	0.69%
DYDC1	4	0.69%
DYNAP	4	0.69%
E2F2	4	0.69%
ECRG4	4	0.69%
EDN1	4	0.69%
EED	4	0.69%
EEF1AKMT1	4	0.69%
EEF1AKMT3	4	0.69%
EEF1B2	4	0.69%
EEF2KMT	4	0.69%
EFNA5	4	0.69%
EFNB2	4	0.69%
EFS	4	0.69%
EGLN3	4	0.69%
EIF2AK2	4	0.69%
EIF2B4	4	0.69%
EIF2S2	4	0.69%
EIF3I	4	0.69%
EIF3M	4	0.69%
EIF4EBP2	4	0.69%
EIF5A2	4	0.69%
EIPR1	4	0.69%
ELOVL5	4	0.69%
EMC3	4	0.69%
ENDOG	4	0.69%
ENSA	4	0.69%
ERAL1	4	0.69%
ERCC1	4	0.69%
ERG28	4	0.69%
ERI1	4	0.69%
ESAM	4	0.69%
ETFB	4	0.69%
ETNK2	4	0.69%
EXD2	4	0.69%
EXOSC3	4	0.69%
EXOSC4	4	0.69%
EXT2	4	0.69%
FAAP24	4	0.69%
FABP6	4	0.69%
FAM110D	4	0.69%
FAM124B	4	0.69%
FAM163A	4	0.69%
FAM167B	4	0.69%
FAM168A	4	0.69%
FAM178B	4	0.69%
FAM205A	4	0.69%
FAM207A	4	0.69%
FAM209A	4	0.69%
FAM210A	4	0.69%
FAM216B	4	0.69%
FAM219A	4	0.69%
FAM228A	4	0.69%
FAM71F1	4	0.69%
FAM71F2	4	0.69%
FAM83F	4	0.69%
FAM8A1	4	0.69%
FANCF	4	0.69%
FAU	4	0.69%
FAXDC2	4	0.69%
FBXO16	4	0.69%
FBXO25	4	0.69%
FBXO27	4	0.69%
FBXO44	4	0.69%
FDFT1	4	0.69%
FDX2	4	0.69%
FGF1	4	0.69%
FGF16	4	0.69%
FGF18	4	0.69%
FGF2	4	0.69%
FGFBP1	4	0.69%
FHIT	4	0.69%
FHL2	4	0.69%
FIBIN	4	0.69%
FIBP	4	0.69%
FIGNL2	4	0.69%
FKBP3	4	0.69%
FKRP	4	0.69%
FLACC1	4	0.69%
FLOT2	4	0.69%
FLVCR1	4	0.69%
FNDC11	4	0.69%
FNDC7	4	0.69%
FOSL2	4	0.69%
FOXA1	4	0.69%
FOXD2	4	0.69%
FOXD4	4	0.69%
FOXF1	4	0.69%
FPGS	4	0.69%
FUNDC2	4	0.69%
FUS	4	0.69%
FUT10	4	0.69%
FUT6	4	0.69%
FYTTD1	4	0.69%
FZD5	4	0.69%
G6PC	4	0.69%
G6PC2	4	0.69%
GADD45GIP1	4	0.69%
GAL3ST3	4	0.69%
GALE	4	0.69%
GALNT8	4	0.69%
GALR2	4	0.69%
GAPDHS	4	0.69%
GARS1	4	0.69%
GATA6	4	0.69%
GBA	4	0.69%
GBX1	4	0.69%
GBX2	4	0.69%
GCH1	4	0.69%
GCSAML	4	0.69%
GDA	4	0.69%
GDF1	4	0.69%
GDF7	4	0.69%
GDI1	4	0.69%
GDPD1	4	0.69%
GDPGP1	4	0.69%
GET4	4	0.69%
GFRA4	4	0.69%
GGH	4	0.69%
GGT1	4	0.69%
GIMAP2	4	0.69%
GINS4	4	0.69%
GIPR	4	0.69%
GJB6	4	0.69%
GJC3	4	0.69%
GKN1	4	0.69%
GLMN	4	0.69%
GLRX2	4	0.69%
GLS	4	0.69%
GLYAT	4	0.69%
GLYCTK	4	0.69%
GOLGA7B	4	0.69%
GOSR2	4	0.69%
GPATCH3	4	0.69%
GPBAR1	4	0.69%
GPN2	4	0.69%
GPR1	4	0.69%
GPR107	4	0.69%
GPR146	4	0.69%
GPR148	4	0.69%
GPR150	4	0.69%
GPR21	4	0.69%
GPR25	4	0.69%
GPR39	4	0.69%
GPR65	4	0.69%
GPSM1	4	0.69%
GPSM3	4	0.69%
GPX1	4	0.69%
GPX2	4	0.69%
GPX3	4	0.69%
GRAMD2A	4	0.69%
GRAMD2B	4	0.69%
GREM1	4	0.69%
GRINA	4	0.69%
GRK1	4	0.69%
GRXCR2	4	0.69%
GSC	4	0.69%
GSS	4	0.69%
GSTA4	4	0.69%
GTF2H3	4	0.69%
GTF2H4	4	0.69%
GTF3A	4	0.69%
GTF3C6	4	0.69%
GTPBP10	4	0.69%
GTPBP6	4	0.69%
GTSE1	4	0.69%
GTSF1	4	0.69%
GUCA1A	4	0.69%
GUCA1B	4	0.69%
GUCA1C	4	0.69%
GUCA2B	4	0.69%
GYPC	4	0.69%
H1-1	4	0.69%
H1-7	4	0.69%
H2AB1	4	0.69%
H2AC6	4	0.69%
H2BC1	4	0.69%
H2BC13	4	0.69%
H2BC18	4	0.69%
H2BC5	4	0.69%
H2BW1	4	0.69%
H3C11	4	0.69%
H3C4	4	0.69%
H4-16	4	0.69%
H4C1	4	0.69%
H4C12	4	0.69%
H4C13	4	0.69%
H4C4	4	0.69%
H4C7	4	0.69%
H4C8	4	0.69%
H4C9	4	0.69%
HABP4	4	0.69%
HACD1	4	0.69%
HACD2	4	0.69%
HACD3	4	0.69%
HACD4	4	0.69%
HADH	4	0.69%
HAGH	4	0.69%
HAND1	4	0.69%
HBD	4	0.69%
HBG2	4	0.69%
HDAC10	4	0.69%
HELT	4	0.69%
HHLA1	4	0.69%
HINT3	4	0.69%
HLA-DMA	4	0.69%
HMCES	4	0.69%
HMGB2	4	0.69%
HNRNPLL	4	0.69%
HORMAD2	4	0.69%
HOXB4	4	0.69%
HOXC11	4	0.69%
HOXC12	4	0.69%
HPCAL1	4	0.69%
HRAS	4	0.69%
HS3ST1	4	0.69%
HSD17B13	4	0.69%
HSD3B7	4	0.69%
HTATIP2	4	0.69%
HYLS1	4	0.69%
IBA57	4	0.69%
ICAM1	4	0.69%
ICAM2	4	0.69%
ICAM4	4	0.69%
IFI6	4	0.69%
IFNA14	4	0.69%
IFNA17	4	0.69%
IFNA5	4	0.69%
IFNB1	4	0.69%
IFNK	4	0.69%
IFNL3	4	0.69%
IFT43	4	0.69%
IGFBP2	4	0.69%
IGHV1-46	4	0.69%
IGHV1-58	4	0.69%
IGHV1OR15-9	4	0.69%
IGHV3-11	4	0.69%
IGHV3-16	4	0.69%
IGHV3-21	4	0.69%
IGHV3-23	4	0.69%
IGHV4-31	4	0.69%
IGHV4-34	4	0.69%
IGKV1-9	4	0.69%
IGKV1D-13	4	0.69%
IGKV1D-16	4	0.69%
IGKV3D-20	4	0.69%
IGKV6D-41	4	0.69%
IGLV1-50	4	0.69%
IGLV3-27	4	0.69%
IGLV3-9	4	0.69%
IL10	4	0.69%
IL18	4	0.69%
IL18BP	4	0.69%
IL1RN	4	0.69%
IL2	4	0.69%
IL20	4	0.69%
IL21	4	0.69%
IL25	4	0.69%
IL2RB	4	0.69%
IL31	4	0.69%
IL37	4	0.69%
IL4	4	0.69%
IMPDH1	4	0.69%
ING4	4	0.69%
INHBB	4	0.69%
INHBE	4	0.69%
INIP	4	0.69%
INSIG2	4	0.69%
INSYN2B	4	0.69%
IQCD	4	0.69%
IQCF1	4	0.69%
IRF2BP2	4	0.69%
ISCA2	4	0.69%
ISL2	4	0.69%
IST1	4	0.69%
ITFG2	4	0.69%
ITGB1BP2	4	0.69%
ITPA	4	0.69%
JAM2	4	0.69%
JUN	4	0.69%
KBTBD2	4	0.69%
KCNG3	4	0.69%
KCNJ14	4	0.69%
KCNK15	4	0.69%
KCNK16	4	0.69%
KCP	4	0.69%
KCTD2	4	0.69%
KDSR	4	0.69%
KHDC1	4	0.69%
KIAA0513	4	0.69%
KIAA1671	4	0.69%
KIAA2013	4	0.69%
KIR2DL3	4	0.69%
KIR2DS4	4	0.69%
KLF1	4	0.69%
KLF10	4	0.69%
KLF7	4	0.69%
KLF9	4	0.69%
KLHL12	4	0.69%
KLHL29	4	0.69%
KLHL35	4	0.69%
KLK11	4	0.69%
KLRC3	4	0.69%
KLRC4	4	0.69%
KLRG1	4	0.69%
KMT5C	4	0.69%
KRBOX4	4	0.69%
KRT19	4	0.69%
KRT20	4	0.69%
KRT77	4	0.69%
KRT8	4	0.69%
KRTAP1-5	4	0.69%
KRTAP10-8	4	0.69%
KRTAP11-1	4	0.69%
KRTAP13-2	4	0.69%
KRTAP19-3	4	0.69%
KRTAP20-1	4	0.69%
KRTAP4-5	4	0.69%
KRTAP5-10	4	0.69%
L2HGDH	4	0.69%
LAGE3	4	0.69%
LARS2	4	0.69%
LBX1	4	0.69%
LCMT1	4	0.69%
LDAH	4	0.69%
LDLRAD2	4	0.69%
LDLRAD4	4	0.69%
LEFTY2	4	0.69%
LENG9	4	0.69%
LETMD1	4	0.69%
LFNG	4	0.69%
LGALS9B	4	0.69%
LHFPL2	4	0.69%
LHFPL4	4	0.69%
LILRB4	4	0.69%
LINC02210-CRHR1	4	0.69%
LIPA	4	0.69%
LIPF	4	0.69%
LMAN1L	4	0.69%
LMBR1	4	0.69%
LMLN	4	0.69%
LMNA	4	0.69%
LMNB2	4	0.69%
LMO4	4	0.69%
LPCAT2	4	0.69%
LRIT3	4	0.69%
LRRC2	4	0.69%
LRRC37A	4	0.69%
LRRC55	4	0.69%
LRRC6	4	0.69%
LRRC61	4	0.69%
LRRC75B	4	0.69%
LRRD1	4	0.69%
LRRN2	4	0.69%
LRTM2	4	0.69%
LSM10	4	0.69%
LTB	4	0.69%
LURAP1L	4	0.69%
LYPD3	4	0.69%
LYPD6B	4	0.69%
LYPLA1	4	0.69%
LYPLA2	4	0.69%
LYSMD1	4	0.69%
LYZL2	4	0.69%
MACROD1	4	0.69%
MAD2L1BP	4	0.69%
MADCAM1	4	0.69%
MAGEB18	4	0.69%
MAL	4	0.69%
MAMDC4	4	0.69%
MANSC1	4	0.69%
MAOA	4	0.69%
MAP1LC3A	4	0.69%
MAPK1	4	0.69%
MAPK3	4	0.69%
MAPK8IP2	4	0.69%
MARCHF1	4	0.69%
MARCHF5	4	0.69%
MAS1L	4	0.69%
MAZ	4	0.69%
MBL2	4	0.69%
MBNL3	4	0.69%
MBOAT7	4	0.69%
MBTD1	4	0.69%
MC2R	4	0.69%
MCAT	4	0.69%
MCCD1	4	0.69%
MCUR1	4	0.69%
MECR	4	0.69%
MED31	4	0.69%
MED4	4	0.69%
MED7	4	0.69%
MED8	4	0.69%
MEDAG	4	0.69%
MEIOB	4	0.69%
METTL18	4	0.69%
METTL27	4	0.69%
METTL2A	4	0.69%
METTL8	4	0.69%
METTL9	4	0.69%
MFAP3	4	0.69%
MGARP	4	0.69%
MGLL	4	0.69%
MGP	4	0.69%
MICB	4	0.69%
MIOX	4	0.69%
MKNK1	4	0.69%
MLYCD	4	0.69%
MMACHC	4	0.69%
MOAP1	4	0.69%
MORF4L1	4	0.69%
MORF4L2	4	0.69%
MPI	4	0.69%
MPZL2	4	0.69%
MREG	4	0.69%
MRGPRD	4	0.69%
MRGPRE	4	0.69%
MRM3	4	0.69%
MROH6	4	0.69%
MRPL15	4	0.69%
MRPL46	4	0.69%
MRPL9	4	0.69%
MRPS10	4	0.69%
MRPS11	4	0.69%
MRPS15	4	0.69%
MRPS24	4	0.69%
MRPS5	4	0.69%
MRPS7	4	0.69%
MRS2	4	0.69%
MS4A10	4	0.69%
MSMO1	4	0.69%
MTARC2	4	0.69%
MTG2	4	0.69%
MTHFD2	4	0.69%
MTURN	4	0.69%
MUC1	4	0.69%
MUC19	4	0.69%
MYL2	4	0.69%
MYL4	4	0.69%
MYL5	4	0.69%
MYLIP	4	0.69%
MZT2A	4	0.69%
NACA	4	0.69%
NADK2	4	0.69%
NAMPT	4	0.69%
NANOS3	4	0.69%
NAPG	4	0.69%
NAT8	4	0.69%
NAT8L	4	0.69%
NBPF15	4	0.69%
NBPF9	4	0.69%
NCBP2	4	0.69%
NCS1	4	0.69%
NDRG1	4	0.69%
NDRG4	4	0.69%
NDUFA12	4	0.69%
NDUFAF4	4	0.69%
NDUFAF6	4	0.69%
NDUFAF7	4	0.69%
NDUFB10	4	0.69%
NDUFB8	4	0.69%
NDUFS3	4	0.69%
NEIL2	4	0.69%
NEK6	4	0.69%
NFKBIE	4	0.69%
NFU1	4	0.69%
NFYB	4	0.69%
NGDN	4	0.69%
NGF	4	0.69%
NHLH2	4	0.69%
NICN1	4	0.69%
NINJ1	4	0.69%
NIP7	4	0.69%
NIPA1	4	0.69%
NIPAL1	4	0.69%
NIPAL4	4	0.69%
NIPSNAP1	4	0.69%
NIT1	4	0.69%
NKG7	4	0.69%
NKX2-3	4	0.69%
NMBR	4	0.69%
NME5	4	0.69%
NME6	4	0.69%
NMI	4	0.69%
NMNAT3	4	0.69%
NOA1	4	0.69%
NOG	4	0.69%
NOL10	4	0.69%
NOMO3	4	0.69%
NPBWR2	4	0.69%
NPL	4	0.69%
NPM3	4	0.69%
NPTXR	4	0.69%
NR1H2	4	0.69%
NR2F6	4	0.69%
NR6A1	4	0.69%
NRSN1	4	0.69%
NSDHL	4	0.69%
NT5DC1	4	0.69%
NTMT1	4	0.69%
NUDCD3	4	0.69%
NUDT10	4	0.69%
NUDT14	4	0.69%
NUDT16L1	4	0.69%
NUTM2D	4	0.69%
NWD2	4	0.69%
ODAM	4	0.69%
ODF3L1	4	0.69%
ODF4	4	0.69%
OGFOD1	4	0.69%
OGFOD2	4	0.69%
OGFOD3	4	0.69%
OMP	4	0.69%
OR10A5	4	0.69%
OR10G2	4	0.69%
OR10G4	4	0.69%
OR10H3	4	0.69%
OR10K2	4	0.69%
OR11G2	4	0.69%
OR12D3	4	0.69%
OR1N2	4	0.69%
OR2AG1	4	0.69%
OR2AG2	4	0.69%
OR2B3	4	0.69%
OR2C3	4	0.69%
OR2T11	4	0.69%
OR2T29	4	0.69%
OR4B1	4	0.69%
OR4E2	4	0.69%
OR4F4	4	0.69%
OR51G1	4	0.69%
OR51L1	4	0.69%
OR52B6	4	0.69%
OR5A1	4	0.69%
OR5A2	4	0.69%
OR5AU1	4	0.69%
OR5K1	4	0.69%
OR5P3	4	0.69%
OR6C3	4	0.69%
OR7D4	4	0.69%
OR8B12	4	0.69%
OR8B2	4	0.69%
OR8B8	4	0.69%
OR9A2	4	0.69%
ORC4	4	0.69%
OSBP2	4	0.69%
OTUB1	4	0.69%
OTUB2	4	0.69%
OVOL1	4	0.69%
OXGR1	4	0.69%
P2RX5	4	0.69%
P3H4	4	0.69%
P4HA2	4	0.69%
PA2G4	4	0.69%
PAAF1	4	0.69%
PAGE2	4	0.69%
PAICS	4	0.69%
PANK2	4	0.69%
PANX3	4	0.69%
PAOX	4	0.69%
PAQR5	4	0.69%
PAQR6	4	0.69%
PARK7	4	0.69%
PAX9	4	0.69%
PBK	4	0.69%
PBX4	4	0.69%
PCGF3	4	0.69%
PCTP	4	0.69%
PCYOX1L	4	0.69%
PCYT2	4	0.69%
PDCD10	4	0.69%
PDCD2	4	0.69%
PDPN	4	0.69%
PDRG1	4	0.69%
PDSS2	4	0.69%
PEAK3	4	0.69%
PEF1	4	0.69%
PELI2	4	0.69%
PEMT	4	0.69%
PEX11B	4	0.69%
PEX14	4	0.69%
PFDN1	4	0.69%
PFDN4	4	0.69%
PFKFB4	4	0.69%
PFN2	4	0.69%
PGA5	4	0.69%
PGAM4	4	0.69%
PGBD2	4	0.69%
PIEZO1	4	0.69%
PIFO	4	0.69%
PIGA	4	0.69%
PIGP	4	0.69%
PIGV	4	0.69%
PINX1	4	0.69%
PIP4P1	4	0.69%
PITX1	4	0.69%
PITX2	4	0.69%
PJA2	4	0.69%
PKDCC	4	0.69%
PKM	4	0.69%
PLA2G1B	4	0.69%
PLA2G2F	4	0.69%
PLAAT2	4	0.69%
PLEK2	4	0.69%
PLEKHB1	4	0.69%
PLGRKT	4	0.69%
PLK3	4	0.69%
PLPP4	4	0.69%
PMP2	4	0.69%
PMP22	4	0.69%
PNLIPRP1	4	0.69%
PNPLA4	4	0.69%
POGLUT1	4	0.69%
POLA2	4	0.69%
POLR2E	4	0.69%
POLR3F	4	0.69%
POM121L2	4	0.69%
POU2AF1	4	0.69%
POU2F3	4	0.69%
PPIAL4A	4	0.69%
PPIL2	4	0.69%
PPIL6	4	0.69%
PPM1F	4	0.69%
PPM1J	4	0.69%
PPM1M	4	0.69%
PPME1	4	0.69%
PPP4C	4	0.69%
PPP6R1	4	0.69%
PRADC1	4	0.69%
PRB3	4	0.69%
PRCP	4	0.69%
PRDM8	4	0.69%
PRDX2	4	0.69%
PRKAB2	4	0.69%
PRM2	4	0.69%
PROK2	4	0.69%
PRPF39	4	0.69%
PRPH	4	0.69%
PRPS2	4	0.69%
PRR15L	4	0.69%
PRR5	4	0.69%
PRRT1	4	0.69%
PRRX1	4	0.69%
PRRX2	4	0.69%
PRSS38	4	0.69%
PRSS57	4	0.69%
PRUNE1	4	0.69%
PRXL2C	4	0.69%
PSMA2	4	0.69%
PSMA4	4	0.69%
PSMA5	4	0.69%
PSMA7	4	0.69%
PSMB11	4	0.69%
PSMB2	4	0.69%
PSMB3	4	0.69%
PSMB9	4	0.69%
PSMD4	4	0.69%
PSMD7	4	0.69%
PSMG2	4	0.69%
PTCRA	4	0.69%
PTF1A	4	0.69%
PTGER2	4	0.69%
PTH	4	0.69%
PTK6	4	0.69%
PTP4A3	4	0.69%
PTPRQ	4	0.69%
PTRHD1	4	0.69%
PUS1	4	0.69%
PXMP2	4	0.69%
QPCT	4	0.69%
QPRT	4	0.69%
RAB14	4	0.69%
RAB27A	4	0.69%
RAB27B	4	0.69%
RAB29	4	0.69%
RAB31	4	0.69%
RAB35	4	0.69%
RAB3IL1	4	0.69%
RAB40B	4	0.69%
RAB42	4	0.69%
RAC1	4	0.69%
RAC3	4	0.69%
RAD23A	4	0.69%
RAD51D	4	0.69%
RAD52	4	0.69%
RALY	4	0.69%
RAMP1	4	0.69%
RANBP1	4	0.69%
RAP1A	4	0.69%
RARRES1	4	0.69%
RASD1	4	0.69%
RASL12	4	0.69%
RASSF7	4	0.69%
RASSF8	4	0.69%
RBAK-RBAKDN	4	0.69%
RBFA	4	0.69%
RBMXL3	4	0.69%
RCC1L	4	0.69%
RCHY1	4	0.69%
RCN2	4	0.69%
RDH10	4	0.69%
RDH11	4	0.69%
RDH13	4	0.69%
RDM1	4	0.69%
RELL1	4	0.69%
RENBP	4	0.69%
REP15	4	0.69%
RER1	4	0.69%
RETREG2	4	0.69%
RFPL2	4	0.69%
RFT1	4	0.69%
RGS19	4	0.69%
RHBDL2	4	0.69%
RHEX	4	0.69%
RHO	4	0.69%
RHOQ	4	0.69%
RHOXF2	4	0.69%
RIBC1	4	0.69%
RILP	4	0.69%
RIOK3	4	0.69%
RIOX1	4	0.69%
RLN2	4	0.69%
RNASE7	4	0.69%
RNASEH2A	4	0.69%
RNASET2	4	0.69%
RND1	4	0.69%
RND3	4	0.69%
RNF144A	4	0.69%
RNF152	4	0.69%
RNF157	4	0.69%
RNF167	4	0.69%
RNF182	4	0.69%
RNF212	4	0.69%
RNF215	4	0.69%
RNF217	4	0.69%
RNPEP	4	0.69%
ROM1	4	0.69%
RP9	4	0.69%
RPAIN	4	0.69%
RPE	4	0.69%
RPL10A	4	0.69%
RPL18A	4	0.69%
RPL24	4	0.69%
RPL6	4	0.69%
RPP38	4	0.69%
RPS23	4	0.69%
RPS24	4	0.69%
RPS3	4	0.69%
RPS5	4	0.69%
RPS6	4	0.69%
RPS6KB2	4	0.69%
RPS6KL1	4	0.69%
RPS7	4	0.69%
RRAD	4	0.69%
RRAGC	4	0.69%
RRM2B	4	0.69%
RRP1	4	0.69%
RSRP1	4	0.69%
RSU1	4	0.69%
RTBDN	4	0.69%
RTN4IP1	4	0.69%
RTN4R	4	0.69%
RTN4RL2	4	0.69%
RTP2	4	0.69%
RTP4	4	0.69%
RTRAF	4	0.69%
RXFP4	4	0.69%
RXYLT1	4	0.69%
S100A8	4	0.69%
S100B	4	0.69%
S1PR2	4	0.69%
SAE1	4	0.69%
SAMM50	4	0.69%
SART1	4	0.69%
SBK1	4	0.69%
SBSPON	4	0.69%
SCAMP5	4	0.69%
SCD5	4	0.69%
SCGB1D1	4	0.69%
SCGB1D4	4	0.69%
SCLY	4	0.69%
SCMH1	4	0.69%
SCN1B	4	0.69%
SCNM1	4	0.69%
SCNN1A	4	0.69%
SCRN2	4	0.69%
SCRT1	4	0.69%
SDE2	4	0.69%
SDF2	4	0.69%
SDHAF2	4	0.69%
SEC11C	4	0.69%
SEC23B	4	0.69%
SEC62	4	0.69%
SENP8	4	0.69%
SEPHS2	4	0.69%
SERPINA3	4	0.69%
SERPINB9	4	0.69%
SERTAD1	4	0.69%
SF3A3	4	0.69%
SFTPA1	4	0.69%
SFTPA2	4	0.69%
SFXN4	4	0.69%
SFXN5	4	0.69%
SGTB	4	0.69%
SH2D2A	4	0.69%
SH2D4B	4	0.69%
SH3RF2	4	0.69%
SHARPIN	4	0.69%
SHC3	4	0.69%
SHISA3	4	0.69%
SHLD1	4	0.69%
SHPK	4	0.69%
SHROOM1	4	0.69%
SIRPG	4	0.69%
SIRT2	4	0.69%
SIRT3	4	0.69%
SIRT7	4	0.69%
SKI	4	0.69%
SKP2	4	0.69%
SLAMF8	4	0.69%
SLBP	4	0.69%
SLC10A1	4	0.69%
SLC10A3	4	0.69%
SLC16A11	4	0.69%
SLC16A3	4	0.69%
SLC22A23	4	0.69%
SLC25A10	4	0.69%
SLC25A26	4	0.69%
SLC25A30	4	0.69%
SLC25A33	4	0.69%
SLC25A35	4	0.69%
SLC25A36	4	0.69%
SLC25A44	4	0.69%
SLC29A1	4	0.69%
SLC2A12	4	0.69%
SLC30A5	4	0.69%
SLC30A7	4	0.69%
SLC33A1	4	0.69%
SLC35A2	4	0.69%
SLC35E1	4	0.69%
SLC35E3	4	0.69%
SLC36A3	4	0.69%
SLC39A2	4	0.69%
SLC5A1	4	0.69%
SLC6A8	4	0.69%
SLC7A7	4	0.69%
SLFN12L	4	0.69%
SLPI	4	0.69%
SMAP1	4	0.69%
SMIM21	4	0.69%
SMPX	4	0.69%
SNAP25	4	0.69%
SNRPB	4	0.69%
SNRPB2	4	0.69%
SNU13	4	0.69%
SNX20	4	0.69%
SNX30	4	0.69%
SOAT2	4	0.69%
SOST	4	0.69%
SOWAHD	4	0.69%
SP5	4	0.69%
SPATA2	4	0.69%
SPATA7	4	0.69%
SPDYE3	4	0.69%
SPINT2	4	0.69%
SPSB1	4	0.69%
SQOR	4	0.69%
SRC	4	0.69%
SRD5A2	4	0.69%
SRPRB	4	0.69%
SRY	4	0.69%
SSC5D	4	0.69%
SSH3	4	0.69%
ST13	4	0.69%
STAM	4	0.69%
STAP1	4	0.69%
STARD10	4	0.69%
STARD3NL	4	0.69%
STARD7	4	0.69%
STING1	4	0.69%
STK32C	4	0.69%
STOML2	4	0.69%
STX16	4	0.69%
STXBP6	4	0.69%
SUCLG1	4	0.69%
SULT1A1	4	0.69%
SULT2B1	4	0.69%
SUMF2	4	0.69%
SUPV3L1	4	0.69%
TACR2	4	0.69%
TADA1	4	0.69%
TAF11	4	0.69%
TAF9	4	0.69%
TAFA4	4	0.69%
TANGO2	4	0.69%
TAPBPL	4	0.69%
TARDBP	4	0.69%
TAS2R20	4	0.69%
TAS2R3	4	0.69%
TAS2R41	4	0.69%
TAS2R43	4	0.69%
TAS2R46	4	0.69%
TAS2R5	4	0.69%
TATDN3	4	0.69%
TBC1D7	4	0.69%
TBCE	4	0.69%
TBPL1	4	0.69%
TBX1	4	0.69%
TBXA2R	4	0.69%
TCEAL1	4	0.69%
TCEAL9	4	0.69%
TECR	4	0.69%
TEDC1	4	0.69%
TERB2	4	0.69%
TESK1	4	0.69%
TEX35	4	0.69%
TEX44	4	0.69%
TFAM	4	0.69%
TFCP2L1	4	0.69%
TGFB3	4	0.69%
TGOLN2	4	0.69%
THAP10	4	0.69%
THAP5	4	0.69%
THAP8	4	0.69%
THEM4	4	0.69%
THEM5	4	0.69%
THG1L	4	0.69%
THPO	4	0.69%
TIMM17B	4	0.69%
TIMM23	4	0.69%
TIPRL	4	0.69%
TIRAP	4	0.69%
TK1	4	0.69%
TMC7	4	0.69%
TMED2	4	0.69%
TMED5	4	0.69%
TMEM106C	4	0.69%
TMEM115	4	0.69%
TMEM116	4	0.69%
TMEM120B	4	0.69%
TMEM121B	4	0.69%
TMEM167A	4	0.69%
TMEM174	4	0.69%
TMEM18	4	0.69%
TMEM182	4	0.69%
TMEM186	4	0.69%
TMEM190	4	0.69%
TMEM196	4	0.69%
TMEM202	4	0.69%
TMEM216	4	0.69%
TMEM229B	4	0.69%
TMEM236	4	0.69%
TMEM241	4	0.69%
TMEM31	4	0.69%
TMEM33	4	0.69%
TMEM37	4	0.69%
TMEM41B	4	0.69%
TMEM50A	4	0.69%
TMEM59	4	0.69%
TMEM61	4	0.69%
TMEM86A	4	0.69%
TMEM88	4	0.69%
TMEM97	4	0.69%
TMIGD2	4	0.69%
TMIGD3	4	0.69%
TMX2	4	0.69%
TNFRSF10C	4	0.69%
TNFRSF17	4	0.69%
TNFRSF6B	4	0.69%
TNFSF15	4	0.69%
TNFSF8	4	0.69%
TNNT1	4	0.69%
TNNT3	4	0.69%
TOMM22	4	0.69%
TOR2A	4	0.69%
TOR4A	4	0.69%
TPD52	4	0.69%
TPD52L2	4	0.69%
TPD52L3	4	0.69%
TPK1	4	0.69%
TPM2	4	0.69%
TPPP	4	0.69%
TPPP3	4	0.69%
TPST1	4	0.69%
TRABD2A	4	0.69%
TRAM2	4	0.69%
TRAPPC13	4	0.69%
TRAPPC2	4	0.69%
TRAPPC3	4	0.69%
TRGC2	4	0.69%
TRIM14	4	0.69%
TRMT2A	4	0.69%
TRMT44	4	0.69%
TRMT61A	4	0.69%
TRMT61B	4	0.69%
TSEN54	4	0.69%
TSG101	4	0.69%
TSGA10IP	4	0.69%
TSN	4	0.69%
TSPAN12	4	0.69%
TSPAN3	4	0.69%
TSPAN6	4	0.69%
TSPAN9	4	0.69%
TSPO2	4	0.69%
TSPYL1	4	0.69%
TSSK4	4	0.69%
TTC22	4	0.69%
TTC23	4	0.69%
TTC28	4	0.69%
TTC33	4	0.69%
TTC5	4	0.69%
TTC9	4	0.69%
TTPA	4	0.69%
TTPAL	4	0.69%
TTR	4	0.69%
TUBB	4	0.69%
TUBB6	4	0.69%
TWIST1	4	0.69%
TXNDC5	4	0.69%
UBE2I	4	0.69%
UBL3	4	0.69%
UCP2	4	0.69%
UGT1A10	4	0.69%
UGT1A5	4	0.69%
UGT2A2	4	0.69%
ULK3	4	0.69%
UNC93B1	4	0.69%
UPK1A	4	0.69%
UPK3A	4	0.69%
UQCRB	4	0.69%
URB1	4	0.69%
UROD	4	0.69%
USF1	4	0.69%
VAMP7	4	0.69%
VAPA	4	0.69%
VASH2	4	0.69%
VCPKMT	4	0.69%
VDR	4	0.69%
VEGFA	4	0.69%
VIM	4	0.69%
VIP	4	0.69%
VKORC1L1	4	0.69%
VPS26A	4	0.69%
VRK3	4	0.69%
VSIG10L	4	0.69%
VXN	4	0.69%
WASF2	4	0.69%
WBP1L	4	0.69%
WBP2	4	0.69%
WDR25	4	0.69%
WDR4	4	0.69%
WDR89	4	0.69%
WFDC5	4	0.69%
WFDC8	4	0.69%
WIPI1	4	0.69%
WNT7B	4	0.69%
WNT8A	4	0.69%
WRNIP1	4	0.69%
WSB2	4	0.69%
XAGE2	4	0.69%
XPA	4	0.69%
XRCC3	4	0.69%
YAP1	4	0.69%
YARS1	4	0.69%
YBEY	4	0.69%
YBX1	4	0.69%
YIF1B	4	0.69%
YIPF3	4	0.69%
YIPF4	4	0.69%
YIPF5	4	0.69%
YWHAE	4	0.69%
YWHAQ	4	0.69%
ZBTB17	4	0.69%
ZBTB3	4	0.69%
ZBTB43	4	0.69%
ZCCHC4	4	0.69%
ZDHHC19	4	0.69%
ZDHHC23	4	0.69%
ZDHHC24	4	0.69%
ZDHHC6	4	0.69%
ZFAND3	4	0.69%
ZFAND5	4	0.69%
ZFP36	4	0.69%
ZFP69	4	0.69%
ZKSCAN1	4	0.69%
ZMAT2	4	0.69%
ZNF146	4	0.69%
ZNF200	4	0.69%
ZNF213	4	0.69%
ZNF324B	4	0.69%
ZNF385C	4	0.69%
ZNF394	4	0.69%
ZNF414	4	0.69%
ZNF428	4	0.69%
ZNF485	4	0.69%
ZNF558	4	0.69%
ZNF576	4	0.69%
ZNF579	4	0.69%
ZNF581	4	0.69%
ZNF589	4	0.69%
ZNF593	4	0.69%
ZNF630	4	0.69%
ZNF691	4	0.69%
ZNF703	4	0.69%
ZNF716	4	0.69%
ZNF774	4	0.69%
ZNF787	4	0.69%
ZNF841	4	0.69%
ZNF90	4	0.69%
ZNHIT1	4	0.69%
ZSCAN26	4	0.69%
AANAT	3	0.51%
ABHD1	3	0.51%
ABHD15	3	0.51%
ABHD17B	3	0.51%
AC024598.1	3	0.51%
AC097637.1	3	0.51%
AC136428.1	3	0.51%
ACBD7	3	0.51%
ACER2	3	0.51%
ACER3	3	0.51%
ACOT4	3	0.51%
ACOT8	3	0.51%
ACP6	3	0.51%
ACTA2	3	0.51%
ACY3	3	0.51%
ADAP1	3	0.51%
ADAT2	3	0.51%
ADGRD2	3	0.51%
ADH7	3	0.51%
ADI1	3	0.51%
ADTRP	3	0.51%
AEBP2	3	0.51%
AGPAT2	3	0.51%
AGR2	3	0.51%
AIFM2	3	0.51%
AIP	3	0.51%
AIPL1	3	0.51%
AKAP14	3	0.51%
AKR1C2	3	0.51%
AKR7A3	3	0.51%
ALDOA	3	0.51%
ALG3	3	0.51%
ALKAL1	3	0.51%
ALKBH1	3	0.51%
ALYREF	3	0.51%
AMN	3	0.51%
ANGPTL6	3	0.51%
ANKRD22	3	0.51%
ANKRD23	3	0.51%
ANKRD29	3	0.51%
ANKRD34C	3	0.51%
ANKRD46	3	0.51%
ANKS4B	3	0.51%
ANP32A	3	0.51%
ANP32E	3	0.51%
ANXA3	3	0.51%
ANXA5	3	0.51%
AP1AR	3	0.51%
AP3S1	3	0.51%
AP4S1	3	0.51%
APIP	3	0.51%
APOA1	3	0.51%
APOBEC3A	3	0.51%
APOBEC3H	3	0.51%
APOF	3	0.51%
AREG	3	0.51%
ARF5	3	0.51%
ARFIP2	3	0.51%
ARGFX	3	0.51%
ARHGAP11B	3	0.51%
ARHGAP40	3	0.51%
ARID3A	3	0.51%
ARL1	3	0.51%
ARL15	3	0.51%
ARL16	3	0.51%
ARL2	3	0.51%
ARL4A	3	0.51%
ARL6IP5	3	0.51%
ARMC10	3	0.51%
ARMC12	3	0.51%
ARMC6	3	0.51%
ARMCX6	3	0.51%
ARMH1	3	0.51%
ARPC5	3	0.51%
ARPIN	3	0.51%
ARRDC4	3	0.51%
ARRDC5	3	0.51%
AS3MT	3	0.51%
ASF1A	3	0.51%
ASF1B	3	0.51%
ASGR2	3	0.51%
ATL2	3	0.51%
ATP5PB	3	0.51%
ATP6V1E1	3	0.51%
ATP6V1G2	3	0.51%
ATPAF1	3	0.51%
ATRAID	3	0.51%
AURKA	3	0.51%
AVEN	3	0.51%
AZGP1	3	0.51%
AZIN1	3	0.51%
B3GAT3	3	0.51%
B3GNTL1	3	0.51%
BAD	3	0.51%
BAG5	3	0.51%
BANF1	3	0.51%
BARX1	3	0.51%
BATF	3	0.51%
BATF2	3	0.51%
BCL2L12	3	0.51%
BCL2L15	3	0.51%
BCL7A	3	0.51%
BDH1	3	0.51%
BECN1	3	0.51%
BEX5	3	0.51%
BGLAP	3	0.51%
BLNK	3	0.51%
BMP8A	3	0.51%
BNIP1	3	0.51%
BOLA1	3	0.51%
BOLL	3	0.51%
BORCS6	3	0.51%
BTBD17	3	0.51%
BTBD18	3	0.51%
BTF3L4	3	0.51%
BTG3	3	0.51%
BTLA	3	0.51%
BUD13	3	0.51%
BZW2	3	0.51%
C12orf60	3	0.51%
C16orf78	3	0.51%
C16orf86	3	0.51%
C19orf53	3	0.51%
C19orf54	3	0.51%
C1QL1	3	0.51%
C1QTNF12	3	0.51%
C1orf146	3	0.51%
C1orf21	3	0.51%
C1orf50	3	0.51%
C2	3	0.51%
C20orf96	3	0.51%
C21orf91	3	0.51%
C22orf15	3	0.51%
C22orf42	3	0.51%
C2CD2L	3	0.51%
C2orf76	3	0.51%
C3orf18	3	0.51%
C3orf62	3	0.51%
C4orf17	3	0.51%
C4orf46	3	0.51%
C6orf201	3	0.51%
C8G	3	0.51%
C8orf33	3	0.51%
C8orf37	3	0.51%
C8orf48	3	0.51%
C9orf152	3	0.51%
C9orf153	3	0.51%
C9orf40	3	0.51%
C9orf50	3	0.51%
CA1	3	0.51%
CA5B	3	0.51%
CAB39	3	0.51%
CABCOCO1	3	0.51%
CALB1	3	0.51%
CALHM2	3	0.51%
CAMP	3	0.51%
CAPN1	3	0.51%
CAPNS1	3	0.51%
CARD16	3	0.51%
CARD19	3	0.51%
CARHSP1	3	0.51%
CASP3	3	0.51%
CASP9	3	0.51%
CBARP	3	0.51%
CBFB	3	0.51%
CBLC	3	0.51%
CBR1	3	0.51%
CBWD6	3	0.51%
CCDC115	3	0.51%
CCDC126	3	0.51%
CCDC137	3	0.51%
CCDC153	3	0.51%
CCDC159	3	0.51%
CCDC25	3	0.51%
CCDC74A	3	0.51%
CCL2	3	0.51%
CCL22	3	0.51%
CCL27	3	0.51%
CCL4	3	0.51%
CCN2	3	0.51%
CCND1	3	0.51%
CCNG1	3	0.51%
CCNH	3	0.51%
CCNO	3	0.51%
CCR6	3	0.51%
CD151	3	0.51%
CD300LD	3	0.51%
CD3G	3	0.51%
CD74	3	0.51%
CD8A	3	0.51%
CDC123	3	0.51%
CDC26	3	0.51%
CDC42EP1	3	0.51%
CDC42EP3	3	0.51%
CDCP2	3	0.51%
CDIN1	3	0.51%
CDK4	3	0.51%
CDK6	3	0.51%
CDKAL1	3	0.51%
CDX4	3	0.51%
CEACAM21	3	0.51%
CELA1	3	0.51%
CENPA	3	0.51%
CENPW	3	0.51%
CEP19	3	0.51%
CEP20	3	0.51%
CFAP157	3	0.51%
CFAP410	3	0.51%
CGB5	3	0.51%
CHCHD3	3	0.51%
CHCHD6	3	0.51%
CHIC1	3	0.51%
CHM	3	0.51%
CHMP2A	3	0.51%
CHMP3	3	0.51%
CHMP4C	3	0.51%
CHMP5	3	0.51%
CHRNA7	3	0.51%
CHST7	3	0.51%
CHTOP	3	0.51%
CIBAR1	3	0.51%
CIPC	3	0.51%
CITED2	3	0.51%
CKLF	3	0.51%
CKMT1B	3	0.51%
CLBA1	3	0.51%
CLC	3	0.51%
CLCF1	3	0.51%
CLDN11	3	0.51%
CLDN19	3	0.51%
CLDN2	3	0.51%
CLDN4	3	0.51%
CLDN6	3	0.51%
CLDN7	3	0.51%
CLDN9	3	0.51%
CLEC2D	3	0.51%
CLEC3B	3	0.51%
CLEC4M	3	0.51%
CLEC6A	3	0.51%
CLIC3	3	0.51%
CLN6	3	0.51%
CLPS	3	0.51%
CMC4	3	0.51%
CMPK2	3	0.51%
CMTM7	3	0.51%
CMTM8	3	0.51%
CNIH2	3	0.51%
CNPY3	3	0.51%
COA1	3	0.51%
COA6	3	0.51%
COCH	3	0.51%
COMMD8	3	0.51%
COMMD9	3	0.51%
COPG2	3	0.51%
COPRS	3	0.51%
COPS7B	3	0.51%
COQ10A	3	0.51%
COQ10B	3	0.51%
COQ3	3	0.51%
COX4I1	3	0.51%
COX5A	3	0.51%
COX6C	3	0.51%
CPA2	3	0.51%
CPLX1	3	0.51%
CPLX2	3	0.51%
CPNE5	3	0.51%
CPSF4	3	0.51%
CPT2	3	0.51%
CRABP1	3	0.51%
CRELD1	3	0.51%
CRISP2	3	0.51%
CRLF1	3	0.51%
CRLF2	3	0.51%
CRTAP	3	0.51%
CRYBA1	3	0.51%
CRYBB3	3	0.51%
CRYGS	3	0.51%
CSH1	3	0.51%
CSHL1	3	0.51%
CSN2	3	0.51%
CSNK1A1	3	0.51%
CSRP2	3	0.51%
CST2	3	0.51%
CST6	3	0.51%
CT55	3	0.51%
CTAGE9	3	0.51%
CTRB1	3	0.51%
CTSG	3	0.51%
CXorf38	3	0.51%
CXorf56	3	0.51%
CYBC1	3	0.51%
CYBRD1	3	0.51%
CYP2J2	3	0.51%
CYTH4	3	0.51%
D2HGDH	3	0.51%
DAPL1	3	0.51%
DBNDD1	3	0.51%
DBNDD2	3	0.51%
DCAF16	3	0.51%
DCDC2C	3	0.51%
DCK	3	0.51%
DCP1B	3	0.51%
DCTD	3	0.51%
DCTN3	3	0.51%
DCTN5	3	0.51%
DCTPP1	3	0.51%
DCUN1D3	3	0.51%
DDAH2	3	0.51%
DDI2	3	0.51%
DEFB114	3	0.51%
DEFB119	3	0.51%
DEFB124	3	0.51%
DEFB129	3	0.51%
DEFB135	3	0.51%
DESI2	3	0.51%
DGUOK	3	0.51%
DHFR	3	0.51%
DHPS	3	0.51%
DIMT1	3	0.51%
DLX3	3	0.51%
DMAC2	3	0.51%
DMAC2L	3	0.51%
DMRT1	3	0.51%
DMRTA2	3	0.51%
DNAAF5	3	0.51%
DNAAF6	3	0.51%
DNAJC17	3	0.51%
DNAJC4	3	0.51%
DOHH	3	0.51%
DPH6	3	0.51%
DPP7	3	0.51%
DUOXA1	3	0.51%
DUSP26	3	0.51%
DUSP7	3	0.51%
DUT	3	0.51%
EBI3	3	0.51%
EDC3	3	0.51%
EEF1AKMT4	3	0.51%
EEF1E1	3	0.51%
EFCAB11	3	0.51%
EFNA1	3	0.51%
EGR4	3	0.51%
EID2	3	0.51%
EIF1	3	0.51%
EIF1B	3	0.51%
EIF2B2	3	0.51%
EIF3G	3	0.51%
EIF3K	3	0.51%
EIF4A3	3	0.51%
EIF4E	3	0.51%
EIF4E1B	3	0.51%
EIF4E3	3	0.51%
ELMOD2	3	0.51%
ELOB	3	0.51%
ELOVL7	3	0.51%
EMC4	3	0.51%
EMC8	3	0.51%
EMC9	3	0.51%
EME2	3	0.51%
EMP3	3	0.51%
ENHO	3	0.51%
ENO2	3	0.51%
ENO4	3	0.51%
ENY2	3	0.51%
EOLA1	3	0.51%
EPHX3	3	0.51%
ERAS	3	0.51%
EREG	3	0.51%
ESPN	3	0.51%
ETFRF1	3	0.51%
EXOSC7	3	0.51%
F2RL3	3	0.51%
FAAH	3	0.51%
FABP1	3	0.51%
FABP5	3	0.51%
FAM102B	3	0.51%
FAM104B	3	0.51%
FAM110A	3	0.51%
FAM131B	3	0.51%
FAM136A	3	0.51%
FAM180A	3	0.51%
FAM183A	3	0.51%
FAM193B	3	0.51%
FAM221B	3	0.51%
FAM222A	3	0.51%
FAM24A	3	0.51%
FAM3B	3	0.51%
FAM43A	3	0.51%
FAM72A	3	0.51%
FAM76A	3	0.51%
FAM76B	3	0.51%
FAM86B1	3	0.51%
FAM89B	3	0.51%
FAM98B	3	0.51%
FANCD2OS	3	0.51%
FBP1	3	0.51%
FBXL15	3	0.51%
FBXO2	3	0.51%
FBXO39	3	0.51%
FBXO45	3	0.51%
FBXO46	3	0.51%
FBXW9	3	0.51%
FCGR2A	3	0.51%
FCGR2B	3	0.51%
FCGR3B	3	0.51%
FDXACB1	3	0.51%
FEM1C	3	0.51%
FGF19	3	0.51%
FGL2	3	0.51%
FGR	3	0.51%
FICD	3	0.51%
FITM1	3	0.51%
FJX1	3	0.51%
FKBP1A	3	0.51%
FKBP7	3	0.51%
FN3KRP	3	0.51%
FOLR2	3	0.51%
FOXA3	3	0.51%
FOXC1	3	0.51%
FOXD4L3	3	0.51%
FOXE3	3	0.51%
FOXI2	3	0.51%
FOXI3	3	0.51%
FOXJ1	3	0.51%
FOXL2NB	3	0.51%
FRMD8	3	0.51%
FTL	3	0.51%
FUOM	3	0.51%
FXN	3	0.51%
GABARAPL1	3	0.51%
GABARAPL2	3	0.51%
GAGE10	3	0.51%
GALK1	3	0.51%
GALP	3	0.51%
GEMIN2	3	0.51%
GEMIN7	3	0.51%
GFI1B	3	0.51%
GFRA3	3	0.51%
GGT6	3	0.51%
GGTLC1	3	0.51%
GINS2	3	0.51%
GJC2	3	0.51%
GKAP1	3	0.51%
GLIPR1L2	3	0.51%
GLO1	3	0.51%
GLOD4	3	0.51%
GLRX	3	0.51%
GM2A	3	0.51%
GMFB	3	0.51%
GNA13	3	0.51%
GNG4	3	0.51%
GNG7	3	0.51%
GNGT1	3	0.51%
GNLY	3	0.51%
GNPDA1	3	0.51%
GNPDA2	3	0.51%
GNPNAT1	3	0.51%
GOLGA6B	3	0.51%
GOLGA6L22	3	0.51%
GOLGA6L9	3	0.51%
GPALPP1	3	0.51%
GPD1	3	0.51%
GPHB5	3	0.51%
GPR135	3	0.51%
GPR27	3	0.51%
GPR35	3	0.51%
GPR89A	3	0.51%
GPRC5D	3	0.51%
GPX4	3	0.51%
GPX7	3	0.51%
GPX8	3	0.51%
GRB2	3	0.51%
GRHPR	3	0.51%
GRP	3	0.51%
GRPEL1	3	0.51%
GSDMB	3	0.51%
GSTA2	3	0.51%
GSTT2B	3	0.51%
GTF2E2	3	0.51%
GTSF1L	3	0.51%
GYG1	3	0.51%
GZMM	3	0.51%
H1-6	3	0.51%
H1-8	3	0.51%
H2AC13	3	0.51%
H2AC21	3	0.51%
H2AC4	3	0.51%
H2AX	3	0.51%
H2BC12	3	0.51%
H2BC7	3	0.51%
H3C13	3	0.51%
H4C11	3	0.51%
H4C5	3	0.51%
H4C6	3	0.51%
HAAO	3	0.51%
HAND2	3	0.51%
HAPLN2	3	0.51%
HARBI1	3	0.51%
HAUS7	3	0.51%
HCRTR1	3	0.51%
HDHD2	3	0.51%
HEBP1	3	0.51%
HEBP2	3	0.51%
HEMK1	3	0.51%
HES1	3	0.51%
HEXA	3	0.51%
HEXIM1	3	0.51%
HHIPL1	3	0.51%
HIGD1B	3	0.51%
HINT2	3	0.51%
HMG20B	3	0.51%
HMGB4	3	0.51%
HMGXB3	3	0.51%
HMSD	3	0.51%
HOATZ	3	0.51%
HOXA2	3	0.51%
HOXA5	3	0.51%
HOXC5	3	0.51%
HPDL	3	0.51%
HPF1	3	0.51%
HSD11B2	3	0.51%
HSD17B1	3	0.51%
HSD17B11	3	0.51%
HSD17B12	3	0.51%
HSD3B2	3	0.51%
HSDL1	3	0.51%
HSDL2	3	0.51%
HSF4	3	0.51%
HSPA1B	3	0.51%
HSPB11	3	0.51%
HSPB2	3	0.51%
HSPB3	3	0.51%
HTR1D	3	0.51%
HTR3D	3	0.51%
HUS1	3	0.51%
HUS1B	3	0.51%
HYAL3	3	0.51%
ICAM3	3	0.51%
ICMT	3	0.51%
IDUA	3	0.51%
IER5	3	0.51%
IFI30	3	0.51%
IFITM1	3	0.51%
IFITM5	3	0.51%
IFNA21	3	0.51%
IFNA6	3	0.51%
IFNA7	3	0.51%
IFNE	3	0.51%
IFNL1	3	0.51%
IFT22	3	0.51%
IFT52	3	0.51%
IGFBP7	3	0.51%
IGHV2-5	3	0.51%
IGHV3-15	3	0.51%
IGHV3-35	3	0.51%
IGHV3-38	3	0.51%
IGHV3-43	3	0.51%
IGHV3-48	3	0.51%
IGHV3-49	3	0.51%
IGHV3-53	3	0.51%
IGHV3-72	3	0.51%
IGHV4-39	3	0.51%
IGHV4-59	3	0.51%
IGKV1-27	3	0.51%
IGKV1-8	3	0.51%
IGKV1D-33	3	0.51%
IGKV1D-43	3	0.51%
IGKV2D-24	3	0.51%
IGKV2D-28	3	0.51%
IGKV3D-11	3	0.51%
IGKV4-1	3	0.51%
IGLV1-44	3	0.51%
IGLV2-14	3	0.51%
IGLV2-18	3	0.51%
IGLV2-33	3	0.51%
IGLV2-8	3	0.51%
IGLV3-19	3	0.51%
IGLV3-21	3	0.51%
IGLV3-25	3	0.51%
IGLV5-45	3	0.51%
IGLV7-46	3	0.51%
IKBKG	3	0.51%
IL17A	3	0.51%
IL17F	3	0.51%
IL19	3	0.51%
IL1A	3	0.51%
IL20RB	3	0.51%
IL22	3	0.51%
IL22RA1	3	0.51%
IL27	3	0.51%
IL2RA	3	0.51%
IL3	3	0.51%
IL33	3	0.51%
IMP3	3	0.51%
INKA1	3	0.51%
INO80B	3	0.51%
INO80C	3	0.51%
INSIG1	3	0.51%
INSL3	3	0.51%
INTS12	3	0.51%
IQCF2	3	0.51%
IRAK1BP1	3	0.51%
IRF9	3	0.51%
ISCA1	3	0.51%
ISG15	3	0.51%
ISG20	3	0.51%
ITLN1	3	0.51%
ITM2B	3	0.51%
IVD	3	0.51%
IZUMO1R	3	0.51%
IZUMO3	3	0.51%
JMJD4	3	0.51%
JOSD1	3	0.51%
KCNE1	3	0.51%
KCNIP3	3	0.51%
KIAA1191	3	0.51%
KIR2DL4	3	0.51%
KITLG	3	0.51%
KLF2	3	0.51%
KLHDC1	3	0.51%
KLHL21	3	0.51%
KLK5	3	0.51%
KLRC1	3	0.51%
KPNA7	3	0.51%
KRCC1	3	0.51%
KREMEN2	3	0.51%
KRT86	3	0.51%
KRTAP10-1	3	0.51%
KRTAP10-10	3	0.51%
KRTAP10-2	3	0.51%
KRTAP10-5	3	0.51%
KRTAP12-3	3	0.51%
KRTAP13-3	3	0.51%
KRTAP13-4	3	0.51%
KRTAP19-1	3	0.51%
KRTAP20-2	3	0.51%
KRTAP25-1	3	0.51%
KRTAP26-1	3	0.51%
KRTAP3-1	3	0.51%
KRTAP4-1	3	0.51%
KRTAP4-12	3	0.51%
KRTAP4-2	3	0.51%
KRTAP5-1	3	0.51%
KRTAP5-3	3	0.51%
KRTAP5-6	3	0.51%
KRTAP5-7	3	0.51%
KRTAP8-1	3	0.51%
KRTAP9-2	3	0.51%
KXD1	3	0.51%
KY	3	0.51%
LAIR2	3	0.51%
LAMTOR1	3	0.51%
LAMTOR2	3	0.51%
LANCL3	3	0.51%
LAPTM4A	3	0.51%
LAT	3	0.51%
LCE1D	3	0.51%
LCE1F	3	0.51%
LCE2C	3	0.51%
LCE2D	3	0.51%
LCN9	3	0.51%
LDHA	3	0.51%
LDHD	3	0.51%
LEFTY1	3	0.51%
LELP1	3	0.51%
LEPROT	3	0.51%
LGALS2	3	0.51%
LGALS3	3	0.51%
LGALS9C	3	0.51%
LHB	3	0.51%
LHX3	3	0.51%
LHX4	3	0.51%
LILRA6	3	0.51%
LIM2	3	0.51%
LIN28B	3	0.51%
LIN7C	3	0.51%
LIPM	3	0.51%
LIPN	3	0.51%
LIX1L	3	0.51%
LLCFC1	3	0.51%
LMNTD2	3	0.51%
LMO3	3	0.51%
LPCAT3	3	0.51%
LRMDA	3	0.51%
LRP11	3	0.51%
LRRC29	3	0.51%
LRRC34	3	0.51%
LRRC46	3	0.51%
LRRC63	3	0.51%
LRRC74B	3	0.51%
LRSAM1	3	0.51%
LSM11	3	0.51%
LSM3	3	0.51%
LSMEM1	3	0.51%
LSMEM2	3	0.51%
LTA4H	3	0.51%
LTB4R	3	0.51%
LTB4R2	3	0.51%
LUC7L	3	0.51%
LY6D	3	0.51%
LY6G6C	3	0.51%
LY75-CD302	3	0.51%
LY86	3	0.51%
LYG2	3	0.51%
LYNX1	3	0.51%
LYPD2	3	0.51%
LYRM2	3	0.51%
LYSMD4	3	0.51%
LZIC	3	0.51%
M6PR	3	0.51%
MAB21L4	3	0.51%
MAD2L2	3	0.51%
MAFK	3	0.51%
MAGEA4	3	0.51%
MAGEA8	3	0.51%
MAGEB5	3	0.51%
MAGOHB	3	0.51%
MAPK11	3	0.51%
MAPK12	3	0.51%
MAPK13	3	0.51%
MAPK1IP1L	3	0.51%
MAPKAPK3	3	0.51%
MAPRE1	3	0.51%
MARCHF2	3	0.51%
MARCHF9	3	0.51%
MBLAC2	3	0.51%
MBTPS2	3	0.51%
MCU	3	0.51%
MEAF6	3	0.51%
MED27	3	0.51%
MED28	3	0.51%
METAP1	3	0.51%
METTL17	3	0.51%
METTL23	3	0.51%
METTL4	3	0.51%
MFAP1	3	0.51%
MIEF1	3	0.51%
MIS18A	3	0.51%
MITD1	3	0.51%
MKRN2	3	0.51%
MLKL	3	0.51%
MLST8	3	0.51%
MMAB	3	0.51%
MMGT1	3	0.51%
MOB3B	3	0.51%
MOSPD3	3	0.51%
MPLKIP	3	0.51%
MPND	3	0.51%
MPV17L	3	0.51%
MPZL3	3	0.51%
MRGPRF	3	0.51%
MRM2	3	0.51%
MRPL18	3	0.51%
MRPL35	3	0.51%
MRPL37	3	0.51%
MRPL48	3	0.51%
MRPL50	3	0.51%
MRPL53	3	0.51%
MRPS12	3	0.51%
MRPS14	3	0.51%
MRPS25	3	0.51%
MS4A12	3	0.51%
MS4A4A	3	0.51%
MS4A6E	3	0.51%
MSANTD2	3	0.51%
MSANTD3	3	0.51%
MSGN1	3	0.51%
MSL1	3	0.51%
MTX2	3	0.51%
MUC7	3	0.51%
MUCL3	3	0.51%
MVB12B	3	0.51%
MXD4	3	0.51%
MYBPHL	3	0.51%
MYCBP	3	0.51%
MYD88	3	0.51%
MYL10	3	0.51%
MYL6B	3	0.51%
MYL9	3	0.51%
MYLPF	3	0.51%
N4BP3	3	0.51%
N6AMT1	3	0.51%
NAA30	3	0.51%
NACA2	3	0.51%
NANS	3	0.51%
NAXE	3	0.51%
NBPF26	3	0.51%
NCALD	3	0.51%
NCBP3	3	0.51%
NCCRP1	3	0.51%
NCR1	3	0.51%
NDRG2	3	0.51%
NDUFA4	3	0.51%
NDUFAB1	3	0.51%
NDUFAF2	3	0.51%
NDUFB11	3	0.51%
NDUFB3	3	0.51%
NDUFS4	3	0.51%
NDUFS5	3	0.51%
NDUFV2	3	0.51%
NEGR1	3	0.51%
NENF	3	0.51%
NEURL2	3	0.51%
NEUROG2	3	0.51%
NFKBIA	3	0.51%
NFKBIL1	3	0.51%
NIF3L1	3	0.51%
NIPAL2	3	0.51%
NIPSNAP3A	3	0.51%
NIPSNAP3B	3	0.51%
NKIRAS2	3	0.51%
NKX3-2	3	0.51%
NMRK1	3	0.51%
NMS	3	0.51%
NMU	3	0.51%
NPM2	3	0.51%
NQO1	3	0.51%
NQO2	3	0.51%
NRARP	3	0.51%
NREP	3	0.51%
NRG4	3	0.51%
NRL	3	0.51%
NRM	3	0.51%
NSA2	3	0.51%
NSG1	3	0.51%
NSMCE3	3	0.51%
NSMCE4A	3	0.51%
NSUN7	3	0.51%
NT5DC2	3	0.51%
NT5M	3	0.51%
NTPCR	3	0.51%
NUBP2	3	0.51%
NUCB1	3	0.51%
NUCKS1	3	0.51%
NUDT19	3	0.51%
NUDT3	3	0.51%
NUSAP1	3	0.51%
NUTM2G	3	0.51%
NXNL1	3	0.51%
OASL	3	0.51%
OAZ1	3	0.51%
OAZ2	3	0.51%
OCIAD2	3	0.51%
OCM	3	0.51%
OLIG2	3	0.51%
OPN1LW	3	0.51%
OPN1MW	3	0.51%
OR10V1	3	0.51%
OR10W1	3	0.51%
OR1E1	3	0.51%
OR1L4	3	0.51%
OR2A42	3	0.51%
OR2L5	3	0.51%
OR2V2	3	0.51%
OR4F6	3	0.51%
OR51D1	3	0.51%
OR5H15	3	0.51%
OR5M11	3	0.51%
OR6B1	3	0.51%
OR7G3	3	0.51%
OR8A1	3	0.51%
OR9I1	3	0.51%
ORAI3	3	0.51%
ORC6	3	0.51%
ORM1	3	0.51%
OSCAR	3	0.51%
OTOR	3	0.51%
OTULINL	3	0.51%
OXT	3	0.51%
OXTR	3	0.51%
P4HA1	3	0.51%
PABPN1L	3	0.51%
PAGE1	3	0.51%
PAK1IP1	3	0.51%
PALM3	3	0.51%
PAQR7	3	0.51%
PARG	3	0.51%
PATE2	3	0.51%
PBLD	3	0.51%
PCCB	3	0.51%
PCNP	3	0.51%
PCP2	3	0.51%
PDCD1LG2	3	0.51%
PDCD2L	3	0.51%
PDCD5	3	0.51%
PDE6D	3	0.51%
PDGFB	3	0.51%
PDGFRL	3	0.51%
PDHB	3	0.51%
PDIK1L	3	0.51%
PDLIM4	3	0.51%
PDPK1	3	0.51%
PDX1	3	0.51%
PDXK	3	0.51%
PDZD11	3	0.51%
PDZD9	3	0.51%
PECAM1	3	0.51%
PEX10	3	0.51%
PEX19	3	0.51%
PF4	3	0.51%
PFKFB3	3	0.51%
PFKM	3	0.51%
PFN4	3	0.51%
PGAM2	3	0.51%
PGF	3	0.51%
PGPEP1L	3	0.51%
PHF11	3	0.51%
PHOSPHO1	3	0.51%
PHOX2A	3	0.51%
PICK1	3	0.51%
PIGC	3	0.51%
PIGX	3	0.51%
PIGZ	3	0.51%
PILRB	3	0.51%
PIM3	3	0.51%
PIP4K2C	3	0.51%
PJVK	3	0.51%
PLA2G5	3	0.51%
PLEKHD1	3	0.51%
PLP2	3	0.51%
PLPBP	3	0.51%
PLPP2	3	0.51%
PLPP5	3	0.51%
PLPPR2	3	0.51%
PLPPR3	3	0.51%
PMF1	3	0.51%
PMPCB	3	0.51%
PNKD	3	0.51%
PNPO	3	0.51%
POLDIP2	3	0.51%
POLL	3	0.51%
POLR1C	3	0.51%
POLR2D	3	0.51%
POLR3GL	3	0.51%
POLR3H	3	0.51%
POLR3K	3	0.51%
POMC	3	0.51%
POP4	3	0.51%
POU4F1	3	0.51%
PPA1	3	0.51%
PPBP	3	0.51%
PPDPFL	3	0.51%
PPIAL4G	3	0.51%
PPIB	3	0.51%
PPIL1	3	0.51%
PPM1G	3	0.51%
PPP1CA	3	0.51%
PPP1R14D	3	0.51%
PPP1R1A	3	0.51%
PPP1R1B	3	0.51%
PPP1R1C	3	0.51%
PPP1R3D	3	0.51%
PQBP1	3	0.51%
PRB1	3	0.51%
PRDM12	3	0.51%
PRDX1	3	0.51%
PRELID3A	3	0.51%
PRIMA1	3	0.51%
PRKACB	3	0.51%
PRKAR2A	3	0.51%
PRKX	3	0.51%
PRMT1	3	0.51%
PROK1	3	0.51%
PRPH2	3	0.51%
PRPSAP2	3	0.51%
PRR16	3	0.51%
PRRG4	3	0.51%
PRSS21	3	0.51%
PRTFDC1	3	0.51%
PRXL2B	3	0.51%
PSCA	3	0.51%
PSMA1	3	0.51%
PSMB5	3	0.51%
PSMD13	3	0.51%
PSME3	3	0.51%
PSME3IP1	3	0.51%
PSMG1	3	0.51%
PSORS1C1	3	0.51%
PSORS1C2	3	0.51%
PSTPIP1	3	0.51%
PTGDS	3	0.51%
PTGES2	3	0.51%
PTP4A2	3	0.51%
PTPA	3	0.51%
PTTG1IP	3	0.51%
PUDP	3	0.51%
PURA	3	0.51%
PXDC1	3	0.51%
R3HDML	3	0.51%
RAB10	3	0.51%
RAB11FIP3	3	0.51%
RAB1A	3	0.51%
RAB1B	3	0.51%
RAB21	3	0.51%
RAB22A	3	0.51%
RAB25	3	0.51%
RAB26	3	0.51%
RAB28	3	0.51%
RAB33A	3	0.51%
RAB33B	3	0.51%
RAB39B	3	0.51%
RAB3A	3	0.51%
RAB40A	3	0.51%
RAB5C	3	0.51%
RAB9A	3	0.51%
RAB9B	3	0.51%
RABEPK	3	0.51%
RABIF	3	0.51%
RABL2B	3	0.51%
RABL3	3	0.51%
RACGAP1	3	0.51%
RACK1	3	0.51%
RAD1	3	0.51%
RAD21L1	3	0.51%
RAET1E	3	0.51%
RAET1G	3	0.51%
RAET1L	3	0.51%
RAPSN	3	0.51%
RASA4	3	0.51%
RASD2	3	0.51%
RASL11B	3	0.51%
RBBP4	3	0.51%
RBBP9	3	0.51%
RBIS	3	0.51%
RBM18	3	0.51%
RBM20	3	0.51%
RBMXL1	3	0.51%
RBP2	3	0.51%
RBP4	3	0.51%
RCCD1	3	0.51%
RCE1	3	0.51%
REEP6	3	0.51%
REPIN1	3	0.51%
RETN	3	0.51%
RFESD	3	0.51%
RFLNB	3	0.51%
RFXAP	3	0.51%
RGN	3	0.51%
RGPD2	3	0.51%
RGS16	3	0.51%
RGS9BP	3	0.51%
RGSL1	3	0.51%
RHBDD2	3	0.51%
RHEB	3	0.51%
RHNO1	3	0.51%
RHOU	3	0.51%
RHOXF1	3	0.51%
RILPL2	3	0.51%
RIMKLA	3	0.51%
RIMS4	3	0.51%
RIPPLY2	3	0.51%
RIT1	3	0.51%
RMDN3	3	0.51%
RMND5A	3	0.51%
RNASE12	3	0.51%
RNF121	3	0.51%
RNF141	3	0.51%
RNF149	3	0.51%
RNF170	3	0.51%
RNF24	3	0.51%
RNF7	3	0.51%
ROPN1	3	0.51%
ROPN1L	3	0.51%
RPL11	3	0.51%
RPL13A	3	0.51%
RPL14	3	0.51%
RPL19	3	0.51%
RPL21	3	0.51%
RPL27	3	0.51%
RPL31	3	0.51%
RPL32	3	0.51%
RPL7L1	3	0.51%
RPL8	3	0.51%
RPL9	3	0.51%
RPN2	3	0.51%
RPP14	3	0.51%
RPP25L	3	0.51%
RPS10-NUDT3	3	0.51%
RPS11	3	0.51%
RPSA	3	0.51%
RRAGD	3	0.51%
RRAS	3	0.51%
RRP36	3	0.51%
RRP7A	3	0.51%
RTF2	3	0.51%
RTL8C	3	0.51%
RUNDC1	3	0.51%
RWDD3	3	0.51%
RYBP	3	0.51%
S100A2	3	0.51%
S100G	3	0.51%
S100Z	3	0.51%
SAC3D1	3	0.51%
SAMD8	3	0.51%
SAP30L	3	0.51%
SAPCD2	3	0.51%
SAR1A	3	0.51%
SARS2	3	0.51%
SAT2	3	0.51%
SCAMP3	3	0.51%
SCARB1	3	0.51%
SCGB1D2	3	0.51%
SCML1	3	0.51%
SCN4B	3	0.51%
SCO2	3	0.51%
SDHAF3	3	0.51%
SEC14L2	3	0.51%
SEC61A2	3	0.51%
SEC61B	3	0.51%
SECTM1	3	0.51%
SELENBP1	3	0.51%
SELENOV	3	0.51%
SEPTIN1	3	0.51%
SERINC1	3	0.51%
SERPINB5	3	0.51%
SERTAD3	3	0.51%
SERTM1	3	0.51%
SETD9	3	0.51%
SFT2D2	3	0.51%
SFTPC	3	0.51%
SFXN1	3	0.51%
SH2D1B	3	0.51%
SH3BGRL	3	0.51%
SH3BGRL2	3	0.51%
SHISA2	3	0.51%
SHISA4	3	0.51%
SIGMAR1	3	0.51%
SIM2	3	0.51%
SIRPD	3	0.51%
SIRT5	3	0.51%
SIRT6	3	0.51%
SKA1	3	0.51%
SLC10A7	3	0.51%
SLC22A18	3	0.51%
SLC22A24	3	0.51%
SLC25A1	3	0.51%
SLC25A15	3	0.51%
SLC25A22	3	0.51%
SLC25A45	3	0.51%
SLC25A47	3	0.51%
SLC30A4	3	0.51%
SLC35A1	3	0.51%
SLC35B4	3	0.51%
SLC35E4	3	0.51%
SLC38A2	3	0.51%
SLC39A3	3	0.51%
SLC39A9	3	0.51%
SLC66A3	3	0.51%
SLC7A6	3	0.51%
SLURP1	3	0.51%
SMAD6	3	0.51%
SMAD7	3	0.51%
SMCO3	3	0.51%
SMG9	3	0.51%
SMPDL3A	3	0.51%
SMS	3	0.51%
SMTNL2	3	0.51%
SNAI2	3	0.51%
SNAPIN	3	0.51%
SNF8	3	0.51%
SNRNP27	3	0.51%
SNRNP40	3	0.51%
SNTN	3	0.51%
SNUPN	3	0.51%
SNX12	3	0.51%
SNX22	3	0.51%
SNX4	3	0.51%
SNX5	3	0.51%
SOCS2	3	0.51%
SOCS4	3	0.51%
SORBS3	3	0.51%
SOSTDC1	3	0.51%
SOX1	3	0.51%
SOX4	3	0.51%
SOX8	3	0.51%
SPA17	3	0.51%
SPACA4	3	0.51%
SPATA25	3	0.51%
SPATA48	3	0.51%
SPC25	3	0.51%
SPCS3	3	0.51%
SPDYC	3	0.51%
SPDYE6	3	0.51%
SPEF1	3	0.51%
SPHK1	3	0.51%
SPIC	3	0.51%
SPIN2B	3	0.51%
SPIN3	3	0.51%
SPINK2	3	0.51%
SPINK4	3	0.51%
SPPL3	3	0.51%
SPRING1	3	0.51%
SPRR2F	3	0.51%
SPRY2	3	0.51%
SPRYD3	3	0.51%
SPRYD4	3	0.51%
SPTSSB	3	0.51%
SRI	3	0.51%
SRRD	3	0.51%
SRRM5	3	0.51%
SRSF8	3	0.51%
SSBP1	3	0.51%
SST	3	0.51%
SSU72	3	0.51%
ST6GALNAC4	3	0.51%
STAR	3	0.51%
STARD4	3	0.51%
STK17B	3	0.51%
STK19	3	0.51%
STMN1	3	0.51%
STMN2	3	0.51%
STMN3	3	0.51%
STN1	3	0.51%
STX6	3	0.51%
SUCLG2	3	0.51%
SUDS3	3	0.51%
SUFU	3	0.51%
SUGT1	3	0.51%
SULT1A2	3	0.51%
SULT1C4	3	0.51%
SULT2A1	3	0.51%
SVIP	3	0.51%
SWSAP1	3	0.51%
SYCP3	3	0.51%
SYNPR	3	0.51%
SYT13	3	0.51%
SYT15	3	0.51%
TAC1	3	0.51%
TAC4	3	0.51%
TACSTD2	3	0.51%
TAGLN2	3	0.51%
TAGLN3	3	0.51%
TALDO1	3	0.51%
TAMM41	3	0.51%
TATDN1	3	0.51%
TBC1D21	3	0.51%
TBC1D28	3	0.51%
TBC1D3B	3	0.51%
TBL1Y	3	0.51%
TBPL2	3	0.51%
TBRG1	3	0.51%
TCAF1	3	0.51%
TCEA3	3	0.51%
TCEAL5	3	0.51%
TCF21	3	0.51%
TCL1A	3	0.51%
TCTE3	3	0.51%
TDGF1	3	0.51%
TDP1	3	0.51%
TDRD12	3	0.51%
TEDC2	3	0.51%
TENT5C	3	0.51%
TESC	3	0.51%
TEX26	3	0.51%
TEX43	3	0.51%
TFF2	3	0.51%
TFPT	3	0.51%
TGIF2	3	0.51%
THAP11	3	0.51%
THOC6	3	0.51%
THOC7	3	0.51%
THTPA	3	0.51%
TIAF1	3	0.51%
TIFA	3	0.51%
TIFAB	3	0.51%
TIMP1	3	0.51%
TIMP2	3	0.51%
TIPIN	3	0.51%
TK2	3	0.51%
TLCD1	3	0.51%
TLCD4	3	0.51%
TM2D1	3	0.51%
TM4SF18	3	0.51%
TM4SF20	3	0.51%
TM7SF2	3	0.51%
TMBIM6	3	0.51%
TMCO2	3	0.51%
TMED1	3	0.51%
TMEM101	3	0.51%
TMEM11	3	0.51%
TMEM129	3	0.51%
TMEM138	3	0.51%
TMEM141	3	0.51%
TMEM143	3	0.51%
TMEM150A	3	0.51%
TMEM170B	3	0.51%
TMEM179B	3	0.51%
TMEM184B	3	0.51%
TMEM200B	3	0.51%
TMEM201	3	0.51%
TMEM205	3	0.51%
TMEM207	3	0.51%
TMEM218	3	0.51%
TMEM219	3	0.51%
TMEM222	3	0.51%
TMEM242	3	0.51%
TMEM268	3	0.51%
TMEM39B	3	0.51%
TMEM45B	3	0.51%
TMEM52	3	0.51%
TMEM70	3	0.51%
TMEM82	3	0.51%
TMEM9	3	0.51%
TMLHE	3	0.51%
TMOD3	3	0.51%
TMUB2	3	0.51%
TMX1	3	0.51%
TMX4	3	0.51%
TNFAIP8L3	3	0.51%
TNFRSF14	3	0.51%
TNFRSF18	3	0.51%
TNFRSF1B	3	0.51%
TNFRSF25	3	0.51%
TNNC2	3	0.51%
TNNI2	3	0.51%
TNP2	3	0.51%
TOB1	3	0.51%
TOB2	3	0.51%
TOM1	3	0.51%
TOMM40L	3	0.51%
TP53RK	3	0.51%
TPI1	3	0.51%
TPM4	3	0.51%
TPRA1	3	0.51%
TPRG1L	3	0.51%
TPRKB	3	0.51%
TRA2A	3	0.51%
TRADD	3	0.51%
TRAF4	3	0.51%
TRAPPC2L	3	0.51%
TRAPPC3L	3	0.51%
TRAPPC5	3	0.51%
TRARG1	3	0.51%
TRAT1	3	0.51%
TRAV22	3	0.51%
TRAV6	3	0.51%
TREML1	3	0.51%
TREML2	3	0.51%
TRH	3	0.51%
TRIM11	3	0.51%
TRIM16L	3	0.51%
TRIM5	3	0.51%
TRIM61	3	0.51%
TRIM8	3	0.51%
TRMT2B	3	0.51%
TSC22D3	3	0.51%
TSEN34	3	0.51%
TSHB	3	0.51%
TSKU	3	0.51%
TSPAN13	3	0.51%
TSPAN33	3	0.51%
TSSC4	3	0.51%
TST	3	0.51%
TTC19	3	0.51%
TTC34	3	0.51%
TUBA8	3	0.51%
TVP23B	3	0.51%
TWF2	3	0.51%
TXNDC15	3	0.51%
TXNDC17	3	0.51%
TXNL4A	3	0.51%
UAP1	3	0.51%
UBA52	3	0.51%
UBAP1	3	0.51%
UBC	3	0.51%
UBE2B	3	0.51%
UBE2C	3	0.51%
UBE2E1	3	0.51%
UBE2G1	3	0.51%
UBE2G2	3	0.51%
UBE2T	3	0.51%
UBE2W	3	0.51%
UBOX5	3	0.51%
UBTD1	3	0.51%
UBTD2	3	0.51%
UBXN1	3	0.51%
UBXN10	3	0.51%
UBXN2A	3	0.51%
UCHL1	3	0.51%
UCK2	3	0.51%
UCN2	3	0.51%
UCP3	3	0.51%
UFC1	3	0.51%
UFD1	3	0.51%
UMPS	3	0.51%
UQCC2	3	0.51%
USP14	3	0.51%
UTS2B	3	0.51%
VAMP4	3	0.51%
VAMP8	3	0.51%
VAPB	3	0.51%
VCX3A	3	0.51%
VCX3B	3	0.51%
VDAC3	3	0.51%
VN1R4	3	0.51%
VPS26B	3	0.51%
VPS37A	3	0.51%
VTA1	3	0.51%
WASHC3	3	0.51%
WDFY1	3	0.51%
WDR18	3	0.51%
WDR38	3	0.51%
WDR46	3	0.51%
WDR54	3	0.51%
WDR73	3	0.51%
WFDC3	3	0.51%
WFIKKN1	3	0.51%
WNT5B	3	0.51%
WNT6	3	0.51%
WNT8B	3	0.51%
XAF1	3	0.51%
XAGE5	3	0.51%
XKR5	3	0.51%
YAF2	3	0.51%
YBX3	3	0.51%
YEATS4	3	0.51%
YIPF1	3	0.51%
YIPF2	3	0.51%
YIPF6	3	0.51%
YKT6	3	0.51%
YOD1	3	0.51%
YPEL2	3	0.51%
ZAR1	3	0.51%
ZAR1L	3	0.51%
ZBED5	3	0.51%
ZBTB37	3	0.51%
ZBTB47	3	0.51%
ZC3HAV1L	3	0.51%
ZCCHC17	3	0.51%
ZDHHC12	3	0.51%
ZFP1	3	0.51%
ZFP41	3	0.51%
ZFP62	3	0.51%
ZFYVE21	3	0.51%
ZIC5	3	0.51%
ZNF138	3	0.51%
ZNF250	3	0.51%
ZNF343	3	0.51%
ZNF512	3	0.51%
ZNF561	3	0.51%
ZNF641	3	0.51%
ZNF679	3	0.51%
ZNF727	3	0.51%
ZNF735	3	0.51%
ZNF805	3	0.51%
ZNF814	3	0.51%
ZNF845	3	0.51%
ZNF879	3	0.51%
ZNHIT3	3	0.51%
ZNRF1	3	0.51%
ZP3	3	0.51%
ZRSR2	3	0.51%
ZSCAN21	3	0.51%
ZSWIM6	3	0.51%
AAMDC	2	0.34%
ABHD11	2	0.34%
ABHD12B	2	0.34%
ABHD16B	2	0.34%
ABITRAM	2	0.34%
ABRACL	2	0.34%
AC004832.3	2	0.34%
AC005833.1	2	0.34%
AC093525.2	2	0.34%
AC104452.1	2	0.34%
AC109583.1	2	0.34%
AC131160.1	2	0.34%
AC245033.1	2	0.34%
ACOD1	2	0.34%
ACOT1	2	0.34%
ACOT13	2	0.34%
ACSM6	2	0.34%
ACTL10	2	0.34%
ACYP1	2	0.34%
ACYP2	2	0.34%
ADIPOR1	2	0.34%
AEN	2	0.34%
AHSA1	2	0.34%
AIG1	2	0.34%
AIMP1	2	0.34%
AK4	2	0.34%
AKIP1	2	0.34%
AKR1A1	2	0.34%
AL035460.1	2	0.34%
AL035461.3	2	0.34%
AL358113.1	2	0.34%
AL669918.1	2	0.34%
ALKBH2	2	0.34%
ALKBH3	2	0.34%
ALOX5AP	2	0.34%
AMELX	2	0.34%
AMN1	2	0.34%
AMT	2	0.34%
AMTN	2	0.34%
ANGPTL4	2	0.34%
ANGPTL8	2	0.34%
ANKRD18A	2	0.34%
ANKRD30BL	2	0.34%
ANKRD39	2	0.34%
ANKRD9	2	0.34%
ANKS3	2	0.34%
ANKUB1	2	0.34%
AP000311.1	2	0.34%
AP000721.1	2	0.34%
AP000812.4	2	0.34%
AP001781.2	2	0.34%
APLN	2	0.34%
APOA2	2	0.34%
APOC4	2	0.34%
APOLD1	2	0.34%
APOM	2	0.34%
AQP11	2	0.34%
AQP12A	2	0.34%
AQP12B	2	0.34%
AQP5	2	0.34%
AQP6	2	0.34%
ARG1	2	0.34%
ARHGAP23	2	0.34%
ARHGDIA	2	0.34%
ARHGEF35	2	0.34%
ARHGEF38	2	0.34%
ARL3	2	0.34%
ARL4D	2	0.34%
ARL5A	2	0.34%
ARL6IP1	2	0.34%
ARL6IP4	2	0.34%
ARL8A	2	0.34%
ARL9	2	0.34%
ARMS2	2	0.34%
ARPC3	2	0.34%
ARPC4	2	0.34%
ARPC5L	2	0.34%
ASB10	2	0.34%
ASB6	2	0.34%
ASCL1	2	0.34%
ASCL3	2	0.34%
ASIP	2	0.34%
ASRGL1	2	0.34%
ATF3	2	0.34%
ATG12	2	0.34%
ATP5F1D	2	0.34%
ATP5MC2	2	0.34%
ATP5MD	2	0.34%
ATP5MF	2	0.34%
ATP5PO	2	0.34%
ATP6V0E2	2	0.34%
ATP6V1D	2	0.34%
AZI2	2	0.34%
B4GALT4	2	0.34%
B9D1	2	0.34%
BAG1	2	0.34%
BANF2	2	0.34%
BARX2	2	0.34%
BCAS4	2	0.34%
BCL2	2	0.34%
BCL2L10	2	0.34%
BCL2L2-PABPN1	2	0.34%
BDH2	2	0.34%
BHLHA15	2	0.34%
BHLHE23	2	0.34%
BID	2	0.34%
BIRC5	2	0.34%
BIRC7	2	0.34%
BLCAP	2	0.34%
BLOC1S5	2	0.34%
BLVRB	2	0.34%
BNIP3	2	0.34%
BOK	2	0.34%
BOLA3	2	0.34%
BRI3BP	2	0.34%
BRIX1	2	0.34%
BSPRY	2	0.34%
BTBD6	2	0.34%
BTC	2	0.34%
BTF3	2	0.34%
BUD23	2	0.34%
BUD31	2	0.34%
C10orf53	2	0.34%
C10orf82	2	0.34%
C11orf45	2	0.34%
C11orf52	2	0.34%
C11orf71	2	0.34%
C12orf45	2	0.34%
C12orf71	2	0.34%
C15orf48	2	0.34%
C16orf54	2	0.34%
C16orf82	2	0.34%
C16orf92	2	0.34%
C17orf100	2	0.34%
C17orf49	2	0.34%
C17orf67	2	0.34%
C18orf21	2	0.34%
C18orf32	2	0.34%
C19orf12	2	0.34%
C19orf73	2	0.34%
C1QB	2	0.34%
C1QL3	2	0.34%
C1QL4	2	0.34%
C1QTNF6	2	0.34%
C1QTNF9	2	0.34%
C1QTNF9B	2	0.34%
C1orf105	2	0.34%
C1orf109	2	0.34%
C1orf158	2	0.34%
C1orf162	2	0.34%
C1orf185	2	0.34%
C1orf210	2	0.34%
C1orf35	2	0.34%
C1orf43	2	0.34%
C20orf141	2	0.34%
C20orf27	2	0.34%
C21orf62	2	0.34%
C2orf74	2	0.34%
C3orf14	2	0.34%
C3orf22	2	0.34%
C3orf70	2	0.34%
C4BPB	2	0.34%
C4orf19	2	0.34%
C4orf45	2	0.34%
C4orf51	2	0.34%
C5orf24	2	0.34%
C5orf49	2	0.34%
C5orf51	2	0.34%
C6orf47	2	0.34%
C8orf76	2	0.34%
C9orf85	2	0.34%
CA11	2	0.34%
CACFD1	2	0.34%
CALCA	2	0.34%
CALCB	2	0.34%
CALM1	2	0.34%
CALM2	2	0.34%
CALML5	2	0.34%
CAPS	2	0.34%
CARD18	2	0.34%
CARTPT	2	0.34%
CASP6	2	0.34%
CASTOR1	2	0.34%
CBWD3	2	0.34%
CBWD5	2	0.34%
CCDC12	2	0.34%
CCDC188	2	0.34%
CCDC32	2	0.34%
CCDC68	2	0.34%
CCL1	2	0.34%
CCL11	2	0.34%
CCL24	2	0.34%
CCL26	2	0.34%
CCL28	2	0.34%
CCL3L3	2	0.34%
CCL4L2	2	0.34%
CCN1	2	0.34%
CCND3	2	0.34%
CCNG2	2	0.34%
CCNP	2	0.34%
CCT7	2	0.34%
CCT8	2	0.34%
CD164	2	0.34%
CD1A	2	0.34%
CD274	2	0.34%
CD300LF	2	0.34%
CD52	2	0.34%
CD82	2	0.34%
CD83	2	0.34%
CD99	2	0.34%
CDC20	2	0.34%
CDCA5	2	0.34%
CDIP1	2	0.34%
CDIPT	2	0.34%
CDK2AP1	2	0.34%
CDKN2C	2	0.34%
CDPF1	2	0.34%
CDRT15L2	2	0.34%
CDT1	2	0.34%
CEBPA	2	0.34%
CEBPG	2	0.34%
CELF5	2	0.34%
CENATAC	2	0.34%
CEND1	2	0.34%
CENPP	2	0.34%
CENPS-CORT	2	0.34%
CEP295NL	2	0.34%
CFC1	2	0.34%
CFL2	2	0.34%
CGRRF1	2	0.34%
CHCHD2	2	0.34%
CHID1	2	0.34%
CHMP4B	2	0.34%
CHP2	2	0.34%
CHRAC1	2	0.34%
CHST14	2	0.34%
CHURC1	2	0.34%
CIB1	2	0.34%
CIB4	2	0.34%
CINP	2	0.34%
CIRBP	2	0.34%
CISD2	2	0.34%
CISH	2	0.34%
CLDN15	2	0.34%
CLDN5	2	0.34%
CLDND2	2	0.34%
CLEC17A	2	0.34%
CLEC18A	2	0.34%
CLEC2A	2	0.34%
CLEC2L	2	0.34%
CLK2	2	0.34%
CLN5	2	0.34%
CLRN3	2	0.34%
CLTB	2	0.34%
CMBL	2	0.34%
CMC2	2	0.34%
CMTM6	2	0.34%
CNFN	2	0.34%
CNIH3	2	0.34%
CNR2	2	0.34%
COA5	2	0.34%
COMMD4	2	0.34%
COMMD5	2	0.34%
COPS9	2	0.34%
COPZ1	2	0.34%
COPZ2	2	0.34%
COQ5	2	0.34%
CORO1B	2	0.34%
CORO7-PAM16	2	0.34%
COX16	2	0.34%
COX5B	2	0.34%
COX7A2L	2	0.34%
COX8A	2	0.34%
COX8C	2	0.34%
CPLANE2	2	0.34%
CPLX3	2	0.34%
CRB3	2	0.34%
CRCP	2	0.34%
CRELD2	2	0.34%
CRIPT	2	0.34%
CRP	2	0.34%
CRYAB	2	0.34%
CRYBA4	2	0.34%
CRYGD	2	0.34%
CSAG3	2	0.34%
CSH2	2	0.34%
CSRP3	2	0.34%
CST5	2	0.34%
CST8	2	0.34%
CST9	2	0.34%
CST9L	2	0.34%
CT45A10	2	0.34%
CT83	2	0.34%
CTAGE4	2	0.34%
CTRB2	2	0.34%
CTSK	2	0.34%
CXCL1	2	0.34%
CXCL10	2	0.34%
CXCL6	2	0.34%
CXCR6	2	0.34%
CYB561A3	2	0.34%
CYB5D2	2	0.34%
CYB5R1	2	0.34%
CYBA	2	0.34%
CYP21A2	2	0.34%
CYP26C1	2	0.34%
CYP4X1	2	0.34%
CYYR1	2	0.34%
DACT2	2	0.34%
DACT3	2	0.34%
DAP	2	0.34%
DBI	2	0.34%
DBP	2	0.34%
DBX1	2	0.34%
DCAF8L2	2	0.34%
DCANP1	2	0.34%
DCD	2	0.34%
DCUN1D2	2	0.34%
DDA1	2	0.34%
DDB2	2	0.34%
DDOST	2	0.34%
DDX3Y	2	0.34%
DDX41	2	0.34%
DEFB108B	2	0.34%
DEFB110	2	0.34%
DEFB113	2	0.34%
DEFB121	2	0.34%
DEFB125	2	0.34%
DEFB127	2	0.34%
DESI1	2	0.34%
DEXI	2	0.34%
DGCR6L	2	0.34%
DGKQ	2	0.34%
DHDH	2	0.34%
DHRS12	2	0.34%
DHRS13	2	0.34%
DHRS3	2	0.34%
DHRS4L2	2	0.34%
DIABLO	2	0.34%
DIPK1A	2	0.34%
DIRAS3	2	0.34%
DLX1	2	0.34%
DLX6	2	0.34%
DMAC1	2	0.34%
DNAJA2	2	0.34%
DNAJC15	2	0.34%
DNAJC5	2	0.34%
DNAL1	2	0.34%
DNLZ	2	0.34%
DPH7	2	0.34%
DPT	2	0.34%
DRAM1	2	0.34%
DSCC1	2	0.34%
DTHD1	2	0.34%
DUS2	2	0.34%
DUSP1	2	0.34%
DUSP13	2	0.34%
DYNC1LI2	2	0.34%
E2F6	2	0.34%
EAF1	2	0.34%
EBAG9	2	0.34%
EBP	2	0.34%
ECE2	2	0.34%
ECH1	2	0.34%
EDDM3A	2	0.34%
EDN2	2	0.34%
EEF1AKMT2	2	0.34%
EEF1G	2	0.34%
EFHD2	2	0.34%
EFNA2	2	0.34%
EFNA3	2	0.34%
EFR3B	2	0.34%
EGFL7	2	0.34%
EI24	2	0.34%
EIF2S1	2	0.34%
EIF3C	2	0.34%
EIF5A	2	0.34%
EIF5AL1	2	0.34%
ELOC	2	0.34%
ELOF1	2	0.34%
ELSPBP1	2	0.34%
EMC10	2	0.34%
EMP1	2	0.34%
EMX1	2	0.34%
ENDOV	2	0.34%
ENOPH1	2	0.34%
EPCAM	2	0.34%
EPDR1	2	0.34%
EPM2A	2	0.34%
EQTN	2	0.34%
ERGIC2	2	0.34%
ERICH6B	2	0.34%
ERV3-1	2	0.34%
ETFBKMT	2	0.34%
ETV2	2	0.34%
EVA1B	2	0.34%
EVI2A	2	0.34%
EXOSC1	2	0.34%
EXOSC2	2	0.34%
F2RL1	2	0.34%
FA2H	2	0.34%
FABP12	2	0.34%
FABP4	2	0.34%
FABP7	2	0.34%
FADD	2	0.34%
FADS6	2	0.34%
FAIM	2	0.34%
FAM117B	2	0.34%
FAM120AOS	2	0.34%
FAM122B	2	0.34%
FAM149B1	2	0.34%
FAM160A1	2	0.34%
FAM170B	2	0.34%
FAM172A	2	0.34%
FAM174B	2	0.34%
FAM177A1	2	0.34%
FAM200B	2	0.34%
FAM20C	2	0.34%
FAM227A	2	0.34%
FAM228B	2	0.34%
FAM229B	2	0.34%
FAM237A	2	0.34%
FAM24B	2	0.34%
FAM32A	2	0.34%
FAM3C	2	0.34%
FAM3D	2	0.34%
FAM43B	2	0.34%
FAM50A	2	0.34%
FAM53B	2	0.34%
FAM71E2	2	0.34%
FAM89A	2	0.34%
FAM9C	2	0.34%
FBRSL1	2	0.34%
FBXL12	2	0.34%
FBXO33	2	0.34%
FBXO36	2	0.34%
FCF1	2	0.34%
FDCSP	2	0.34%
FFAR1	2	0.34%
FGF11	2	0.34%
FGF6	2	0.34%
FGFR1OP2	2	0.34%
FHAD1	2	0.34%
FIGLA	2	0.34%
FITM2	2	0.34%
FNDC5	2	0.34%
FOXB1	2	0.34%
FOXQ1	2	0.34%
FRAT1	2	0.34%
FRG1	2	0.34%
FSD1L	2	0.34%
FUNDC1	2	0.34%
FUT4	2	0.34%
FXYD1	2	0.34%
FXYD5	2	0.34%
GAGE2E	2	0.34%
GAL	2	0.34%
GALR3	2	0.34%
GAPDH	2	0.34%
GAPT	2	0.34%
GAREM2	2	0.34%
GATD1	2	0.34%
GATM	2	0.34%
GCA	2	0.34%
GCSAM	2	0.34%
GDNF	2	0.34%
GDPD3	2	0.34%
GEMIN6	2	0.34%
GFRAL	2	0.34%
GID4	2	0.34%
GID8	2	0.34%
GINM1	2	0.34%
GLIPR1L1	2	0.34%
GLIPR2	2	0.34%
GLTP	2	0.34%
GMFG	2	0.34%
GMNN	2	0.34%
GMPPB	2	0.34%
GNB2	2	0.34%
GNG3	2	0.34%
GNG5	2	0.34%
GNMT	2	0.34%
GOLGA7	2	0.34%
GOLM2	2	0.34%
GOLPH3L	2	0.34%
GOLT1A	2	0.34%
GP9	2	0.34%
GPA33	2	0.34%
GPATCH11	2	0.34%
GPN3	2	0.34%
GPR55	2	0.34%
GPR62	2	0.34%
GRID2IP	2	0.34%
GRPEL2	2	0.34%
GRTP1	2	0.34%
GRWD1	2	0.34%
GSG1L	2	0.34%
GSTM1	2	0.34%
GSTO2	2	0.34%
GSTP1	2	0.34%
GSX1	2	0.34%
H1-10	2	0.34%
H2AC11	2	0.34%
H2AC12	2	0.34%
H2AC14	2	0.34%
H2AC15	2	0.34%
H2AC16	2	0.34%
H2AC17	2	0.34%
H2AW	2	0.34%
H2AZ1	2	0.34%
H2BC11	2	0.34%
H2BC21	2	0.34%
H3-2	2	0.34%
H3-3B	2	0.34%
H3C1	2	0.34%
H3C3	2	0.34%
H3C7	2	0.34%
H3C8	2	0.34%
H4C2	2	0.34%
HAMP	2	0.34%
HAUS2	2	0.34%
HAUS4	2	0.34%
HBA1	2	0.34%
HBB	2	0.34%
HBE1	2	0.34%
HBEGF	2	0.34%
HCST	2	0.34%
HDDC3	2	0.34%
HDGFL3	2	0.34%
HEPN1	2	0.34%
HERPUD2	2	0.34%
HES5	2	0.34%
HIGD2A	2	0.34%
HLA-DOB	2	0.34%
HLA-DQB2	2	0.34%
HLA-F	2	0.34%
HMGB1	2	0.34%
HMGB3	2	0.34%
HMGCL	2	0.34%
HMGCS1	2	0.34%
HMGN3	2	0.34%
HNF4G	2	0.34%
HNRNPA0	2	0.34%
HOXA10	2	0.34%
HOXA11	2	0.34%
HOXA13	2	0.34%
HOXA4	2	0.34%
HOXA9	2	0.34%
HOXB5	2	0.34%
HOXB6	2	0.34%
HOXB7	2	0.34%
HOXB9	2	0.34%
HOXC6	2	0.34%
HOXC8	2	0.34%
HPCAL4	2	0.34%
HPRT1	2	0.34%
HSD11B1	2	0.34%
HSD17B8	2	0.34%
HSH2D	2	0.34%
HSPA1A	2	0.34%
HSPB9	2	0.34%
HTN1	2	0.34%
IAH1	2	0.34%
IAPP	2	0.34%
IDH3B	2	0.34%
IDNK	2	0.34%
IER2	2	0.34%
IFT27	2	0.34%
IFTAP	2	0.34%
IGFBP5	2	0.34%
IGFBP6	2	0.34%
IGFL1	2	0.34%
IGFL3	2	0.34%
IGHV1-18	2	0.34%
IGHV1-2	2	0.34%
IGHV1-45	2	0.34%
IGHV3-30	2	0.34%
IGHV3-33	2	0.34%
IGHV3-66	2	0.34%
IGHV3-7	2	0.34%
IGHV3-74	2	0.34%
IGHV4-61	2	0.34%
IGKC	2	0.34%
IGKV1-12	2	0.34%
IGKV1-17	2	0.34%
IGKV1-33	2	0.34%
IGKV1D-42	2	0.34%
IGKV2D-29	2	0.34%
IGKV2D-30	2	0.34%
IGKV3-11	2	0.34%
IGKV3D-15	2	0.34%
IGKV3D-7	2	0.34%
IGLL1	2	0.34%
IGLV1-47	2	0.34%
IGLV2-23	2	0.34%
IGLV3-16	2	0.34%
IGLV3-32	2	0.34%
IGLV7-43	2	0.34%
IGLV8-61	2	0.34%
IGSF6	2	0.34%
IL12A	2	0.34%
IL12B	2	0.34%
IL15	2	0.34%
IL17RE	2	0.34%
IL9	2	0.34%
ILF2	2	0.34%
INCA1	2	0.34%
INMT	2	0.34%
INSL5	2	0.34%
INTS14	2	0.34%
ISOC1	2	0.34%
ISY1	2	0.34%
ITGB1BP1	2	0.34%
ITGB3BP	2	0.34%
ITLN2	2	0.34%
JMJD8	2	0.34%
JTB	2	0.34%
KAZALD1	2	0.34%
KCNE2	2	0.34%
KCNE3	2	0.34%
KCNK12	2	0.34%
KCNK6	2	0.34%
KCTD5	2	0.34%
KDELR2	2	0.34%
KDELR3	2	0.34%
KHDC1L	2	0.34%
KHK	2	0.34%
KLHDC10	2	0.34%
KLHL17	2	0.34%
KLHL33	2	0.34%
KLK14	2	0.34%
KLK3	2	0.34%
KLK7	2	0.34%
KLRG2	2	0.34%
KRTAP1-1	2	0.34%
KRTAP1-3	2	0.34%
KRTAP10-3	2	0.34%
KRTAP17-1	2	0.34%
KRTAP19-6	2	0.34%
KRTAP22-1	2	0.34%
KRTAP23-1	2	0.34%
KRTAP3-2	2	0.34%
KRTAP4-4	2	0.34%
KRTAP5-2	2	0.34%
KRTAP6-1	2	0.34%
KRTAP9-1	2	0.34%
KRTAP9-3	2	0.34%
KRTCAP2	2	0.34%
KRTCAP3	2	0.34%
KTI12	2	0.34%
L34079.1	2	0.34%
L3HYPDH	2	0.34%
LAPTM4B	2	0.34%
LAT2	2	0.34%
LBHD1	2	0.34%
LBX2	2	0.34%
LCE1C	2	0.34%
LCE1E	2	0.34%
LCE3E	2	0.34%
LCE5A	2	0.34%
LCN1	2	0.34%
LCN8	2	0.34%
LCNL1	2	0.34%
LEMD1	2	0.34%
LEP	2	0.34%
LGALS12	2	0.34%
LGALS7	2	0.34%
LGMN	2	0.34%
LIMD2	2	0.34%
LIME1	2	0.34%
LIN28A	2	0.34%
LIN37	2	0.34%
LIN52	2	0.34%
LMO1	2	0.34%
LMO2	2	0.34%
LORICRIN	2	0.34%
LPXN	2	0.34%
LRAT	2	0.34%
LRPAP1	2	0.34%
LRRC70	2	0.34%
LRTOMT	2	0.34%
LSM14B	2	0.34%
LSM2	2	0.34%
LSM4	2	0.34%
LTO1	2	0.34%
LXN	2	0.34%
LY6G5B	2	0.34%
LYPD1	2	0.34%
LYPD6	2	0.34%
LYPLAL1	2	0.34%
MAB21L3	2	0.34%
MAD2L1	2	0.34%
MAFB	2	0.34%
MAGEF1	2	0.34%
MAL2	2	0.34%
MALSU1	2	0.34%
MANBAL	2	0.34%
MARCHF3	2	0.34%
MAT2A	2	0.34%
MBIP	2	0.34%
MDFI	2	0.34%
MDP1	2	0.34%
MED10	2	0.34%
MED17	2	0.34%
MED18	2	0.34%
MED21	2	0.34%
MED30	2	0.34%
MED6	2	0.34%
MEF2B	2	0.34%
MEIG1	2	0.34%
MESP2	2	0.34%
METTL26	2	0.34%
METTL5	2	0.34%
MFAP2	2	0.34%
MFAP4	2	0.34%
MFNG	2	0.34%
MFSD4B	2	0.34%
MGME1	2	0.34%
MGMT	2	0.34%
MGST2	2	0.34%
MIEN1	2	0.34%
MIS12	2	0.34%
MLLT11	2	0.34%
MLN	2	0.34%
MMD	2	0.34%
MOB2	2	0.34%
MOCS2	2	0.34%
MORN5	2	0.34%
MPDU1	2	0.34%
MPHOSPH6	2	0.34%
MPV17	2	0.34%
MRAP	2	0.34%
MRFAP1L1	2	0.34%
MRGBP	2	0.34%
MRM1	2	0.34%
MRPL11	2	0.34%
MRPL14	2	0.34%
MRPL17	2	0.34%
MRPL20	2	0.34%
MRPL22	2	0.34%
MRPL24	2	0.34%
MRPL30	2	0.34%
MRPL33	2	0.34%
MRPL40	2	0.34%
MRPL42	2	0.34%
MRPL45	2	0.34%
MRPL55	2	0.34%
MRPL57	2	0.34%
MRPS16	2	0.34%
MRPS17	2	0.34%
MRPS18B	2	0.34%
MRPS18C	2	0.34%
MRPS21	2	0.34%
MRPS23	2	0.34%
MRPS35	2	0.34%
MRPS6	2	0.34%
MRRF	2	0.34%
MS4A13	2	0.34%
MS4A3	2	0.34%
MS4A6A	2	0.34%
MSANTD3-TMEFF1	2	0.34%
MSMB	2	0.34%
MSRB1	2	0.34%
MSTO1	2	0.34%
MT1M	2	0.34%
MT3	2	0.34%
MT4	2	0.34%
MTARC1	2	0.34%
MTCP1	2	0.34%
MTERF4	2	0.34%
MTFMT	2	0.34%
MTFP1	2	0.34%
MTHFS	2	0.34%
MTIF3	2	0.34%
MXRA7	2	0.34%
MYEOV	2	0.34%
MYG1	2	0.34%
MYL1	2	0.34%
MYL12B	2	0.34%
MYL7	2	0.34%
MYZAP	2	0.34%
MZT2B	2	0.34%
NAA10	2	0.34%
NAA20	2	0.34%
NAA40	2	0.34%
NAA50	2	0.34%
NAA60	2	0.34%
NABP2	2	0.34%
NAP1L5	2	0.34%
NAT14	2	0.34%
NAT16	2	0.34%
NAT9	2	0.34%
NCR3	2	0.34%
NDFIP2	2	0.34%
NDRG3	2	0.34%
NDUFA11	2	0.34%
NDUFA13	2	0.34%
NDUFA3	2	0.34%
NDUFA4L2	2	0.34%
NDUFAF3	2	0.34%
NDUFB4	2	0.34%
NDUFB7	2	0.34%
NDUFC2	2	0.34%
NDUFS6	2	0.34%
NDUFS7	2	0.34%
NDUFS8	2	0.34%
NECAB2	2	0.34%
NELFCD	2	0.34%
NFAM1	2	0.34%
NGB	2	0.34%
NHLRC1	2	0.34%
NHP2	2	0.34%
NHSL1	2	0.34%
NIPSNAP2	2	0.34%
NKIRAS1	2	0.34%
NKX2-8	2	0.34%
NMRAL1	2	0.34%
NODAL	2	0.34%
NOP10	2	0.34%
NR2C2AP	2	0.34%
NR4A1	2	0.34%
NRIP2	2	0.34%
NRIP3	2	0.34%
NRN1L	2	0.34%
NT5C	2	0.34%
NTF4	2	0.34%
NUBPL	2	0.34%
NUDT1	2	0.34%
NUDT22	2	0.34%
NUDT5	2	0.34%
NUP35	2	0.34%
NUP37	2	0.34%
NXPE2	2	0.34%
NXT1	2	0.34%
NXT2	2	0.34%
OAF	2	0.34%
OARD1	2	0.34%
OBP2A	2	0.34%
OCEL1	2	0.34%
OLIG1	2	0.34%
OMG	2	0.34%
OOSP2	2	0.34%
OPA3	2	0.34%
OPALIN	2	0.34%
OR14A2	2	0.34%
OR2AJ1	2	0.34%
OR2J1	2	0.34%
OR2S2	2	0.34%
OR2T1	2	0.34%
OR4D2	2	0.34%
OR4F17	2	0.34%
OR4F5	2	0.34%
OR52W1	2	0.34%
OR56B4	2	0.34%
OR6P1	2	0.34%
OR6V1	2	0.34%
ORMDL2	2	0.34%
OSR1	2	0.34%
OSTC	2	0.34%
OSTF1	2	0.34%
OVOL2	2	0.34%
P2RX6	2	0.34%
PABPN1	2	0.34%
PAFAH1B3	2	0.34%
PAGE3	2	0.34%
PARD6A	2	0.34%
PARP16	2	0.34%
PARS2	2	0.34%
PARVA	2	0.34%
PAXX	2	0.34%
PBOV1	2	0.34%
PCBD1	2	0.34%
PCBP4	2	0.34%
PCGF6	2	0.34%
PCLAF	2	0.34%
PDAP1	2	0.34%
PDCL2	2	0.34%
PERP	2	0.34%
PEX11A	2	0.34%
PEX26	2	0.34%
PEX7	2	0.34%
PFDN2	2	0.34%
PFDN5	2	0.34%
PFDN6	2	0.34%
PGM2	2	0.34%
PGPEP1	2	0.34%
PGRMC1	2	0.34%
PHB	2	0.34%
PHF6	2	0.34%
PHGDH	2	0.34%
PHGR1	2	0.34%
PHPT1	2	0.34%
PI3	2	0.34%
PIGF	2	0.34%
PIN1	2	0.34%
PITPNA	2	0.34%
PKD1L3	2	0.34%
PKIG	2	0.34%
PLA2G2C	2	0.34%
PLA2G2D	2	0.34%
PLA2G2E	2	0.34%
PLAAT3	2	0.34%
PLAAT5	2	0.34%
PLAC9	2	0.34%
PLPP1	2	0.34%
PLPP3	2	0.34%
PLPP6	2	0.34%
PNMA6A	2	0.34%
POLE3	2	0.34%
POLR1D	2	0.34%
POLR2C	2	0.34%
POLR2I	2	0.34%
POLR2M	2	0.34%
POLR3G	2	0.34%
POMP	2	0.34%
POMZP3	2	0.34%
POP5	2	0.34%
POP7	2	0.34%
POTEC	2	0.34%
POTEI	2	0.34%
POU3F1	2	0.34%
PPARG	2	0.34%
PPIC	2	0.34%
PPIL3	2	0.34%
PPIP5K1	2	0.34%
PPP1R3B	2	0.34%
PPP1R9B	2	0.34%
PPP3R2	2	0.34%
PRAMEF6	2	0.34%
PRDX4	2	0.34%
PRDX5	2	0.34%
PRELID2	2	0.34%
PRELID3B	2	0.34%
PRH2	2	0.34%
PRICKLE4	2	0.34%
PRKACA	2	0.34%
PRKRIP1	2	0.34%
PRKY	2	0.34%
PRNP	2	0.34%
PROP1	2	0.34%
PRPS1	2	0.34%
PRR15	2	0.34%
PRR22	2	0.34%
PRR23C	2	0.34%
PRR33	2	0.34%
PRRT4	2	0.34%
PRSS22	2	0.34%
PRSS27	2	0.34%
PRSS33	2	0.34%
PSMB1	2	0.34%
PSMB4	2	0.34%
PSMB7	2	0.34%
PSMC3IP	2	0.34%
PSMD9	2	0.34%
PSME2	2	0.34%
PSPH	2	0.34%
PSPN	2	0.34%
PTAFR	2	0.34%
PTGES	2	0.34%
PTGES3	2	0.34%
PTGIR	2	0.34%
PTMS	2	0.34%
PTP4A1	2	0.34%
PTRH1	2	0.34%
PTTG1	2	0.34%
PTX3	2	0.34%
PVR	2	0.34%
PYCARD	2	0.34%
PYCR1	2	0.34%
PYCR2	2	0.34%
PYCR3	2	0.34%
PYDC1	2	0.34%
PYROXD2	2	0.34%
PYY	2	0.34%
QPCTL	2	0.34%
QRFP	2	0.34%
QTRT1	2	0.34%
RAB12	2	0.34%
RAB18	2	0.34%
RAB24	2	0.34%
RAB2A	2	0.34%
RAB30	2	0.34%
RAB32	2	0.34%
RAB37	2	0.34%
RAB38	2	0.34%
RAB43	2	0.34%
RAB6D	2	0.34%
RAB8A	2	0.34%
RAD51B	2	0.34%
RAD9A	2	0.34%
RAMP2	2	0.34%
RASSF3	2	0.34%
RBFOX3	2	0.34%
RBKS	2	0.34%
RBM23	2	0.34%
RBM24	2	0.34%
RBM41	2	0.34%
RBM8A	2	0.34%
RBP7	2	0.34%
RBPMS2	2	0.34%
RCN1	2	0.34%
RDH12	2	0.34%
REEP1	2	0.34%
REG3A	2	0.34%
RETNLB	2	0.34%
REXO2	2	0.34%
RFC2	2	0.34%
RFC3	2	0.34%
RFK	2	0.34%
RFLNA	2	0.34%
RFX8	2	0.34%
RFXANK	2	0.34%
RGCC	2	0.34%
RGR	2	0.34%
RGS1	2	0.34%
RHEBL1	2	0.34%
RHOD	2	0.34%
RHOG	2	0.34%
RHOH	2	0.34%
RHOXF2B	2	0.34%
RLN1	2	0.34%
RLN3	2	0.34%
RNASE1	2	0.34%
RNASE2	2	0.34%
RNASE6	2	0.34%
RNF122	2	0.34%
RNF13	2	0.34%
RNF135	2	0.34%
RNF166	2	0.34%
RNF181	2	0.34%
RNF183	2	0.34%
RNF212B	2	0.34%
RNLS	2	0.34%
RPA2	2	0.34%
RPH3AL	2	0.34%
RPL10	2	0.34%
RPL12	2	0.34%
RPL13	2	0.34%
RPL17-C18orf32	2	0.34%
RPL22L1	2	0.34%
RPL26	2	0.34%
RPL34	2	0.34%
RPL36	2	0.34%
RPL39	2	0.34%
RPP30	2	0.34%
RPRM	2	0.34%
RPS13	2	0.34%
RPS15A	2	0.34%
RPS27	2	0.34%
RPS4X	2	0.34%
RPS9	2	0.34%
RPUSD3	2	0.34%
RWDD4	2	0.34%
S100A11	2	0.34%
S100A16	2	0.34%
S100A4	2	0.34%
S100A7L2	2	0.34%
S100A9	2	0.34%
SAA1	2	0.34%
SAA2	2	0.34%
SAMD1	2	0.34%
SAMD5	2	0.34%
SAP18	2	0.34%
SAP30	2	0.34%
SAPCD1	2	0.34%
SARAF	2	0.34%
SAV1	2	0.34%
SAYSD1	2	0.34%
SCAMP2	2	0.34%
SCAMP4	2	0.34%
SCAND1	2	0.34%
SCCPDH	2	0.34%
SCG5	2	0.34%
SCGB2B2	2	0.34%
SCGB3A2	2	0.34%
SCIMP	2	0.34%
SCOC	2	0.34%
SCP2D1	2	0.34%
SCT	2	0.34%
SDHAF4	2	0.34%
SDR16C5	2	0.34%
SDR42E1	2	0.34%
SEBOX	2	0.34%
SELENOK	2	0.34%
SELENOT	2	0.34%
SEPTIN12	2	0.34%
SERINC3	2	0.34%
SERINC5	2	0.34%
SERP2	2	0.34%
SERPINB1	2	0.34%
SETD6	2	0.34%
SF3B6	2	0.34%
SFN	2	0.34%
SFR1	2	0.34%
SGF29	2	0.34%
SH3BP1	2	0.34%
SHISA6	2	0.34%
SIGIRR	2	0.34%
SIGLEC15	2	0.34%
SKP1	2	0.34%
SLA2	2	0.34%
SLAMF6	2	0.34%
SLC25A11	2	0.34%
SLC25A20	2	0.34%
SLC31A2	2	0.34%
SLC35B2	2	0.34%
SLC35D1	2	0.34%
SLC35F6	2	0.34%
SLC38A5	2	0.34%
SLC46A1	2	0.34%
SLC50A1	2	0.34%
SLC66A2	2	0.34%
SLC9A3R1	2	0.34%
SLC9A3R2	2	0.34%
SLCO1B3-SLCO1B7	2	0.34%
SMIM15	2	0.34%
SMIM19	2	0.34%
SMIM7	2	0.34%
SMIM8	2	0.34%
SMNDC1	2	0.34%
SMR3B	2	0.34%
SNCA	2	0.34%
SNCB	2	0.34%
SNRNP25	2	0.34%
SNRPA1	2	0.34%
SNRPD3	2	0.34%
SNRPE	2	0.34%
SNURF	2	0.34%
SNX24	2	0.34%
SNX3	2	0.34%
SNX6	2	0.34%
SOCS1	2	0.34%
SOCS7	2	0.34%
SOWAHA	2	0.34%
SOWAHC	2	0.34%
SOX14	2	0.34%
SOX18	2	0.34%
SPANXC	2	0.34%
SPANXN4	2	0.34%
SPATA21	2	0.34%
SPATA31D4	2	0.34%
SPATA46	2	0.34%
SPCS1	2	0.34%
SPIN2A	2	0.34%
SPINK13	2	0.34%
SPINK14	2	0.34%
SPINK7	2	0.34%
SPINK9	2	0.34%
SPRR1B	2	0.34%
SPRR2A	2	0.34%
SPRR2E	2	0.34%
SPRYD7	2	0.34%
SPSB3	2	0.34%
SPTSSA	2	0.34%
SRA1	2	0.34%
SRD5A1	2	0.34%
SRD5A3	2	0.34%
SRGN	2	0.34%
SRP19	2	0.34%
SRSF10	2	0.34%
SRSF2	2	0.34%
SRSF3	2	0.34%
SRSF9	2	0.34%
SS18	2	0.34%
SSPN	2	0.34%
SSR2	2	0.34%
SSR3	2	0.34%
SSX7	2	0.34%
ST3GAL4	2	0.34%
STARD5	2	0.34%
STBD1	2	0.34%
STH	2	0.34%
STIMATE	2	0.34%
STPG3	2	0.34%
STX10	2	0.34%
STX17	2	0.34%
SUB1	2	0.34%
SUSD3	2	0.34%
SUSD6	2	0.34%
SUV39H2	2	0.34%
SYAP1	2	0.34%
SYP	2	0.34%
SYPL1	2	0.34%
SYS1	2	0.34%
TAF10	2	0.34%
TAF12	2	0.34%
TAFA3	2	0.34%
TAL2	2	0.34%
TAMALIN	2	0.34%
TAS2R31	2	0.34%
TAS2R9	2	0.34%
TBCB	2	0.34%
TBP	2	0.34%
TCEAL2	2	0.34%
TCF23	2	0.34%
TCL1B	2	0.34%
TCTA	2	0.34%
TCTEX1D2	2	0.34%
TERB1	2	0.34%
TEX12	2	0.34%
TEX19	2	0.34%
TEX29	2	0.34%
TEX36	2	0.34%
TFF3	2	0.34%
TGIF2LY	2	0.34%
THAP1	2	0.34%
THAP3	2	0.34%
THAP6	2	0.34%
THAP7	2	0.34%
THRSP	2	0.34%
TIGAR	2	0.34%
TIGD1	2	0.34%
TLCD5	2	0.34%
TM2D3	2	0.34%
TM4SF1	2	0.34%
TMED4	2	0.34%
TMED7	2	0.34%
TMED9	2	0.34%
TMEM106A	2	0.34%
TMEM125	2	0.34%
TMEM126A	2	0.34%
TMEM128	2	0.34%
TMEM139	2	0.34%
TMEM150B	2	0.34%
TMEM155	2	0.34%
TMEM159	2	0.34%
TMEM17	2	0.34%
TMEM211	2	0.34%
TMEM220	2	0.34%
TMEM244	2	0.34%
TMEM269	2	0.34%
TMEM273	2	0.34%
TMEM30B	2	0.34%
TMEM42	2	0.34%
TMEM45A	2	0.34%
TMEM50B	2	0.34%
TMEM51	2	0.34%
TMEM53	2	0.34%
TMEM54	2	0.34%
TMEM65	2	0.34%
TMEM69	2	0.34%
TMEM81	2	0.34%
TMEM95	2	0.34%
TMEM98	2	0.34%
TMEM9B	2	0.34%
TMPRSS4	2	0.34%
TNFAIP8	2	0.34%
TNFRSF10D	2	0.34%
TNFSF10	2	0.34%
TNFSF12	2	0.34%
TNNC1	2	0.34%
TOE1	2	0.34%
TOMM7	2	0.34%
TP53AIP1	2	0.34%
TP53INP2	2	0.34%
TPSAB1	2	0.34%
TPSB2	2	0.34%
TPSG1	2	0.34%
TRAPPC4	2	0.34%
TRAV26-1	2	0.34%
TRAV41	2	0.34%
TRAV5	2	0.34%
TRBC2	2	0.34%
TREM2	2	0.34%
TREML4	2	0.34%
TRGC1	2	0.34%
TRGV3	2	0.34%
TRIM31	2	0.34%
TRIM40	2	0.34%
TRIM73	2	0.34%
TRIM74	2	0.34%
TRIR	2	0.34%
TRPT1	2	0.34%
TSACC	2	0.34%
TSNAX	2	0.34%
TSPAN31	2	0.34%
TSPO	2	0.34%
TSR3	2	0.34%
TTC32	2	0.34%
TTC4	2	0.34%
TTC9B	2	0.34%
TUBG1	2	0.34%
TUSC1	2	0.34%
TVP23C	2	0.34%
TXN	2	0.34%
TXN2	2	0.34%
TXNDC12	2	0.34%
TXNDC9	2	0.34%
TXNL4B	2	0.34%
TYROBP	2	0.34%
TYSND1	2	0.34%
TYW1B	2	0.34%
UBE2D3	2	0.34%
UBE2D4	2	0.34%
UBE2F	2	0.34%
UBE2J1	2	0.34%
UBE2M	2	0.34%
UBE2Q2	2	0.34%
UBL4B	2	0.34%
UBL7	2	0.34%
UCHL3	2	0.34%
UCHL5	2	0.34%
UCK1	2	0.34%
UCN3	2	0.34%
UNC50	2	0.34%
UNCX	2	0.34%
UPK2	2	0.34%
UQCC3	2	0.34%
UQCRH	2	0.34%
URAD	2	0.34%
USF2	2	0.34%
UTF1	2	0.34%
VAMP1	2	0.34%
VAMP3	2	0.34%
VAMP5	2	0.34%
VCX	2	0.34%
VCX2	2	0.34%
VHL	2	0.34%
VHLL	2	0.34%
VNN3	2	0.34%
VPREB3	2	0.34%
VPS29	2	0.34%
VSIG2	2	0.34%
VSTM2B	2	0.34%
VSX1	2	0.34%
VWA1	2	0.34%
VWA5B1	2	0.34%
VWA5B2	2	0.34%
WBP2NL	2	0.34%
WDR20	2	0.34%
WFDC10B	2	0.34%
WSB1	2	0.34%
XAGE3	2	0.34%
XBP1	2	0.34%
XCL2	2	0.34%
YDJC	2	0.34%
YPEL1	2	0.34%
YPEL5	2	0.34%
YWHAB	2	0.34%
YWHAG	2	0.34%
YWHAH	2	0.34%
YWHAZ	2	0.34%
YY1	2	0.34%
ZBTB9	2	0.34%
ZC2HC1A	2	0.34%
ZC3H8	2	0.34%
ZCCHC3	2	0.34%
ZDHHC22	2	0.34%
ZFAND1	2	0.34%
ZFAND2A	2	0.34%
ZFP92	2	0.34%
ZIC2	2	0.34%
ZMAT5	2	0.34%
ZMYND10	2	0.34%
ZMYND19	2	0.34%
ZNF232	2	0.34%
ZNF296	2	0.34%
ZNF444	2	0.34%
ZNF511-PRAP1	2	0.34%
ZNF541	2	0.34%
ZNF575	2	0.34%
ZNF69	2	0.34%
ZNF717	2	0.34%
ZNF737	2	0.34%
ZNF843	2	0.34%
ZNF844	2	0.34%
ZNF860	2	0.34%
ZNHIT2	2	0.34%
ZNRD2	2	0.34%
ZSCAN12	2	0.34%
ABHD17A	1	0.17%
AC004076.1	1	0.17%
AC004997.1	1	0.17%
AC007040.2	1	0.17%
AC009779.3	1	0.17%
AC011448.1	1	0.17%
AC020907.6	1	0.17%
AC026786.1	1	0.17%
AC053503.6	1	0.17%
AC055839.2	1	0.17%
AC092718.8	1	0.17%
AC093155.3	1	0.17%
AC104389.6	1	0.17%
AC107871.1	1	0.17%
AC107959.5	1	0.17%
AC132217.2	1	0.17%
AC144573.1	1	0.17%
AC245748.1	1	0.17%
ACAA2	1	0.17%
ADH4	1	0.17%
ADIG	1	0.17%
ADO	1	0.17%
ADORA2B	1	0.17%
AF196969.1	1	0.17%
AGAP5	1	0.17%
AGR3	1	0.17%
AGTRAP	1	0.17%
AIF1	1	0.17%
AIF1L	1	0.17%
AK2	1	0.17%
AK6	1	0.17%
AKR7A2	1	0.17%
AL021546.1	1	0.17%
AL031315.1	1	0.17%
AL049569.3	1	0.17%
AL121758.1	1	0.17%
AL133500.1	1	0.17%
AL159163.1	1	0.17%
AL163195.3	1	0.17%
AL359922.1	1	0.17%
AL662899.2	1	0.17%
AL713999.2	1	0.17%
ALG1L2	1	0.17%
ALKAL2	1	0.17%
ALKBH7	1	0.17%
ALX3	1	0.17%
ANAPC10	1	0.17%
ANAPC11	1	0.17%
ANAPC15	1	0.17%
ANG	1	0.17%
ANGPTL3	1	0.17%
ANKHD1	1	0.17%
ANKRD20A2P	1	0.17%
ANKRD36	1	0.17%
ANKRD37	1	0.17%
ANKRD54	1	0.17%
ANKRD60	1	0.17%
ANKRD61	1	0.17%
ANKRD65	1	0.17%
ANTKMT	1	0.17%
ANXA2R	1	0.17%
ANXA8L1	1	0.17%
AP000471.1	1	0.17%
AP001458.2	1	0.17%
AP3S2	1	0.17%
APH1A	1	0.17%
APOC1	1	0.17%
APOC2	1	0.17%
APOC4-APOC2	1	0.17%
APOOL	1	0.17%
ARF3	1	0.17%
ARF6	1	0.17%
ARFRP1	1	0.17%
ARL5B	1	0.17%
ARMC7	1	0.17%
ARRB2	1	0.17%
ARTN	1	0.17%
ASCL2	1	0.17%
ATOH8	1	0.17%
ATP23	1	0.17%
ATP5IF1	1	0.17%
ATP5MC1	1	0.17%
ATP5MC3	1	0.17%
ATP5MF-PTCD1	1	0.17%
ATP5MG	1	0.17%
ATP5MPL	1	0.17%
ATP6V0C	1	0.17%
AUNIP	1	0.17%
AURKAIP1	1	0.17%
AVP	1	0.17%
B3GALT6	1	0.17%
B3GAT2	1	0.17%
BBC3	1	0.17%
BCAP31	1	0.17%
BCL7B	1	0.17%
BET1	1	0.17%
BET1L	1	0.17%
BEX2	1	0.17%
BLOC1S1	1	0.17%
BLOC1S6	1	0.17%
BLVRA	1	0.17%
BMP8B	1	0.17%
BPGM	1	0.17%
BRI3	1	0.17%
BRICD5	1	0.17%
BST2	1	0.17%
C10orf105	1	0.17%
C10orf62	1	0.17%
C11orf58	1	0.17%
C11orf94	1	0.17%
C12orf65	1	0.17%
C12orf75	1	0.17%
C15orf40	1	0.17%
C16orf74	1	0.17%
C16orf91	1	0.17%
C17orf50	1	0.17%
C19orf25	1	0.17%
C19orf38	1	0.17%
C19orf71	1	0.17%
C1QBP	1	0.17%
C1QTNF2	1	0.17%
C1QTNF4	1	0.17%
C1QTNF5	1	0.17%
C1QTNF7	1	0.17%
C1orf167	1	0.17%
C1orf174	1	0.17%
C1orf198	1	0.17%
C1orf216	1	0.17%
C1orf53	1	0.17%
C1orf68	1	0.17%
C20orf202	1	0.17%
C20orf203	1	0.17%
C22orf39	1	0.17%
C2CD4A	1	0.17%
C2CD4C	1	0.17%
C2orf50	1	0.17%
C2orf68	1	0.17%
C3orf52	1	0.17%
C3orf84	1	0.17%
C4orf3	1	0.17%
C4orf47	1	0.17%
C5orf47	1	0.17%
C6orf120	1	0.17%
C6orf141	1	0.17%
C8orf82	1	0.17%
C9orf16	1	0.17%
C9orf57	1	0.17%
CABP1	1	0.17%
CALHM3	1	0.17%
CALHM4	1	0.17%
CALML6	1	0.17%
CALY	1	0.17%
CAMK2N2	1	0.17%
CAPN8	1	0.17%
CASTOR2	1	0.17%
CATSPERZ	1	0.17%
CAV1	1	0.17%
CBS	1	0.17%
CBWD1	1	0.17%
CBY1	1	0.17%
CCDC107	1	0.17%
CCDC121	1	0.17%
CCDC154	1	0.17%
CCDC163	1	0.17%
CCDC167	1	0.17%
CCDC182	1	0.17%
CCDC189	1	0.17%
CCDC43	1	0.17%
CCL13	1	0.17%
CCL15	1	0.17%
CCL17	1	0.17%
CCL18	1	0.17%
CCL21	1	0.17%
CCL25	1	0.17%
CCL7	1	0.17%
CCND2	1	0.17%
CCNI2	1	0.17%
CD164L2	1	0.17%
CD3D	1	0.17%
CD3E	1	0.17%
CD59	1	0.17%
CD68	1	0.17%
CDA	1	0.17%
CDC42EP2	1	0.17%
CDC42EP5	1	0.17%
CDC42SE1	1	0.17%
CDK2AP2	1	0.17%
CDK5R2	1	0.17%
CDKN2A	1	0.17%
CDKN2B	1	0.17%
CDKN2D	1	0.17%
CDKN3	1	0.17%
CDRT4	1	0.17%
CEACAM1	1	0.17%
CEACAM6	1	0.17%
CEBPB	1	0.17%
CEMP1	1	0.17%
CENPM	1	0.17%
CENPX	1	0.17%
CES4A	1	0.17%
CETN2	1	0.17%
CFD	1	0.17%
CGB2	1	0.17%
CGB8	1	0.17%
CGREF1	1	0.17%
CHAC2	1	0.17%
CHADL	1	0.17%
CHCHD1	1	0.17%
CHCHD4	1	0.17%
CHCHD7	1	0.17%
CHMP1B	1	0.17%
CHN2	1	0.17%
CHP1	1	0.17%
CHRNB4	1	0.17%
CIAO1	1	0.17%
CIAO2A	1	0.17%
CIAO2B	1	0.17%
CIB2	1	0.17%
CIDEB	1	0.17%
CISD3	1	0.17%
CKLF-CMTM1	1	0.17%
CKMT1A	1	0.17%
CLDN1	1	0.17%
CLDN20	1	0.17%
CLDN22	1	0.17%
CLDN23	1	0.17%
CLIC1	1	0.17%
CLIC5	1	0.17%
CLPSL1	1	0.17%
CMTM4	1	0.17%
CNBP	1	0.17%
CNIH4	1	0.17%
CNN3	1	0.17%
CNPY4	1	0.17%
COA4	1	0.17%
COA7	1	0.17%
COMMD1	1	0.17%
COMMD3-BMI1	1	0.17%
COMMD7	1	0.17%
COX20	1	0.17%
COX6B1	1	0.17%
COX6B2	1	0.17%
COX7A2	1	0.17%
COX7B2	1	0.17%
CPSF4L	1	0.17%
CRABP2	1	0.17%
CRCT1	1	0.17%
CREBL2	1	0.17%
CRYBA2	1	0.17%
CRYGN	1	0.17%
CSAG1	1	0.17%
CSKMT	1	0.17%
CSNK2B	1	0.17%
CST3	1	0.17%
CSTA	1	0.17%
CSTB	1	0.17%
CT45A1	1	0.17%
CT47A6	1	0.17%
CTSD	1	0.17%
CTU1	1	0.17%
CXCL13	1	0.17%
CXCL14	1	0.17%
CXCL17	1	0.17%
CXCL2	1	0.17%
CXXC4	1	0.17%
CYB561D1	1	0.17%
CYB561D2	1	0.17%
CYB5A	1	0.17%
CYP3A7-CYP3A51P	1	0.17%
CYS1	1	0.17%
CYSRT1	1	0.17%
CYSTM1	1	0.17%
DAD1	1	0.17%
DAND5	1	0.17%
DAZAP2	1	0.17%
DCTN6	1	0.17%
DCUN1D5	1	0.17%
DCXR	1	0.17%
DDRGK1	1	0.17%
DEFA3	1	0.17%
DEFA5	1	0.17%
DEFA6	1	0.17%
DEFB1	1	0.17%
DEFB105A	1	0.17%
DEFB112	1	0.17%
DEFB115	1	0.17%
DEFB123	1	0.17%
DEFB132	1	0.17%
DEFB134	1	0.17%
DEFB4A	1	0.17%
DEPP1	1	0.17%
DHCR24	1	0.17%
DIPK1B	1	0.17%
DMRTC1	1	0.17%
DNAJB1	1	0.17%
DNAJC30	1	0.17%
DNMT3L	1	0.17%
DNPH1	1	0.17%
DPH3	1	0.17%
DPM2	1	0.17%
DR1	1	0.17%
DRD4	1	0.17%
DTYMK	1	0.17%
DUSP14	1	0.17%
DUSP21	1	0.17%
DUSP23	1	0.17%
DYNLL2	1	0.17%
DYNLRB1	1	0.17%
DYNLRB2	1	0.17%
DYNLT1	1	0.17%
DYNLT3	1	0.17%
EBF4	1	0.17%
EFCAB2	1	0.17%
EFCC1	1	0.17%
EID2B	1	0.17%
EIF1AX	1	0.17%
EIF3CL	1	0.17%
EIF4A1	1	0.17%
EIF6	1	0.17%
ELFN1	1	0.17%
ELMOD3	1	0.17%
EMP2	1	0.17%
EN2	1	0.17%
ENTPD5	1	0.17%
EPGN	1	0.17%
EPO	1	0.17%
EPOR	1	0.17%
ERCC5	1	0.17%
ERGIC1	1	0.17%
ERH	1	0.17%
ERICH2	1	0.17%
ETHE1	1	0.17%
ETV7	1	0.17%
EVX1	1	0.17%
EXO5	1	0.17%
F8A1	1	0.17%
FABP3	1	0.17%
FADS1	1	0.17%
FAHD1	1	0.17%
FAM104A	1	0.17%
FAM107A	1	0.17%
FAM131A	1	0.17%
FAM162A	1	0.17%
FAM166C	1	0.17%
FAM187A	1	0.17%
FAM210B	1	0.17%
FAM221A	1	0.17%
FAM241B	1	0.17%
FAM3A	1	0.17%
FAM47E	1	0.17%
FAM47E-STBD1	1	0.17%
FAM72C	1	0.17%
FBXO17	1	0.17%
FCGR2C	1	0.17%
FDX1	1	0.17%
FEV	1	0.17%
FGF21	1	0.17%
FGF22	1	0.17%
FHL1	1	0.17%
FHL3	1	0.17%
FIS1	1	0.17%
FKBP1C	1	0.17%
FMC1-LUC7L2	1	0.17%
FO393400.1	1	0.17%
FOLH1B	1	0.17%
FSTL3	1	0.17%
FTH1	1	0.17%
FXYD6	1	0.17%
GADD45G	1	0.17%
GAGE1	1	0.17%
GAR1	1	0.17%
GASK1A	1	0.17%
GAST	1	0.17%
GATAD1	1	0.17%
GATC	1	0.17%
GBGT1	1	0.17%
GCHFR	1	0.17%
GCNT7	1	0.17%
GDE1	1	0.17%
GET3	1	0.17%
GFUS	1	0.17%
GGTLC2	1	0.17%
GHRH	1	0.17%
GHRHR	1	0.17%
GHRL	1	0.17%
GIP	1	0.17%
GJB2	1	0.17%
GJB5	1	0.17%
GLOD5	1	0.17%
GLYATL3	1	0.17%
GNG13	1	0.17%
GNG2	1	0.17%
GNRH2	1	0.17%
GOLGA8A	1	0.17%
GOLGA8G	1	0.17%
GPATCH4	1	0.17%
GPHA2	1	0.17%
GPIHBP1	1	0.17%
GPM6B	1	0.17%
GPR137C	1	0.17%
GRAP	1	0.17%
GSC2	1	0.17%
GSDMD	1	0.17%
GSKIP	1	0.17%
GSPT1	1	0.17%
GSTK1	1	0.17%
GTF2A1L	1	0.17%
GTF2A2	1	0.17%
GTF2F2	1	0.17%
GTF2H5	1	0.17%
GUCA2A	1	0.17%
GUCD1	1	0.17%
GUK1	1	0.17%
H2AC8	1	0.17%
H2AP	1	0.17%
H2AZ2	1	0.17%
H2BC10	1	0.17%
H2BC17	1	0.17%
H2BC9	1	0.17%
H2BU1	1	0.17%
H3-3A	1	0.17%
H3C10	1	0.17%
HBG1	1	0.17%
HBM	1	0.17%
HCAR1	1	0.17%
HERC3	1	0.17%
HES4	1	0.17%
HES6	1	0.17%
HES7	1	0.17%
HIGD1A	1	0.17%
HIGD1C	1	0.17%
HIKESHI	1	0.17%
HLA-DQA1	1	0.17%
HLA-DRB1	1	0.17%
HLA-DRB5	1	0.17%
HMGA1	1	0.17%
HMGN4	1	0.17%
HOPX	1	0.17%
HOXB8	1	0.17%
HPGD	1	0.17%
HPGDS	1	0.17%
HS3ST6	1	0.17%
HSBP1L1	1	0.17%
HSD11B1L	1	0.17%
HSD17B7	1	0.17%
HSFX1	1	0.17%
HSPB1	1	0.17%
HSPB6	1	0.17%
HSPB7	1	0.17%
HSPBP1	1	0.17%
HSPE1-MOB4	1	0.17%
HTN3	1	0.17%
HYPK	1	0.17%
ID1	1	0.17%
ID3	1	0.17%
ID4	1	0.17%
IER3	1	0.17%
IER3IP1	1	0.17%
IER5L	1	0.17%
IFFO2	1	0.17%
IFI27	1	0.17%
IFITM2	1	0.17%
IFITM3	1	0.17%
IFNA1	1	0.17%
IFT20	1	0.17%
IGFL2	1	0.17%
IGHD1-7	1	0.17%
IGHD3-22	1	0.17%
IGHD3-9	1	0.17%
IGHD5-18	1	0.17%
IGHD6-13	1	0.17%
IGHD6-19	1	0.17%
IGHJ4	1	0.17%
IGHV1-3	1	0.17%
IGHV2-26	1	0.17%
IGHV2OR16-5	1	0.17%
IGHV3-13	1	0.17%
IGHV3-73	1	0.17%
IGHV6-1	1	0.17%
IGIP	1	0.17%
IGKJ1	1	0.17%
IGKV1-16	1	0.17%
IGKV1-6	1	0.17%
IGKV1D-12	1	0.17%
IGKV1D-17	1	0.17%
IGKV2-30	1	0.17%
IGKV3-7	1	0.17%
IGKV5-2	1	0.17%
IGKV6-21	1	0.17%
IGLC2	1	0.17%
IGLC7	1	0.17%
IGLJ3	1	0.17%
IGLL5	1	0.17%
IGLV1-36	1	0.17%
IGLV1-40	1	0.17%
IGLV3-22	1	0.17%
IGLV4-3	1	0.17%
IGLV4-60	1	0.17%
IGLV4-69	1	0.17%
IGLV5-37	1	0.17%
IGLV5-48	1	0.17%
IL13	1	0.17%
IL17B	1	0.17%
IL17C	1	0.17%
IL34	1	0.17%
IL36A	1	0.17%
IL36RN	1	0.17%
IL5	1	0.17%
IMMP1L	1	0.17%
INSL4	1	0.17%
INSM1	1	0.17%
IQCC	1	0.17%
IQCJ	1	0.17%
IRF2BP1	1	0.17%
IRGM	1	0.17%
ISCU	1	0.17%
ISOC2	1	0.17%
ISX	1	0.17%
IZUMO4	1	0.17%
JAGN1	1	0.17%
JMJD7	1	0.17%
JOSD2	1	0.17%
JPT1	1	0.17%
JUND	1	0.17%
KBTBD13	1	0.17%
KCNA7	1	0.17%
KCNN4	1	0.17%
KIAA1143	1	0.17%
KIAA2012	1	0.17%
KLF16	1	0.17%
KLK10	1	0.17%
KLK2	1	0.17%
KRTAP10-12	1	0.17%
KRTAP12-4	1	0.17%
KRTAP19-2	1	0.17%
KRTAP19-4	1	0.17%
KRTAP19-7	1	0.17%
KRTAP20-4	1	0.17%
KRTAP21-1	1	0.17%
KRTAP21-2	1	0.17%
KRTAP4-7	1	0.17%
KRTAP4-9	1	0.17%
KRTAP5-11	1	0.17%
KRTAP5-4	1	0.17%
KRTAP5-5	1	0.17%
KRTAP9-4	1	0.17%
KRTDAP	1	0.17%
LACTBL1	1	0.17%
LAMTOR3	1	0.17%
LAMTOR4	1	0.17%
LAMTOR5	1	0.17%
LAPTM5	1	0.17%
LASP1	1	0.17%
LCE1B	1	0.17%
LCE3A	1	0.17%
LCE3B	1	0.17%
LCN10	1	0.17%
LCN6	1	0.17%
LCORL	1	0.17%
LDLRAD1	1	0.17%
LECT2	1	0.17%
LEMD2	1	0.17%
LENEP	1	0.17%
LGALS1	1	0.17%
LGALSL	1	0.17%
LHFPL1	1	0.17%
LIF	1	0.17%
LIMS1	1	0.17%
LIN7B	1	0.17%
LINC02843	1	0.17%
LKAAEAR1	1	0.17%
LMAN2L	1	0.17%
LPAL2	1	0.17%
LRATD1	1	0.17%
LRRC20	1	0.17%
LRRC3	1	0.17%
LRRC38	1	0.17%
LRRC75A	1	0.17%
LRRN4CL	1	0.17%
LSM12	1	0.17%
LSM5	1	0.17%
LSM6	1	0.17%
LSM8	1	0.17%
LTA	1	0.17%
LY6E	1	0.17%
LY6H	1	0.17%
LYNX1-SLURP2	1	0.17%
LYPD5	1	0.17%
LYPD8	1	0.17%
LYRM1	1	0.17%
LYRM4	1	0.17%
LYRM9	1	0.17%
LYZ	1	0.17%
MAF1	1	0.17%
MAFF	1	0.17%
MAGEA9	1	0.17%
MAGEA9B	1	0.17%
MAP1LC3B	1	0.17%
MAP3K7CL	1	0.17%
MAVS	1	0.17%
MBD3	1	0.17%
MBD3L2	1	0.17%
MBLAC1	1	0.17%
MBOAT4	1	0.17%
MCEMP1	1	0.17%
MCL1	1	0.17%
MCRIP2	1	0.17%
MEA1	1	0.17%
MED19	1	0.17%
MED20	1	0.17%
MED9	1	0.17%
METRN	1	0.17%
METTL11B	1	0.17%
MFSD3	1	0.17%
MGAT2	1	0.17%
MGST3	1	0.17%
MICA	1	0.17%
MIF	1	0.17%
MILR1	1	0.17%
MIXL1	1	0.17%
MND1	1	0.17%
MOB1A	1	0.17%
MOB1B	1	0.17%
MOBP	1	0.17%
MORN2	1	0.17%
MORN4	1	0.17%
MPC2	1	0.17%
MPST	1	0.17%
MRAS	1	0.17%
MRFAP1	1	0.17%
MRGPRG	1	0.17%
MRPL10	1	0.17%
MRPL21	1	0.17%
MRPL27	1	0.17%
MRPL4	1	0.17%
MRPL41	1	0.17%
MRPL52	1	0.17%
MRPS18A	1	0.17%
MRPS26	1	0.17%
MRPS28	1	0.17%
MRPS34	1	0.17%
MRPS36	1	0.17%
MRTO4	1	0.17%
MSANTD1	1	0.17%
MSRB2	1	0.17%
MT1B	1	0.17%
MT1E	1	0.17%
MT1G	1	0.17%
MTAP	1	0.17%
MTNR1A	1	0.17%
MTPN	1	0.17%
MUC3A	1	0.17%
MUCL1	1	0.17%
MVB12A	1	0.17%
MYDGF	1	0.17%
MYL3	1	0.17%
MZB1	1	0.17%
NABP1	1	0.17%
NAIP	1	0.17%
NANOS1	1	0.17%
NAT1	1	0.17%
NBPF10	1	0.17%
NBPF4	1	0.17%
NBPF6	1	0.17%
NCK1	1	0.17%
NCMAP	1	0.17%
NCR2	1	0.17%
NDUFA5	1	0.17%
NDUFA6	1	0.17%
NDUFA8	1	0.17%
NDUFB2	1	0.17%
NDUFB6	1	0.17%
NDUFC1	1	0.17%
NDUFV3	1	0.17%
NEDD8	1	0.17%
NEMP2	1	0.17%
NEURL1B	1	0.17%
NHLRC4	1	0.17%
NKAIN2	1	0.17%
NKAIN4	1	0.17%
NKX6-3	1	0.17%
NME1	1	0.17%
NME4	1	0.17%
NOCT	1	0.17%
NOP16	1	0.17%
NPB	1	0.17%
NPC2	1	0.17%
NPDC1	1	0.17%
NPFF	1	0.17%
NPIPB7	1	0.17%
NPPC	1	0.17%
NPRL2	1	0.17%
NPS	1	0.17%
NR0B2	1	0.17%
NRGN	1	0.17%
NRTN	1	0.17%
NT5DC4	1	0.17%
NUDT2	1	0.17%
NUDT21	1	0.17%
NUP62CL	1	0.17%
NUPR1	1	0.17%
NUTF2	1	0.17%
NXNL2	1	0.17%
NXPH4	1	0.17%
OAZ3	1	0.17%
OCM2	1	0.17%
ODF3B	1	0.17%
OIP5	1	0.17%
OR10AD1	1	0.17%
OR2A1	1	0.17%
OR2T5	1	0.17%
OR3A2	1	0.17%
OR4F21	1	0.17%
OR56A5	1	0.17%
ORMDL3	1	0.17%
OST4	1	0.17%
OTUD1	1	0.17%
OVCA2	1	0.17%
OXLD1	1	0.17%
PAEP	1	0.17%
PAFAH1B2	1	0.17%
PAGE4	1	0.17%
PAGE5	1	0.17%
PAGR1	1	0.17%
PAIP2	1	0.17%
PAIP2B	1	0.17%
PARL	1	0.17%
PATE4	1	0.17%
PATL2	1	0.17%
PCBD2	1	0.17%
PCP4	1	0.17%
PDE6H	1	0.17%
PDLIM3	1	0.17%
PEBP1	1	0.17%
PECR	1	0.17%
PERM1	1	0.17%
PF4V1	1	0.17%
PFN1	1	0.17%
PFN3	1	0.17%
PGAP2	1	0.17%
PGLS	1	0.17%
PGRMC2	1	0.17%
PHLDA2	1	0.17%
PIGH	1	0.17%
PIGL	1	0.17%
PIGY	1	0.17%
PIN4	1	0.17%
PIRT	1	0.17%
PITX3	1	0.17%
PLA2G12A	1	0.17%
PLA2G12B	1	0.17%
PLA2G2A	1	0.17%
PLAC1	1	0.17%
PLAC8	1	0.17%
PLAC8L1	1	0.17%
PLD4	1	0.17%
PLD6	1	0.17%
PLEKHJ1	1	0.17%
PLET1	1	0.17%
PLGLB1	1	0.17%
PLLP	1	0.17%
PLN	1	0.17%
PMCH	1	0.17%
PMM2	1	0.17%
PMVK	1	0.17%
POLD4	1	0.17%
POLR2G	1	0.17%
POLR2K	1	0.17%
POU5F1B	1	0.17%
POU6F1	1	0.17%
PPIA	1	0.17%
PPIH	1	0.17%
PPP1R11	1	0.17%
PPP1R35	1	0.17%
PPP1R3G	1	0.17%
PPP1R8	1	0.17%
PPP2CA	1	0.17%
PPT1	1	0.17%
PRAF2	1	0.17%
PRAMEF11	1	0.17%
PRDM6	1	0.17%
PRDX3	1	0.17%
PRELID1	1	0.17%
PRH1	1	0.17%
PRM1	1	0.17%
PRR27	1	0.17%
PRR3	1	0.17%
PRR32	1	0.17%
PRR7	1	0.17%
PRRG2	1	0.17%
PRSS45P	1	0.17%
PSMA6	1	0.17%
PSMB10	1	0.17%
PSMB6	1	0.17%
PSMD10	1	0.17%
PSMG3	1	0.17%
PTH2	1	0.17%
PTMA	1	0.17%
PTPRCAP	1	0.17%
PTRH2	1	0.17%
PTTG2	1	0.17%
PURB	1	0.17%
PUSL1	1	0.17%
PVALB	1	0.17%
PXMP4	1	0.17%
PXT1	1	0.17%
PYDC2	1	0.17%
QDPR	1	0.17%
RAB13	1	0.17%
RAB15	1	0.17%
RAB19	1	0.17%
RAB5B	1	0.17%
RAB5IF	1	0.17%
RABAC1	1	0.17%
RAMAC	1	0.17%
RANGRF	1	0.17%
RAP1B	1	0.17%
RAP2A	1	0.17%
RAP2C	1	0.17%
RAPGEFL1	1	0.17%
RARRES2	1	0.17%
RASA4B	1	0.17%
RAX	1	0.17%
RAX2	1	0.17%
RBM3	1	0.17%
RBMY1A1	1	0.17%
RBMY1J	1	0.17%
RBP1	1	0.17%
RBP5	1	0.17%
RBX1	1	0.17%
RCAN1	1	0.17%
RCAN3	1	0.17%
RDH14	1	0.17%
REG4	1	0.17%
RESP18	1	0.17%
REX1BD	1	0.17%
RFNG	1	0.17%
RFPL4A	1	0.17%
RGPD8	1	0.17%
RHOF	1	0.17%
RIIAD1	1	0.17%
RILPL1	1	0.17%
RIMBP3B	1	0.17%
RIPPLY3	1	0.17%
RMI2	1	0.17%
RNASE13	1	0.17%
RNASE8	1	0.17%
RNASEH1	1	0.17%
RNASEK-C17orf49	1	0.17%
RNF11	1	0.17%
RNF114	1	0.17%
RNF144B	1	0.17%
RNF185	1	0.17%
RNF186	1	0.17%
RNF38	1	0.17%
RNF4	1	0.17%
RNF5	1	0.17%
RNPC3	1	0.17%
ROGDI	1	0.17%
RPA3	1	0.17%
RPEL1	1	0.17%
RPL15	1	0.17%
RPL23	1	0.17%
RPL26L1	1	0.17%
RPL27A	1	0.17%
RPL37	1	0.17%
RPL39L	1	0.17%
RPL7A	1	0.17%
RPLP0	1	0.17%
RPLP1	1	0.17%
RPP21	1	0.17%
RPP25	1	0.17%
RPS12	1	0.17%
RPS15	1	0.17%
RPS16	1	0.17%
RPS18	1	0.17%
RPS19	1	0.17%
RPS19BP1	1	0.17%
RPS20	1	0.17%
RPS21	1	0.17%
RPS25	1	0.17%
RPS26	1	0.17%
RPS27L	1	0.17%
RPS28	1	0.17%
RPS3A	1	0.17%
RPS8	1	0.17%
RRAGA	1	0.17%
RSL24D1	1	0.17%
RTL6	1	0.17%
RWDD2A	1	0.17%
S100A1	1	0.17%
S100A13	1	0.17%
S100A14	1	0.17%
S100A5	1	0.17%
S100P	1	0.17%
SAMD13	1	0.17%
SARM1	1	0.17%
SARNP	1	0.17%
SBDS	1	0.17%
SCGB1A1	1	0.17%
SCGB3A1	1	0.17%
SCRT2	1	0.17%
SDC4	1	0.17%
SDCBP	1	0.17%
SDF2L1	1	0.17%
SDHAF1	1	0.17%
SEC22B	1	0.17%
SEC61G	1	0.17%
SEH1L	1	0.17%
SELENOH	1	0.17%
SELENOW	1	0.17%
SEM1	1	0.17%
SERF1B	1	0.17%
SERHL2	1	0.17%
SERP1	1	0.17%
SF3B5	1	0.17%
SFTA2	1	0.17%
SH2D1A	1	0.17%
SH2D7	1	0.17%
SH3BGR	1	0.17%
SHISA7	1	0.17%
SHISA9	1	0.17%
SHISAL2A	1	0.17%
SIAH1	1	0.17%
SIKE1	1	0.17%
SIVA1	1	0.17%
SIX3	1	0.17%
SKA2	1	0.17%
SLC25A21	1	0.17%
SLC25A27	1	0.17%
SLC25A29	1	0.17%
SLC25A38	1	0.17%
SLC2A4RG	1	0.17%
SLC31A1	1	0.17%
SLC35A4	1	0.17%
SLC35C1	1	0.17%
SLC35E2B	1	0.17%
SLC35F2	1	0.17%
SLC51B	1	0.17%
SLC7A6OS	1	0.17%
SLIRP	1	0.17%
SLN	1	0.17%
SLX1A	1	0.17%
SMCP	1	0.17%
SMIM10	1	0.17%
SMIM2	1	0.17%
SMIM29	1	0.17%
SNAI3	1	0.17%
SNAP23	1	0.17%
SNAP29	1	0.17%
SNAPC5	1	0.17%
SNCG	1	0.17%
SNN	1	0.17%
SNRPC	1	0.17%
SNRPG	1	0.17%
SOD1	1	0.17%
SOX12	1	0.17%
SPAG11B	1	0.17%
SPAG7	1	0.17%
SPANXN1	1	0.17%
SPANXN5	1	0.17%
SPATA12	1	0.17%
SPATA3	1	0.17%
SPATA31A6	1	0.17%
SPATA31A7	1	0.17%
SPATA31D3	1	0.17%
SPATA33	1	0.17%
SPATA45	1	0.17%
SPCS2	1	0.17%
SPDYE4	1	0.17%
SPIN4	1	0.17%
SPINK6	1	0.17%
SPRR1A	1	0.17%
SPRR2B	1	0.17%
SPRR2D	1	0.17%
SPRR2G	1	0.17%
SRARP	1	0.17%
SRM	1	0.17%
SRP14	1	0.17%
SRXN1	1	0.17%
SSNA1	1	0.17%
SSR4	1	0.17%
SSTR5	1	0.17%
SSX1	1	0.17%
SSX2	1	0.17%
SSX4	1	0.17%
ST20	1	0.17%
ST3GAL5	1	0.17%
STATH	1	0.17%
STEAP1B	1	0.17%
STMP1	1	0.17%
STPG4	1	0.17%
STUM	1	0.17%
SUMO1	1	0.17%
SURF2	1	0.17%
SVBP	1	0.17%
SWI5	1	0.17%
SYCE1L	1	0.17%
SYCN	1	0.17%
SYNDIG1L	1	0.17%
SYNGR1	1	0.17%
SYNGR3	1	0.17%
SYNJ2BP	1	0.17%
TAFA2	1	0.17%
TBC1D26	1	0.17%
TCAP	1	0.17%
TCEAL7	1	0.17%
TCEAL8	1	0.17%
TCP10L	1	0.17%
TCTEX1D4	1	0.17%
TEX101	1	0.17%
TEX33	1	0.17%
TFAP2E	1	0.17%
TFAP4	1	0.17%
TFF1	1	0.17%
TGFA	1	0.17%
THNSL2	1	0.17%
TIMM10	1	0.17%
TIMM21	1	0.17%
TIMM29	1	0.17%
TIMM8A	1	0.17%
TIMM8B	1	0.17%
TIMM9	1	0.17%
TIMMDC1	1	0.17%
TLCD3A	1	0.17%
TLDC2	1	0.17%
TLE5	1	0.17%
TMED3	1	0.17%
TMED7-TICAM2	1	0.17%
TMEM102	1	0.17%
TMEM107	1	0.17%
TMEM123	1	0.17%
TMEM126B	1	0.17%
TMEM127	1	0.17%
TMEM134	1	0.17%
TMEM14A	1	0.17%
TMEM14B	1	0.17%
TMEM14C	1	0.17%
TMEM158	1	0.17%
TMEM160	1	0.17%
TMEM170A	1	0.17%
TMEM176A	1	0.17%
TMEM179	1	0.17%
TMEM187	1	0.17%
TMEM199	1	0.17%
TMEM204	1	0.17%
TMEM208	1	0.17%
TMEM209	1	0.17%
TMEM213	1	0.17%
TMEM223	1	0.17%
TMEM230	1	0.17%
TMEM231	1	0.17%
TMEM232	1	0.17%
TMEM233	1	0.17%
TMEM234	1	0.17%
TMEM243	1	0.17%
TMEM247	1	0.17%
TMEM251	1	0.17%
TMEM254	1	0.17%
TMEM256	1	0.17%
TMEM258	1	0.17%
TMEM263	1	0.17%
TMEM270	1	0.17%
TMEM40	1	0.17%
TMEM86B	1	0.17%
TMEM89	1	0.17%
TMEM91	1	0.17%
TMIE	1	0.17%
TMSB10	1	0.17%
TMSB15A	1	0.17%
TMSB4X	1	0.17%
TNFAIP8L1	1	0.17%
TNFRSF13C	1	0.17%
TNFRSF4	1	0.17%
TNP1	1	0.17%
TOMM20	1	0.17%
TOMM20L	1	0.17%
TOMM6	1	0.17%
TPGS1	1	0.17%
TPRG1	1	0.17%
TPRN	1	0.17%
TPT1	1	0.17%
TRAC	1	0.17%
TRAJ23	1	0.17%
TRAJ47	1	0.17%
TRAJ49	1	0.17%
TRAPPC1	1	0.17%
TRAPPC6B	1	0.17%
TRAV13-1	1	0.17%
TRAV13-2	1	0.17%
TRAV2	1	0.17%
TRAV21	1	0.17%
TRAV23DV6	1	0.17%
TRAV27	1	0.17%
TRAV4	1	0.17%
TRAV8-6	1	0.17%
TRBV24-1	1	0.17%
TRBV27	1	0.17%
TRBV28	1	0.17%
TRBV3-1	1	0.17%
TRBV5-1	1	0.17%
TRDJ2	1	0.17%
TRDV2	1	0.17%
TREX1	1	0.17%
TRGV4	1	0.17%
TRGV8	1	0.17%
TRGV9	1	0.17%
TRIAP1	1	0.17%
TRIM16	1	0.17%
TRIM39-RPP21	1	0.17%
TRMT112	1	0.17%
TSPAN1	1	0.17%
TSPAN15	1	0.17%
TSPAN16	1	0.17%
TSPAN4	1	0.17%
TSPY2	1	0.17%
TSR2	1	0.17%
TTC1	1	0.17%
TTC36	1	0.17%
U2AF1	1	0.17%
UBALD1	1	0.17%
UBALD2	1	0.17%
UBE2D1	1	0.17%
UBE2D2	1	0.17%
UBE2E3	1	0.17%
UBE2H	1	0.17%
UBE2N	1	0.17%
UBE2QL1	1	0.17%
UBE2S	1	0.17%
UBE2V2	1	0.17%
UBTFL1	1	0.17%
UFM1	1	0.17%
UNC119	1	0.17%
UPK3B	1	0.17%
UQCR10	1	0.17%
USE1	1	0.17%
USP17L1	1	0.17%
USP17L4	1	0.17%
USP27X	1	0.17%
UTS2	1	0.17%
UXT	1	0.17%
VAMP2	1	0.17%
VAT1	1	0.17%
VGLL2	1	0.17%
VMA21	1	0.17%
VOPP1	1	0.17%
VPS37D	1	0.17%
VSNL1	1	0.17%
VTI1B	1	0.17%
VWC2	1	0.17%
WDR12	1	0.17%
WDR83OS	1	0.17%
WFDC1	1	0.17%
WFDC10A	1	0.17%
WFDC11	1	0.17%
WFDC12	1	0.17%
WFDC13	1	0.17%
WFDC9	1	0.17%
XCL1	1	0.17%
XXYLT1	1	0.17%
YAE1	1	0.17%
YJEFN3	1	0.17%
YJU2	1	0.17%
YPEL4	1	0.17%
YRDC	1	0.17%
Z84488.1	1	0.17%
ZCCHC10	1	0.17%
ZCCHC24	1	0.17%
ZDHHC18	1	0.17%
ZG16B	1	0.17%
ZGLP1	1	0.17%
ZNF503	1	0.17%
ZNF511	1	0.17%
ZNF705D	1	0.17%
ZNF706	1	0.17%
ZNF720	1	0.17%
ZNF740	1	0.17%
ZNF747	1	0.17%
ZNF784	1	0.17%
ZNF837	1	0.17%
ZNF853	1	0.17%
ZSCAN23	1	0.17%
ZSCAN32	1	0.17%
ZSWIM7	1	0.17%
