APC	307	125
TP53	234	111
TTN	203	62
KRAS	183	63
PIK3CA	127	22
SYNE1	123	34
MUC16	122	28
FAT4	102	26
RYR2	86	25
ZFHX4	86	17
OBSCN	84	17
DNAH5	81	13
CSMD3	80	17
LRP1B	76	23
PCLO	73	11
FBXW7	71	26
RYR3	71	11
USH2A	70	13
DNAH11	69	18
ABCA13	67	14
CSMD1	66	23
RYR1	66	15
ADGRV1	65	11
FAT3	65	19
NEB	64	15
BRAF	62	5
DST	62	11
RNF43	61	4
SOX9	61	11
DOCK3	60	8
LRP2	60	11
MDN1	60	7
KMT2D	59	7
AMER1	58	13
CACNA1E	58	14
CSMD2	58	10
PCDH15	58	8
SDK1	58	9
DMD	57	12
ARID1A	56	11
ATM	55	15
HMCN1	55	11
KIAA1109	55	8
MUC5B	55	9
SYNE2	55	11
ANK3	54	9
FLG	53	16
HYDIN	53	16
SACS	53	18
ANK2	52	10
TRPS1	52	11
BMPR2	51	2
KMT2B	51	7
SPTA1	51	15
TNXB	51	4
VPS13B	51	8
DNAH10	50	13
DNAH8	50	12
DSCAM	50	6
HERC2	50	7
KMT2C	50	7
XIRP2	50	14
ZFHX3	50	4
ACVR2A	49	8
MYCBP2	49	9
ROBO2	49	12
COL12A1	48	13
COL6A3	48	9
DNAH3	48	8
MACF1	48	10
NBEA	48	15
PCDH17	48	13
UNC13C	48	14
AHNAK2	47	14
CUBN	47	7
SMAD4	47	23
TENM3	47	11
COL5A1	46	3
DNAH2	46	11
FAT2	46	7
FRY	46	8
DNAH17	45	10
DSCAML1	45	6
LAMA2	45	7
LRP1	45	8
NALCN	45	10
NRXN1	45	10
PCDH9	45	8
PRKDC	45	8
TSHZ3	45	7
ZNF536	45	8
DNAH7	44	15
FAT1	44	9
FCGBP	44	8
FLNC	44	4
HECTD4	44	8
LAMA1	44	5
LRRK2	44	11
MXRA5	44	11
NAV3	44	9
NFASC	44	3
RNF213	44	10
BSN	43	8
COL11A1	43	7
DNAH9	43	8
ERBB4	43	12
HECW1	43	12
IGF2R	43	5
PCDH10	43	5
RELN	43	11
SCN1A	43	5
SRCAP	43	8
TENM1	43	13
UNC79	43	6
AKAP9	42	9
ASPM	42	9
DNAH1	42	5
DYNC2H1	42	12
FNDC1	42	8
FREM2	42	13
MUC17	42	8
NIPBL	42	6
TNC	42	5
ZNF831	42	6
CACNA1H	41	4
CHD7	41	4
DYSF	41	10
FRYL	41	8
GRIK2	41	8
PLXNA4	41	4
PTPRT	41	14
TCF7L2	41	14
APOB	40	11
ASH1L	40	9
CDH10	40	3
COL27A1	40	6
COL6A6	40	7
CREBBP	40	7
DCHS1	40	8
GLI3	40	11
PCDH11X	40	10
PDZD2	40	10
PLEC	40	4
RIMS1	40	14
RIMS2	40	6
ROBO1	40	11
AHNAK	39	8
ANKRD11	39	4
ATP10A	39	10
CELSR1	39	4
COL7A1	39	7
FBN3	39	10
FRAS1	39	7
IGSF9B	39	3
KMT2A	39	3
MEGF8	39	7
MTOR	39	2
PKHD1	39	11
PTPRS	39	2
TAF1L	39	8
TECTA	39	7
VCAN	39	11
VWF	39	9
ZDBF2	39	9
ABCA1	38	5
CACNA1A	38	7
CNOT1	38	7
DOCK2	38	12
LAMA5	38	9
LRRIQ1	38	10
PAPPA2	38	9
PXDN	38	9
ROS1	38	7
RP1	38	13
TMEM132D	38	13
TRIO	38	2
ADAMTS2	37	4
BCL9L	37	10
FBN2	37	5
GRIN2A	37	11
MAP2	37	9
MBD6	37	3
MYO15A	37	4
SCN5A	37	8
SCN9A	37	10
SPEG	37	7
SVIL	37	4
TNR	37	8
TRRAP	37	7
VPS13A	37	6
ABCA12	36	11
AKAP12	36	6
BCL9	36	11
BIRC6	36	7
BNC2	36	3
CMYA5	36	10
COL22A1	36	6
FBN1	36	11
MAGEC1	36	7
MAP1B	36	5
MAP3K4	36	5
MYO18B	36	7
PKHD1L1	36	8
TENM2	36	9
A2ML1	35	5
ADAMTS16	35	9
BRWD3	35	5
CNTN6	35	4
CTNNA2	35	6
DYNC1H1	35	8
FN1	35	10
ITPR3	35	2
MYH9	35	3
MYO16	35	4
NAV2	35	4
PCDHA2	35	5
PCDHB8	35	7
RP1L1	35	4
SDK2	35	2
TEX15	35	10
TNS1	35	5
UBR4	35	4
VPS13C	35	7
ZBTB20	35	2
ADGRL3	34	10
BCORL1	34	3
CDH23	34	7
CDH9	34	11
CHD4	34	5
CHD8	34	5
DCC	34	8
EP400	34	7
EVC2	34	4
F8	34	10
HERC1	34	5
HUWE1	34	8
KANSL1	34	4
MINAR1	34	5
MKI67	34	9
MYO3A	34	11
NCKAP5	34	7
NOS1	34	8
PCNT	34	2
PTPRK	34	6
RIF1	34	5
SCN11A	34	9
SPAG17	34	8
SPEF2	34	8
UBR5	34	5
USP34	34	6
ZNF292	34	6
ABCA4	33	5
CACNA1B	33	6
CNTNAP5	33	8
CUX2	33	5
DSEL	33	10
FLNA	33	4
MYH14	33	2
NLRC5	33	1
NRXN2	33	6
OTOGL	33	12
PAPPA	33	7
PCDHA12	33	10
PXDNL	33	9
SCN7A	33	9
TG	33	10
THSD7B	33	8
TRIOBP	33	4
ZNF423	33	4
ADGRL2	32	7
ARAP2	32	4
ARFGEF1	32	5
BCOR	32	3
BRCA2	32	10
CNTNAP4	32	3
EPHA5	32	9
ERICH3	32	5
FHOD3	32	4
FMN2	32	9
GALNT17	32	6
GCN1	32	4
GOLGB1	32	4
KALRN	32	7
KCNB2	32	10
KIF21A	32	6
KIF26B	32	8
LAMA3	32	4
LRRC7	32	11
MAP1A	32	6
NUP205	32	4
PKD1	32	3
PRDM9	32	5
PREX2	32	7
REV3L	32	5
SCN3A	32	8
SETX	32	8
SPEN	32	3
STAB1	32	4
USP9X	32	6
ZNF804B	32	12
ACACB	31	3
ADAMTS20	31	8
ADCY8	31	5
AFF2	31	6
AKAP6	31	10
ALMS1	31	10
ATRX	31	8
CHD6	31	8
CNTNAP2	31	7
DAPK1	31	4
DCAF4L2	31	5
DIDO1	31	4
DLC1	31	7
DMXL2	31	7
EPG5	31	6
EPHA3	31	4
FAM47C	31	8
HELZ2	31	2
ITPR1	31	6
LARP4B	31	2
MIDEAS	31	3
MYH2	31	7
NCOR2	31	3
PCDHA8	31	5
PEG3	31	12
SCN2A	31	6
SLITRK1	31	9
SPTB	31	6
SPTBN1	31	2
SVEP1	31	8
TCERG1	31	4
TIAM1	31	9
TNRC6B	31	6
ACACA	30	6
ADAMTSL3	30	6
ADGRG4	30	10
ALK	30	3
ARID2	30	6
CACNA1C	30	5
CENPF	30	8
CHD9	30	7
COL4A1	30	4
CPAMD8	30	6
DISP3	30	5
DLG2	30	7
FASN	30	2
FLNB	30	2
GPR179	30	6
GTF3C1	30	5
HSPG2	30	3
LPA	30	8
LYST	30	5
MED12	30	7
MGA	30	8
MYH7	30	5
MYH8	30	5
MYO5A	30	5
PCDH18	30	7
PLXNA1	30	4
PLXND1	30	7
PRUNE2	30	5
PTPRZ1	30	9
RIMBP2	30	6
SCN4A	30	7
SFMBT2	30	4
SPHKAP	30	8
TEAD2	30	0
TRIP12	30	6
UTRN	30	9
YLPM1	30	6
ACAN	29	7
ADAMTSL1	29	4
ADGRB3	29	8
AKAP13	29	4
CACNA1G	29	3
CARD11	29	9
CDK12	29	5
CELSR2	29	5
CEP290	29	8
CIC	29	2
COL14A1	29	5
COL4A4	29	3
CTNNB1	29	6
CUL9	29	6
DMXL1	29	9
DOCK5	29	6
DOCK8	29	5
FAM135B	29	8
FLT4	29	3
GPR158	29	9
IGSF10	29	7
KCNA4	29	8
LAMA4	29	4
LTBP2	29	2
MGAM	29	5
MTUS2	29	4
NOTCH3	29	5
NUGGC	29	4
PKDREJ	29	6
POLE	29	6
RGS12	29	0
SALL1	29	9
SIPA1L1	29	4
SLIT1	29	4
TCF20	29	4
TCHH	29	5
THSD7A	29	6
TRPC4	29	9
ZC3H13	29	7
ATG2A	28	3
CACNA1D	28	3
CACNA1F	28	6
CADPS	28	6
CDH18	28	5
CHD3	28	3
COL18A1	28	3
COL1A2	28	6
DLGAP2	28	3
GREB1	28	6
GRM5	28	5
IRS4	28	5
ITPR2	28	6
KCNH7	28	7
KIAA1217	28	5
MED12L	28	7
MTCL1	28	3
MYH13	28	5
MYH6	28	6
MYO7A	28	5
NBEAL2	28	4
NLRP7	28	7
NPAP1	28	6
PCDHB7	28	6
PKD1L1	28	7
PLCG2	28	7
PLXNB1	28	1
PLXNB3	28	4
POLQ	28	7
PTPRC	28	10
RANBP2	28	6
SRRM2	28	3
TRPM3	28	7
TULP4	28	5
USF3	28	6
WDFY3	28	6
XYLT2	28	1
ABCA2	27	5
ADAMTS12	27	7
ADAMTS9	27	6
ANK1	27	9
ARID1B	27	4
AXIN2	27	5
BRINP3	27	5
C3	27	4
CDH2	27	5
CEP170	27	8
CFH	27	5
CHD5	27	6
CHL1	27	4
CLUH	27	1
COL5A2	27	8
DENND4B	27	4
DOP1A	27	3
GRIA1	27	5
GRIA2	27	8
HRNR	27	7
KATNIP	27	4
KIAA1549	27	3
LAMC3	27	2
MIA3	27	4
MPDZ	27	7
NCOR1	27	5
NEXMIF	27	7
NSD1	27	6
PCDHB2	27	5
PCDHGA5	27	2
PTEN	27	8
PTPN13	27	8
RPL22	27	1
SCAF4	27	4
SHANK1	27	6
SHPRH	27	7
STAB2	27	6
SYCP2	27	6
TANC2	27	3
TENM4	27	8
TET3	27	3
TRHDE	27	5
UGGT2	27	7
VPS13D	27	6
YTHDC2	27	3
ZAN	27	5
ZC3H18	27	5
ZNF804A	27	6
ACVR1B	26	2
ASCC3	26	4
ATG2B	26	6
BDP1	26	3
BICRA	26	2
BOD1L1	26	10
CCDC73	26	7
CD93	26	4
CDH8	26	9
CFAP65	26	3
DCLK1	26	6
DIP2B	26	4
DLGAP3	26	3
DSP	26	4
ELOA2	26	3
EP300	26	7
FER1L6	26	7
FILIP1	26	7
FSIP2	26	4
FSTL5	26	6
GABRA5	26	7
GRIK3	26	6
GRM7	26	9
HDAC9	26	9
KCNB1	26	4
KCNH1	26	4
KSR2	26	3
MARF1	26	2
MECOM	26	4
MYLK	26	5
NF1	26	9
PCDH19	26	10
PCDH7	26	1
PCDHA13	26	10
PCDHA3	26	5
PHF20L1	26	3
POLD1	26	3
PPL	26	1
SEC16A	26	0
SETBP1	26	5
SMARCAD1	26	6
SOGA3	26	5
SORCS1	26	11
TET1	26	8
TNN	26	6
TOGARAM2	26	3
TRPM6	26	8
UTP20	26	3
ZNF318	26	4
ZNF518A	26	7
ZNF835	26	3
ABCA7	25	3
ABCC1	25	6
ADAMTS5	25	4
ADCY5	25	2
ALPK2	25	5
AMOTL1	25	5
ARHGAP21	25	8
ARHGAP31	25	2
ARHGAP35	25	4
ASTN1	25	10
ASXL1	25	4
CALD1	25	7
CASZ1	25	5
CDH11	25	2
CDH4	25	5
CDON	25	5
CHD1	25	4
COL4A5	25	6
DIP2C	25	3
EIF3A	25	4
EML5	25	5
ENAM	25	8
EPB41L3	25	3
FRMD4A	25	1
GRIK4	25	1
GRM1	25	5
GRM6	25	2
HCN4	25	3
HECW2	25	7
HLA-B	25	1
HNRNPL	25	2
ICE1	25	8
KDM6B	25	1
KIDINS220	25	4
KIF1A	25	7
KIF26A	25	0
KNL1	25	5
MAP7D1	25	1
MON2	25	4
MRC1	25	6
MUC4	25	4
MYH11	25	8
NES	25	4
NOL6	25	1
NRAP	25	5
NYAP2	25	9
PCDHA11	25	7
PCDHA7	25	4
PIK3C2G	25	4
PLXNB2	25	4
PPFIA2	25	6
PTPN14	25	6
RALGAPA1	25	4
SBF1	25	1
SLC4A3	25	8
SLIT3	25	3
SMARCA4	25	5
SMC2	25	3
SPTBN2	25	7
STAG1	25	3
THBS2	25	4
TNKS2	25	5
TNRC6C	25	1
TOP2B	25	4
TPO	25	6
TRPA1	25	4
TRPC3	25	4
TRPM2	25	3
TTK	25	5
USP35	25	2
WDR17	25	6
WWC3	25	5
ZFYVE26	25	7
ABCB1	24	6
ADAMTS18	24	10
ADCY2	24	9
ADGRB1	24	9
AFF3	24	4
ARHGAP20	24	3
ARHGAP5	24	5
ATAD5	24	4
ATP8A2	24	6
BAHCC1	24	2
BAZ1A	24	3
BIVM-ERCC5	24	5
BLM	24	4
CACHD1	24	6
CACNA2D3	24	9
CAD	24	3
CEP162	24	3
COL4A6	24	1
CROCC	24	3
CTNNA1	24	3
CTNNA3	24	3
DAAM2	24	9
DDX60L	24	5
DIP2A	24	2
DOCK1	24	5
DOCK10	24	7
DOCK11	24	5
FANCM	24	6
FLRT2	24	9
GSE1	24	3
HIVEP2	24	6
HTT	24	4
KCNA5	24	5
KDM2B	24	5
KDR	24	7
KIAA1549L	24	5
KIF13A	24	2
LCOR	24	4
LRFN5	24	6
LRRK1	24	6
MAP2K4	24	6
MCF2	24	5
MSH6	24	6
MYH15	24	5
NCAM1	24	6
NCAPD3	24	2
NLGN4X	24	6
NOS3	24	2
NPHS1	24	5
NRK	24	8
NUP98	24	3
OSMR	24	2
PCDHA1	24	3
PCDHA4	24	6
PCDHB9	24	3
PDGFRA	24	4
PDS5B	24	3
PHF2	24	2
PIKFYVE	24	6
PLCE1	24	6
PLEKHA6	24	2
PLXNA2	24	5
PRDM10	24	2
PREX1	24	6
PRPF8	24	3
PRR12	24	2
PTCH1	24	3
PTPRM	24	10
RGS22	24	7
SETD2	24	8
SPECC1	24	4
SULF1	24	7
SZT2	24	7
TMEM132B	24	5
TSHZ2	24	8
USP24	24	4
WNK2	24	1
WNK3	24	7
XIRP1	24	3
ZNF462	24	6
ZNF646	24	5
A2M	23	7
ABCA3	23	3
ADCY1	23	6
ADGRB2	23	2
AHDC1	23	1
AKAP11	23	3
ALS2	23	3
ANKHD1-EIF4EBP3	23	6
ARFGEF2	23	5
ARMC4	23	5
ASTN2	23	10
ATP2B3	23	4
B2M	23	5
BRWD1	23	6
CACNA1S	23	6
CACNA2D1	23	4
CAMTA1	23	4
CAMTA2	23	0
CCDC88A	23	7
CD163	23	5
CDH12	23	9
CELSR3	23	4
CHRM2	23	4
CKAP5	23	3
CNTLN	23	4
CNTN1	23	5
CNTN4	23	6
CNTN5	23	6
CNTRL	23	2
COL19A1	23	4
COL2A1	23	2
CUX1	23	4
DNAJC13	23	5
DOCK4	23	8
DPP6	23	2
ESPL1	23	0
FREM1	23	6
FRMPD1	23	10
GLI1	23	4
GRIK5	23	3
HCFC1	23	2
HDLBP	23	6
HEATR5B	23	6
HFM1	23	5
INSRR	23	4
IRS1	23	5
KCNQ2	23	2
KCNQ3	23	6
KCNQ5	23	7
KMT2E	23	5
LCT	23	5
LIFR	23	7
LMO7	23	4
LTBP4	23	3
MAGI2	23	7
MDGA2	23	5
MED13	23	6
MUC6	23	6
MYO9A	23	5
NBAS	23	8
NID2	23	6
NUP210L	23	3
PCDHA5	23	8
PCDHA6	23	10
PCDHA9	23	8
PCDHGA2	23	6
PCDHGA6	23	4
PCDHGA8	23	8
PCF11	23	5
PCNX1	23	4
PHIP	23	9
PIK3R1	23	8
PLXNA3	23	6
PPP1R3A	23	4
PTPRU	23	8
RALGAPB	23	5
RASGRF1	23	4
RNF17	23	4
ROCK1	23	8
SAGE1	23	5
SAMD9	23	5
SAMD9L	23	7
SCAF11	23	3
SCN10A	23	5
SCN8A	23	4
SEMA5B	23	4
SLC4A7	23	3
SLIT2	23	7
SLITRK2	23	7
SMC1B	23	6
SMCHD1	23	5
SPG11	23	5
STK31	23	5
TACC2	23	5
TEP1	23	5
TLE4	23	4
TPTE	23	4
TUBA3C	23	3
ULK2	23	3
UNC13A	23	3
UNC5C	23	3
USP7	23	4
VWA8	23	7
ABCA6	22	6
ABI3BP	22	3
ADAM7	22	2
ADAMTS17	22	1
ADCY9	22	4
ADGRL1	22	3
ALPK3	22	2
ANKRD12	22	6
AP2A2	22	2
AR	22	4
ARHGEF10	22	4
ARHGEF17	22	2
ARHGEF26	22	3
ATP6V1B1	22	4
ATP8B2	22	5
AUTS2	22	6
BNC1	22	4
BOC	22	1
BPTF	22	6
BTBD11	22	3
CDC42BPA	22	5
CDC42BPB	22	1
CDK5RAP2	22	4
CEP192	22	3
CFAP251	22	3
CFAP43	22	6
CIITA	22	5
CLIP1	22	2
COL1A1	22	1
COL3A1	22	4
CPS1	22	5
CRACD	22	5
CRYBG3	22	4
CTR9	22	4
CTTNBP2	22	5
DCDC1	22	6
DENND5A	22	3
DISP1	22	8
DMBT1	22	4
DOCK9	22	8
DUOX2	22	2
EFCAB5	22	5
ELMO1	22	4
EPHA6	22	6
EPHB1	22	8
ERBB3	22	6
EYS	22	5
FAM47B	22	5
FBXL7	22	6
FLG2	22	5
FRMPD3	22	5
GRID1	22	3
HEATR1	22	6
IFT172	22	4
ITIH2	22	4
ITIH6	22	5
ITSN1	22	6
JMJD1C	22	8
KCNMA1	22	4
KDM3B	22	4
KLHL4	22	5
LRFN2	22	1
MAGEE1	22	2
MBD5	22	5
MYO18A	22	5
MYO7B	22	4
MYPN	22	4
NCAM2	22	9
NINL	22	6
NLRP1	22	2
NOTCH1	22	2
NRG1	22	2
NRIP1	22	3
NYNRIN	22	3
OCA2	22	3
OTOF	22	2
PCDHGA12	22	3
PCDHGA7	22	3
PCDHGB3	22	8
PIK3CG	22	6
PLG	22	5
POLRMT	22	3
POSTN	22	4
PRDM2	22	5
PRKD1	22	6
RET	22	5
ROBO3	22	3
SCAPER	22	7
SETD1A	22	1
SF3B1	22	2
SGSM1	22	2
SIGLEC1	22	7
SLC12A5	22	3
SLC8A2	22	2
SMAD2	22	7
SNX13	22	5
SORBS2	22	4
SRGAP1	22	1
TNRC18	22	3
TOGARAM1	22	3
TP53BP1	22	6
TRANK1	22	6
TSPOAP1	22	2
USP28	22	6
XPO4	22	3
ZMYND8	22	3
ZNF407	22	5
ZNF521	22	10
ABCA10	21	7
ABCA5	21	5
ABCB11	21	5
ADAMTS10	21	3
AGRN	21	2
ANKRD30A	21	6
APBA2	21	3
ARAP1	21	3
ARAP3	21	5
ARHGAP22	21	1
ARHGAP36	21	4
ATP12A	21	4
ATP1A2	21	1
ATP2A1	21	5
ATR	21	5
BRD3	21	3
BRINP1	21	5
C8B	21	5
CABIN1	21	4
CACNA1I	21	5
CAMSAP1	21	3
CCDC180	21	4
CCDC39	21	3
CENPE	21	6
CFAP47	21	8
CHD2	21	6
CHRD	21	5
CLASP1	21	3
COL11A2	21	4
CR1	21	4
CTNND2	21	7
DAB2IP	21	2
DICER1	21	4
DLEC1	21	1
DOP1B	21	3
DPP10	21	11
DROSHA	21	2
ERC2	21	3
EVC	21	2
EXPH5	21	5
FAM193A	21	3
FAM47A	21	7
FPGT-TNNI3K	21	4
GLUD2	21	4
GPRASP1	21	3
GRID2	21	3
HCN1	21	5
IGSF1	21	7
INPPL1	21	2
IQCA1	21	2
ITGAL	21	3
ITSN2	21	2
JAKMIP2	21	6
JCAD	21	4
KCNA1	21	1
KCNT2	21	8
KIAA1755	21	6
KIAA2026	21	5
KIF13B	21	4
KIF1B	21	3
KIF21B	21	2
KIRREL3	21	2
KIT	21	5
LAMB4	21	7
LRRIQ3	21	9
MAGI1	21	6
MAST2	21	2
MLH3	21	6
MROH2B	21	3
MRTFA	21	2
MYH1	21	4
MYH3	21	6
MYH7B	21	6
MYO1F	21	2
MYO9B	21	2
MYOF	21	7
MYOM2	21	8
MYT1L	21	4
N4BP2	21	5
NBEAL1	21	4
NCKAP5L	21	1
NID1	21	5
NLRP2	21	1
NLRP4	21	3
NOTCH2	21	5
NRAS	21	15
NRXN3	21	5
NUMA1	21	5
NUP214	21	4
OPLAH	21	2
PAM	21	4
PARD3B	21	3
PARP14	21	5
PASK	21	2
PBRM1	21	3
PCDHB4	21	2
PCDHGB4	21	1
PCSK5	21	2
PDGFRB	21	4
PHF3	21	6
PIGO	21	3
PLA2R1	21	3
PLPPR4	21	4
PPP6R2	21	3
PRKCG	21	6
PRRC2A	21	3
PRRC2C	21	6
PTPRD	21	6
RADIL	21	5
RAI1	21	0
RXFP3	21	1
SALL4	21	1
SH3PXD2A	21	2
SMTN	21	1
SPATA31E1	21	6
SRGAP3	21	3
SUPT16H	21	3
SV2C	21	2
TANC1	21	3
TIAM2	21	5
TLL1	21	5
TMEM131	21	2
TMPRSS15	21	6
TNIK	21	8
TNRC6A	21	7
TUT7	21	4
UHRF1BP1L	21	3
VIRMA	21	6
WDR7	21	4
WNK1	21	4
WNK4	21	0
WWP1	21	5
ZEB2	21	10
ZMYM2	21	5
ZMYM4	21	2
ZNF208	21	7
ZNF808	21	3
ZNF862	21	2
ZNFX1	21	5
ABCA8	20	7
ABCA9	20	7
ABCB4	20	5
ABCB5	20	8
ABCC12	20	4
ACIN1	20	4
ADAM29	20	4
APBB1	20	3
APLP1	20	2
ARFGEF3	20	4
ARHGEF11	20	3
ATAD2B	20	6
ATP13A3	20	3
ATP2B2	20	6
ATP7A	20	1
C2orf16	20	4
CARMIL1	20	2
CARMIL3	20	4
CCDC178	20	7
CD109	20	7
CHST15	20	4
CLSTN1	20	1
CLSTN2	20	5
COBL	20	3
COL15A1	20	3
COL4A2	20	2
COL5A3	20	4
COL6A2	20	3
CYLC1	20	9
DCAF12L2	20	8
DHX30	20	3
DHX9	20	4
DNHD1	20	5
DNM3	20	4
DSPP	20	7
ECM2	20	2
EIF2AK4	20	2
EPRS1	20	4
FGD6	20	5
FYB1	20	5
GIGYF1	20	0
GRIA4	20	6
GRM8	20	6
GUCY1A1	20	6
HECTD1	20	6
HIRA	20	3
IFI16	20	2
IGSF9	20	3
ITGA7	20	1
JPH3	20	2
KCNH3	20	3
KCNH5	20	7
KDM5A	20	5
KIF4B	20	5
KLHL34	20	1
KNTC1	20	3
LAMB1	20	5
LRRN3	20	7
MAGEL2	20	3
MAP3K1	20	3
MAP3K21	20	10
MAST4	20	5
MCC	20	5
MEGF6	20	6
MICAL2	20	3
MICAL3	20	4
MROH1	20	2
MUC2	20	1
MVK	20	1
MYO10	20	6
MYT1	20	4
NAV1	20	3
NCOA2	20	3
NCOA6	20	2
NLRP5	20	5
NOVA1	20	5
NRCAM	20	4
NTRK3	20	4
NUAK1	20	0
NUP210	20	3
PAX6	20	2
PCDH12	20	2
PCDHB12	20	5
PCDHB3	20	6
PCDHB5	20	7
PCDHB6	20	7
PCDHGB1	20	2
PCDHGB5	20	3
PCNX2	20	5
PDZRN4	20	7
PIK3C2B	20	4
PLCH1	20	5
PLEKHG4B	20	9
PPFIA4	20	4
PPRC1	20	4
PRTG	20	7
PTPRB	20	3
RAD51AP2	20	6
RAPGEF2	20	5
RBM15	20	6
REST	20	3
RFX7	20	4
RPGRIP1L	20	3
RPS6KA2	20	5
SALL2	20	1
SEZ6L	20	4
SHANK2	20	1
SLC24A2	20	3
SLC8A1	20	5
SLITRK5	20	14
SLITRK6	20	5
SLX4	20	4
SMAD3	20	5
SMARCA2	20	4
SP140	20	2
SPART	20	9
SPATA31D1	20	5
SPTAN1	20	7
SRCIN1	20	3
ST6GAL2	20	2
SUPT6H	20	1
TAF1	20	4
TAS1R2	20	5
TLN1	20	3
TMEM94	20	4
TPR	20	4
TRAPPC8	20	4
TRIP11	20	9
TRPC5	20	2
TRPM1	20	5
TRPM8	20	6
TUT4	20	5
XRN1	20	6
ZBED9	20	9
ZMYM6	20	1
ZNF142	20	2
ZNF609	20	4
ABCC5	19	4
ABCC8	19	6
ADAM12	19	5
ADAMTS1	19	3
ADAMTS13	19	1
ADAMTS7	19	2
AFDN	19	5
AFF4	19	3
AGL	19	2
AHCTF1	19	4
ARHGAP33	19	1
ARHGEF40	19	1
ATAD2	19	4
ATP10D	19	0
ATP1A4	19	4
ATP2B4	19	4
ATP8B1	19	8
BACH2	19	3
BRD1	19	4
BRD4	19	1
BRPF3	19	3
BTAF1	19	5
C6	19	5
CDH6	19	4
CENPJ	19	5
CEP250	19	5
CEP350	19	5
CLCN4	19	6
CNGB1	19	1
COL6A1	19	6
CPSF1	19	2
CRMP1	19	6
CSPG4	19	2
DDX58	19	2
DNMBP	19	4
DOCK6	19	2
DPYD	19	6
ERCC6	19	4
FAM214A	19	5
FANCA	19	2
FKBP15	19	3
FLT1	19	6
FRMPD4	19	6
GABBR1	19	5
GABRG3	19	1
GLIS3	19	6
GNAS	19	3
GOLGA3	19	2
GON4L	19	5
HDAC4	19	1
IMPG1	19	5
ITGA10	19	6
ITGAX	19	6
ITGB4	19	4
JARID2	19	2
KANSL1L	19	3
KAT6B	19	4
KCNC3	19	0
KCND3	19	4
KCNH8	19	7
KDM5B	19	5
KIAA0319L	19	1
LENG8	19	3
LRBA	19	6
LRP4	19	5
LRRCC1	19	6
MAST3	19	4
MCM3AP	19	3
MDGA1	19	3
MEI1	19	2
MROH5	19	1
NEFM	19	3
NEURL4	19	2
NHS	19	3
NLRP13	19	5
NLRP3	19	5
NOD2	19	3
NPHP4	19	4
NTRK2	19	2
OBSL1	19	7
OR6K2	19	3
PCDHB15	19	5
PCDHGA1	19	2
PCDHGA4	19	2
PCM1	19	4
PDE3A	19	4
PDS5A	19	4
PFKP	19	3
PITPNM3	19	3
PIWIL1	19	6
PLCB4	19	4
PLEKHA5	19	1
PLEKHM1	19	3
PLXNC1	19	5
PNISR	19	3
POLR1A	19	5
POU4F2	19	1
PPARGC1A	19	0
PPP1R26	19	0
PRDM16	19	1
PSMD1	19	3
PSME4	19	4
PTK2	19	3
PTPRG	19	2
PZP	19	8
RALGAPA2	19	4
RBM10	19	6
RBP3	19	5
RERE	19	4
RLF	19	5
RPTOR	19	4
RTTN	19	3
RUNX1T1	19	11
SASH1	19	5
SBNO1	19	6
SEMA3D	19	3
SETDB1	19	3
SHROOM3	19	2
SI	19	6
SIN3A	19	7
SLC12A7	19	0
SLC3A2	19	0
SLC44A5	19	2
SMC1A	19	2
SMG1	19	4
SNTG1	19	2
SOHLH2	19	4
SORCS3	19	6
SORL1	19	3
SPTBN4	19	1
STOX2	19	2
STYXL2	19	5
SV2A	19	1
TBC1D9	19	5
THBS1	19	3
TMEM131L	19	6
TMPO	19	6
TNS3	19	6
TRERF1	19	3
TRIM71	19	3
TRO	19	6
TRPC6	19	7
TSSK1B	19	2
TTBK1	19	1
TTC3	19	7
UBE4B	19	8
WHRN	19	1
ZEB1	19	4
ZFP36L2	19	6
ZNF236	19	1
ZNF43	19	5
ZNF658	19	6
ZZEF1	19	5
ABCC4	18	2
ACE	18	3
AGAP1	18	3
AK9	18	2
AL592490.1	18	5
ANKRD26	18	5
ANKRD50	18	6
ANO4	18	6
ARHGAP28	18	2
ARHGEF1	18	2
ARMC3	18	4
ASAP2	18	4
ASXL2	18	5
ASXL3	18	3
ATP9A	18	2
ATRNL1	18	5
ATXN2L	18	4
B4GALNT1	18	1
BTBD7	18	3
C5	18	5
CAMSAP2	18	3
CAND1	18	3
CASKIN2	18	4
CASP8	18	3
CATSPERD	18	2
CC2D1A	18	2
CCDC141	18	6
CCDC158	18	5
CD163L1	18	6
CDC14A	18	5
CECR2	18	4
CEMIP	18	5
CEP85L	18	3
CHRM3	18	2
CKAP2	18	1
CLCA4	18	4
CNGB3	18	4
CNNM1	18	1
COL20A1	18	1
COL24A1	18	8
CRYBG1	18	3
CSF3R	18	4
CTCF	18	4
CUL1	18	3
DCTN1	18	3
DDX17	18	0
DIS3L	18	1
DYNC2I1	18	3
DZIP1L	18	2
E2F7	18	3
EFEMP1	18	2
EIF4G1	18	4
EIF4G3	18	4
ELP1	18	2
EPHA4	18	5
EXOC1	18	2
EXOC6	18	1
F5	18	6
FCRL3	18	6
FCRL5	18	4
FSTL4	18	1
GGT5	18	1
GPATCH8	18	2
GPR149	18	5
GRIN2B	18	4
HDX	18	3
HEATR5A	18	1
HELZ	18	3
HIVEP3	18	6
HSPA2	18	2
INTS1	18	4
IQGAP3	18	2
ITGAD	18	3
ITIH5	18	4
JADE1	18	2
JHY	18	7
KAT6A	18	4
KCND2	18	3
KCNV2	18	5
KIAA0100	18	5
KIAA0586	18	5
KIF2B	18	7
LEPR	18	7
LINGO2	18	8
LRRTM4	18	4
LTBP1	18	4
LVRN	18	7
LZTR1	18	1
MADD	18	4
MAGEC3	18	5
MAP1S	18	2
MAP3K13	18	2
MAP4K4	18	3
MAPK8IP3	18	2
MCHR2	18	3
MCM4	18	3
MGAT3	18	0
MIA2	18	5
MMP9	18	3
MPRIP	18	2
MTTP	18	5
MYOCD	18	5
MYOM1	18	4
NAP1L3	18	4
NCAPG	18	1
NCKAP1L	18	6
NELL2	18	7
NLRP8	18	6
NLRP9	18	2
NOS2	18	2
NPAT	18	4
NRG3	18	5
OTUD4	18	4
OVCH1	18	5
PCARE	18	2
PCDH8	18	1
PCDHB1	18	2
PCDHGA3	18	5
PCDHGB6	18	5
PCDHGB7	18	5
PCNX3	18	3
PEAR1	18	3
PER3	18	1
PHLDB2	18	3
PHLPP1	18	3
PHRF1	18	2
PPP4R4	18	2
PRRC2B	18	6
PSD2	18	6
PTPRN2	18	0
QSER1	18	2
RASGRF2	18	7
RGS3	18	4
RICTOR	18	2
RNF40	18	3
ROR2	18	2
RXFP2	18	6
SAFB2	18	2
SCAF1	18	4
SCAF8	18	4
SEMA3C	18	3
SETD5	18	4
SH3BP4	18	2
SHROOM4	18	4
SIGLEC8	18	4
SIPA1L2	18	6
SLCO1B3	18	3
SLCO6A1	18	7
SNRNP200	18	5
SPTBN5	18	6
SRRM4	18	1
ST18	18	5
STAT1	18	5
STAT5B	18	2
SYCP2L	18	7
TAOK2	18	1
TBC1D25	18	1
TBX3	18	3
TDRD6	18	6
TEK	18	4
TEX14	18	7
TFAP2D	18	2
TGIF1	18	5
TIE1	18	2
TIMELESS	18	1
TJP2	18	2
TMEM132E	18	4
TNKS	18	3
TPP2	18	3
TRAPPC9	18	4
TRDN	18	3
TSC1	18	1
TSHZ1	18	4
TUBGCP3	18	3
UHRF1BP1	18	3
UNC45B	18	3
UNC80	18	4
USP19	18	2
USP48	18	3
VRTN	18	3
WASF3	18	5
WSCD2	18	4
ZBTB40	18	2
ZBTB7C	18	1
ZGRF1	18	4
ZHX2	18	2
ZNF516	18	3
ZNF540	18	5
ZNF91	18	6
ZNF98	18	9
ABL2	17	4
AC011462.1	17	1
ADAMTS4	17	2
AMPH	17	5
ANKIB1	17	2
ANKS1B	17	6
ARHGAP30	17	2
ARHGEF15	17	2
ARPP21	17	7
ATG9B	17	4
ATP10B	17	2
ATP11A	17	0
ATP11C	17	4
ATP13A5	17	5
ATP4A	17	6
ATP8B3	17	0
BAZ2B	17	3
BCHE	17	5
BCL11A	17	1
BEND3	17	1
C10orf90	17	5
CADPS2	17	4
CAMSAP3	17	1
CASP8AP2	17	6
CCDC110	17	5
CCDC80	17	4
CCNA1	17	1
CDC42BPG	17	2
CEP164	17	5
CEP170B	17	1
CFAP54	17	4
CFTR	17	5
CLEC16A	17	5
CNKSR2	17	6
CNTNAP1	17	2
COL17A1	17	2
COL9A1	17	3
COLEC12	17	4
CPED1	17	7
CRB1	17	9
CTNND1	17	4
DAB1	17	3
DDI1	17	3
DDX27	17	3
DDX60	17	1
DENND2C	17	5
DENND5B	17	4
DEPDC5	17	2
DGKD	17	3
DHX15	17	2
DHX34	17	1
DHX38	17	3
DNER	17	5
ECPAS	17	4
EDC4	17	2
EDNRB	17	5
EGFLAM	17	2
EGR2	17	4
EIF2AK1	17	1
EPB41L5	17	2
EPHA2	17	1
EPS8L1	17	1
ERICH6	17	2
ERN2	17	3
ESRP1	17	2
FAM214B	17	1
FAM83B	17	4
FAN1	17	2
FASTKD3	17	4
FBXO10	17	2
FCSK	17	0
FGD1	17	3
FHOD1	17	1
FLCN	17	1
FMNL3	17	5
FOLH1	17	4
FXR1	17	5
FZD10	17	3
GABRG1	17	5
GEMIN5	17	2
GIGYF2	17	6
GOLGA4	17	5
GRM3	17	5
GUF1	17	3
HCFC2	17	3
HEG1	17	5
HGF	17	5
HIF3A	17	2
HIP1R	17	3
HIVEP1	17	4
HPSE2	17	3
HSPA12A	17	1
HTR2C	17	4
IGSF3	17	2
INF2	17	1
INHBA	17	4
INTS2	17	2
IPO11	17	5
IPO8	17	5
IQGAP2	17	5
IRX1	17	3
ITGA8	17	5
ITGB2	17	3
JAK1	17	6
JAKMIP1	17	7
KIAA0319	17	6
KLHL1	17	4
LAMB2	17	5
LHCGR	17	1
LRP5	17	3
LRRC41	17	1
MAP10	17	4
MAP3K5	17	5
MASP1	17	4
MAST1	17	5
MCF2L2	17	7
MDC1	17	5
MED13L	17	2
MME	17	6
MORC1	17	6
MSH2	17	5
MST1R	17	0
MTA2	17	0
MYBPC3	17	1
MYH4	17	5
MYO5C	17	6
NAALAD2	17	2
NCOA1	17	3
NCOA5	17	2
NDST3	17	5
NEDD4	17	3
NEDD9	17	2
NFATC1	17	1
NIN	17	5
NKTR	17	5
NPAS4	17	4
NR4A2	17	3
NUP133	17	4
NWD1	17	7
PAPLN	17	4
PAX3	17	2
PAXIP1	17	4
PCDHB10	17	4
PCDHGA11	17	5
PDE4DIP	17	7
PELP1	17	1
PI4KA	17	10
PIK3R6	17	2
PIP5K1C	17	0
PLCG1	17	2
PLCL2	17	3
PLEKHH2	17	5
PLIN4	17	3
PPP1R9A	17	3
PTBP2	17	2
PTCHD3	17	2
PTPRF	17	2
RAPGEF6	17	5
RBM33	17	4
RFC1	17	5
RFX5	17	1
RNF111	17	3
RNF6	17	3
RPRD2	17	2
RTL9	17	6
SAFB	17	3
SBNO2	17	1
SCRIB	17	2
SCUBE3	17	1
SEC31A	17	2
SFSWAP	17	1
SGO2	17	6
SH3TC1	17	1
SHANK3	17	1
SLC12A6	17	4
SLC26A7	17	3
SLC32A1	17	2
SLC39A10	17	4
SLC9C1	17	5
SLFN13	17	2
SMC4	17	3
SNAP91	17	3
SOS2	17	2
SOX5	17	7
SPINK5	17	4
SRFBP1	17	2
STARD8	17	4
SYNGAP1	17	4
SYNJ2	17	2
SYNPO2	17	5
TASOR2	17	4
TBC1D32	17	5
TBC1D9B	17	2
TBX18	17	3
TGFBR2	17	0
TICRR	17	3
TLN2	17	2
TNKS1BP1	17	0
TRIM46	17	2
TRIM9	17	4
TRPC7	17	6
TRPM7	17	5
TRPV5	17	2
TTF1	17	2
ULK1	17	2
UPF2	17	3
USP29	17	4
USP6	17	3
WDR33	17	9
WDR49	17	2
WDTC1	17	4
XKR4	17	1
ZBBX	17	5
ZBTB41	17	4
ZDHHC8	17	2
ZFR2	17	0
ZNF106	17	4
ZNF334	17	4
ZNF626	17	3
ZNF629	17	1
ZNF644	17	5
ZSCAN20	17	6
AARS2	16	0
ACTA1	16	0
ADAMTSL4	16	4
ADCY10	16	4
ADD3	16	2
ADGRD1	16	3
ADGRG6	16	5
AEBP1	16	3
ANKAR	16	4
ANKRD17	16	4
ANO3	16	3
AP3D1	16	2
ARAF	16	1
ARHGAP32	16	4
ATP2A2	16	3
ATP6V0A4	16	6
AXL	16	2
B4GALNT4	16	1
BCLAF1	16	3
BICC1	16	2
BMP1	16	1
BRIP1	16	4
BRSK1	16	2
C10orf120	16	2
CACNA2D4	16	3
CADM1	16	1
CASP5	16	3
CASR	16	4
CATSPERE	16	3
CBX8	16	0
CC2D2A	16	5
CCAR1	16	2
CCDC28A	16	0
CCDC88C	16	1
CCT8L2	16	4
CDH1	16	3
CDH16	16	3
CDHR3	16	3
CENPC	16	1
CEP112	16	3
CEP120	16	2
CFAP61	16	5
CFAP69	16	4
CGNL1	16	3
CHAT	16	1
CILP	16	3
CIT	16	5
CLCN2	16	1
CLTCL1	16	4
CNKSR1	16	2
COPA	16	3
CORIN	16	4
CPD	16	3
CR2	16	4
CRTC1	16	0
CTC1	16	0
CWF19L2	16	4
CYFIP2	16	3
DENND4A	16	7
DGKB	16	4
DHX29	16	2
DIAPH2	16	3
DIAPH3	16	5
DNMT1	16	6
DNMT3B	16	7
DOCK7	16	5
DUOX1	16	7
EEF1AKMT4-ECE2	16	4
EIF2AK3	16	2
ENC1	16	2
ENTPD4	16	1
EOMES	16	0
EPHA7	16	6
EPHB6	16	4
EVPL	16	3
EXOC4	16	4
EXT1	16	1
FAM184A	16	10
FBH1	16	2
FHDC1	16	4
FIGN	16	6
FILIP1L	16	2
FKBP9	16	1
FOXK1	16	3
G3BP1	16	2
GAA	16	1
GANAB	16	2
GATA3	16	3
GBF1	16	4
GCC2	16	6
GDF5	16	2
GIMAP8	16	2
GJA8	16	7
GLB1L2	16	3
GLDC	16	5
GLG1	16	0
GRIN3A	16	4
GRIP2	16	2
GUCY1A2	16	6
GUCY2F	16	6
HBS1L	16	1
HEPHL1	16	3
HK3	16	4
HLA-A	16	1
HSPA1L	16	1
HTR1A	16	2
IARS2	16	3
IBTK	16	2
IFT140	16	3
IFT80	16	3
IL16	16	2
IL1RAPL2	16	6
INPP4A	16	3
INPP5D	16	5
INSR	16	2
IQSEC1	16	0
IQSEC2	16	1
IRAG1	16	3
ITGA11	16	1
ITGA4	16	7
ITGA5	16	3
ITGAM	16	4
ITGAV	16	5
JAG2	16	1
KAT14	16	2
KAZN	16	1
KCNG1	16	3
KCNU1	16	6
KCTD19	16	2
KCTD3	16	3
KCTD8	16	1
KIF16B	16	5
KIF4A	16	3
KLHL5	16	3
KLHL6	16	1
KNDC1	16	4
LARGE1	16	3
LGR4	16	3
LIG3	16	2
LIPE	16	4
LONRF2	16	3
LRGUK	16	6
LRP12	16	6
LRP6	16	7
LRRN1	16	2
LUZP1	16	1
MAN2A1	16	3
MAP2K7	16	1
MAP3K10	16	2
MAP3K12	16	1
MAP7D3	16	7
MARK2	16	1
MCTP1	16	4
MET	16	3
MGAT4C	16	5
MGAT5	16	1
MGAT5B	16	2
MIER3	16	3
MINK1	16	1
MLH1	16	3
MMS22L	16	4
MN1	16	0
MXRA8	16	0
MYBBP1A	16	0
MYH10	16	4
MYO3B	16	4
NAA25	16	4
NAALADL1	16	2
NCAPD2	16	2
NEK10	16	4
NELL1	16	3
NFATC4	16	4
NFE2L1	16	1
NMUR2	16	4
NOL4	16	5
NPC1	16	3
OAS2	16	4
OGDH	16	2
OGDHL	16	4
OPCML	16	7
OR2M4	16	2
P3H3	16	1
PAK5	16	4
PATJ	16	5
PAXBP1	16	3
PCBP1	16	9
PCDHA10	16	4
PCDHAC1	16	4
PCDHB13	16	8
PEAK1	16	3
PGR	16	3
PHC1	16	2
PLCB1	16	2
PLCB3	16	0
PLK1	16	5
POP1	16	4
PRAM1	16	2
PRDM15	16	3
PRDM5	16	4
PRG4	16	5
PRPF4B	16	1
PTGER3	16	3
PTPN23	16	4
PTPRN	16	4
PYHIN1	16	4
RAB11FIP1	16	1
RAG1	16	3
RAPH1	16	2
RASA1	16	4
RASAL3	16	2
RBBP6	16	6
RBM46	16	3
RELCH	16	1
RESF1	16	6
REV1	16	5
RFTN1	16	1
ROBO4	16	2
RTN1	16	3
SEMA5A	16	3
SEMA6A	16	2
SENP7	16	3
SHOC1	16	4
SIM1	16	5
SLC12A1	16	3
SLC1A6	16	5
SLC4A1	16	3
SLC4A10	16	2
SLC4A11	16	4
SLC6A2	16	3
SLC9C2	16	6
SLFN5	16	4
SMARCA1	16	9
SND1	16	1
SNED1	16	3
SOS1	16	5
SOX6	16	5
SPAG9	16	4
SPON1	16	2
SPPL2B	16	1
SRRM1	16	3
SUPT5H	16	4
SYCP1	16	6
TAOK3	16	1
TBXT	16	3
THOC2	16	8
TMEM168	16	6
TMTC2	16	2
TRIM24	16	5
TRIM3	16	4
TRIM37	16	3
TRPV6	16	5
TTC37	16	3
TTLL5	16	0
TXLNB	16	3
UBA6	16	2
UBN2	16	3
UNC13B	16	3
VAV3	16	4
VPS33A	16	2
VPS50	16	4
WASHC2C	16	2
WDR3	16	0
WDR35	16	5
WDR90	16	1
WIZ	16	1
ZC3H4	16	3
ZFAT	16	5
ZFC3H1	16	4
ZFYVE28	16	0
ZMYM3	16	2
ZNF385D	16	4
ZNF418	16	2
ZNF451	16	5
ZNF512B	16	7
ZNF615	16	4
ZNF99	16	8
AASDH	15	6
AASS	15	7
ABCC11	15	6
ABCC9	15	5
ABL1	15	3
ABR	15	1
AC004922.1	15	2
ACTL9	15	2
ACVR2B	15	3
ADAM8	15	0
ADAMTS3	15	5
ADAMTSL2	15	1
ADAR	15	3
ADGRA3	15	6
ADGRG2	15	4
ADGRL4	15	3
AGBL5	15	3
AGO3	15	1
AGO4	15	3
AGTPBP1	15	4
ALDH1A3	15	2
ALPK1	15	5
ALS2CL	15	1
AMBRA1	15	2
ANKRD44	15	3
ANO5	15	5
AP3B1	15	4
APPL1	15	2
ARHGEF10L	15	3
ARHGEF18	15	3
ARHGEF6	15	3
ARID4A	15	6
ATP1A1	15	2
AXDND1	15	8
BCAS3	15	3
BICDL1	15	1
BRINP2	15	5
C15orf39	15	2
C1R	15	3
C2CD5	15	3
C6orf118	15	3
CARD6	15	2
CASKIN1	15	1
CASS4	15	2
CCDC171	15	5
CCKBR	15	6
CD1E	15	4
CD58	15	3
CDAN1	15	2
CDH19	15	5
CDH22	15	3
CDRT1	15	4
CEP152	15	7
CFAP100	15	2
CFAP45	15	2
CFAP58	15	3
CHST2	15	3
CHSY1	15	0
CLIP2	15	0
CLIP4	15	2
CNBD1	15	5
CNTN3	15	5
CPQ	15	3
CSDE1	15	3
CSF1R	15	0
CYLC2	15	2
CYP7B1	15	4
DDR2	15	4
DDX54	15	1
DENND3	15	7
DENND6A	15	1
DGKI	15	5
DGKZ	15	3
DHX16	15	1
DHX57	15	3
DIAPH1	15	3
DLG5	15	2
DLGAP1	15	3
DNAI4	15	3
DZIP1	15	3
E4F1	15	1
EEA1	15	6
EEF1AKNMT	15	1
EFCAB6	15	8
EHD3	15	4
EIF5B	15	2
EMILIN1	15	2
EMSY	15	2
ENPP2	15	3
EPHA10	15	2
EPPK1	15	2
ERF	15	0
ESR1	15	6
EVI5	15	5
FANCD2	15	3
FBXW10	15	3
FER	15	5
FGFR2	15	4
FLRT1	15	1
FNIP1	15	3
FOXG1	15	3
FURIN	15	1
FYCO1	15	2
GABRA1	15	2
GABRQ	15	3
GAK	15	2
GAPVD1	15	5
GFRA1	15	6
GLRB	15	2
GPR37	15	5
GRIK1	15	2
GUCY1B1	15	2
GUCY2C	15	1
HEATR4	15	3
HELB	15	2
HELQ	15	3
HHIP	15	1
IFFO1	15	0
IGF2BP1	15	3
IL18RAP	15	4
IL1RAPL1	15	5
IL1RL1	15	4
IL7R	15	4
IMPG2	15	5
IQSEC3	15	1
ISLR2	15	1
ITGB8	15	2
ITIH1	15	7
IVL	15	2
JUP	15	2
KANK1	15	4
KCNA3	15	3
KCNH4	15	5
KCNJ3	15	2
KCNJ8	15	2
KCNS2	15	6
KDM2A	15	0
KIAA0825	15	3
KIF17	15	2
KIF20B	15	9
KIFC3	15	3
KPRP	15	2
LINGO1	15	0
LNPEP	15	2
LOXL2	15	2
LRRC66	15	1
MACC1	15	5
MAMLD1	15	3
MAP9	15	3
MARCHF10	15	2
MARK1	15	7
MARK4	15	3
MCF2L	15	2
MED1	15	5
MEIS1	15	2
MIS18BP1	15	5
MOV10L1	15	3
MPO	15	5
MSH3	15	4
MYO1A	15	2
MYO1B	15	4
MYO1E	15	3
NAA15	15	2
NDST4	15	4
NEMF	15	4
NEO1	15	5
NEXN	15	4
NLRC4	15	4
NPC1L1	15	3
NPR2	15	2
NR0B1	15	4
NSD2	15	3
NTNG2	15	1
NUP155	15	4
OR6N1	15	1
OSBPL6	15	7
PARD3	15	3
PC	15	4
PCDHAC2	15	4
PCDHB14	15	2
PCDHGC5	15	4
PCSK1	15	4
PDE1C	15	2
PDE6A	15	3
PDHA2	15	5
PDZD4	15	2
PEX1	15	3
PHLDB1	15	1
PITPNM1	15	1
PKD2L1	15	1
PLA2G6	15	1
PLEKHG1	15	3
PNPLA8	15	2
POGZ	15	5
POLM	15	1
POTEE	15	4
PRKCB	15	7
PROKR1	15	1
PSD	15	3
PTCHD4	15	3
PTGFRN	15	2
PTK2B	15	2
PTPN3	15	2
PYGB	15	0
R3HDM1	15	2
RABGAP1	15	3
RAD54L2	15	2
RAPGEF1	15	2
RASGRP3	15	6
RB1CC1	15	9
RBFOX1	15	3
RBL2	15	2
RFX6	15	3
RIMBP3	15	4
RNF123	15	3
RNF20	15	3
RSF1	15	8
RTN4	15	2
SDHA	15	3
SEL1L3	15	4
SELP	15	4
SGO1	15	3
SH3PXD2B	15	4
SLC12A9	15	2
SLC16A6	15	1
SLC18A3	15	2
SLC24A3	15	2
SLC27A6	15	5
SLC6A15	15	6
SLC9A3	15	0
SLCO2A1	15	3
SLCO5A1	15	4
SLITRK3	15	5
SLITRK4	15	8
SMC5	15	3
SNX29	15	5
SON	15	6
SPAG5	15	1
SPRTN	15	2
SRGAP2	15	1
SSH2	15	2
STAG3	15	7
STON1	15	3
STRIP2	15	1
STS	15	2
SYDE2	15	3
SYMPK	15	1
SYNPO2L	15	0
SYNRG	15	3
TAP2	15	3
TEX10	15	5
TICAM1	15	0
TLR7	15	4
TMF1	15	4
TNK2	15	1
TNPO1	15	3
TNS2	15	1
TOP3A	15	4
TRIM42	15	5
TTC21A	15	2
TTC21B	15	2
TTLL2	15	1
TUBGCP2	15	4
UBE3A	15	3
UBN1	15	3
UNC5B	15	1
UNC5D	15	5
UPF1	15	4
USP15	15	2
USP26	15	2
USP43	15	4
USP44	15	4
UTP4	15	3
VCAM1	15	3
VPS8	15	3
WASL	15	2
WRN	15	4
XDH	15	2
XKR6	15	1
XPO6	15	2
XPR1	15	2
ZBED4	15	1
ZC3H6	15	5
ZDHHC7	15	4
ZFP28	15	3
ZFR	15	6
ZFYVE16	15	3
ZIC4	15	4
ZIM2	15	3
ZNF335	15	2
ZNF366	15	4
ZNF416	15	2
ZNF471	15	6
ZNF585A	15	5
ZNF616	15	3
ZNF619	15	1
ZNF638	15	13
ZNF677	15	5
ZNF7	15	3
ZNF793	15	5
ZSWIM8	15	4
ABCC10	14	2
ABCC3	14	1
ABCD1	14	1
ACSS2	14	1
ADAM18	14	4
ADAM21	14	4
ADAM23	14	3
ADARB1	14	2
ADCY6	14	1
ADGRE5	14	3
ADNP	14	4
ALOX5	14	2
AMER2	14	1
AMPD1	14	6
AMPD2	14	0
ANKRD27	14	1
ANKRD35	14	3
ANKRD52	14	2
ANO2	14	5
ANPEP	14	1
ANXA6	14	2
AP5Z1	14	2
APAF1	14	2
APBA1	14	2
APOBR	14	1
ARHGAP39	14	1
ASIC2	14	3
ASNSD1	14	3
ATP2A3	14	1
ATP8B4	14	7
ATRN	14	2
BANK1	14	5
BAZ2A	14	3
BRPF1	14	2
BUB1	14	2
C2CD3	14	3
C3orf20	14	7
CAND2	14	5
CAPRIN2	14	5
CASD1	14	3
CATSPERB	14	4
CCDC116	14	1
CCDC15	14	3
CCDC88B	14	0
CCDC9B	14	0
CDYL	14	4
CELF4	14	2
CEP126	14	5
CEP128	14	4
CEP135	14	3
CEP78	14	2
CFAP44	14	3
CLASP2	14	3
CLSPN	14	5
CLSTN3	14	3
CLTC	14	5
CNTN2	14	0
CNTNAP3	14	4
COL16A1	14	1
COL21A1	14	5
COL28A1	14	4
CPZ	14	4
CSNK1A1L	14	4
CTNNBL1	14	1
CTSC	14	2
CUL7	14	3
DCAF1	14	4
DCAF12L1	14	2
DCAF5	14	0
DCX	14	4
DDX42	14	1
DHX8	14	3
DIS3L2	14	2
DNAI3	14	4
DOT1L	14	0
DRD5	14	5
DUS4L-BCAP29	14	3
DVL2	14	3
DYNC1I1	14	5
EBF1	14	1
EFCAB13	14	3
EFHB	14	3
EGR1	14	3
EHBP1	14	3
EHD2	14	1
EIF4ENIF1	14	0
EML1	14	5
EML4	14	4
EPB41L1	14	2
EPX	14	2
ERBIN	14	3
ETV1	14	3
ETV6	14	2
EXD3	14	1
EYA4	14	3
F13A1	14	3
F2	14	1
F9	14	2
FAM135A	14	6
FAM151A	14	1
FAM83E	14	2
FAM83H	14	1
FBLN2	14	1
FCHO2	14	3
FER1L5	14	1
FGD5	14	4
FGF13	14	7
FNBP4	14	2
FNDC3B	14	2
FOCAD	14	3
FOXN3	14	1
FSHR	14	7
FYB2	14	3
GABBR2	14	9
GABRA4	14	2
GABRB2	14	4
GABRB3	14	7
GAD1	14	2
GALNT13	14	3
GBP1	14	1
GCNA	14	1
GLI2	14	3
GMEB2	14	2
GP2	14	3
GPSM2	14	1
GRIA3	14	7
GRIP1	14	3
GRM2	14	3
GTF2IRD1	14	2
HDAC5	14	1
HIPK2	14	4
HKDC1	14	2
HNF1A	14	0
HTR7	14	2
IFIH1	14	3
IGDCC4	14	1
IGF1R	14	1
IL18R1	14	5
IPO7	14	1
ITGA6	14	5
ITK	14	4
JAG1	14	3
JRK	14	1
KBTBD6	14	3
KBTBD7	14	3
KCNN3	14	3
KDM4A	14	4
KDM4B	14	3
KDM6A	14	1
KIAA0232	14	6
KIAA1210	14	6
KIF5B	14	4
KIRREL2	14	6
KLKB1	14	2
KMT5B	14	4
KSR1	14	0
KTN1	14	2
LAMC1	14	3
LARS1	14	3
LATS1	14	5
LDB3	14	0
LHX1	14	2
LMTK3	14	4
LNX1	14	2
LOXL3	14	2
LOXL4	14	1
LRIG1	14	1
LRP10	14	1
LRRC49	14	2
LRRTM1	14	2
LTN1	14	4
LY75	14	3
LYN	14	1
LZTS3	14	1
MAD1L1	14	2
MAN2C1	14	2
MAP3K9	14	2
MAP4	14	2
MAPKBP1	14	4
MAPRE3	14	1
MARS1	14	4
MASTL	14	1
MBD1	14	1
MED14	14	1
MEFV	14	3
MELTF	14	0
MEX3B	14	2
MITF	14	6
MKRN3	14	4
MLLT6	14	2
MMP16	14	8
MON1B	14	2
MRC2	14	2
MRGPRX1	14	4
MTMR4	14	0
MTREX	14	3
MYO1G	14	3
MYOM3	14	1
NAA16	14	4
NCOA3	14	5
NDUFS1	14	0
NEDD4L	14	2
NEK1	14	3
NETO1	14	6
NFATC2	14	4
NFRKB	14	2
NISCH	14	1
NLGN3	14	2
NLRC3	14	4
NLRP11	14	6
NLRP14	14	4
NOL4L	14	1
NOL8	14	3
NOM1	14	4
NOMO1	14	3
NOTCH4	14	5
NPAS3	14	3
NRDC	14	2
NSD3	14	2
NUP188	14	5
OLFML2B	14	4
OR1C1	14	2
OR2M2	14	5
OR5T2	14	0
OTOA	14	4
OTUD7B	14	4
PAPOLG	14	5
PCDH11Y	14	4
PCDHGA10	14	3
PCDHGB2	14	6
PCSK7	14	1
PDCD11	14	3
PDE1B	14	3
PDE8B	14	5
PFAS	14	1
PHACTR1	14	1
PHC2	14	2
PHKA2	14	6
PHLPP2	14	2
PKD2	14	3
PKN1	14	2
PKN2	14	5
PKN3	14	0
PLCZ1	14	2
PLD1	14	2
PLEKHG2	14	3
PLEKHH1	14	1
PLEKHM2	14	2
PODN	14	3
POLR2A	14	4
POLR2B	14	3
POLR3A	14	2
POLR3B	14	3
POLR3E	14	5
POM121L12	14	3
POTEF	14	8
PPP1R13B	14	4
PRAG1	14	0
PRAMEF17	14	4
PROS1	14	2
PRPF40B	14	6
PRPF6	14	1
PRRG1	14	3
PRX	14	0
PSD4	14	0
PTCHD1	14	2
PTPRH	14	4
PUS7	14	2
PWP1	14	2
QRICH2	14	2
RAD50	14	5
RARB	14	2
RASA2	14	4
RASGRP2	14	4
RBBP8NL	14	2
RBM25	14	2
RBM27	14	3
RC3H1	14	1
RGS20	14	2
ROCK2	14	4
RORB	14	0
RPGRIP1	14	5
RRBP1	14	3
RTKN2	14	2
RUSC2	14	1
SALL3	14	6
SAP130	14	1
SBF2	14	3
SEC61A1	14	0
SEL1L2	14	7
SEMA3A	14	5
SEMG2	14	2
SENP6	14	3
SHROOM2	14	6
SIGLEC10	14	3
SIPA1L3	14	3
SLC12A2	14	3
SLC13A3	14	5
SLC16A1	14	2
SLC26A3	14	3
SLC26A5	14	3
SLC27A1	14	1
SLC4A5	14	2
SLC5A2	14	1
SLCO3A1	14	2
SNAPC4	14	5
SNX25	14	5
SORCS2	14	5
SPATA31A1	14	3
SPOCK3	14	6
STAMBPL1	14	2
STON1-GTF2A1L	14	3
STXBP5L	14	3
SWT1	14	5
SYNPO	14	2
TAF1C	14	0
TAF3	14	4
TBC1D10B	14	1
TBC1D4	14	4
TBC1D8	14	1
TBX5	14	3
TCF4	14	5
TDRD3	14	3
TECPR2	14	3
TECRL	14	4
TEX2	14	1
TGM4	14	2
TIMP3	14	1
TJP1	14	5
TLR9	14	5
TMC2	14	2
TMC5	14	4
TMTC1	14	4
TNPO3	14	2
TOP2A	14	5
TOPBP1	14	5
TOPORS	14	5
TRAK1	14	2
TRAPPC10	14	0
TRIM45	14	0
TRIM55	14	6
TRPM4	14	2
TSC2	14	3
TSC22D1	14	2
TSGA10	14	2
TTLL7	14	3
TUB	14	4
TUBGCP5	14	3
TUBGCP6	14	2
TVP23A	14	0
UBE3B	14	4
UBE3C	14	3
UBR1	14	2
UGGT1	14	6
UGT3A2	14	5
URB2	14	3
UROC1	14	3
USP31	14	6
USP42	14	2
VARS1	14	2
VAV1	14	3
VEPH1	14	3
VPS41	14	1
VWA7	14	1
WDR11	14	2
WDR19	14	4
WDR47	14	4
WDR62	14	3
WDR72	14	5
WNT16	14	0
WNT9A	14	0
XAB2	14	2
YTHDC1	14	5
ZAP70	14	1
ZBTB33	14	0
ZBTB46	14	3
ZC3H12C	14	4
ZFPM2	14	12
ZHX3	14	1
ZMYM1	14	5
ZNF184	14	3
ZNF304	14	5
ZNF354C	14	4
ZNF443	14	4
ZNF479	14	5
ZNF483	14	3
ZNF557	14	1
ZNF592	14	2
ZNF607	14	5
ZNF827	14	1
ZNF836	14	6
ZRANB3	14	2
ZXDA	14	4
AATK	13	4
ABCB8	13	2
ABCF3	13	1
ABLIM2	13	1
ACAP1	13	3
ACKR3	13	3
ACSS3	13	4
ADAM10	13	1
ADAM11	13	1
ADAM2	13	4
ADAMDEC1	13	2
ADAMTS6	13	4
ADCY3	13	2
ADCY4	13	2
ADCY7	13	3
ADNP2	13	3
AFF1	13	2
AFP	13	2
AGBL1	13	6
AGO1	13	1
AHRR	13	0
AL136295.1	13	4
ALG13	13	3
ALG8	13	2
ANAPC1	13	3
ANGPT2	13	0
ANGPT4	13	2
AOC2	13	0
AP3B2	13	2
APBB3	13	0
ARHGAP11A	13	6
ARHGAP17	13	2
ARHGAP29	13	4
ARNTL2	13	2
ARSJ	13	3
ASAP1	13	4
ASB5	13	2
ATF5	13	0
ATP1A3	13	3
ATP2C1	13	3
ATP2C2	13	3
AVPR1A	13	2
BCR	13	3
BEND2	13	2
BMPER	13	3
BMPR1B	13	1
BRD2	13	1
C1S	13	3
CAMK2G	13	1
CARD10	13	1
CARMIL2	13	1
CCAR2	13	3
CCDC102B	13	2
CCDC18	13	2
CCDC40	13	3
CD180	13	2
CD22	13	4
CD248	13	1
CDH13	13	4
CDH7	13	1
CDHR2	13	6
CDK14	13	1
CEBPZ	13	1
CEP70	13	3
CEP83	13	4
CFAP70	13	2
CFAP94	13	2
CHAF1A	13	2
CHST10	13	3
CILP2	13	3
CIZ1	13	1
CLCA1	13	3
CLOCK	13	2
CNGA3	13	4
CNR1	13	3
COBLL1	13	6
COL25A1	13	1
CP	13	5
CPEB2	13	3
CPSF6	13	1
CPXCR1	13	4
CPXM1	13	6
CPXM2	13	5
CRISPLD1	13	2
CSF2RA	13	4
CSPP1	13	4
CTDP1	13	2
CYP20A1	13	1
CYP4B1	13	2
DACH2	13	5
DCAF6	13	2
DCST1	13	0
DCST2	13	1
DDR1	13	1
DDX23	13	3
DDX43	13	3
DDX47	13	0
DENND1C	13	2
DENND2B	13	2
DGKH	13	6
DHX36	13	7
DKK2	13	2
DLL1	13	4
DNAI2	13	1
DNM1	13	3
DNM2	13	5
DOC2A	13	1
DOK5	13	2
DPP8	13	3
DPY19L2	13	2
DSTYK	13	1
DTX4	13	0
DYRK3	13	2
E2F8	13	0
EBF3	13	4
EEF1A2	13	1
EEF2	13	1
EFL1	13	2
EIF3B	13	1
EIF4G2	13	3
EMC1	13	3
EPN1	13	3
ERBB2	13	7
ERG	13	2
ESCO1	13	5
ESCO2	13	2
ESF1	13	4
ESYT3	13	3
ETV5	13	3
EXOC6B	13	7
EXOSC10	13	0
EZH2	13	1
FAM120B	13	3
FAM71B	13	4
FAM83C	13	1
FAM9A	13	2
FBXL18	13	0
FBXO21	13	3
FETUB	13	0
FGA	13	7
FGD2	13	2
FGFR1	13	2
FNBP1	13	2
FOXI1	13	4
FOXP2	13	6
FTSJ3	13	2
FYN	13	1
FZD2	13	0
FZD6	13	3
GALNTL5	13	4
GALNTL6	13	4
GARNL3	13	2
GATAD2A	13	1
GBE1	13	3
GDF2	13	0
GFPT2	13	2
GJA10	13	4
GPC5	13	2
GPC6	13	2
GPLD1	13	4
GPR162	13	1
GRIN2C	13	0
GTF2IRD2	13	2
GTF3C2	13	2
GZF1	13	0
HDGFL2	13	1
HERC5	13	4
HIC2	13	0
HIPK1	13	2
HNRNPDL	13	1
HRC	13	1
HTR1E	13	3
IDE	13	3
IGDCC3	13	3
IL21R	13	5
INO80	13	1
INPP5F	13	3
INTS7	13	3
INTS8	13	2
IQCE	13	2
IQCN	13	2
IQGAP1	13	2
ISL1	13	2
ITGA1	13	1
ITGA3	13	4
ITGAE	13	2
ITGB1	13	1
ITGB6	13	3
JMJD7-PLA2G4B	13	1
KANK2	13	1
KCNC2	13	4
KCNH6	13	2
KCNQ1	13	0
KCNQ4	13	0
KCNT1	13	4
KDM5C	13	2
KEL	13	4
KIAA1586	13	3
KIF3A	13	3
KIF5C	13	5
KLC2	13	0
KLF3	13	0
KLHL25	13	0
KLHL42	13	4
KLHL9	13	4
KRT31	13	1
KRT34	13	1
KRT4	13	0
KRT73	13	4
KRT85	13	3
L1TD1	13	3
LARP1	13	6
LARP4	13	3
LATS2	13	3
LIG1	13	1
LIMA1	13	3
LMBRD1	13	3
LPIN3	13	1
LRRC37A2	13	4
LZTS2	13	0
MAF	13	0
MAG	13	3
MAP3K11	13	3
MAP7	13	5
MARVELD2	13	3
MCM10	13	3
MCM7	13	2
MCOLN1	13	1
ME1	13	4
MED23	13	3
MED25	13	1
MICALL2	13	0
MOGS	13	4
MOS	13	6
MOV10	13	1
MTA1	13	0
MTDH	13	2
MTUS1	13	3
MX1	13	0
MYBL1	13	3
MYBPC2	13	2
MYCBPAP	13	2
NAP1L2	13	2
NEUROD4	13	2
NFATC3	13	0
NFXL1	13	1
NKAPL	13	3
NLGN1	13	5
NLRP10	13	2
NLRX1	13	5
NOBOX	13	1
NPHP3	13	1
NR3C2	13	5
NUTM1	13	4
NYAP1	13	4
OLFM1	13	4
OLFML2A	13	0
OPTN	13	2
OR2T12	13	1
OR4A15	13	3
OR5D14	13	1
OR5R1	13	2
OSBPL1A	13	1
OSBPL5	13	0
OSBPL7	13	2
OTOL1	13	3
OTOP2	13	1
PABPC3	13	4
PABPC4	13	2
PABPC5	13	6
PACS2	13	0
PARP1	13	1
PCDHGA9	13	4
PCDHGC3	13	2
PCDHGC4	13	3
PDE2A	13	1
PDE4A	13	0
PDE9A	13	2
PDYN	13	3
PDZD8	13	4
PDZRN3	13	3
PER1	13	1
PHACTR2	13	2
PHEX	13	2
PHKB	13	4
PHTF1	13	2
PKLR	13	1
PLCL1	13	6
PLEKHA7	13	2
PLEKHG6	13	0
PNLDC1	13	6
PNPLA5	13	3
PNPLA6	13	2
PNPLA7	13	2
POGK	13	2
POU6F2	13	1
PPP1R16B	13	3
PPP2R1A	13	1
PPP2R2C	13	3
PRKAA2	13	3
PRKCH	13	3
PROX1	13	3
PRR14	13	0
PTPN12	13	4
PUM1	13	9
RAI14	13	5
RANBP17	13	4
RASEF	13	5
RAVER1	13	0
RBBP7	13	3
RBM15B	13	1
RBM19	13	1
RDX	13	3
RECQL5	13	3
RIN2	13	2
RMC1	13	0
RNF216	13	4
ROR1	13	6
RPS6KA6	13	2
RTEL1	13	3
RTL3	13	2
RXRG	13	3
SARDH	13	1
SATB2	13	3
SCARA5	13	3
SCUBE2	13	2
SEC24B	13	5
SEC24D	13	1
SECISBP2L	13	3
SEMA3E	13	6
SEMA3G	13	3
SEMA4G	13	2
SEMA6D	13	4
SERPINE3	13	2
SEZ6L2	13	5
SH3TC2	13	1
SHC1	13	1
SHOX	13	3
SIN3B	13	2
SLC11A1	13	2
SLC12A3	13	3
SLC25A12	13	2
SLC34A2	13	3
SLC35F3	13	0
SLC4A8	13	3
SLC7A2	13	0
SLC9A9	13	3
SLCO4C1	13	3
SLFN11	13	5
SLK	13	3
SMG6	13	3
SOCS5	13	4
SOGA1	13	5
SPARCL1	13	0
SRRT	13	1
SSTR4	13	3
ST8SIA6	13	5
STAC	13	2
STK10	13	2
STOX1	13	3
SYNE3	13	4
SYNJ1	13	4
SYT16	13	5
SYVN1	13	1
TAF2	13	4
TAF4	13	7
TARBP2	13	2
TBC1D1	13	1
TBC1D14	13	0
TBC1D22A	13	3
TBX4	13	2
TCF12	13	3
TDRD5	13	5
TFIP11	13	1
TGFBR1	13	4
TGM2	13	3
TGM6	13	1
THAP12	13	3
THRB	13	1
TLR3	13	4
TMC3	13	4
TMEM200A	13	2
TMTC3	13	2
TNPO2	13	1
TOX4	13	2
TP53BP2	13	2
TPTE2	13	7
TRAM1L1	13	1
TRAPPC12	13	4
TRIM51	13	1
TRIM60	13	2
TTBK2	13	1
TTC14	13	2
TTC17	13	2
TTI1	13	3
TTLL12	13	2
TTLL4	13	1
TTYH1	13	4
TUSC3	13	4
UACA	13	6
UBQLN2	13	3
UBR3	13	4
UGT2B15	13	2
UGT8	13	2
UHRF2	13	1
ULK4	13	6
UNC5A	13	4
USP3	13	1
USP8	13	2
VCPIP1	13	3
VILL	13	1
WDR59	13	0
WDR6	13	3
WNT1	13	0
WNT5A	13	0
WWC1	13	4
XKR3	13	3
XRCC5	13	5
YEATS2	13	3
ZBED1	13	3
ZBTB38	13	0
ZFYVE9	13	3
ZNF174	13	1
ZNF256	13	2
ZNF326	13	2
ZNF365	13	2
ZNF431	13	2
ZNF445	13	3
ZNF45	13	1
ZNF454	13	4
ZNF492	13	4
ZNF528	13	6
ZNF546	13	6
ZNF567	13	2
ZNF568	13	5
ZNF569	13	4
ZNF574	13	2
ZNF578	13	5
ZNF667	13	4
ZNF761	13	3
ABCC2	12	8
ABCC6	12	3
ABCD2	12	5
ABCG2	12	4
ABCG4	12	2
ABTB1	12	0
ACLY	12	1
ACP7	12	2
ACSM1	12	3
ACTN1	12	6
ACTN4	12	1
ADAMTS14	12	6
ADAMTS19	12	3
ADAMTS8	12	3
ADD2	12	2
ADGRA2	12	3
ADGRG3	12	0
AGAP2	12	4
AKAP3	12	3
AKAP4	12	4
AKAP7	12	3
AKT1	12	0
ALDH1A2	12	2
ALX4	12	2
AMOT	12	1
ANGPTL2	12	1
ANKRD13A	12	1
ANKS1A	12	4
ANKS6	12	3
ANO6	12	2
ANO8	12	0
AOC1	12	0
AP2A1	12	1
ARHGAP24	12	2
ARHGAP27	12	3
ARHGAP4	12	1
ARHGAP45	12	0
ARHGEF25	12	0
ARNTL	12	3
ASIC5	12	3
ATIC	12	0
ATL1	12	2
ATP13A2	12	2
ATP7B	12	2
ATXN1	12	3
ATXN2	12	2
AXIN1	12	2
BAIAP2L1	12	2
BANP	12	2
BAZ1B	12	5
BBS2	12	3
BBS9	12	3
BBX	12	1
BCL6	12	3
BMP10	12	3
BMS1	12	5
BPIFB1	12	0
BPIFB6	12	1
BRD8	12	3
BRF1	12	2
C14orf39	12	5
CACNA2D2	12	0
CAMK1D	12	2
CATSPER1	12	5
CBFA2T3	12	2
CC2D1B	12	1
CCDC62	12	0
CCDC85A	12	3
CCDC87	12	2
CCDC92	12	1
CCP110	12	3
CCPG1	12	4
CDH20	12	2
CDK13	12	3
CDYL2	12	5
CEMIP2	12	4
CEP104	12	5
CES3	12	1
CFAP46	12	6
CHRNA4	12	2
CHST1	12	1
CLCA2	12	3
CLCN1	12	3
CLCN3	12	4
CNGA1	12	4
COL4A3	12	3
COL6A5	12	4
COL9A2	12	0
COLGALT1	12	1
COPB1	12	5
CORO7	12	2
CRACDL	12	0
CRAT	12	1
CSF2RB	12	1
CUL3	12	0
CUL5	12	4
CYLD	12	5
CYP1B1	12	2
CYP4Z1	12	5
DAAM1	12	3
DARS2	12	2
DBF4B	12	0
DCAF4L1	12	0
DDX18	12	2
DDX31	12	3
DDX50	12	2
DENND4C	12	4
DGCR2	12	1
DGKA	12	1
DNA2	12	0
DNAI1	12	6
DNAJC10	12	2
DNTTIP2	12	1
DPP4	12	0
DSG1	12	3
DSG3	12	2
DSG4	12	3
DTNA	12	5
DUSP16	12	2
DZIP3	12	6
ECE1	12	2
ECT2	12	2
EEF2K	12	2
EFHC2	12	3
EHMT2	12	6
ELAPOR1	12	2
ELAVL4	12	1
ELL	12	3
ENOX2	12	1
ENPEP	12	3
EPB41	12	1
ERCC4	12	3
ERCC6L2	12	5
ESPNL	12	4
ESYT2	12	1
ETAA1	12	4
ETNPPL	12	2
FAHD2B	12	0
FAM114A1	12	4
FAM13A	12	3
FAM171B	12	4
FAM78B	12	1
FANCI	12	3
FARP1	12	6
FARP2	12	1
FBXO34	12	5
FBXO38	12	2
FBXO40	12	4
FIG4	12	1
FSCB	12	5
FUBP3	12	1
FXR2	12	2
FZD3	12	2
FZD7	12	0
GAB4	12	2
GABRA2	12	2
GABRA6	12	2
GABRG2	12	7
GALNT14	12	4
GBA2	12	1
GBP6	12	2
GCNT4	12	2
GMPS	12	3
GNB4	12	0
GOT1L1	12	0
GPHN	12	3
GPR101	12	4
GPR139	12	3
GPR156	12	4
GPR50	12	2
GPRASP2	12	4
GRIPAP1	12	3
GRM4	12	3
GTDC1	12	3
GTF3C3	12	4
GUCY2D	12	2
HAPLN1	12	3
HAUS6	12	3
HDAC6	12	2
HECTD2	12	4
HHIPL2	12	0
HLX	12	2
HRH2	12	2
HS6ST3	12	0
HSP90B1	12	3
HTR1B	12	2
IFT88	12	3
IL12RB2	12	3
IL6ST	12	3
INPP4B	12	3
INTS5	12	4
IPO9	12	1
IQUB	12	3
ITGB3	12	3
ITPRID1	12	4
JAK2	12	4
JAK3	12	2
JAKMIP3	12	5
KAT2B	12	3
KCNA6	12	3
KCND1	12	1
KCNG2	12	2
KCNH2	12	7
KCNV1	12	2
KHSRP	12	2
KIAA0408	12	4
KIAA1522	12	4
KIF18A	12	3
KIF18B	12	1
KIF1C	12	0
KIF24	12	2
KIF6	12	1
KLHL14	12	1
KLHL40	12	1
KNOP1	12	0
KRT71	12	0
KRT75	12	0
L1CAM	12	3
L3MBTL3	12	3
L3MBTL4	12	3
LAMB3	12	4
LAMC2	12	3
LCA5	12	4
LEMD3	12	2
LEO1	12	4
LETM1	12	0
LIMCH1	12	2
LMBRD2	12	2
LMTK2	12	3
LONRF1	12	2
LRIG3	12	7
LRPPRC	12	3
LRRC17	12	3
LRRC31	12	4
LRRC36	12	1
LRRC4C	12	8
LSR	12	4
LTBP3	12	1
LZTS1	12	2
MAB21L2	12	0
MAN1A1	12	2
MAP3K14	12	1
MAP3K19	12	3
MAPK8IP1	12	2
MAPT	12	3
MARCO	12	2
MARK3	12	3
MBTPS1	12	2
MCM6	12	3
MCOLN3	12	3
MCPH1	12	4
MCTP2	12	4
MEF2C	12	2
MEIS2	12	6
MFGE8	12	2
MICAL1	12	1
MINDY4	12	2
MLLT10	12	4
MMP13	12	1
MPHOSPH8	12	1
MPP2	12	3
MPP4	12	2
MROH7	12	2
MTF2	12	4
MTHFD1L	12	4
MTMR6	12	1
MTO1	12	0
MTR	12	3
MYBPC1	12	4
MYBPH	12	1
MYEF2	12	2
MYO19	12	2
MYO5B	12	3
MYO6	12	6
MYORG	12	3
N4BP1	12	3
NCKAP1	12	4
NDST2	12	2
NEK4	12	2
NEK5	12	5
NIBAN1	12	3
NIBAN2	12	0
NLRP12	12	5
NOX4	12	3
NPBWR1	12	3
NPR1	12	6
NPTX2	12	1
NPY2R	12	1
NRBP1	12	0
NRDE2	12	2
NRP2	12	3
NRROS	12	2
NSUN2	12	3
NTN4	12	4
NUP107	12	3
NUP153	12	3
ODF2L	12	2
OR2L3	12	4
OR4A5	12	5
OR5D18	12	3
OR5I1	12	2
OR6C75	12	2
OR8H2	12	2
OTUD7A	12	3
OXR1	12	3
P2RY8	12	1
PALB2	12	2
PALM2AKAP2	12	3
PARP4	12	2
PASD1	12	6
PAX5	12	2
PCDHB11	12	4
PCOLCE2	12	2
PDE11A	12	6
PDE4D	12	1
PDILT	12	4
PGBD5	12	1
PHF14	12	8
PIAS4	12	0
PIK3CD	12	1
PIK3R5	12	1
PKD2L2	12	3
PKP3	12	1
PKP4	12	1
PLA2G4A	12	4
PLAT	12	2
PLB1	12	6
PLD2	12	2
PMS1	12	2
POLK	12	2
POU3F4	12	3
PPFIBP2	12	5
PPP1R10	12	1
PPP2R2B	12	1
PPP5C	12	4
PRAMEF20	12	5
PRICKLE2	12	4
PRKCI	12	4
PROM2	12	2
PRPF3	12	1
PTCH2	12	5
PTK7	12	2
PTOV1	12	0
PTPN21	12	3
QRICH1	12	1
RABGAP1L	12	5
RADX	12	3
RANBP10	12	0
RAPGEF4	12	2
RASA3	12	2
RASAL2	12	3
RB1	12	4
RBM26	12	4
RBPJL	12	2
RECK	12	2
REPS1	12	3
REXO5	12	1
RGL2	12	2
RGL3	12	3
RGS6	12	1
RHOBTB1	12	3
RING1	12	3
RIPK4	12	1
RIPOR1	12	2
RNASEL	12	4
RNF128	12	2
RNF31	12	0
RPE65	12	3
RPH3A	12	4
RRP12	12	0
RTL5	12	2
RUBCN	12	2
RUNX1	12	3
SATB1	12	3
SCG2	12	5
SEC14L1	12	3
SEC63	12	2
SELE	12	2
SEMA3F	12	2
SEMA4F	12	4
SEMA6B	12	3
SF1	12	1
SFI1	12	3
SH2D3C	12	2
SHLD2	12	1
SIMC1	12	1
SIPA1	12	2
SIX4	12	4
SKIV2L	12	1
SLC13A1	12	3
SLC15A1	12	3
SLC23A1	12	1
SLC26A9	12	2
SLC27A5	12	4
SLC2A14	12	4
SLC38A9	12	1
SLC45A4	12	2
SLC4A2	12	4
SLC6A1	12	3
SLC6A11	12	3
SLTM	12	2
SMARCAL1	12	4
SMG5	12	2
SMO	12	2
SNX2	12	3
SORBS1	12	4
SOX11	12	1
SOX7	12	3
SPATA17	12	2
SPATA5	12	2
SPECC1L	12	0
SPG7	12	0
SPTY2D1	12	4
SRPK1	12	2
SSH1	12	4
STARD13	12	0
SUGP2	12	2
SUN2	12	1
SUSD5	12	1
SYN3	12	1
SYNM	12	6
TASOR	12	3
TAX1BP1	12	2
TBC1D10C	12	1
TBC1D5	12	3
TBC1D8B	12	7
TBX20	12	3
TCERG1L	12	2
TECPR1	12	1
TET2	12	3
TFAP2B	12	3
TGFBR3	12	4
TGM5	12	6
TGM7	12	4
THEMIS	12	3
THOC1	12	4
THOC5	12	1
TJP3	12	3
TLE2	12	2
TLL2	12	2
TLR8	12	7
TM9SF3	12	1
TMEM132A	12	1
TMEM63B	12	2
TMEM63C	12	0
TMOD1	12	2
TNFRSF19	12	2
TP63	12	3
TP73	12	0
TRAF7	12	1
TRAK2	12	2
TRIM22	12	1
TRIM33	12	3
TRPV2	12	2
TYK2	12	1
UBE2O	12	1
UBXN4	12	0
UPF3A	12	3
URGCP	12	3
USHBP1	12	2
USP10	12	3
USP40	12	2
USP47	12	3
VCL	12	1
VIT	12	2
VLDLR	12	3
VN1R2	12	2
VWA5A	12	2
WASHC2A	12	2
WASHC4	12	2
WFS1	12	1
WWOX	12	2
XPO5	12	1
ZBTB16	12	5
ZBTB4	12	0
ZCCHC2	12	1
ZIC1	12	4
ZIC3	12	1
ZIK1	12	4
ZKSCAN2	12	4
ZKSCAN5	12	2
ZMYM5	12	4
ZNF112	12	4
ZNF148	12	5
ZNF16	12	1
ZNF180	12	4
ZNF19	12	4
ZNF205	12	1
ZNF227	12	1
ZNF229	12	4
ZNF26	12	1
ZNF28	12	2
ZNF329	12	2
ZNF331	12	3
ZNF34	12	2
ZNF37A	12	5
ZNF398	12	2
ZNF404	12	1
ZNF419	12	2
ZNF420	12	4
ZNF442	12	3
ZNF518B	12	6
ZNF595	12	3
ZNF648	12	3
ZNF687	12	3
ZNF721	12	4
ZNF749	12	3
ZNF780A	12	3
ZNRF3	12	0
ZSCAN29	12	1
ZSCAN31	12	1
AADACL3	11	2
ABLIM3	11	2
ACAD11	11	1
ACE2	11	2
ACOT12	11	1
ACSBG1	11	2
ADA2	11	0
ADAD1	11	5
ADAM17	11	2
ADAM30	11	6
AGAP3	11	2
AGGF1	11	6
AGO2	11	2
AK5	11	5
AKNA	11	2
AKNAD1	11	2
AL121899.2	11	1
AMIGO3	11	1
AMPD3	11	2
ANKFN1	11	2
ANKK1	11	1
ANKRD28	11	3
ANO7	11	2
AOC3	11	2
AP1G2	11	1
AP1M1	11	1
AP2B1	11	1
APCDD1L	11	3
APP	11	5
AQR	11	4
ARHGAP6	11	2
ARHGEF12	11	4
ARHGEF5	11	2
ARHGEF7	11	2
ARID5B	11	7
ARMCX1	11	0
ARNT2	11	2
ARSB	11	0
ARSG	11	0
ARV1	11	1
ASB18	11	1
ASPH	11	3
ATCAY	11	4
ATF7IP	11	3
ATP11B	11	4
ATP2B1	11	3
ATP9B	11	5
ATXN7	11	0
BARHL2	11	2
BCAM	11	2
BCO2	11	1
BEND5	11	2
BICD2	11	0
BMP7	11	2
BPIFB2	11	2
C10orf71	11	1
C12orf40	11	4
C20orf194	11	4
C7orf31	11	2
C8orf34	11	3
CACNG3	11	5
CAMKK2	11	3
CCBE1	11	3
CCDC136	11	5
CCDC14	11	1
CCDC150	11	3
CCDC160	11	2
CCDC186	11	1
CCNT1	11	0
CCR3	11	2
CDC25B	11	0
CDC5L	11	1
CDC73	11	3
CDCA7L	11	2
CDH17	11	2
CDHR5	11	1
CDK11B	11	1
CEL	11	2
CEP131	11	0
CEP63	11	4
CEP95	11	5
CFAP74	11	2
CGN	11	2
CHERP	11	1
CHTF18	11	2
CHUK	11	2
CLASRP	11	0
CLEC14A	11	3
CLEC4F	11	2
CLIP3	11	0
CNNM2	11	3
COG1	11	0
COL23A1	11	1
COL8A1	11	0
CPNE8	11	1
CRAMP1	11	1
CRNKL1	11	4
CRYBG2	11	0
CSE1L	11	1
CSNK2A2	11	1
CTCFL	11	3
CUL2	11	4
CUL4B	11	1
CYFIP1	11	3
CYP11B1	11	5
CYP4F12	11	1
CYP4F3	11	1
CYP7A1	11	1
DAB2	11	2
DACT1	11	2
DAGLA	11	2
DCAF8L1	11	1
DCLK2	11	6
DCLK3	11	3
DDX11	11	1
DDX24	11	4
DEPDC1	11	3
DEUP1	11	2
DHX37	11	1
DISP2	11	4
DNAAF1	11	1
DNAAF3	11	1
DPP3	11	2
DPYS	11	3
DPYSL5	11	1
DSG2	11	3
DYNC1I2	11	1
DZANK1	11	4
ECEL1	11	0
EDRF1	11	2
EFNB3	11	2
EFR3A	11	3
EGFR	11	2
EGR3	11	1
EHMT1	11	3
EIF2A	11	3
EIF4B	11	2
ELAPOR2	11	3
ELF3	11	4
ELFN2	11	1
ELL2	11	3
ENG	11	0
EPB41L2	11	2
EPB41L4B	11	2
EPHB2	11	0
EPHX1	11	0
EPS15	11	5
EPS8L2	11	0
ERCC3	11	2
ESRRG	11	5
EXO1	11	1
FADS2	11	3
FAM120A	11	4
FAM13C	11	6
FAM160A2	11	1
FAM186B	11	3
FAP	11	2
FBXL20	11	1
FBXO11	11	3
FBXO24	11	3
FBXO30	11	2
FCHSD1	11	2
FEZF2	11	1
FGD4	11	2
FKBP10	11	1
FLII	11	2
FMO3	11	1
FNDC3A	11	2
FOXO4	11	1
FRMD3	11	2
FRMPD2	11	7
FTO	11	1
FUBP1	11	4
FUT1	11	1
G2E3	11	2
GAD2	11	3
GALNT3	11	0
GAS2L1	11	1
GASK1B	11	2
GFM1	11	0
GGA2	11	1
GIMAP1	11	0
GIT2	11	2
GLT8D1	11	1
GNG12	11	0
GNPTAB	11	2
GOLGA1	11	0
GPR19	11	2
GPR26	11	0
GPR32	11	4
GRAMD1B	11	4
GYS2	11	6
HAS1	11	1
HCLS1	11	2
HECA	11	2
HERC4	11	3
HERC6	11	2
HID1	11	2
HK1	11	1
HK2	11	3
HPSE	11	1
HRG	11	3
HROB	11	2
HSPA4L	11	4
HTATSF1	11	2
HUNK	11	2
IARS1	11	2
IFT122	11	6
IGSF8	11	2
IKBKE	11	3
IL4I1	11	2
ILDR1	11	1
INTS13	11	2
INTS6L	11	1
INVS	11	2
IPO13	11	1
IPO4	11	0
IPO5	11	1
IQCH	11	7
IQCJ-SCHIP1	11	2
IRAK3	11	3
IRF2	11	1
IRX6	11	2
ITPKB	11	2
ITPRID2	11	2
JADE2	11	2
JAM3	11	0
KANK4	11	1
KCNF1	11	1
KCNG4	11	1
KCNJ4	11	1
KDM7A	11	1
KIF12	11	0
KIF15	11	2
KIF20A	11	0
KIF5A	11	4
KIF9	11	4
KLC1	11	2
KLHL10	11	2
KLHL22	11	1
KRT33A	11	0
KRT82	11	3
LANCL2	11	2
LCP2	11	1
LDLRAP1	11	1
LIG4	11	4
LIMK1	11	1
LMF2	11	1
LRCH2	11	4
LRIG2	11	2
LRP3	11	0
LRRC37A3	11	5
LRRFIP1	11	3
LRRFIP2	11	5
LTF	11	2
LUZP2	11	4
MACO1	11	3
MAEL	11	4
MAGEA12	11	2
MAGED2	11	3
MAK	11	3
MAP7D2	11	3
MARCHF4	11	0
MASP2	11	2
MATK	11	2
MATR3	11	2
MBD4	11	1
MEGF10	11	5
MEIOC	11	3
MELK	11	1
MEPCE	11	4
MFN1	11	2
MIGA1	11	2
MMP12	11	2
MMRN1	11	5
MOCOS	11	3
MPL	11	2
MRGPRX3	11	3
MRTFB	11	2
MSL3	11	2
MSN	11	2
MUSK	11	6
MYRIP	11	4
N4BP2L2	11	3
NAALADL2	11	4
NAPEPLD	11	3
NCBP1	11	7
NDE1	11	0
NDN	11	4
NDUFA10	11	1
NEFL	11	2
NEK8	11	3
NELFE	11	2
NEUROD6	11	3
NFE2	11	3
NFE2L3	11	2
NFIB	11	4
NHLRC3	11	1
NIM1K	11	3
NKAPD1	11	2
NLGN4Y	11	2
NOC4L	11	0
NONO	11	1
NOP2	11	3
NPHP1	11	2
NT5C1B	11	1
NTM	11	5
NUP93	11	1
NVL	11	3
OCRL	11	4
OPRD1	11	0
OR2B2	11	4
OR2L13	11	6
OR2M3	11	2
OR2T33	11	3
OR2W1	11	2
OR4A16	11	1
OR4C15	11	3
OR4K1	11	1
OR4K5	11	2
OR4M1	11	1
OR4N2	11	2
OR4P4	11	1
OR52A5	11	3
OR5H14	11	3
OR5W2	11	3
OR8H1	11	3
OR9Q2	11	0
ORC1	11	1
OSBPL3	11	2
OTUD6A	11	0
PADI1	11	2
PAMR1	11	4
PANK4	11	1
PAQR9	11	3
PARP6	11	2
PARP9	11	3
PARVB	11	2
PCCA	11	3
PCDH1	11	1
PDE10A	11	7
PDE5A	11	4
PDE8A	11	0
PGM1	11	1
PHACTR3	11	4
PHF21A	11	3
PHF23	11	0
PIAS3	11	0
PIGG	11	4
PIK3R2	11	0
PIP4K2A	11	2
PITPNM2	11	1
PIWIL2	11	4
PLAGL2	11	2
PLCB2	11	2
PLCH2	11	1
PLOD2	11	3
PLPPR5	11	1
PML	11	2
PNMA8A	11	2
PNMA8B	11	4
POLG	11	1
POLH	11	1
POLN	11	4
POMT1	11	0
POMT2	11	3
PON1	11	2
POR	11	0
POTEA	11	2
PPFIA3	11	1
PPM1E	11	3
PPM1L	11	3
PPP1R12C	11	1
PPP2R3A	11	6
PPP4R1	11	1
PREP	11	2
PRICKLE1	11	4
PRKD2	11	0
PRKD3	11	5
PRMT2	11	2
PROM1	11	4
PRORP	11	1
PRRT2	11	3
PRSS12	11	2
PRSS35	11	2
PSPC1	11	3
PTH2R	11	3
PTPN4	11	6
PTPRO	11	3
PTPRR	11	3
PWWP3B	11	5
PYGM	11	3
QARS1	11	0
QKI	11	1
QRFPR	11	4
R3HDM2	11	2
RAB3C	11	4
RANBP6	11	5
RAPGEF3	11	3
RBAK	11	3
RBBP8	11	2
RBM6	11	2
RBMXL2	11	2
RCBTB2	11	2
RGS9	11	4
RHBDF2	11	1
RHBG	11	0
RINT1	11	3
RNF139	11	2
RNF145	11	4
RNF180	11	3
RREB1	11	2
RRP1B	11	2
RUNX2	11	2
RXRA	11	0
S1PR4	11	2
SCAP	11	2
SCFD1	11	1
SDSL	11	0
SEC14L5	11	4
SEMA4D	11	1
SEMA6C	11	2
SENP5	11	5
SERAC1	11	1
SERPINB2	11	2
SGCZ	11	1
SH3RF3	11	2
SIK3	11	2
SIX5	11	1
SKIDA1	11	1
SLAIN1	11	1
SLC15A2	11	5
SLC16A7	11	6
SLC17A5	11	2
SLC17A6	11	3
SLC18A2	11	2
SLC22A10	11	2
SLC22A16	11	4
SLC22A7	11	1
SLC24A1	11	2
SLC25A13	11	2
SLC25A31	11	1
SLC26A8	11	4
SLC30A9	11	5
SLC39A12	11	1
SLC44A1	11	2
SLC44A4	11	2
SLC49A3	11	0
SLC4A4	11	5
SLC4A9	11	4
SLC5A8	11	5
SLC9A1	11	3
SLC9A4	11	5
SLC9A5	11	0
SLCO1B1	11	4
SLCO4A1	11	1
SMARCA5	11	3
SMARCB1	11	2
SMARCC2	11	4
SMCR8	11	3
SMG7	11	4
SMOX	11	1
SMPD1	11	0
SMPD4	11	0
SMYD1	11	3
SNX18	11	1
SNX19	11	5
SNX33	11	1
SOBP	11	2
SOX10	11	2
SPAG16	11	8
SPATA16	11	0
SPIDR	11	1
SPPL2C	11	1
SPZ1	11	6
SREBF1	11	1
SREBF2	11	1
SRP68	11	4
ST6GALNAC3	11	4
ST8SIA4	11	6
STAG2	11	1
STAU2	11	1
STIP1	11	2
STK32B	11	3
STK36	11	2
STPG2	11	6
SUCO	11	5
SV2B	11	2
SYT3	11	1
TACR3	11	6
TAF4B	11	1
TAOK1	11	2
TAS1R1	11	1
TAS1R3	11	1
TBC1D16	11	0
TBC1D17	11	1
TBC1D31	11	3
TBK1	11	1
TBL1XR1	11	1
TCF3	11	1
TCF7	11	1
TCOF1	11	3
TDRD7	11	3
TESPA1	11	3
TEX11	11	6
TEX47	11	0
TF	11	4
TFAP2C	11	3
TFEC	11	2
THBS3	11	2
THRAP3	11	4
THSD4	11	2
TLE1	11	0
TLE3	11	4
TM7SF3	11	2
TMCO3	11	1
TMCO6	11	0
TMEM60	11	0
TMEM74	11	3
TMPRSS11A	11	4
TMPRSS11D	11	2
TMPRSS9	11	2
TNFAIP3	11	3
TOP1	11	5
TPCN1	11	0
TRAIP	11	0
TRAP1	11	2
TREH	11	1
TRIM17	11	0
TRIM2	11	1
TRIM35	11	1
TSPAN10	11	2
TTC12	11	2
TTC30A	11	0
TTF2	11	2
TTLL8	11	0
TYR	11	2
TYW1	11	1
U2SURP	11	3
UBASH3A	11	2
UBQLN3	11	3
UGP2	11	1
UGT3A1	11	3
UMOD	11	2
UNK	11	1
USP2	11	2
USP20	11	3
USP25	11	5
USP32	11	4
USP5	11	1
USP54	11	5
USP6NL	11	1
UTP6	11	3
VANGL1	11	1
VANGL2	11	1
VEGFC	11	5
VPS16	11	0
VPS52	11	4
VTN	11	6
VWCE	11	0
WAC	11	3
WDHD1	11	6
WDPCP	11	4
WDR26	11	2
WDR36	11	2
WDR5	11	0
WDR64	11	5
WWC2	11	4
YTHDF2	11	3
YTHDF3	11	4
ZBTB21	11	3
ZBTB22	11	1
ZBTB5	11	2
ZC3H11A	11	4
ZC3H3	11	0
ZER1	11	0
ZFP90	11	5
ZKSCAN7	11	2
ZMYND11	11	1
ZNF107	11	4
ZNF135	11	0
ZNF226	11	3
ZNF248	11	3
ZNF273	11	3
ZNF282	11	3
ZNF320	11	2
ZNF337	11	2
ZNF33A	11	6
ZNF345	11	4
ZNF350	11	3
ZNF382	11	6
ZNF425	11	4
ZNF429	11	5
ZNF493	11	5
ZNF507	11	2
ZNF517	11	2
ZNF532	11	3
ZNF543	11	3
ZNF559	11	1
ZNF560	11	5
ZNF572	11	3
ZNF583	11	4
ZNF597	11	1
ZNF608	11	4
ZNF610	11	3
ZNF611	11	4
ZNF653	11	3
ZNF668	11	1
ZNF676	11	3
ZNF699	11	1
ZNF709	11	3
ZNF714	11	3
ZNF74	11	3
ZNF746	11	1
ZNF777	11	1
ZNF791	11	1
ZNF83	11	3
ZNF878	11	5
ZNF93	11	3
ZRANB1	11	2
ZSWIM5	11	1
ZYG11B	11	0
ABCB9	10	3
ACRBP	10	2
ACTL7B	10	3
ACTR1B	10	0
ACTRT1	10	3
ADAM19	10	2
ADAM22	10	2
ADAM32	10	2
ADAMTS15	10	1
ADARB2	10	7
ADCK1	10	3
ADGRA1	10	0
ADGRE1	10	5
ADGRE2	10	5
ADGRE3	10	2
ADGRF1	10	5
ADGRF5	10	2
ADSL	10	0
ADSS1	10	0
AHI1	10	4
AIM2	10	1
AJAP1	10	2
AKT3	10	4
ALAS2	10	4
ALB	10	4
ALDH16A1	10	2
ALDH18A1	10	0
ALDH1B1	10	2
ALDH1L1	10	5
ALDH1L2	10	3
ALDH3A1	10	0
ALG10	10	2
ALG11	10	2
ALOX12B	10	2
ALOXE3	10	2
ALPI	10	0
ALPL	10	1
AMER3	10	4
ANAPC2	10	0
ANGPTL1	10	3
ANKFY1	10	3
ANKMY1	10	3
ANKRD55	10	2
ANKRD6	10	0
ANOS1	10	3
ANTXR1	10	4
ANTXR2	10	3
ANXA13	10	3
AOX1	10	3
APC2	10	0
APMAP	10	0
ARC	10	2
ARHGAP15	10	4
ARHGAP44	10	3
ARHGAP9	10	2
ARHGEF2	10	2
ARHGEF3	10	1
ARSF	10	2
ART5	10	0
ASB15	10	1
ASIC3	10	1
ASIC4	10	4
ATF6	10	2
ATN1	10	2
ATP13A1	10	0
ATP6V0D2	10	2
ATP8A1	10	3
AVPR1B	10	3
B3GAT1	10	1
BACH1	10	3
BAHD1	10	3
BARD1	10	2
BARHL1	10	3
BBS12	10	2
BLK	10	2
BMP2	10	2
BRCA1	10	3
BRSK2	10	1
BZW1	10	1
C12orf42	10	3
C1orf112	10	2
C4orf50	10	1
C7	10	5
C9	10	3
CA6	10	1
CAB39L	10	3
CACNB2	10	3
CADM3	10	2
CAPN5	10	4
CAPN6	10	1
CAPN7	10	1
CAPRIN1	10	2
CARNMT1	10	2
CARS1	10	1
CASK	10	1
CBL	10	3
CBLB	10	6
CBY2	10	4
CCDC120	10	0
CCDC144A	10	3
CCDC148	10	1
CCDC151	10	1
CCDC170	10	6
CCDC173	10	3
CCDC66	10	4
CCDC9	10	1
CCDC93	10	3
CCNB3	10	5
CCNL1	10	2
CCSER2	10	5
CD101	10	3
CD2BP2	10	0
CD4	10	3
CD96	10	0
CDC23	10	0
CDC7	10	2
CDKL5	10	5
CDR2	10	2
CELF2	10	0
CERKL	10	1
CFAP91	10	5
CHGB	10	4
CHRDL1	10	4
CHRNB2	10	1
CHST3	10	3
CHST9	10	5
CHSY3	10	1
CIAO3	10	1
CLCN6	10	3
CLCN7	10	0
CLDN10	10	1
CLGN	10	3
CLMN	10	4
CLMP	10	1
CNGA4	10	0
CNOT4	10	3
CNTROB	10	1
COG4	10	2
COG6	10	3
COMP	10	1
COPB2	10	3
CORO2B	10	2
CPB2	10	3
CPEB4	10	2
CPLANE1	10	2
CPSF2	10	1
CPT1B	10	1
CRIM1	10	3
CRYGA	10	0
CSNK1E	10	0
CSNK1G3	10	2
CSRNP3	10	2
CSTF3	10	1
CTAGE1	10	2
CWC27	10	1
CYP27C1	10	3
CYP2A13	10	2
CYP2A7	10	3
CYP2C19	10	1
CYP2D6	10	1
CYP2F1	10	0
CYP4A22	10	0
DAO	10	3
DAXX	10	3
DBT	10	0
DDX46	10	3
DGCR8	10	1
DHX35	10	2
DIS3	10	6
DISC1	10	4
DLG1	10	0
DLGAP4	10	4
DMGDH	10	3
DMRTB1	10	3
DNAAF4	10	3
DNAH12	10	3
DNAJB8	10	1
DOK1	10	1
DOK7	10	0
DPYSL2	10	3
DPYSL4	10	2
DRC1	10	2
DRC7	10	1
DRP2	10	4
DSC1	10	3
DSC2	10	2
DSE	10	4
DUSP22	10	2
DYM	10	0
DYRK1B	10	2
EDIL3	10	4
EFHC1	10	3
EGF	10	4
EHD4	10	0
EHHADH	10	3
ELAVL3	10	2
ELF1	10	3
ELF4	10	2
ELK3	10	0
ELOA	10	0
ELOVL2	10	0
EMID1	10	0
EML3	10	0
ENPP1	10	2
ENPP3	10	6
EPHA8	10	2
EPHB3	10	2
EPHB4	10	4
ERCC2	10	1
ERCC6L	10	7
ERICH1	10	1
ESYT1	10	0
EXOC2	10	0
EXOC3	10	0
EXTL3	10	3
EYA1	10	2
F13B	10	5
F2R	10	1
FAF1	10	0
FAM110B	10	1
FAM160B2	10	0
FAM169A	10	2
FAM170A	10	1
FAM20A	10	2
FAM222B	10	4
FAM227B	10	4
FAM71A	10	3
FAM81B	10	2
FAM83G	10	0
FAM91A1	10	3
FARSB	10	2
FASTKD1	10	3
FBF1	10	3
FBLN1	10	1
FBXW11	10	2
FCAMR	10	2
FCN1	10	3
FERMT2	10	1
FGD3	10	0
FLRT3	10	2
FLT3	10	3
FMO1	10	0
FMO5	10	3
FMR1	10	3
FNIP2	10	2
FOXD4L4	10	1
FOXD4L5	10	1
FOXM1	10	2
FOXP1	10	1
FRK	10	1
FRMD6	10	3
FSCN3	10	2
GALNT2	10	5
GAN	10	3
GAREM1	10	1
GCLC	10	1
GCNT2	10	2
GDF10	10	1
GDF6	10	2
GEMIN4	10	0
GGCX	10	2
GGNBP2	10	3
GJB3	10	0
GK2	10	4
GLE1	10	2
GNAO1	10	0
GNB1L	10	1
GOLGA2	10	2
GOLGA5	10	2
GP5	10	1
GPBP1	10	0
GPR12	10	3
GPR22	10	1
GRHL2	10	3
GRIN1	10	1
GRIN2D	10	0
GRN	10	0
GSAP	10	1
GSK3B	10	2
GYS1	10	2
HACE1	10	4
HAO1	10	2
HASPIN	10	0
HAUS3	10	2
HCRTR2	10	3
HDAC7	10	2
HDGF	10	0
HEPACAM2	10	2
HIF1A	10	5
HLA-C	10	0
HNRNPA3	10	2
HNRNPUL1	10	2
HNRNPUL2	10	1
HOMEZ	10	1
HOOK2	10	0
HPS1	10	0
HR	10	3
HS6ST2	10	0
IDH2	10	2
IFIT2	10	2
IGFALS	10	2
IGHE	10	0
IGHG2	10	2
IGHM	10	4
IGSF22	10	1
IKZF1	10	1
IKZF2	10	1
IKZF4	10	1
IL17RA	10	0
IL1RL2	10	3
IL2RG	10	2
ILF3	10	2
ING1	10	3
INO80D	10	1
INO80E	10	0
INSC	10	2
INSM2	10	1
INTS4	10	4
IRX5	10	0
ITGA2B	10	3
JPH1	10	1
JRKL	10	2
KBTBD3	10	3
KCNA10	10	5
KCNK13	10	1
KCNN2	10	0
KCNS3	10	1
KCTD18	10	2
KHDRBS2	10	6
KIAA0753	10	5
KIF14	10	3
KIF27	10	4
KIRREL1	10	2
KIZ	10	4
KL	10	5
KLF17	10	2
KLHL11	10	1
KLHL23	10	5
KLHL24	10	4
KLHL30	10	1
KLHL32	10	3
KLHL36	10	1
KLRK1	10	1
KMO	10	5
KRT1	10	1
KRT222	10	3
KRT3	10	4
KRT39	10	2
KRT40	10	2
KRT6A	10	5
KRT6C	10	2
KRT74	10	3
KRT79	10	2
KRT84	10	5
LARP7	10	2
LCP1	10	2
LEF1	10	0
LGR5	10	2
LILRA5	10	1
LILRB1	10	7
LILRB2	10	2
LILRB5	10	6
LINS1	10	2
LIPI	10	1
LMCD1	10	1
LMOD1	10	3
LPCAT1	10	0
LRIT1	10	2
LRRC4B	10	0
LSM14A	10	3
LUM	10	3
MACROH2A2	10	3
MAGEB6B	10	2
MAGED1	10	1
MAGI3	10	3
MAML1	10	2
MAML3	10	4
MAN2A2	10	1
MAN2B1	10	1
MAP2K1	10	3
MAP3K6	10	1
MATN4	10	3
MCCC2	10	1
MDM1	10	3
ME2	10	0
MED16	10	0
MGRN1	10	2
MIB2	10	0
MIGA2	10	2
MLLT1	10	1
MMP2	10	4
MMRN2	10	1
MORC3	10	4
MORC4	10	4
MPHOSPH10	10	0
MPHOSPH9	10	2
MROH9	10	3
MTMR1	10	4
MTMR3	10	2
MUC5AC	10	4
MYCN	10	2
MYF6	10	1
MYLK3	10	6
MYO1C	10	0
MYO1H	10	4
MYPOP	10	0
NADSYN1	10	0
NAT10	10	1
NBN	10	4
NCAN	10	1
NCAPG2	10	2
NCSTN	10	0
NEIL1	10	0
NF2	10	2
NGLY1	10	4
NHSL2	10	3
NIBAN3	10	2
NOX3	10	3
NPFFR2	10	4
NR1H3	10	0
NR2C2	10	1
NR2E1	10	1
NR5A2	10	2
NTNG1	10	4
NTRK1	10	0
NUB1	10	2
NUF2	10	1
NUMB	10	0
ODF2	10	3
OMD	10	5
OPA1	10	3
OPRM1	10	1
OR10AG1	10	2
OR10H1	10	3
OR11H1	10	1
OR13C3	10	3
OR14A16	10	1
OR2A5	10	4
OR2T6	10	2
OR2W3	10	0
OR2Y1	10	1
OR4C13	10	6
OR4C16	10	1
OR4C6	10	2
OR4D10	10	2
OR4K15	10	1
OR51E1	10	1
OR52D1	10	2
OR5F1	10	3
OR5H6	10	3
OR5K2	10	3
OR5K3	10	2
OR5M1	10	4
OR6T1	10	0
OR8J1	10	4
OR8K1	10	3
ORC3	10	1
OSBPL10	10	2
OSR2	10	1
OTC	10	4
OXCT2	10	3
P2RY4	10	0
P4HB	10	0
PABPC1	10	1
PACSIN1	10	2
PAH	10	5
PAK4	10	1
PAN3	10	4
PANK1	10	0
PANX2	10	3
PAPOLA	10	3
PAPOLB	10	6
PARP10	10	0
PAX1	10	1
PAX2	10	3
PBXIP1	10	0
PCDHB16	10	7
PCID2	10	3
PDE4B	10	3
PDIA5	10	0
PDPR	10	5
PDXDC1	10	2
PEX5L	10	4
PEX6	10	0
PGAP4	10	0
PGM5	10	3
PHACTR4	10	1
PHAX	10	2
PIAS1	10	4
PIBF1	10	2
PICALM	10	2
PIEZO2	10	2
PIK3C2A	10	4
PINK1	10	0
PITRM1	10	4
PIWIL4	10	3
PKP2	10	4
PLAG1	10	4
PLCD1	10	3
PLEKHA4	10	2
PLTP	10	1
PLXDC2	10	6
PM20D1	10	2
PMS2	10	5
PNPT1	10	4
POLA1	10	6
POLI	10	2
POLR1B	10	4
POM121	10	3
POM121C	10	4
POMGNT1	10	0
POT1	10	1
POTEH	10	3
POU2F1	10	2
PPEF1	10	2
PPFIBP1	10	5
PPIG	10	2
PPIL4	10	0
PPIP5K2	10	3
PPP1R12B	10	6
PPP1R3F	10	1
PPP2R3B	10	0
PPP6R3	10	8
PRAMEF1	10	2
PRAMEF18	10	0
PRDM1	10	7
PRDM4	10	4
PRKCD	10	1
PRKCSH	10	2
PRKG1	10	3
PRKG2	10	4
PRLHR	10	1
PROSER1	10	1
PRR23B	10	0
PRRT3	10	2
PSMD2	10	4
PTGS2	10	3
PTPN1	10	2
PTPN5	10	3
PTPRJ	10	2
PUM2	10	1
PUM3	10	3
PURG	10	2
PWWP3A	10	0
RAB11FIP2	10	2
RABGGTA	10	1
RAD17	10	2
RAF1	10	2
RALGDS	10	1
RASAL1	10	2
RASSF2	10	3
RBL1	10	3
RBM12B	10	3
RBM28	10	1
RBM42	10	1
RCC2	10	3
RCOR3	10	0
RGS14	10	0
RHOT1	10	5
RMI1	10	4
RNF103	10	4
RNF150	10	2
RNF214	10	3
RNF220	10	1
RNF25	10	1
RNF8	10	0
RPA1	10	0
RPS6KA1	10	3
RPS6KA4	10	1
RPS6KC1	10	6
RSPH4A	10	5
RTCB	10	1
RTN3	10	3
RTP1	10	1
RUFY3	10	2
S1PR1	10	3
SAMD4A	10	2
SAMHD1	10	2
SCAI	10	3
SCLT1	10	1
SCYL3	10	1
SEC24C	10	2
SERPINB8	10	2
SF3B4	10	0
SFRP4	10	4
SGCD	10	0
SH3BP2	10	0
SHCBP1L	10	4
SHKBP1	10	0
SIDT2	10	1
SIRPB1	10	1
SLC1A3	10	4
SLC1A7	10	1
SLC22A14	10	3
SLC22A6	10	2
SLC23A2	10	2
SLC2A13	10	1
SLC2A3	10	1
SLC2A7	10	4
SLC43A3	10	2
SLC45A1	10	2
SLC4A1AP	10	3
SLC5A3	10	2
SLC6A13	10	2
SLC6A3	10	3
SLC6A5	10	5
SLC7A10	10	1
SLC8B1	10	1
SMARCD2	10	3
SMURF1	10	2
SNAPC1	10	0
SNX1	10	2
SOX13	10	0
SOX17	10	1
SP100	10	2
SP3	10	3
SPAG1	10	3
SPATA20	10	2
SPDL1	10	3
SPRY3	10	3
SPTLC2	10	1
SREK1	10	3
SRMS	10	3
SRPX	10	1
SSBP3	10	1
ST8SIA3	10	5
STIM2	10	3
STK4	10	0
STON2	10	2
STRN3	10	2
STXBP3	10	0
SULF2	10	4
SUPT20H	10	4
SYT5	10	1
SYTL5	10	2
TAB2	10	2
TACC3	10	1
TAF5	10	2
TBCK	10	3
TBR1	10	1
TBX2	10	1
TCHP	10	2
TEKT3	10	2
TENT2	10	4
TENT4B	10	1
TENT5D	10	3
TFE3	10	0
TGFB2	10	5
TGFBRAP1	10	3
TGM1	10	0
THAP9	10	5
TIAL1	10	1
TKFC	10	1
TKTL2	10	2
TLR10	10	3
TM9SF2	10	1
TMC1	10	1
TMC4	10	2
TMCC2	10	0
TMEM104	10	1
TMEM200C	10	1
TMEM26	10	0
TMEM39A	10	0
TMPRSS12	10	2
TNFRSF10A	10	0
TNS4	10	1
TOX	10	2
TPX2	10	1
TRAF2	10	0
TRAPPC11	10	4
TRIM29	10	1
TRIM56	10	1
TRIM6	10	2
TRIM67	10	4
TRIP4	10	2
TRIP6	10	1
TRPV1	10	1
TSHR	10	2
TSPAN5	10	3
TSPYL6	10	2
TTC13	10	1
TTC16	10	2
TTC23L	10	0
TTC29	10	3
TTC39A	10	0
TTC39C	10	2
TTC7A	10	1
TUBB4A	10	1
TUBB8	10	3
TXLNA	10	1
TXNRD1	10	2
UBAP2L	10	3
UBASH3B	10	2
UBE4A	10	4
UBP1	10	3
UGDH	10	1
UGT2A1	10	2
USP33	10	4
USP38	10	2
USP4	10	0
USP45	10	3
USP53	10	3
UST	10	2
UXS1	10	3
VCP	10	0
VMP1	10	2
VPS18	10	0
VPS53	10	1
VRK2	10	5
VWA3A	10	5
VWA3B	10	4
WBP4	10	1
WDR13	10	5
WDR45	10	1
WDR55	10	3
WDR75	10	1
WDR81	10	2
WIPF1	10	5
WIPF3	10	1
WRAP53	10	1
XK	10	0
XKR7	10	1
XPNPEP3	10	2
XPO7	10	1
YIF1A	10	2
ZBTB7B	10	0
ZCCHC14	10	2
ZCCHC8	10	3
ZDHHC14	10	0
ZDHHC5	10	2
ZFP30	10	1
ZFP36L1	10	0
ZFP42	10	1
ZFP57	10	3
ZFP64	10	2
ZFP82	10	3
ZMAT1	10	5
ZNF101	10	4
ZNF117	10	4
ZNF131	10	3
ZNF132	10	3
ZNF133	10	0
ZNF134	10	0
ZNF140	10	4
ZNF20	10	2
ZNF211	10	1
ZNF212	10	3
ZNF214	10	2
ZNF221	10	1
ZNF234	10	2
ZNF257	10	7
ZNF266	10	4
ZNF283	10	3
ZNF354A	10	5
ZNF384	10	1
ZNF385A	10	2
ZNF395	10	4
ZNF417	10	1
ZNF44	10	4
ZNF467	10	3
ZNF473	10	3
ZNF484	10	2
ZNF513	10	0
ZNF530	10	2
ZNF564	10	2
ZNF571	10	3
ZNF573	10	3
ZNF585B	10	4
ZNF594	10	4
ZNF600	10	2
ZNF614	10	2
ZNF675	10	3
ZNF680	10	1
ZNF692	10	2
ZNF700	10	4
ZNF775	10	1
ZNF778	10	4
ZNF790	10	4
ZSCAN1	10	3
ZZZ3	10	2
AADACL4	9	2
AAK1	9	1
AARS1	9	2
ABTB2	9	0
AC006059.2	9	4
AC013489.1	9	1
ACAP3	9	1
ACOT7	9	0
ACSBG2	9	5
ACSL1	9	0
ACSL5	9	0
ACSM4	9	6
ACTL6B	9	0
ACTN2	9	5
ACTR3B	9	2
ADAM15	9	2
ADAM33	9	1
ADD1	9	1
ADGRF4	9	2
ADORA1	9	2
ADRA1A	9	4
ADRA1D	9	2
AFAP1	9	3
AFAP1L2	9	0
AFM	9	6
AGFG1	9	0
AGTR1	9	3
AHR	9	3
AIFM1	9	2
AK7	9	2
AKAP8	9	0
ALDH1A1	9	2
ALDH4A1	9	1
ALDH8A1	9	0
ALOX15B	9	1
ALPP	9	0
ANGEL1	9	1
ANKLE2	9	1
ANKRD34A	9	0
ANO10	9	2
AP002748.5	9	1
AP1G1	9	1
AP1S1	9	1
AP4B1	9	0
APBB1IP	9	2
AQP7	9	2
ARFIP1	9	2
ARHGAP10	9	2
ARHGAP25	9	4
ARHGEF28	9	4
ARHGEF9	9	4
ARID4B	9	3
ARID5A	9	1
ARL13B	9	0
ARMC2	9	2
ARMH3	9	0
ARSD	9	0
ARSL	9	1
ASAH2	9	3
ASCC2	9	0
ASMTL	9	3
ASZ1	9	3
ATG4D	9	2
ATP13A4	9	3
AURKC	9	5
BABAM2	9	2
BACE2	9	2
BAG6	9	2
BAIAP3	9	1
BCAR3	9	2
BEST1	9	0
BICD1	9	3
BMP3	9	3
BMP5	9	4
BMPR1A	9	2
BNIP5	9	1
BRD7	9	2
BSX	9	2
BTN2A1	9	0
BTN2A2	9	2
BTRC	9	2
C11orf87	9	2
C12orf4	9	3
C19orf44	9	3
C21orf58	9	0
C2orf78	9	3
C9orf131	9	1
CABS1	9	2
CACNB1	9	1
CACNB4	9	3
CACNG2	9	1
CACNG5	9	0
CACUL1	9	0
CAMKV	9	0
CAPN15	9	2
CAPN3	9	2
CAPS2	9	2
CARF	9	4
CARNS1	9	2
CATSPER3	9	1
CAVIN1	9	1
CBFA2T2	9	0
CBLL2	9	3
CBX6	9	1
CCDC174	9	2
CCDC181	9	2
CCDC57	9	0
CCDC8	9	1
CCDC96	9	1
CCER1	9	3
CCR1	9	2
CD19	9	0
CD276	9	0
CDC20B	9	3
CDC25A	9	0
CDC27	9	2
CDCA2	9	3
CDHR1	9	1
CENPI	9	0
CERS3	9	6
CES1	9	3
CES5A	9	3
CFAP206	9	4
CFAP20DC	9	1
CFAP77	9	1
CFHR4	9	2
CHIA	9	0
CHIT1	9	2
CHPF2	9	0
CHRDL2	9	1
CHRNB1	9	1
CHRND	9	0
CHST4	9	4
CHST5	9	0
CHST6	9	1
CIB3	9	2
CLDN18	9	1
CLEC18B	9	2
CLK3	9	2
CLNK	9	2
CLPTM1	9	1
CLU	9	0
CNDP2	9	1
CNGA2	9	5
CNOT10	9	4
CNOT11	9	0
CNOT9	9	0
COG2	9	3
COL13A1	9	2
COL9A3	9	1
COLGALT2	9	4
COLQ	9	1
COPS6	9	3
COX10	9	1
CPA1	9	2
CPA5	9	2
CPEB1	9	3
CPNE2	9	1
CPT1A	9	4
CPT1C	9	4
CRTAC1	9	4
CRYZ	9	2
CSGALNACT2	9	2
CSNK1D	9	1
CWC22	9	3
CX3CR1	9	1
CXorf66	9	1
CYC1	9	0
CYP11B2	9	0
CYP1A2	9	0
CYP2R1	9	1
CYP3A7	9	1
CYP8B1	9	0
DACH1	9	3
DBF4	9	1
DBH	9	1
DES	9	2
DGKG	9	0
DHODH	9	1
DHTKD1	9	3
DLD	9	1
DLG3	9	2
DLX5	9	3
DMP1	9	2
DNAJC16	9	2
DNAJC28	9	3
DNM1L	9	1
DNTT	9	3
DPEP2	9	1
DPP9	9	2
DRD1	9	0
DSC3	9	3
DSTN	9	1
DTL	9	1
DYTN	9	5
ECT2L	9	5
EDEM1	9	2
EDEM2	9	0
EDEM3	9	3
EFCAB7	9	0
EHBP1L1	9	1
ELAVL2	9	2
EME1	9	0
ENTHD1	9	2
ENTPD3	9	0
ENTR1	9	0
EPB41L4A	9	4
EPC1	9	1
EPSTI1	9	2
ERC1	9	3
ERMP1	9	5
ERRFI1	9	1
ESR2	9	2
FAM102A	9	0
FAM120C	9	2
FAM126A	9	5
FAM133A	9	4
FAM161A	9	2
FAM161B	9	2
FAM217A	9	2
FAM98A	9	1
FBL	9	0
FBXO41	9	1
FBXO43	9	4
FBXO5	9	2
FCHO1	9	1
FCN2	9	1
FFAR3	9	2
FGF14	9	2
FIBCD1	9	2
FIP1L1	9	1
FIZ1	9	0
FKBP6	9	2
FLVCR2	9	3
FMNL1	9	2
FMO4	9	3
FMR1NB	9	2
FOXRED2	9	1
FPGT	9	2
FRS3	9	1
FSD2	9	2
FTMT	9	1
G6PD	9	1
GAB1	9	1
GABPA	9	3
GABRA3	9	2
GABRB1	9	3
GABRE	9	0
GABRR2	9	2
GABRR3	9	3
GAL3ST4	9	2
GALNT11	9	1
GARRE1	9	1
GATA1	9	1
GCC1	9	5
GCDH	9	2
GDAP2	9	1
GDPD2	9	1
GFRA2	9	1
GIPC3	9	0
GJB1	9	0
GJC1	9	2
GJD2	9	3
GLRA3	9	2
GLRX3	9	1
GLT6D1	9	2
GML	9	1
GNA14	9	1
GNAQ	9	1
GNAT1	9	0
GORASP2	9	2
GP1BA	9	0
GP6	9	3
GPAT3	9	3
GPC1	9	0
GPC2	9	0
GPC3	9	3
GPC4	9	1
GPD2	9	4
GPR20	9	0
GPRC6A	9	2
GREM2	9	1
GRK5	9	1
GRK6	9	1
GSPT2	9	1
H1-2	9	1
HADHB	9	2
HAUS5	9	0
HEATR3	9	2
HECTD3	9	1
HELLS	9	2
HEPH	9	4
HIP1	9	3
HLCS	9	2
HMG20A	9	3
HMMR	9	3
HMX2	9	1
HNRNPK	9	2
HOXC10	9	4
HOXD12	9	2
HSPA6	9	2
HTR1F	9	0
HTR3B	9	1
HTRA1	9	1
HTRA3	9	0
HYOU1	9	3
IBSP	9	4
ICA1	9	2
ICAM5	9	5
IFT74	9	2
IFT81	9	2
IGF2	9	1
IGFN1	9	3
IGHG1	9	0
IHH	9	1
IL17RC	9	3
IL17RD	9	4
IL1R1	9	2
IL31RA	9	3
ILDR2	9	3
IMMT	9	2
INA	9	3
INAVA	9	0
INCENP	9	1
INHA	9	2
INPP5A	9	0
INPP5J	9	0
INSL6	9	1
INTU	9	4
IRAK2	9	0
IRS2	9	0
ISG20L2	9	1
ISYNA1	9	0
ITCH	9	1
ITGA9	9	5
ITPRIP	9	0
KANSL3	9	5
KAT7	9	6
KATNB1	9	2
KCNJ16	9	0
KCNK10	9	2
KCNK18	9	2
KCNK9	9	1
KERA	9	1
KHNYN	9	0
KIAA1958	9	1
KIF23	9	1
KIF2C	9	3
KIF3C	9	2
KIF7	9	2
KIFAP3	9	2
KIFC1	9	1
KIFC2	9	0
KIR3DL3	9	1
KLF8	9	1
KLHL13	9	3
KNG1	9	2
KRI1	9	1
KRIT1	9	3
KRT10	9	1
KRT2	9	2
KRT37	9	3
KRT5	9	2
L3MBTL1	9	2
L3MBTL2	9	0
LBR	9	3
LCMT2	9	1
LDLRAD3	9	1
LDOC1	9	1
LGALS4	9	1
LGSN	9	1
LILRB3	9	4
LIMK2	9	3
LIPC	9	4
LLGL2	9	2
LNX2	9	3
LPCAT4	9	1
LPO	9	2
LRRC1	9	2
LRRC71	9	0
LRRIQ4	9	3
LRRTM3	9	2
LSAMP	9	0
LSP1	9	1
LSS	9	1
LYAR	9	2
MAB21L1	9	2
MACROD2	9	1
MAGEB2	9	2
MAGEB4	9	1
MALT1	9	2
MANEAL	9	0
MAP3K15	9	4
MAP3K2	9	4
MAP4K1	9	2
MAP4K3	9	5
MAP4K5	9	1
MAPK10	9	4
MAPK6	9	2
MATN2	9	3
MAU2	9	1
MCCC1	9	3
MEP1A	9	1
MEP1B	9	2
MEPE	9	3
MERTK	9	3
MFN2	9	0
MFSD2A	9	1
MFSD5	9	0
MGAT1	9	3
MIB1	9	5
MLIP	9	2
MMD2	9	1
MMEL1	9	1
MMP19	9	4
MMP3	9	2
MORC2	9	3
MPP1	9	0
MR1	9	2
MSLN	9	0
MSLNL	9	0
MTBP	9	3
MTHFD1	9	0
MTHFSD	9	2
MTIF2	9	3
MTM1	9	2
MTMR11	9	1
MTMR12	9	4
MTNR1B	9	4
MTRR	9	1
MTSS1	9	2
MTX3	9	0
MUC20	9	0
MUC21	9	0
MYBL2	9	1
MYO1D	9	3
MZF1	9	1
NAA35	9	3
NAGPA	9	0
NASP	9	1
NBPF11	9	0
NCAPH	9	0
NCOA4	9	1
NDC1	9	3
NECTIN1	9	3
NEDD1	9	3
NEPRO	9	2
NFX1	9	3
NHLRC2	9	0
NKX2-2	9	0
NLN	9	2
NOLC1	9	0
NOP58	9	2
NOP9	9	0
NOX5	9	1
NPR3	9	0
NR1D1	9	1
NR1D2	9	2
NRP1	9	2
NSMAF	9	5
NSRP1	9	0
NT5C1A	9	3
NT5C2	9	2
NUDT7	9	2
NUFIP1	9	2
OAS3	9	2
OFD1	9	4
OGT	9	3
OLFM4	9	0
OLFML1	9	2
ONECUT2	9	0
OOEP	9	1
OPRK1	9	2
OPRL1	9	0
OR10A3	9	5
OR10G7	9	3
OR10G9	9	2
OR10H5	9	3
OR10J1	9	0
OR1A2	9	1
OR1J1	9	0
OR4C46	9	1
OR4Q3	9	2
OR4X1	9	1
OR51E2	9	2
OR51V1	9	1
OR5AR1	9	0
OR5B3	9	2
OR5L2	9	1
OR6K3	9	2
OR6K6	9	3
OR6N2	9	3
OR7C1	9	4
OR7E24	9	4
OR9A4	9	3
OR9G1	9	4
OSBPL2	9	2
OSBPL8	9	2
OSCP1	9	0
OTOP1	9	3
OTOP3	9	3
OTX2	9	2
P2RY13	9	1
PADI3	9	1
PADI6	9	2
PAF1	9	1
PAK1	9	1
PAK3	9	4
PALMD	9	3
PARP15	9	2
PARPBP	9	1
PCGF2	9	1
PCSK4	9	0
PDE3B	9	3
PDE6C	9	3
PDGFD	9	3
PDIA2	9	0
PDIA3	9	3
PDLIM1	9	0
PDLIM5	9	3
PDZD7	9	2
PELI3	9	1
PFKFB1	9	3
PFKL	9	0
PGBD4	9	4
PHC3	9	2
PHF1	9	1
PHF12	9	2
PHF20	9	2
PHKA1	9	2
PI15	9	2
PIGR	9	5
PIK3C3	9	2
PIK3R4	9	3
PIPOX	9	1
PIWIL3	9	4
PKP1	9	2
PLA1A	9	2
PLEK	9	2
PLEKHA2	9	1
PLEKHG3	9	1
PLEKHH3	9	1
PLEKHM3	9	2
PLK4	9	2
PLOD1	9	0
PNLIP	9	4
PODXL	9	0
POF1B	9	1
POFUT2	9	0
POLDIP3	9	2
PON3	9	1
PPARGC1B	9	3
PPFIA1	9	5
PPP2R5A	9	0
PPP3CA	9	1
PRCC	9	0
PRDM14	9	1
PRL	9	4
PRMT7	9	1
PRPF38B	9	3
PRPF40A	9	2
PRRG3	9	0
PSG1	9	4
PSG7	9	1
PSKH2	9	0
PTER	9	1
PTGFR	9	3
PTPN11	9	5
PTPN6	9	0
PTPRE	9	1
PUS10	9	2
PUS7L	9	4
PYGO2	9	0
QSOX2	9	0
RAB34	9	2
RAB6B	9	2
RABGEF1	9	1
RAD21	9	3
RAD54B	9	2
RAE1	9	2
RANBP3	9	1
RAPGEF5	9	2
RARS2	9	3
RBM48	9	2
RBMS3	9	1
RC3H2	9	2
RCN3	9	0
RECQL4	9	0
REL	9	2
RELA	9	1
RFX2	9	2
RFX4	9	3
RGMB	9	2
RGS21	9	0
RGS7	9	2
RHOBTB3	9	2
RHPN1	9	2
RIC1	9	3
RIMKLB	9	3
RIN3	9	2
RIOK1	9	2
RIT2	9	1
RNF112	9	0
RNF165	9	2
RNF169	9	2
ROPN1B	9	0
RPAP2	9	3
RRAGB	9	0
RRNAD1	9	0
RSPH6A	9	2
RSPO3	9	2
RTKN	9	3
RTP5	9	1
RUFY1	9	2
RXFP1	9	2
RYK	9	2
S1PR5	9	1
SART3	9	2
SASH3	9	0
SASS6	9	2
SCARB2	9	1
SCEL	9	2
SCFD2	9	2
SCG3	9	1
SCML2	9	2
SCNN1B	9	1
SCNN1G	9	3
SCUBE1	9	1
SCYL2	9	3
SEC14L4	9	0
SEC16B	9	1
SEC23IP	9	2
SEMA4A	9	2
SERPINE2	9	2
SERPINI2	9	4
SESTD1	9	3
SEZ6	9	2
SF3B3	9	2
SFPQ	9	2
SH3D21	9	0
SH3GL3	9	5
SIDT1	9	3
SIGLEC11	9	2
SIGLEC5	9	2
SIGLEC9	9	2
SIK2	9	4
SIRPA	9	1
SIRT1	9	3
SLC10A2	9	4
SLC11A2	9	1
SLC12A4	9	4
SLC14A2	9	4
SLC17A1	9	1
SLC18A1	9	1
SLC1A1	9	3
SLC24A4	9	1
SLC25A23	9	0
SLC27A2	9	1
SLC27A3	9	2
SLC2A2	9	1
SLC2A4	9	1
SLC2A9	9	2
SLC30A8	9	3
SLC34A1	9	0
SLC38A10	9	0
SLC44A2	9	1
SLC45A3	9	0
SLC46A3	9	2
SLC5A4	9	4
SLC5A6	9	2
SLC6A12	9	4
SLC7A1	9	0
SLC7A11	9	2
SLC7A3	9	3
SLC8A3	9	6
SLC9A2	9	2
SLC9A7	9	3
SLCO1A2	9	2
SLF2	9	3
SLFN12	9	4
SLFNL1	9	0
SLMAP	9	1
SMARCC1	9	2
SMG8	9	3
SNCAIP	9	3
SNIP1	9	0
SNRK	9	3
SNW1	9	2
SNX14	9	2
SNX15	9	1
SPAG6	9	5
SPATC1	9	2
SPICE1	9	2
SPOPL	9	2
SPTLC1	9	1
SRL	9	0
SRP72	9	3
SSBP4	9	3
SSRP1	9	1
ST14	9	2
ST8SIA1	9	0
STAT2	9	6
STAT5A	9	2
STIL	9	3
STK39	9	1
STRIP1	9	0
STT3A	9	3
STX11	9	1
STXBP1	9	3
SULT6B1	9	1
SUN1	9	1
SUSD4	9	2
SYNCRIP	9	2
SYT12	9	1
TAAR9	9	2
TAB3	9	4
TADA3	9	2
TAF6L	9	1
TBC1D10A	9	0
TBC1D23	9	2
TBL1X	9	0
TBX22	9	1
TBXAS1	9	3
TCP11	9	1
TEKT5	9	2
TELO2	9	1
TEPSIN	9	0
TFDP1	9	1
TFR2	9	3
THBS4	9	2
THYN1	9	1
TIGD2	9	1
TINAG	9	1
TLCD3B	9	1
TLK1	9	1
TLK2	9	1
TLR5	9	4
TMC6	9	0
TMCC1	9	1
TMCC3	9	2
TMEM108	9	2
TMEM181	9	3
TMEM63A	9	2
TMEM87B	9	4
TMPRSS6	9	2
TMTC4	9	1
TNFRSF8	9	0
TNIP3	9	4
TNK1	9	1
TOMM70	9	0
TOP3B	9	1
TOX3	9	0
TPP1	9	0
TPSD1	9	0
TRAF3	9	2
TRIM4	9	1
TRIM54	9	1
TRIM6-TRIM34	9	0
TRMT12	9	1
TRMT6	9	0
TRPC1	9	5
TRPC4AP	9	3
TRPV3	9	4
TSPYL5	9	3
TTLL3	9	0
TTLL9	9	1
TUBA3E	9	3
TUBGCP4	9	0
TUFM	9	0
TULP1	9	1
TUT1	9	1
TWNK	9	1
TXNRD2	9	2
UBR2	9	4
UGT2B11	9	2
UGT2B4	9	2
UNC13D	9	1
URI1	9	4
USH1G	9	2
USP1	9	4
USP11	9	2
USP13	9	3
USP17L2	9	2
USP36	9	0
UVSSA	9	0
VEZT	9	2
VIPR2	9	1
VNN1	9	2
VPS33B	9	1
VPS37B	9	0
VPS54	9	3
WAPL	9	5
WASHC5	9	2
WDCP	9	3
WDR1	9	1
WDR91	9	1
WHAMM	9	2
WNT11	9	0
XIAP	9	1
XPOT	9	1
XRCC4	9	1
XRCC6	9	2
XRN2	9	3
YME1L1	9	2
ZBTB11	9	3
ZBTB24	9	5
ZBTB26	9	0
ZBTB49	9	2
ZC3H12A	9	3
ZC3H12B	9	3
ZC3H7B	9	3
ZCCHC12	9	0
ZFP2	9	3
ZFP37	9	3
ZFPM1	9	3
ZMIZ1	9	2
ZMYND15	9	2
ZNF10	9	1
ZNF14	9	3
ZNF141	9	1
ZNF175	9	3
ZNF217	9	4
ZNF251	9	4
ZNF264	9	2
ZNF267	9	4
ZNF275	9	0
ZNF284	9	4
ZNF30	9	1
ZNF317	9	2
ZNF347	9	4
ZNF432	9	3
ZNF480	9	1
ZNF490	9	5
ZNF510	9	2
ZNF526	9	1
ZNF529	9	3
ZNF549	9	3
ZNF562	9	2
ZNF587	9	4
ZNF606	9	2
ZNF618	9	2
ZNF628	9	2
ZNF652	9	2
ZNF660	9	2
ZNF683	9	0
ZNF689	9	2
ZNF701	9	2
ZNF704	9	2
ZNF763	9	1
ZNF773	9	2
ZNF780B	9	2
ZNF800	9	5
ZNF813	9	2
ZNF84	9	3
ZNF85	9	4
ZNHIT6	9	3
ZP2	9	2
ZP4	9	4
ZSCAN5B	9	2
ZSWIM4	9	3
A4GALT	8	0
AACS	8	2
AADAC	8	2
AADACL2	8	2
ABAT	8	1
ABCB7	8	1
ABCD4	8	2
ABCG1	8	2
ABCG5	8	1
ABHD18	8	0
ABI3	8	3
ABT1	8	1
AC008397.2	8	0
AC098582.1	8	3
ACO1	8	1
ACO2	8	0
ACOX1	8	0
ACP2	8	0
ACSF3	8	2
ACSM2B	8	1
ACTB	8	2
ACTBL2	8	1
ACTG2	8	1
ACTL6A	8	1
ACTRT2	8	1
ADAM28	8	4
ADAM9	8	4
ADGRF3	8	3
ADGRG7	8	4
ADHFE1	8	1
ADRB3	8	4
AFTPH	8	3
AGBL4	8	1
AGPAT1	8	0
AHCYL2	8	2
AHSG	8	1
AIDA	8	0
AIFM3	8	0
AJM1	8	1
AKR1B1	8	4
AL645922.1	8	2
ALCAM	8	0
ALDOB	8	0
ALG10B	8	2
AMBN	8	3
AMHR2	8	2
AMIGO2	8	2
AMMECR1L	8	1
AMZ1	8	2
ANGPT1	8	4
ANGPTL5	8	1
ANKMY2	8	1
ANKRD24	8	1
ANO1	8	2
ANO9	8	1
AP2M1	8	1
AP4E1	8	3
APEH	8	1
APOA4	8	1
APOA5	8	1
APOBEC1	8	0
APOBEC4	8	3
ARFGAP3	8	1
ARHGAP18	8	3
ARHGAP19	8	2
ARHGEF37	8	0
ARHGEF4	8	2
ARMCX5	8	3
ARMT1	8	1
ARSA	8	2
ART1	8	0
ASAP3	8	3
ASB11	8	1
ASB2	8	1
ASPG	8	0
ATAT1	8	2
ATP1B4	8	3
ATXN3L	8	4
B3GNT2	8	2
B4GAT1	8	1
BAG3	8	1
BBS7	8	2
BCAN	8	1
BCKDK	8	1
BCL11B	8	1
BCL6B	8	1
BEND4	8	1
BEST3	8	4
BICRAL	8	5
BMERB1	8	2
BMP2K	8	2
BOP1	8	1
BPIFB4	8	2
BRDT	8	5
BRF2	8	1
BTBD3	8	0
BTK	8	2
BTNL8	8	1
BTNL9	8	0
C17orf97	8	1
C1orf127	8	1
C2CD6	8	3
C8A	8	4
CABP4	8	0
CABYR	8	2
CACNG7	8	3
CACTIN	8	1
CADM2	8	6
CALR3	8	1
CAPN10	8	1
CAPN12	8	0
CAPN2	8	3
CASP4	8	2
CATSPER4	8	2
CAVIN2	8	2
CAVIN4	8	2
CCDC105	8	2
CCDC125	8	2
CCDC138	8	3
CCDC30	8	3
CCDC34	8	1
CCDC38	8	1
CCDC6	8	1
CCDC82	8	3
CCNF	8	1
CCNL2	8	0
CCNT2	8	4
CCR5	8	1
CCR7	8	2
CCSER1	8	5
CCT6A	8	3
CCZ1	8	1
CD207	8	3
CD244	8	1
CD2AP	8	2
CD300LG	8	1
CD5L	8	4
CD70	8	1
CDC16	8	2
CDH24	8	1
CDH5	8	2
CDK1	8	3
CDK16	8	2
CDKL2	8	2
CDRT15	8	1
CDX2	8	0
CEACAM18	8	1
CENPU	8	3
CEP41	8	3
CEP55	8	1
CEP72	8	1
CEP89	8	4
CEP97	8	2
CETP	8	1
CHD1L	8	2
CHEK1	8	2
CHPF	8	2
CHRM4	8	1
CHRNA2	8	1
CHRNA5	8	1
CHRNB3	8	5
CHST11	8	5
CIP2A	8	4
CIR1	8	0
CLCNKA	8	0
CLCNKB	8	0
CLEC4D	8	2
CLIC6	8	1
CLUAP1	8	1
CMTR1	8	4
CNOT3	8	2
CNOT7	8	1
CNTFR	8	1
COG5	8	3
COP1	8	2
COPS2	8	2
CPE	8	5
CPNE4	8	8
CPNE9	8	1
CREB3	8	2
CREB3L1	8	1
CREB5	8	2
CRNN	8	0
CRY2	8	0
CSNK2A1	8	0
CSPG5	8	1
CSRNP1	8	2
CST1	8	1
CSTF2T	8	3
CTBP1	8	1
CWF19L1	8	3
CXCR2	8	2
CYP17A1	8	0
CYP26A1	8	2
CYP26B1	8	2
CYP27B1	8	1
CYP2A6	8	3
CYP46A1	8	0
CYP4F2	8	1
CYP4F22	8	3
DAG1	8	3
DAZAP1	8	0
DBR1	8	1
DCAF11	8	2
DCBLD2	8	2
DCT	8	6
DCTN2	8	1
DDB1	8	3
DDIAS	8	2
DDX1	8	1
DDX19A	8	1
DDX55	8	2
DEAF1	8	1
DELE1	8	0
DGKE	8	3
DGKK	8	4
DHX33	8	2
DHX40	8	1
DHX58	8	1
DLG4	8	2
DMPK	8	0
DMTN	8	1
DNAJA1	8	1
DNAJA4	8	0
DNAJB7	8	1
DNAJC1	8	0
DNAJC11	8	2
DNAJC21	8	2
DNAJC22	8	0
DNAJC3	8	2
DNAJC7	8	3
DNMT3A	8	3
DPY19L4	8	4
DPYSL3	8	1
DTWD2	8	0
DUXA	8	1
DYNC1LI1	8	1
DYRK1A	8	4
DYRK4	8	1
EBF2	8	5
EDNRA	8	1
EFNB1	8	0
EFTUD2	8	2
EGFL6	8	3
EIF2B5	8	2
EIF3E	8	1
EIF3J	8	2
ELL3	8	2
ELP2	8	2
EMILIN2	8	4
EML2	8	1
ENGASE	8	0
ENOX1	8	1
ENPP5	8	3
EPAS1	8	0
EPC2	8	6
EPS15L1	8	1
EPS8L3	8	3
ERMN	8	1
ESX1	8	3
EVI5L	8	1
EVL	8	0
EVX2	8	2
EWSR1	8	1
EXOC3L4	8	0
EZHIP	8	3
F11	8	2
F7	8	1
FAAP100	8	2
FADS3	8	1
FAM111B	8	2
FAM124A	8	2
FAM160B1	8	4
FAM171A1	8	1
FAM189B	8	1
FAM199X	8	0
FAM200A	8	0
FANCC	8	1
FANCL	8	1
FAR2	8	2
FARSA	8	1
FBLN7	8	4
FBP2	8	2
FBXL13	8	3
FBXL19	8	1
FBXL3	8	1
FBXL5	8	2
FBXO31	8	3
FBXO42	8	2
FBXW5	8	0
FCRL1	8	1
FDPS	8	0
FEM1A	8	0
FES	8	1
FEZF1	8	3
FGF10	8	1
FHL5	8	4
FIGNL1	8	1
FKTN	8	2
FLOT1	8	0
FLYWCH1	8	0
FMO2	8	2
FMOD	8	1
FOXN1	8	0
FOXN2	8	3
FOXRED1	8	0
FSCN2	8	1
FUT2	8	1
FUT9	8	5
GAB3	8	0
GABRR1	8	3
GALNT10	8	1
GALNT15	8	3
GALNT5	8	5
GALNT9	8	3
GALR1	8	2
GANC	8	3
GAS6	8	0
GAS7	8	1
GATA2	8	3
GATAD2B	8	1
GATB	8	1
GBP5	8	3
GBP7	8	4
GCK	8	2
GCNT1	8	2
GEM	8	1
GGA3	8	1
GHR	8	3
GHSR	8	0
GJA1	8	3
GLB1	8	2
GLB1L3	8	4
GLCE	8	3
GLP1R	8	4
GLYR1	8	0
GMIP	8	2
GMPPA	8	2
GNAZ	8	2
GNL2	8	1
GNRHR	8	2
GORASP1	8	2
GPCPD1	8	1
GPNMB	8	1
GPR141	8	1
GPR142	8	1
GPR155	8	2
GPR160	8	1
GPR171	8	2
GPR180	8	1
GPR3	8	0
GPR37L1	8	1
GPR78	8	0
GPR87	8	3
GPRIN1	8	0
GPT	8	1
GRAMD1C	8	3
GRAMD4	8	1
GRIN3B	8	0
GRK2	8	1
GRK3	8	4
GRK4	8	0
GSTCD	8	4
GSX2	8	0
GTPBP3	8	1
GUSB	8	1
GXYLT1	8	3
GZMA	8	4
GZMK	8	1
HADHA	8	2
HAGHL	8	0
HAPLN4	8	0
HCK	8	0
HCN2	8	0
HDGFL1	8	1
HEATR6	8	1
HESX1	8	1
HGS	8	1
HGSNAT	8	1
HHAT	8	1
HIPK3	8	2
HIRIP3	8	0
HJURP	8	1
HJV	8	2
HLA-DRA	8	0
HLTF	8	4
HNF1B	8	2
HNRNPM	8	1
HOOK1	8	1
HOOK3	8	3
HOXB3	8	2
HOXD4	8	1
HPS3	8	3
HPS6	8	0
HS3ST3B1	8	3
HS3ST4	8	5
HSD3B1	8	2
HSPA8	8	4
HSPH1	8	1
HTR2B	8	1
HTR3A	8	3
HTR3E	8	4
HTR5A	8	3
ICE2	8	3
IDH3G	8	0
IFRD2	8	1
IGF2BP3	8	1
IGSF11	8	3
IGSF21	8	1
IGSF5	8	3
IKBKB	8	3
IL13RA2	8	3
IL17RB	8	1
IL1R2	8	4
IL1RAP	8	4
IL3RA	8	4
ILVBL	8	3
INPP5E	8	0
INSYN2A	8	2
INTS11	8	1
INTS3	8	1
INTS6	8	4
IP6K2	8	1
IRAK4	8	1
ISLR	8	2
ITGA2	8	2
ITIH3	8	5
IVNS1ABP	8	5
IWS1	8	1
JMY	8	2
JPH2	8	2
KBTBD12	8	2
KCNAB3	8	2
KCNC1	8	4
KCNJ10	8	0
KCNJ12	8	0
KCNJ2	8	2
KCNJ5	8	0
KCNS1	8	2
KDM1B	8	2
KDM4C	8	2
KHDRBS3	8	0
KIF11	8	4
KIF19	8	4
KIFBP	8	0
KLB	8	1
KLHDC8B	8	1
KLHDC9	8	0
KLHL20	8	3
KLHL26	8	1
KLHL3	8	2
KLHL38	8	3
KLK4	8	1
KPNA1	8	1
KPNA3	8	3
KPNA4	8	2
KPNA6	8	3
KRT17	8	1
KRT28	8	1
KRT32	8	1
KRT33B	8	2
KRT6B	8	0
KRT9	8	4
KRTAP10-6	8	0
KRTAP27-1	8	0
LARP1B	8	4
LCA5L	8	4
LDHAL6B	8	2
LDLR	8	1
LGI1	8	2
LGR6	8	1
LHX5	8	0
LHX6	8	0
LHX9	8	2
LILRA4	8	2
LIMD1	8	0
LIPT1	8	3
LMBR1L	8	0
LMF1	8	1
LMX1A	8	1
LMX1B	8	0
LONP1	8	2
LONRF3	8	2
LPAR4	8	3
LPIN1	8	6
LPL	8	1
LRCH1	8	5
LRFN3	8	0
LRFN4	8	1
LRIT2	8	3
LRP2BP	8	0
LRRC18	8	2
LRRC32	8	0
LRRC47	8	0
LRRC56	8	0
LRRC8E	8	2
LTK	8	1
LUC7L3	8	3
MAEA	8	0
MAGEC2	8	3
MAMDC2	8	4
MAN1A2	8	2
MAN1B1	8	1
MAN2B2	8	2
MAP2K2	8	1
MAP6	8	2
MAPK7	8	0
MARCHF7	8	2
MAT2B	8	3
MBOAT1	8	2
MC3R	8	1
MCHR1	8	3
MEAK7	8	2
MED24	8	4
MEF2A	8	1
METTL16	8	4
METTL22	8	0
METTL3	8	1
METTL6	8	2
MFAP3L	8	2
MFAP5	8	0
MFSD2B	8	0
MGAT4B	8	1
MICALL1	8	0
MID2	8	0
MIEF2	8	0
MIOS	8	4
MKX	8	0
MLXIPL	8	0
MMP10	8	2
MMP15	8	1
MMP26	8	3
MMUT	8	3
MNDA	8	7
MNS1	8	3
MOG	8	2
MOK	8	1
MPEG1	8	4
MPP3	8	2
MRAP2	8	2
MRE11	8	4
MRGPRX2	8	2
MROH8	8	3
MRPL39	8	2
MSC	8	2
MSH4	8	4
MSI1	8	0
MSL2	8	2
MST1	8	1
MTHFD2L	8	0
MTMR2	8	1
MTMR7	8	2
MTMR9	8	1
MTPAP	8	2
MUC13	8	1
MUL1	8	1
MX2	8	2
MXD3	8	0
MYC	8	1
MYOD1	8	1
MYRF	8	2
NAB1	8	0
NACC1	8	0
NACC2	8	0
NADK	8	1
NBR1	8	1
NCOA7	8	1
NDC80	8	0
NDOR1	8	1
NDST1	8	0
NECAB3	8	1
NEK3	8	2
NEUROD1	8	5
NFIA	8	4
NFIC	8	1
NFKB1	8	5
NIPA2	8	3
NKX6-1	8	4
NLRP6	8	1
NMD3	8	1
NME8	8	5
NMT1	8	2
NOC3L	8	2
NOD1	8	2
NPAS2	8	1
NPSR1	8	2
NR1H4	8	2
NR2F2	8	0
NR4A3	8	3
NR5A1	8	1
NSFL1C	8	2
NT5DC3	8	2
NTAN1	8	1
NTN1	8	2
NTSR1	8	4
NUP160	8	1
NUP42	8	1
NXF1	8	3
NYX	8	2
OBI1	8	2
OGFRL1	8	2
OLAH	8	1
ONECUT1	8	0
OPN4	8	1
OR10C1	8	1
OR10J3	8	1
OR10J5	8	1
OR10Z1	8	5
OR12D2	8	2
OR13C4	8	2
OR13C8	8	3
OR13D1	8	2
OR14K1	8	2
OR1L1	8	2
OR2B6	8	0
OR2D2	8	0
OR2G6	8	2
OR2L2	8	2
OR2M5	8	4
OR2T10	8	1
OR3A1	8	1
OR4A47	8	3
OR4D5	8	2
OR4K2	8	1
OR51A4	8	1
OR51B5	8	1
OR51S1	8	4
OR52E4	8	5
OR52J3	8	1
OR56A3	8	1
OR5AS1	8	1
OR5H1	8	1
OR5M3	8	2
OR6C68	8	2
OR6F1	8	1
OR8G2P	8	1
OSBP	8	0
OSBPL11	8	3
OSGEPL1	8	1
OSM	8	0
OVGP1	8	2
P3H2	8	2
PABPC1L	8	1
PACRG	8	2
PACSIN2	8	1
PARP3	8	0
PARP8	8	4
PCGF1	8	0
PCMTD1	8	2
PCNX4	8	3
PDCD6IP	8	4
PDE1A	8	3
PDE6B	8	2
PDE7A	8	2
PDK2	8	1
PDSS1	8	5
PER2	8	2
PFKFB2	8	3
PGAP1	8	2
PGAP6	8	2
PGLYRP4	8	1
PHF24	8	3
PHF7	8	0
PHF8	8	1
PHOX2B	8	2
PI4KB	8	0
PIDD1	8	0
PIGB	8	2
PIK3AP1	8	1
PIK3CB	8	3
PLA2G3	8	0
PLA2G4D	8	2
PLA2G4E	8	1
PLA2G4F	8	2
PLA2G7	8	2
PLEKHG4	8	1
PLEKHN1	8	0
PLS1	8	3
PLS3	8	4
PNMT	8	0
PNPLA3	8	1
POGLUT2	8	5
POMGNT2	8	0
PPARA	8	2
PPAT	8	4
PPEF2	8	4
PPHLN1	8	3
PPIE	8	0
PPM1D	8	2
PPP1R12A	8	3
PPP1R13L	8	0
PPP1R18	8	1
PPP1R32	8	1
PPP1R36	8	1
PPP2R2A	8	2
PPP2R5E	8	0
PPP3CB	8	3
PRAMEF14	8	1
PRAMEF2	8	1
PRAMEF7	8	0
PRDM13	8	1
PRF1	8	1
PRIMPOL	8	1
PRKAA1	8	0
PRKACG	8	2
PRKRA	8	3
PRLR	8	2
PRMT3	8	3
PROSER3	8	1
PRPF31	8	0
PSAP	8	1
PSAPL1	8	0
PSD3	8	4
PSEN2	8	1
PSG2	8	1
PSG8	8	1
PSMA8	8	4
PTCD1	8	1
PTDSS1	8	3
PTGS1	8	2
PTH1R	8	0
PTPN9	8	1
PUS3	8	3
PYGL	8	4
QRSL1	8	2
QSOX1	8	1
RAB11FIP4	8	3
RAB3GAP2	8	6
RAB40C	8	0
RAD18	8	2
RALYL	8	1
RANBP3L	8	4
RANBP9	8	3
RANGAP1	8	0
RAP1GDS1	8	3
RARA	8	1
RARG	8	1
RBM12	8	4
RBM43	8	4
RBM47	8	1
RECQL	8	1
RELB	8	0
REM1	8	2
RHAG	8	4
RIC3	8	0
RIPK1	8	0
RIPOR3	8	4
RNF148	8	3
RNF168	8	2
RNF19A	8	2
RNF44	8	0
RPAP1	8	3
RPL3L	8	1
RPUSD4	8	0
RSBN1	8	2
RSPH10B2	8	5
RSPO2	8	3
RTL1	8	2
RUVBL1	8	2
SAMD14	8	1
SAMD3	8	1
SAMD7	8	1
SATL1	8	1
SAXO2	8	2
SBSN	8	0
SCIN	8	1
SCYL1	8	1
SDAD1	8	0
SDS	8	0
SEC14L3	8	1
SEC24A	8	4
SEC31B	8	3
SEMA3B	8	0
SEMA4C	8	0
SERPINA10	8	1
SERPINA12	8	1
SERPINB10	8	2
SERPINB7	8	2
SERPINE1	8	2
SESN2	8	0
SETD3	8	3
SF3A1	8	1
SF3B2	8	1
SFMBT1	8	1
SFXN2	8	1
SGCE	8	2
SGIP1	8	3
SGSM3	8	1
SH2D3A	8	0
SH3KBP1	8	2
SHCBP1	8	1
SHOC2	8	3
SHTN1	8	2
SIGLEC6	8	3
SIRT4	8	1
SKA3	8	2
SKOR1	8	1
SLA	8	0
SLC13A2	8	1
SLC16A13	8	0
SLC17A7	8	1
SLC17A8	8	2
SLC17A9	8	3
SLC20A2	8	3
SLC22A13	8	2
SLC22A2	8	2
SLC22A3	8	2
SLC25A2	8	1
SLC25A28	8	1
SLC26A4	8	6
SLC28A1	8	2
SLC28A2	8	1
SLC28A3	8	3
SLC2A10	8	2
SLC2A5	8	1
SLC2A8	8	1
SLC35G2	8	3
SLC35G3	8	1
SLC37A1	8	1
SLC38A1	8	3
SLC38A4	8	0
SLC38A6	8	2
SLC39A5	8	1
SLC39A7	8	2
SLC41A3	8	1
SLC45A2	8	2
SLC66A1	8	0
SLC6A17	8	2
SLC6A20	8	0
SLC6A4	8	1
SLC7A4	8	0
SLC9A8	8	2
SMC3	8	3
SMOC1	8	2
SMPD2	8	0
SNAP47	8	2
SNRPN	8	1
SNX27	8	1
SNX31	8	3
SNX32	8	1
SOCS6	8	1
SORT1	8	4
SP140L	8	3
SP4	8	1
SPANXD	8	0
SPANXN2	8	2
SPARC	8	2
SPATS2	8	1
SPEM1	8	0
SPEM2	8	2
SPIN1	8	1
SPOCD1	8	2
SPOUT1	8	0
SPRED1	8	1
SPRED2	8	1
SPTLC3	8	4
SRBD1	8	2
SRPK2	8	3
SRPK3	8	2
SRSF6	8	1
SRSF7	8	1
SSTR1	8	1
STAT3	8	0
STAT4	8	3
STAT6	8	0
STC2	8	0
STEAP2	8	1
STEAP4	8	5
STK24	8	1
STK3	8	0
STK33	8	3
STRA8	8	2
STRADA	8	0
STRN	8	2
STT3B	8	3
STXBP5	8	4
SUCLA2	8	4
SUGP1	8	0
SUPT20HL2	8	2
SUPT3H	8	0
SUSD1	8	3
SYDE1	8	3
SYNE4	8	0
SYT1	8	0
SYT14	8	2
SYT4	8	4
SYT9	8	3
TAB1	8	0
TACC1	8	2
TAF15	8	1
TAF1D	8	0
TANGO6	8	1
TAP1	8	2
TAS2R1	8	2
TAS2R13	8	0
TAS2R42	8	0
TAT	8	1
TBC1D12	8	2
TBC1D15	8	2
TBC1D2	8	2
TBC1D24	8	0
TBC1D2B	8	1
TBCD	8	3
TBL2	8	1
TBRG4	8	2
TBX15	8	3
TCEA2	8	1
TCFL5	8	1
TCIRG1	8	0
TDO2	8	4
TDRD1	8	4
TDRKH	8	2
TESK2	8	3
TFRC	8	2
THADA	8	5
THNSL1	8	2
THOP1	8	1
TIGD7	8	2
TIMD4	8	1
TLR4	8	3
TM4SF4	8	1
TMEM161B	8	1
TMEM175	8	2
TMEM25	8	1
TMEM44	8	0
TMEM67	8	1
TMEM8B	8	0
TMOD2	8	0
TMPRSS2	8	1
TNFRSF11B	8	2
TNFRSF21	8	1
TNIP1	8	0
TNNT2	8	0
TOP1MT	8	1
TPCN2	8	0
TPH2	8	1
TPST2	8	0
TRABD	8	2
TRAF3IP1	8	0
TRAF5	8	1
TRAM1	8	2
TRIM15	8	0
TRIM23	8	2
TRIM32	8	1
TRIM41	8	3
TRIM49	8	2
TRIM50	8	2
TRIML2	8	6
TRPM5	8	1
TRUB1	8	1
TSBP1	8	2
TSKS	8	2
TSPEAR	8	3
TSPYL2	8	3
TSPYL4	8	2
TTC30B	8	4
TTC7B	8	2
TTYH2	8	0
TUBB2A	8	2
TXK	8	3
TXNDC11	8	1
TXNDC2	8	4
UBA7	8	2
UBQLN1	8	2
UBQLNL	8	4
UBTF	8	1
UBXN7	8	2
UGT1A7	8	0
UGT2A3	8	4
UHRF1	8	2
UNC5CL	8	1
UNKL	8	2
USP16	8	1
USP9Y	8	3
USPL1	8	2
UTP14A	8	1
UTP25	8	3
VASN	8	1
VAV2	8	2
VGLL4	8	1
VIL1	8	2
VPS35L	8	2
VPS37C	8	0
VPS45	8	1
VSIG10	8	0
VSIR	8	0
VSTM2A	8	3
VWA2	8	3
WDR70	8	3
WIPF2	8	0
WIPI2	8	1
WNT3A	8	1
WNT7A	8	0
XPO1	8	5
XRCC2	8	0
YY1AP1	8	4
ZACN	8	0
ZBP1	8	4
ZBTB48	8	1
ZC2HC1C	8	1
ZC3H7A	8	4
ZCRB1	8	0
ZFP3	8	3
ZFX	8	2
ZGPAT	8	0
ZMAT4	8	1
ZMIZ2	8	1
ZNF124	8	0
ZNF154	8	5
ZNF17	8	1
ZNF185	8	0
ZNF189	8	2
ZNF197	8	5
ZNF219	8	0
ZNF224	8	2
ZNF235	8	2
ZNF280A	8	2
ZNF280B	8	1
ZNF287	8	2
ZNF300	8	2
ZNF311	8	3
ZNF319	8	0
ZNF330	8	2
ZNF33B	8	4
ZNF35	8	0
ZNF354B	8	3
ZNF385B	8	7
ZNF408	8	1
ZNF430	8	3
ZNF433	8	0
ZNF438	8	1
ZNF470	8	6
ZNF491	8	4
ZNF496	8	2
ZNF497	8	0
ZNF514	8	2
ZNF544	8	6
ZNF548	8	2
ZNF554	8	2
ZNF556	8	5
ZNF577	8	3
ZNF586	8	2
ZNF599	8	2
ZNF605	8	3
ZNF623	8	2
ZNF624	8	2
ZNF625	8	3
ZNF649	8	2
ZNF654	8	2
ZNF678	8	2
ZNF750	8	2
ZNF768	8	2
ZNF776	8	1
ZNF829	8	4
ZRANB2	8	2
ZSCAN4	8	2
ZW10	8	5
ZXDB	8	1
A1BG	7	0
AAAS	7	0
ABCB10	7	2
ABCG8	7	2
ABHD16A	7	1
AC090517.4	7	2
AC092143.1	7	5
ACAA1	7	0
ACAD9	7	3
ACADSB	7	0
ACAP2	7	2
ACER1	7	1
ACKR2	7	5
ACOX3	7	3
ACSL4	7	1
ACSL6	7	1
ACSM2A	7	5
ACSM5	7	3
ACTL7A	7	5
ACVRL1	7	0
ADAT1	7	0
ADCK2	7	0
ADCK5	7	0
ADRA2B	7	0
ADRB2	7	2
AFG3L2	7	2
AGBL2	7	4
AGMO	7	1
AGPAT4	7	2
AGTR2	7	3
AGXT2	7	2
AHCY	7	1
ALAS1	7	4
ALDH6A1	7	2
AMIGO1	7	2
ANAPC5	7	2
ANAPC7	7	1
ANKEF1	7	2
ANKLE1	7	2
ANKRD33	7	0
ANKRD53	7	1
ANLN	7	4
ANXA11	7	0
AOPEP	7	1
AP002512.3	7	3
AP1M2	7	0
APBA3	7	1
APBB2	7	0
APCDD1	7	2
APLNR	7	3
ARHGAP12	7	2
ARHGDIB	7	0
ARL11	7	1
ARL14EP	7	1
ARMC5	7	1
ARMH4	7	5
ASAH1	7	1
ASB3	7	1
ASH2L	7	2
ASIC1	7	1
ASMT	7	0
ASPN	7	2
ASPRV1	7	0
ATAD3A	7	1
ATF6B	7	1
ATG5	7	1
ATG9A	7	5
ATOH1	7	2
ATP1B2	7	1
ATPSCKMT	7	3
ATXN7L2	7	0
AVPR2	7	1
AWAT2	7	2
B3GALT2	7	1
B3GLCT	7	2
B4GALT3	7	3
B4GALT5	7	0
BCAR1	7	0
BCAT1	7	3
BCL3	7	0
BEST2	7	1
BEST4	7	1
BFAR	7	0
BGN	7	2
BHLHE22	7	1
BIN3	7	0
BLZF1	7	3
BMP4	7	2
BRMS1	7	0
BRS3	7	1
BTBD10	7	2
BTBD2	7	0
BTN1A1	7	2
BTN3A3	7	2
BTNL3	7	2
C12orf50	7	2
C1QL2	7	0
C1QTNF3	7	1
C1RL	7	2
C1orf100	7	1
C1orf141	7	2
C1orf94	7	1
C22orf23	7	1
C6orf15	7	1
C7orf50	7	0
CA2	7	2
CA3	7	2
CA9	7	0
CABP2	7	0
CACNG1	7	0
CALHM5	7	1
CAMK2B	7	2
CAMK2D	7	1
CAPSL	7	3
CAPZB	7	1
CARD14	7	2
CARD9	7	1
CARS2	7	0
CASQ2	7	2
CBLIF	7	2
CBLN2	7	0
CBLN3	7	1
CCDC112	7	3
CCDC146	7	4
CCDC157	7	3
CCDC168	7	2
CCDC17	7	0
CCDC172	7	2
CCDC191	7	4
CCDC27	7	1
CCDC42	7	1
CCDC59	7	0
CCDC60	7	1
CCDC7	7	5
CCDC74B	7	1
CCDC77	7	2
CCKAR	7	3
CCM2L	7	0
CCN4	7	0
CCN6	7	1
CCNB1	7	0
CCNK	7	1
CCT6B	7	3
CD200R1	7	2
CD200R1L	7	1
CD40LG	7	1
CDC25C	7	3
CDC40	7	2
CDC45	7	2
CDH26	7	2
CDK17	7	0
CDK19	7	1
CDKL4	7	2
CDNF	7	1
CDR2L	7	1
CDS2	7	1
CELF3	7	1
CENPN	7	1
CEP57	7	3
CEP68	7	2
CER1	7	2
CERK	7	0
CERT1	7	4
CFAP298-TCP10L	7	0
CFAP53	7	1
CFAP57	7	2
CFHR5	7	5
CGAS	7	4
CH25H	7	1
CHAD	7	0
CHEK2	7	1
CHFR	7	2
CHRM1	7	0
CHRM5	7	1
CHRNA1	7	2
CHRNA3	7	3
CHRNA6	7	5
CHRNG	7	1
CHST8	7	1
CKM	7	1
CLCC1	7	2
CLCN5	7	2
CLDN8	7	2
CLEC4C	7	2
CLEC5A	7	0
CLINT1	7	3
CLK1	7	3
CLN3	7	0
CLP1	7	0
CLPB	7	1
CLYBL	7	1
CMIP	7	2
CMTR2	7	2
CNKSR3	7	1
CNN1	7	2
CNST	7	1
COG8	7	1
COL8A2	7	1
COPG1	7	1
COQ2	7	1
COQ8A	7	3
COQ8B	7	1
COQ9	7	1
CORO6	7	0
CPEB3	7	3
CPO	7	2
CR1L	7	1
CRACR2B	7	0
CRHR2	7	3
CRISP1	7	3
CRPPA	7	3
CS	7	0
CSNK1G2	7	1
CTPS2	7	1
CTSF	7	4
CTSH	7	1
CTSW	7	0
CTU2	7	0
CXCR1	7	2
CXCR4	7	2
CYP1A1	7	3
CYP24A1	7	1
CYP2C8	7	4
CYP3A4	7	1
CYP4A11	7	2
CYP4F8	7	1
CYP4V2	7	1
CYSLTR1	7	0
CYTIP	7	0
DAPP1	7	1
DAW1	7	6
DBN1	7	2
DCAF12	7	1
DCAF4	7	0
DCAF7	7	1
DCAKD	7	1
DCDC2	7	3
DCLRE1A	7	3
DCLRE1C	7	2
DCP2	7	5
DCSTAMP	7	5
DDHD2	7	4
DDX10	7	2
DDX39B	7	2
DDX6	7	1
DENND11	7	0
DENND1A	7	4
DEPDC7	7	2
DGAT1	7	0
DHH	7	0
DIO3	7	1
DIPK2B	7	1
DIRAS2	7	1
DKK1	7	2
DKK4	7	3
DLGAP5	7	2
DLK1	7	0
DMBX1	7	1
DMRT2	7	1
DMRT3	7	3
DNAH6	7	4
DNAJB13	7	1
DNAJB5	7	1
DNAJC6	7	3
DOK4	7	0
DOK6	7	2
DOLK	7	1
DRC3	7	0
DTNB	7	1
DUSP4	7	0
DVL1	7	1
DYNC2LI1	7	2
E2F5	7	2
ECHDC2	7	0
ECSIT	7	2
EDAR	7	3
EDN3	7	1
EEFSEC	7	0
EEPD1	7	4
EFCAB12	7	2
EID3	7	3
EIF3D	7	1
EIF4A2	7	1
ELAC2	7	1
ELANE	7	0
ELF5	7	2
ELK1	7	1
ELMO3	7	0
ELN	7	1
ELOVL1	7	0
ELP4	7	0
EMB	7	2
EMC7	7	1
EN1	7	1
ENAH	7	1
ENKD1	7	0
ENTPD2	7	1
ENTPD7	7	0
ENTPD8	7	2
EPB42	7	1
EPHA1	7	2
EPHX2	7	0
EPHX4	7	2
EPN2	7	1
ERAP1	7	5
ERAP2	7	3
ERGIC3	7	1
ERLIN2	7	1
ERMARD	7	2
ERN1	7	1
ERP44	7	0
ESM1	7	1
ESS2	7	0
ETS2	7	1
ETV4	7	0
EXD1	7	1
EXOC3L2	7	2
EXOC5	7	1
FAIM2	7	0
FAM149A	7	0
FAM155A	7	4
FAM163B	7	0
FAM181A	7	2
FAM20B	7	0
FAM83D	7	2
FAM90A1	7	4
FAM9B	7	2
FAS	7	0
FASTKD2	7	2
FASTKD5	7	0
FBLIM1	7	0
FBXL14	7	0
FBXL2	7	1
FBXO15	7	7
FBXO22	7	1
FCGRT	7	0
FCRL4	7	2
FERMT1	7	0
FGF12	7	3
FGF23	7	3
FGF5	7	7
FGFRL1	7	1
FGG	7	0
FLI1	7	3
FMNL2	7	5
FOLR3	7	1
FOXB2	7	0
FOXD4L1	7	1
FOXE1	7	0
FOXO1	7	2
FOXP4	7	3
FOXS1	7	2
FRG2C	7	0
FRRS1L	7	3
FSD1	7	3
FSTL1	7	2
FUT8	7	3
FZD1	7	2
FZD9	7	3
GAL3ST2	7	1
GALK2	7	1
GALNS	7	1
GALNT6	7	2
GALNT7	7	4
GALT	7	1
GAMT	7	0
GAS2L2	7	3
GAS2L3	7	3
GBA3	7	1
GBP3	7	3
GDAP1	7	1
GDF3	7	2
GDF9	7	1
GDPD4	7	1
GDPD5	7	0
GEN1	7	2
GFPT1	7	3
GGA1	7	0
GIMAP7	7	4
GIN1	7	1
GIPC1	7	0
GJA3	7	1
GJA9	7	1
GJD4	7	0
GLA	7	1
GLIPR1	7	3
GLRA1	7	2
GNA12	7	1
GNE	7	1
GNL1	7	2
GNL3	7	0
GOLM1	7	1
GPBP1L1	7	2
GPM6A	7	3
GPN1	7	0
GPR15	7	2
GPR161	7	5
GPR34	7	1
GPR52	7	0
GPR61	7	0
GPR68	7	0
GPRIN3	7	2
GRAMD1A	7	3
GRB10	7	0
GRB7	7	1
GREB1L	7	0
GRSF1	7	1
GRXCR1	7	3
GSDMC	7	3
GSDME	7	0
GSK3A	7	2
GSN	7	0
GTF2A1	7	0
GTF2E1	7	1
GTF2F1	7	3
GTF2IRD2B	7	2
H1-3	7	1
H6PD	7	1
HAL	7	1
HAS2	7	2
HAVCR2	7	3
HCFC1R1	7	0
HDAC11	7	0
HDC	7	9
HEATR9	7	3
HGFAC	7	0
HIPK4	7	0
HLA-DPA1	7	1
HLA-G	7	2
HLF	7	3
HMGCR	7	3
HMGCS2	7	1
HMX3	7	0
HNRNPD	7	1
HORMAD1	7	2
HOXA1	7	1
HOXD10	7	2
HOXD3	7	0
HPS5	7	2
HS3ST2	7	3
HS6ST1	7	2
HSD17B2	7	3
HSF2	7	1
HSP90AA1	7	2
HTRA4	7	0
HVCN1	7	2
IDH1	7	1
IDO2	7	2
IFIT1	7	3
IFNAR1	7	1
IFNLR1	7	1
IGHMBP2	7	2
IGHV1OR21-1	7	0
IGHV3OR16-8	7	1
IGKV2-24	7	0
IHO1	7	3
IK	7	1
IKBIP	7	1
IL11	7	0
IL20RA	7	3
IL26	7	2
IL5RA	7	3
IMPDH2	7	3
INTS10	7	2
IP6K1	7	0
IPPK	7	1
IREB2	7	4
IRF5	7	0
IRF6	7	0
IRF7	7	0
IRGC	7	0
IRGQ	7	1
IRX3	7	3
ISM2	7	0
ITGB5	7	1
ITPKC	7	1
JAML	7	3
JPT2	7	1
KANSL2	7	2
KARS1	7	0
KATNAL1	7	3
KBTBD4	7	2
KCNA2	7	6
KCNE5	7	1
KCNIP1	7	2
KCNJ1	7	3
KCNK2	7	2
KCNMB2	7	1
KCNN1	7	2
KCTD11	7	0
KCTD16	7	3
KCTD9	7	0
KDM3A	7	3
KDM4D	7	1
KIAA0895	7	2
KIF2A	7	1
KIR2DL1	7	3
KLC3	7	0
KLC4	7	2
KLHL18	7	1
KLHL31	7	3
KLHL41	7	4
KLHL7	7	3
KLK13	7	1
KRBA1	7	2
KRR1	7	3
KRT12	7	1
KRT72	7	0
KRT76	7	2
KRTAP10-7	7	1
KYAT3	7	3
LAMP1	7	1
LCTL	7	2
LDB1	7	2
LHPP	7	2
LHX2	7	0
LMAN1	7	3
LMNB1	7	4
LMNTD1	7	3
LMOD2	7	3
LMOD3	7	2
LONP2	7	3
LOX	7	1
LPAR3	7	1
LPIN2	7	3
LRCH3	7	1
LRIF1	7	3
LRRC28	7	1
LRRC39	7	0
LRRC40	7	3
LRRC42	7	0
LRRC43	7	2
LRRC74A	7	1
LRRC8A	7	3
LRRC8C	7	3
LRRTM2	7	4
LRTM1	7	2
LTBR	7	1
LUZP4	7	1
LYZL1	7	0
MAGEA11	7	1
MAGEE2	7	4
MAML2	7	2
MAN1C1	7	2
MANBA	7	2
MAP2K3	7	1
MAP3K7	7	2
MAP4K2	7	1
MAPK8	7	4
MAPRE2	7	0
MARCHF6	7	3
MARCKSL1	7	0
MARS2	7	1
MARVELD3	7	1
MAT1A	7	2
MAX	7	0
MBOAT2	7	4
MCMBP	7	1
MCMDC2	7	3
MCRS1	7	0
MDH1B	7	4
MDM4	7	2
MECP2	7	1
MED15	7	0
MED26	7	1
MEGF9	7	0
MEIS3	7	1
METAP2	7	2
METTL25	7	4
MEX3C	7	1
MFHAS1	7	1
MFSD1	7	4
MFSD11	7	2
MFSD12	7	1
MFSD13A	7	1
MFSD14B	7	1
MFSD6	7	2
MFSD6L	7	0
MFSD8	7	1
MFSD9	7	0
MIDN	7	0
MIPEP	7	2
MKLN1	7	4
MLC1	7	1
MLLT3	7	2
MMP11	7	2
MMP21	7	2
MMP25	7	1
MMP27	7	1
MMP7	7	2
MNX1	7	0
MOCS1	7	0
MOCS3	7	1
MOXD1	7	2
MPIG6B	7	0
MPP6	7	4
MPPED1	7	0
MS4A1	7	1
MSH5	7	1
MTCH2	7	0
MTG1	7	0
MVD	7	0
MVP	7	0
MYCT1	7	2
MYOZ2	7	1
MYSM1	7	4
NAAA	7	1
NAB2	7	1
NAIF1	7	2
NANOS2	7	0
NAXD	7	2
NDNF	7	1
NDUFA9	7	1
NDUFAF5	7	0
NECAB1	7	1
NELFA	7	1
NELFB	7	2
NET1	7	3
NETO2	7	2
NEUROD2	7	0
NFIL3	7	2
NFKBIB	7	0
NIFK	7	1
NIPAL3	7	1
NKPD1	7	0
NKRF	7	1
NKX2-1	7	0
NKX2-5	7	0
NKX6-2	7	1
NLE1	7	1
NOP14	7	5
NOSIP	7	1
NOXRED1	7	1
NPNT	7	0
NPRL3	7	1
NR2C1	7	1
NSF	7	2
NSL1	7	2
NTF3	7	0
NTSR2	7	1
NUAK2	7	1
NUDCD1	7	4
NUP54	7	1
NUTM2F	7	1
ODF3L2	7	3
OGA	7	1
OLFML3	7	2
OPN1SW	7	0
OR10A6	7	2
OR10H2	7	0
OR10K1	7	0
OR10P1	7	2
OR10R2	7	1
OR10S1	7	1
OR10X1	7	0
OR13F1	7	3
OR14C36	7	4
OR1L3	7	1
OR2AT4	7	1
OR2G3	7	1
OR2L8	7	5
OR2T2	7	2
OR2T27	7	2
OR2T8	7	1
OR4C11	7	0
OR4S1	7	3
OR51A7	7	2
OR51B4	7	5
OR51M1	7	5
OR51Q1	7	1
OR51T1	7	2
OR52H1	7	2
OR52I2	7	2
OR52K2	7	0
OR52N4	7	0
OR56A4	7	4
OR5AN1	7	1
OR5AP2	7	1
OR5C1	7	0
OR5D16	7	2
OR5M8	7	3
OR6B2	7	0
OR6B3	7	1
OR6C65	7	2
OR6C70	7	1
OR7G2	7	2
OR8K3	7	4
OR9K2	7	1
ORC2	7	0
ORC5	7	2
OSBPL9	7	2
OTUD5	7	0
OXA1L	7	3
OXER1	7	2
OXNAD1	7	0
OXSR1	7	2
P2RX1	7	1
P2RX7	7	1
P2RY10	7	2
PACSIN3	7	0
PAK2	7	2
PAK6	7	1
PALLD	7	4
PARD6G	7	1
PARN	7	1
PAX7	7	2
PBX2	7	2
PCIF1	7	4
PCSK2	7	2
PCSK6	7	3
PCSK9	7	1
PCYT1B	7	3
PDE7B	7	2
PDGFA	7	0
PDLIM7	7	0
PELI1	7	0
PEPD	7	0
PES1	7	0
PEX2	7	1
PGBD1	7	3
PGK2	7	4
PGS1	7	1
PHF13	7	1
PHTF2	7	3
PIANP	7	2
PIGK	7	2
PIP4P2	7	2
PIP5K1A	7	2
PKD1L2	7	3
PLA2G15	7	0
PLAAT4	7	0
PLCD4	7	1
PLCXD1	7	1
PLCXD3	7	1
PLD3	7	1
PLD5	7	4
PLEKHG5	7	2
PLEKHO2	7	0
PLK2	7	2
PLOD3	7	0
PLVAP	7	1
PMEPA1	7	1
PNLIPRP3	7	6
PNMA2	7	0
POLD3	7	2
POTED	7	2
POU3F3	7	0
PPAN-P2RY11	7	2
PPM1A	7	3
PPP1R16A	7	0
PPP2R5B	7	0
PPP2R5D	7	0
PPP4R3A	7	4
PPWD1	7	1
PRAME	7	2
PRAMEF12	7	3
PRAMEF19	7	4
PRAMEF8	7	1
PRDM11	7	0
PRDM7	7	1
PRG3	7	1
PRKAG1	7	1
PRKCQ	7	1
PRMT9	7	2
PROC	7	1
PRODH2	7	0
PROKR2	7	2
PRPF18	7	1
PRSS37	7	0
PSG9	7	1
PSIP1	7	0
PSMC6	7	1
PSMD11	7	1
PSMD5	7	1
PSTK	7	1
PTBP1	7	0
PTBP3	7	0
PTHLH	7	4
PUF60	7	0
PVRIG	7	0
PWWP2B	7	0
PXN	7	1
R3HCC1L	7	5
R3HDM4	7	0
RABGGTB	7	3
RABL6	7	2
RAD54L	7	1
RAG2	7	2
RAI2	7	2
RALBP1	7	3
RASGEF1B	7	3
RASIP1	7	1
RAVER2	7	1
RBM17	7	0
RBM45	7	2
RBMS1	7	1
RBMX2	7	0
RD3	7	1
REC8	7	0
REM2	7	0
REN	7	1
REPS2	7	0
RETREG1	7	1
REXO1	7	1
RFC4	7	1
RGL4	7	2
RGP1	7	1
RHOA	7	2
RHPN2	7	1
RINL	7	1
RIPOR2	7	3
RMDN1	7	0
RNASE10	7	0
RNF113B	7	4
RNF32	7	0
RNF39	7	1
RO60	7	6
RPGR	7	1
RPN1	7	1
RPS6KA5	7	3
RPUSD1	7	0
RRN3	7	1
RRP9	7	2
RSPO4	7	0
RTCA	7	1
RTF1	7	3
RTL8A	7	1
RUBCNL	7	4
RUNDC3B	7	1
RWDD2B	7	3
SAMD4B	7	1
SC5D	7	3
SCRN1	7	2
SEC23A	7	4
SELENOO	7	1
SELL	7	3
SEMA4B	7	3
SEMG1	7	0
SEPTIN3	7	0
SEPTIN9	7	0
SERPINA5	7	1
SERPINB12	7	2
SERPINC1	7	0
SESN3	7	2
SGCG	7	2
SGK1	7	1
SGPP1	7	4
SH3BP5	7	1
SH3RF1	7	2
SHC2	7	0
SHE	7	3
SHF	7	0
SHFL	7	0
SHISAL1	7	0
SHMT1	7	1
SIGLEC14	7	1
SIX1	7	1
SKAP1	7	1
SLAMF1	7	2
SLC10A4	7	1
SLC13A4	7	2
SLC15A3	7	0
SLC16A10	7	4
SLC16A12	7	3
SLC16A14	7	1
SLC16A9	7	1
SLC17A3	7	1
SLC19A2	7	1
SLC22A15	7	4
SLC22A4	7	1
SLC23A3	7	2
SLC25A17	7	2
SLC25A3	7	1
SLC25A32	7	2
SLC25A4	7	0
SLC26A11	7	2
SLC26A2	7	4
SLC29A3	7	0
SLC29A4	7	2
SLC2A11	7	0
SLC2A6	7	1
SLC35C2	7	1
SLC36A1	7	1
SLC36A4	7	0
SLC37A4	7	0
SLC38A11	7	2
SLC38A3	7	1
SLC41A1	7	0
SLC43A1	7	0
SLC44A3	7	0
SLC5A10	7	2
SLC5A12	7	2
SLC5A5	7	0
SLC5A9	7	0
SLC6A16	7	4
SLC7A9	7	2
SLC9B1	7	2
SLCO1C1	7	4
SLCO2B1	7	1
SLF1	7	2
SLU7	7	2
SMAD1	7	1
SMAD9	7	2
SMARCD3	7	2
SMOC2	7	1
SMPD3	7	1
SNPH	7	0
SNTB1	7	0
SNTB2	7	0
SNTG2	7	5
SOAT1	7	0
SOD2	7	0
SP2	7	1
SP6	7	1
SPANXN3	7	1
SPATA1	7	2
SPATA31A3	7	4
SPHK2	7	1
SPI1	7	1
SPIRE2	7	1
SPNS1	7	0
SPNS2	7	1
SPOCK1	7	0
SPRR3	7	1
SREK1IP1	7	5
SRSF11	7	2
SRSF4	7	2
SSBP2	7	0
SSX2IP	7	2
ST3GAL6	7	2
ST6GALNAC2	7	1
ST6GALNAC5	7	4
ST8SIA5	7	2
STAC2	7	1
STAMBP	7	0
STAU1	7	4
STRBP	7	3
STRN4	7	1
STUB1	7	0
STXBP2	7	2
SUN5	7	1
SUOX	7	2
SUSD2	7	0
SYBU	7	3
SYN2	7	1
SYNGR4	7	0
SYTL1	7	4
SYTL4	7	1
TAAR5	7	2
TAAR6	7	3
TAF7L	7	4
TAGAP	7	7
TARS1	7	3
TARS2	7	1
TARS3	7	1
TATDN2	7	4
TBATA	7	0
TBC1D19	7	1
TBC1D22B	7	0
TC2N	7	0
TCAIM	7	2
TCEANC	7	2
TCF19	7	1
TCF25	7	0
TCHHL1	7	3
TDG	7	1
TDRD15	7	2
TDRP	7	3
TEAD1	7	0
TEKT4	7	1
TEX13B	7	1
TFAP2A	7	0
TFG	7	1
TFPI	7	2
TFPI2	7	1
TGFB1I1	7	0
TGIF2LX	7	2
TGS1	7	2
THEG	7	0
THEMIS2	7	1
THSD1	7	2
TIGD3	7	2
TINAGL1	7	2
TLR1	7	1
TLX2	7	1
TMBIM4	7	1
TMEFF2	7	3
TMEM117	7	3
TMEM145	7	1
TMEM184A	7	0
TMEM260	7	5
TMEM41A	7	1
TMEM79	7	2
TMOD4	7	1
TMPRSS11B	7	3
TMPRSS13	7	1
TMPRSS3	7	2
TMPRSS7	7	3
TMX3	7	3
TNFAIP2	7	1
TNFSF13B	7	2
TONSL	7	1
TPBG	7	0
TRAF3IP3	7	1
TRIB2	7	3
TRIL	7	2
TRIM25	7	2
TRIM26	7	0
TRIM39	7	1
TRIM58	7	2
TRIML1	7	1
TRMT1	7	0
TRMT10A	7	1
TRMT1L	7	2
TRMU	7	2
TROAP	7	1
TRPV4	7	4
TRUB2	7	0
TSPAN7	7	1
TTC27	7	3
TTLL1	7	2
TTLL6	7	2
TTYH3	7	2
TUBA3D	7	1
TUBA4A	7	2
TUBAL3	7	2
TUBE1	7	1
TUBG2	7	1
TYRO3	7	3
UBA1	7	2
UBAP2	7	3
UBE2Q1	7	2
UBE2U	7	0
UBE3D	7	0
UBQLN4	7	1
UBXN6	7	1
UCP1	7	0
UGT1A4	7	1
UGT1A6	7	1
UGT2B10	7	4
ULBP2	7	1
UMODL1	7	6
UNC45A	7	1
UNC93A	7	0
UPK1B	7	2
UPRT	7	0
USH1C	7	2
USO1	7	2
USP21	7	1
UTP14C	7	3
UVRAG	7	2
VAC14	7	1
VARS2	7	0
VASH1	7	0
VASP	7	0
VEGFB	7	0
VGLL3	7	3
VN1R5	7	3
VPS11	7	0
VPS4A	7	1
VPS72	7	0
VRK1	7	2
WARS2	7	2
WDR37	7	2
WDR41	7	1
WFIKKN2	7	3
WIF1	7	0
WNT10B	7	1
WNT3	7	1
WRAP73	7	0
WSCD1	7	2
WT1	7	3
XYLT1	7	2
YARS2	7	2
YES1	7	1
ZBED8	7	2
ZBTB14	7	0
ZBTB18	7	3
ZBTB39	7	0
ZBTB6	7	1
ZBTB7A	7	1
ZC3HAV1	7	6
ZCCHC7	7	1
ZDHHC11	7	0
ZDHHC15	7	2
ZDHHC16	7	1
ZDHHC17	7	2
ZFYVE1	7	2
ZFYVE27	7	0
ZIM3	7	6
ZMAT3	7	4
ZNF100	7	4
ZNF136	7	3
ZNF18	7	1
ZNF223	7	1
ZNF24	7	3
ZNF254	7	4
ZNF281	7	3
ZNF286A	7	4
ZNF302	7	1
ZNF333	7	3
ZNF341	7	0
ZNF367	7	0
ZNF391	7	3
ZNF415	7	4
ZNF436	7	0
ZNF439	7	4
ZNF449	7	2
ZNF460	7	2
ZNF486	7	1
ZNF502	7	2
ZNF519	7	1
ZNF534	7	3
ZNF57	7	1
ZNF570	7	4
ZNF598	7	0
ZNF622	7	2
ZNF665	7	5
ZNF669	7	2
ZNF671	7	5
ZNF71	7	1
ZNF718	7	2
ZNF766	7	2
ZNF772	7	3
ZNF782	7	3
ZNF785	7	1
ZNF786	7	2
ZNF789	7	2
ZNF816	7	2
ZNF839	7	3
ZNF875	7	2
ZNF92	7	3
ZSCAN18	7	3
ZSCAN2	7	3
ZSCAN5A	7	3
ZSWIM2	7	5
A1CF	6	0
ABCB6	6	5
ABCE1	6	2
ABCF1	6	2
ABO	6	0
AC097636.1	6	1
AC100868.1	6	0
ACADL	6	3
ACAT1	6	0
ACBD5	6	2
ACKR1	6	0
ACMSD	6	2
ACOXL	6	4
ACP1	6	0
ACSM3	6	2
ACSS1	6	0
ACTN3	6	0
ACTR5	6	2
ACTR6	6	1
ACVR1	6	2
ACVR1C	6	3
ADA	6	0
ADAD2	6	1
ADAMTSL5	6	0
ADAP2	6	0
ADGRG5	6	1
ADH1C	6	2
ADIPOR2	6	1
ADK	6	0
ADORA2A	6	2
AFAP1L1	6	5
AFG1L	6	0
AGT	6	1
AGXT	6	0
AHCYL1	6	4
AICDA	6	2
AKAP17A	6	2
AKAP8L	6	1
AKR1B10	6	0
AKR1B15	6	2
AKT1S1	6	0
AL441992.2	6	1
ALDH2	6	1
ALDH9A1	6	0
ALG5	6	2
ALG6	6	1
ALLC	6	4
AMACR	6	2
AMDHD1	6	0
AMMECR1	6	0
AMY2A	6	5
ANGPTL7	6	0
ANKDD1A	6	1
ANKRD10	6	0
ANKRD13B	6	0
ANKRD40	6	0
ANKRD49	6	1
ANKZF1	6	3
ANXA4	6	0
ANXA8	6	1
AP3M2	6	3
AP4M1	6	0
API5	6	2
APLF	6	5
APOBEC3B	6	0
APOD	6	1
APOL5	6	0
APPBP2	6	0
APPL2	6	1
AQP2	6	2
AQP8	6	1
ARFGAP2	6	2
ARHGEF19	6	2
ARL8B	6	0
ARMC9	6	2
ARMCX2	6	3
ARRDC3	6	3
ARSI	6	2
ART3	6	1
ARVCF	6	0
ASB14	6	1
ASB17	6	2
ASB7	6	2
ASPHD2	6	1
ASTE1	6	4
ASTL	6	2
ATAD1	6	1
ATE1	6	3
ATF7	6	1
ATF7IP2	6	2
ATG16L1	6	1
ATG4B	6	0
ATP5F1A	6	3
ATP5F1B	6	1
ATP6V0A1	6	2
ATP6V1C2	6	1
ATRIP	6	1
ATXN7L1	6	1
ATXN7L3	6	2
AVPI1	6	0
AWAT1	6	2
B3GALNT1	6	2
B3GALT4	6	1
B3GNT7	6	2
B4GALNT2	6	3
B4GALT1	6	1
B4GALT6	6	1
BACE1	6	1
BAP1	6	2
BASP1	6	1
BAX	6	0
BBOX1	6	2
BCKDHB	6	1
BCL10	6	1
BFSP1	6	2
BFSP2	6	2
BHMT2	6	1
BIN1	6	1
BIRC3	6	5
BMF	6	0
BPIFA3	6	2
BPNT1	6	0
BSCL2	6	0
BSG	6	0
BTBD16	6	4
BTBD8	6	2
BTBD9	6	0
C11orf53	6	0
C11orf80	6	1
C12orf66	6	1
C16orf72	6	0
C17orf78	6	0
C17orf98	6	1
C19orf57	6	0
C1GALT1C1L	6	2
C1QTNF1	6	0
C1orf87	6	2
C20orf85	6	1
C2CD2	6	3
C2orf42	6	3
C3AR1	6	5
C5orf22	6	1
C5orf34	6	4
C6orf58	6	0
C7orf25	6	0
C8orf74	6	1
C9orf43	6	4
CA14	6	1
CA7	6	0
CA8	6	2
CABLES1	6	0
CALCR	6	2
CALN1	6	1
CAMK1G	6	1
CAMK4	6	2
CAPN9	6	1
CARM1	6	0
CASP1	6	1
CASP2	6	0
CASP7	6	2
CAST	6	2
CAV3	6	0
CBLN4	6	1
CBX1	6	2
CBX3	6	2
CBX4	6	0
CC2D2B	6	4
CCDC198	6	1
CCDC22	6	1
CCDC24	6	0
CCDC54	6	1
CCDC61	6	0
CCDC78	6	2
CCIN	6	3
CCL14	6	1
CCM2	6	2
CCNQ	6	0
CCS	6	0
CCT3	6	2
CCT4	6	2
CD14	6	1
CD2	6	1
CD28	6	1
CD34	6	2
CD37	6	0
CD63	6	0
CD84	6	2
CDADC1	6	2
CDCP1	6	0
CDH3	6	0
CDK20	6	2
CDK5	6	1
CDK5R1	6	0
CDK5RAP1	6	1
CDK8	6	4
CDKL3	6	2
CDKN2AIP	6	1
CDR1	6	1
CEACAM16	6	1
CEACAM4	6	1
CEACAM5	6	3
CETN3	6	1
CFHR2	6	2
CHGA	6	2
CHI3L1	6	1
CHI3L2	6	2
CHML	6	4
CHMP1A	6	0
CHMP7	6	1
CHN1	6	2
CHODL	6	1
CHRNE	6	1
CHST12	6	0
CIART	6	0
CKAP2L	6	3
CKMT2	6	3
CLDN16	6	1
CLEC10A	6	0
CLEC12B	6	1
CLEC3A	6	1
CLK4	6	1
CLPP	6	0
CLPX	6	1
CLUL1	6	1
CMAS	6	4
CMKLR1	6	6
CMTM3	6	1
CMTM5	6	2
CNDP1	6	1
CNIH1	6	0
CNN2	6	1
CNOT6	6	2
CNTD1	6	0
COG7	6	2
COL26A1	6	0
COLEC11	6	1
COPS3	6	2
COPS7A	6	1
CORO1A	6	0
CORO1C	6	2
CPNE6	6	1
CPNE7	6	1
CPSF7	6	2
CPVL	6	1
CRB2	6	1
CRBN	6	3
CREBRF	6	2
CREM	6	1
CRISPLD2	6	2
CRTC2	6	3
CRTC3	6	1
CRY1	6	4
CSAD	6	3
CSGALNACT1	6	2
CSK	6	2
CSTF1	6	0
CTIF	6	2
CTPS1	6	2
CTSA	6	0
CUTC	6	0
CUZD1	6	2
CWH43	6	2
CXADR	6	3
CXCR5	6	2
CXorf58	6	3
CYB5R4	6	3
CYBB	6	1
CYP11A1	6	3
CYP19A1	6	3
CYP2S1	6	0
CYP2W1	6	3
CYP3A5	6	0
CYP51A1	6	1
CYREN	6	0
CYRIA	6	0
CYTH3	6	2
DAPK2	6	0
DCAF13	6	2
DCN	6	3
DCPS	6	2
DDC	6	1
DDX20	6	2
DDX4	6	4
DDX49	6	0
DDX51	6	0
DDX52	6	1
DECR1	6	1
DECR2	6	0
DEF6	6	0
DEFB116	6	1
DEPDC4	6	0
DHRS9	6	1
DIPK1C	6	0
DIRAS1	6	1
DLX4	6	0
DNAJA3	6	2
DNAJB2	6	0
DNAJC5B	6	3
DNAJC8	6	0
DNASE1L2	6	1
DNPEP	6	3
DOK3	6	1
DPAGT1	6	2
DPF2	6	3
DPH2	6	1
DPPA2	6	3
DRAM2	6	1
DRD2	6	1
DRGX	6	0
DTX3L	6	2
DUSP6	6	1
DVL3	6	3
DYNC2I2	6	1
E2F3	6	1
EBPL	6	1
ECHDC1	6	1
ECHS1	6	1
ECI2	6	1
ECM1	6	0
EEF1D	6	0
EFCAB14	6	1
EFCAB3	6	3
EFHD1	6	2
EGLN2	6	0
EIF3L	6	1
ELAVL1	6	2
ELK4	6	0
ELMOD1	6	2
ELOVL4	6	1
EMCN	6	1
EML6	6	2
ENDOU	6	0
ENKUR	6	2
ENO1	6	0
ENO3	6	1
ENPP4	6	2
ENTPD6	6	0
EOGT	6	2
EPM2AIP1	6	2
EPN3	6	1
ERO1B	6	1
ESRRB	6	3
EXOC3L1	6	0
EXOC8	6	4
EXOSC5	6	0
EXTL1	6	2
EYA2	6	2
EZH1	6	2
F10	6	2
F11R	6	0
FAHD2A	6	2
FAM110C	6	0
FAM118B	6	1
FAM13B	6	5
FAM153B	6	1
FAM155B	6	2
FAM166A	6	0
FAM184B	6	0
FAM186A	6	2
FAM189A2	6	2
FAM220A	6	1
FAM234A	6	1
FAM234B	6	3
FAM50B	6	2
FAM71C	6	1
FANCE	6	0
FANCG	6	1
FAR1	6	2
FARS2	6	3
FBXL17	6	2
FBXO28	6	2
FBXO4	6	1
FBXO48	6	2
FBXO9	6	1
FBXW2	6	1
FCHSD2	6	2
FCN3	6	1
FERD3L	6	1
FERMT3	6	3
FEZ1	6	4
FGF20	6	1
FGFR3	6	0
FGL1	6	3
FKBP8	6	2
FKBPL	6	3
FMN1	6	4
FNDC4	6	0
FNTA	6	0
FOSB	6	1
FOXA2	6	1
FOXL1	6	3
FOXL2	6	0
FOXO3	6	3
FOXR1	6	2
FPR1	6	3
FSCN1	6	0
FSIP1	6	3
FTSJ1	6	0
FUT11	6	2
FUT3	6	1
FUT5	6	1
FZD8	6	0
FZR1	6	1
G3BP2	6	2
GAB2	6	0
GABRD	6	1
GALNT18	6	2
GAP43	6	3
GBP2	6	1
GBP4	6	2
GCAT	6	2
GCFC2	6	1
GCM1	6	2
GCM2	6	3
GDI2	6	0
GFM2	6	3
GGN	6	1
GGT7	6	2
GIMAP4	6	3
GIT1	6	0
GJA4	6	1
GJA5	6	1
GLB1L	6	1
GLI4	6	1
GLRA2	6	1
GMDS	6	1
GMEB1	6	3
GMPR	6	2
GNA11	6	0
GNAI2	6	1
GNB3	6	0
GNB5	6	1
GNL3L	6	1
GNPAT	6	1
GNRH1	6	1
GNS	6	1
GOLIM4	6	3
GOT1	6	3
GPAM	6	2
GPANK1	6	0
GPATCH2L	6	1
GPER1	6	0
GPR137B	6	2
GPR151	6	0
GPR153	6	0
GPR173	6	1
GPR182	6	1
GPR183	6	1
GPR4	6	1
GPR42	6	0
GPR45	6	2
GPR6	6	4
GPR85	6	1
GPR88	6	0
GPRC5C	6	3
GPS1	6	1
GPS2	6	1
GPX6	6	1
GSDMA	6	1
GSG1	6	1
GSR	6	0
GSTM3	6	1
GSTZ1	6	2
GTF2H1	6	2
GYG2	6	1
GYPA	6	1
H2AC1	6	1
H2AC20	6	2
H3C2	6	1
HABP2	6	2
HAP1	6	2
HAPLN3	6	1
HARS1	6	1
HAT1	6	1
HAVCR1	6	2
HCAR3	6	0
HCN3	6	3
HDAC2	6	2
HDHD5	6	1
HEPACAM	6	0
HEXB	6	3
HEXIM2	6	2
HGD	6	0
HIC1	6	0
HINFP	6	0
HLA-DMB	6	1
HMBS	6	1
HMGCLL1	6	2
HNF4A	6	4
HNRNPA1	6	0
HNRNPA2B1	6	0
HNRNPAB	6	4
HNRNPCL1	6	0
HNRNPF	6	3
HNRNPH1	6	3
HNRNPU	6	0
HOMER2	6	0
HOMER3	6	0
HOXA3	6	2
HOXA6	6	3
HOXC13	6	1
HOXD1	6	3
HP	6	2
HP1BP3	6	1
HPN	6	0
HPX	6	0
HRH3	6	0
HS2ST1	6	1
HS3ST5	6	3
HSD17B14	6	2
HSF1	6	0
HSP90AB1	6	2
HSPA12B	6	0
HSPA5	6	2
HSPA9	6	1
HTR2A	6	4
HTR3C	6	1
HTRA2	6	0
ICA1L	6	2
IDI2	6	0
IDO1	6	2
IDS	6	0
IFI35	6	0
IFIT5	6	1
IFNA13	6	0
IFNGR2	6	1
IGBP1P2	6	3
IGFBP3	6	1
IGFBP4	6	0
IGHA1	6	0
IGHG3	6	3
IGHG4	6	2
IGHV3-20	6	3
IGHV4-28	6	1
IGKV1-5	6	1
IKZF3	6	3
IL10RB	6	2
IL11RA	6	1
IL12RB1	6	1
IL1B	6	1
IL27RA	6	2
IL4R	6	0
IL6	6	2
IL6R	6	0
IMPA1	6	1
ING5	6	0
INKA2	6	1
INPP1	6	0
INPP5B	6	2
INPP5K	6	1
INSYN1	6	0
IP6K3	6	4
IPCEF1	6	1
IQCB1	6	4
IRAK1	6	0
IRF1	6	1
IRF4	6	1
IRX2	6	1
IRX4	6	0
ISM1	6	1
ITGB7	6	1
ITPRIPL2	6	0
IYD	6	0
JPH4	6	0
KAT2A	6	2
KATNBL1	6	2
KBTBD8	6	4
KCNAB1	6	2
KCNJ9	6	0
KCNK1	6	2
KCNK17	6	1
KCNK3	6	0
KCNRG	6	2
KCTD13	6	0
KCTD15	6	1
KDELR1	6	0
KEAP1	6	0
KHDC3L	6	1
KHDRBS1	6	1
KIAA0930	6	1
KIAA1614	6	2
KIAA1841	6	4
KIF22	6	2
KIF25	6	1
KIF3B	6	1
KIR3DL2	6	4
KLF5	6	2
KLHDC4	6	1
KLHDC8A	6	0
KLHL8	6	3
KLK15	6	1
KLK9	6	0
KRT13	6	0
KRT15	6	2
KRT16	6	1
KRT18	6	0
KRT25	6	1
KRT27	6	3
KRT38	6	3
KRTAP12-1	6	0
KRTAP13-1	6	0
KRTAP4-3	6	0
KRTAP6-2	6	2
LAD1	6	3
LAG3	6	1
LAMP2	6	1
LAMP3	6	1
LANCL1	6	2
LAP3	6	2
LARP6	6	1
LAX1	6	1
LBH	6	0
LBP	6	1
LCE1A	6	1
LCE2B	6	1
LDB2	6	2
LENG1	6	1
LEPROTL1	6	0
LGALS3BP	6	1
LGALS8	6	1
LGALS9	6	1
LGI3	6	1
LGI4	6	1
LHFPL3	6	0
LHFPL6	6	1
LIAS	6	3
LILRA1	6	3
LIMS2	6	1
LIN54	6	2
LIN7A	6	0
LINGO3	6	0
LINGO4	6	3
LIPG	6	1
LIX1	6	4
LLGL1	6	0
LNPK	6	3
LPAR1	6	3
LPAR5	6	0
LPAR6	6	2
LPP	6	1
LRRC14B	6	1
LRRC15	6	3
LRRC27	6	0
LRRC30	6	4
LRRC4	6	1
LRRC45	6	0
LRRC52	6	2
LRRC8D	6	3
LRRN4	6	1
LY6G6F-LY6G6D	6	0
LY6K	6	1
LY9	6	2
LY96	6	0
LYG1	6	0
LYVE1	6	1
MAGEA6	6	1
MAGEB1	6	0
MAGIX	6	2
MAGT1	6	1
MAP2K6	6	2
MAP3K20	6	2
MAP3K3	6	1
MAPK4	6	0
MAPK9	6	2
MAPKAP1	6	0
MATN1	6	2
MBD3L1	6	1
MBNL1	6	2
MBNL2	6	2
MBP	6	0
MCAM	6	1
ME3	6	1
MEN1	6	2
MEST	6	1
METAP1D	6	0
METRNL	6	1
METTL15	6	1
MFSD14A	6	1
MICU2	6	1
MICU3	6	1
MIER2	6	1
MINDY2	6	1
MINPP1	6	3
MISP	6	0
MKNK2	6	0
MKS1	6	2
MLEC	6	0
MLF2	6	1
MLNR	6	2
MMAA	6	2
MMP17	6	0
MMP24	6	1
MMP28	6	0
MMP8	6	0
MMS19	6	1
MNAT1	6	0
MNT	6	2
MOGAT2	6	0
MON1A	6	0
MORN1	6	1
MPP5	6	1
MPPED2	6	2
MRNIP	6	0
MRPL16	6	0
MRPL19	6	1
MRPL2	6	0
MRPS22	6	1
MRPS27	6	1
MRPS30	6	1
MRPS9	6	0
MS4A14	6	7
MSR1	6	2
MSX1	6	0
MTERF3	6	1
MTFR1L	6	1
MTMR10	6	3
MUS81	6	1
MYCL	6	0
MYF5	6	3
MYLK2	6	0
MYNN	6	5
MYOG	6	2
MYOT	6	2
NAGK	6	0
NARS2	6	2
NBPF3	6	2
NCAPH2	6	2
NCDN	6	3
NCEH1	6	2
NCK2	6	2
NCKIPSD	6	1
NCL	6	1
NEBL	6	5
NECTIN3	6	2
NEFH	6	3
NEK9	6	0
NEU1	6	3
NFAT5	6	1
NFE2L2	6	2
NFKB2	6	2
NFKBIZ	6	1
NFS1	6	0
NGFR	6	2
NKAP	6	2
NKD1	6	1
NLK	6	1
NME9	6	2
NMUR1	6	0
NOC2L	6	5
NOL9	6	1
NOP53	6	1
NOP56	6	4
NOS1AP	6	1
NOSTRIN	6	2
NPAS1	6	0
NPEPL1	6	1
NPHS2	6	2
NPLOC4	6	2
NPY5R	6	6
NR2E3	6	1
NR3C1	6	2
NT5C3A	6	1
NT5C3B	6	0
NUDT12	6	2
NUDT13	6	2
NUDT18	6	0
NUFIP2	6	1
NUMBL	6	0
NUP58	6	1
NUP88	6	4
NUTM2A	6	0
NXF3	6	2
NXN	6	2
NXPE4	6	3
NXPH1	6	1
NXPH2	6	2
OCIAD1	6	0
OIT3	6	2
OLIG3	6	2
OPN3	6	1
OPRPN	6	1
OR10Q1	6	1
OR11L1	6	0
OR13A1	6	0
OR13C9	6	1
OR13J1	6	0
OR14I1	6	2
OR1E2	6	2
OR1L8	6	2
OR2A12	6	0
OR2A14	6	3
OR2AK2	6	1
OR2B11	6	3
OR2H1	6	5
OR2H2	6	0
OR2J3	6	2
OR2Z1	6	0
OR4C3	6	1
OR51I2	6	3
OR52K1	6	0
OR52L1	6	2
OR52N1	6	1
OR52N5	6	1
OR56A1	6	3
OR5B17	6	0
OR5B2	6	2
OR5D13	6	2
OR5H2	6	2
OR5V1	6	2
OR6Q1	6	2
OR7D2	6	2
OR8B4	6	1
OR8G1	6	1
OR8H3	6	4
OR8I2	6	2
OR8K5	6	2
ORAI1	6	0
ORAI2	6	1
OTP	6	0
OTUD6B	6	3
OTULIN	6	2
OVCH2	6	3
OXSM	6	4
P2RX2	6	2
P2RX4	6	1
P2RY2	6	1
P3H1	6	2
PACS1	6	4
PADI4	6	1
PAFAH1B1	6	1
PAFAH2	6	1
PALD1	6	2
PALM	6	0
PAN2	6	0
PANX1	6	0
PAQR8	6	0
PARP2	6	1
PARVG	6	1
PATL1	6	1
PATZ1	6	2
PAX4	6	3
PAX8	6	0
PBX1	6	1
PBX3	6	1
PCED1B	6	4
PCGF5	6	1
PCOLCE	6	0
PCYOX1	6	1
PDHA1	6	1
PDLIM2	6	2
PDZD3	6	2
PDZK1	6	1
PGD	6	1
PGLYRP2	6	2
PHF10	6	3
PHF21B	6	1
PHKG1	6	0
PHYH	6	1
PHYHIP	6	1
PHYHIPL	6	3
PHYKPL	6	0
PIH1D1	6	3
PIK3R3	6	2
PIM2	6	0
PIP4K2B	6	2
PITPNC1	6	1
PJA1	6	1
PKMYT1	6	0
PKNOX2	6	4
PLA2G4C	6	3
PLCD3	6	3
PLEKHO1	6	1
PLPPR1	6	1
PLRG1	6	1
PLSCR1	6	0
PLSCR4	6	2
PLSCR5	6	1
PMFBP1	6	4
POLE2	6	1
POLG2	6	0
POLR2F	6	0
POLR3D	6	0
PON2	6	2
PORCN	6	0
POU1F1	6	3
POU2F2	6	2
POU4F3	6	2
PPARD	6	2
PPCS	6	2
PPM1H	6	1
PPM1N	6	0
PPOX	6	0
PPP1R15B	6	2
PPP1R3C	6	2
PPP4R3B	6	5
PRELP	6	2
PREPL	6	1
PRIM1	6	0
PRKAG2	6	3
PRKCE	6	0
PRKCZ	6	2
PRKN	6	2
PRMT8	6	3
PROCA1	6	2
PRPF4	6	0
PRR11	6	1
PRR14L	6	2
PRR35	6	0
PRSS1	6	1
PRSS36	6	0
PRSS53	6	1
PRSS54	6	2
PRSS8	6	0
PSG3	6	1
PSG4	6	2
PSG6	6	2
PSMC3	6	0
PSMC4	6	0
PSMD12	6	2
PSMD6	6	1
PSRC1	6	1
PSTPIP2	6	2
PTAR1	6	0
PTCD2	6	2
PTGIS	6	1
PTPMT1	6	0
PTPN2	6	1
PYGO1	6	2
PYM1	6	1
QTRT2	6	2
RAB11B	6	0
RAB11FIP5	6	1
RAB17	6	0
RAB36	6	0
RAB3GAP1	6	3
RAB3IP	6	2
RAB40AL	6	1
RABEP1	6	1
RAD51AP1	6	2
RAD9B	6	1
RALGPS2	6	3
RAMP3	6	1
RAN	6	2
RAP1GAP2	6	1
RASGEF1A	6	3
RASGRP1	6	4
RASGRP4	6	1
RASL10B	6	0
RASSF4	6	0
RASSF5	6	2
RASSF9	6	3
RBBP5	6	1
RBCK1	6	1
RBM14	6	3
RBM39	6	1
RBM4B	6	1
RBPMS	6	1
RBSN	6	4
RCOR2	6	2
RCSD1	6	2
RCVRN	6	1
RDH16	6	2
RELL2	6	1
RELT	6	1
RERG	6	1
RERGL	6	0
RETSAT	6	2
RFC5	6	2
RFX1	6	1
RFX3	6	1
RGS10	6	1
RGS11	6	0
RGS4	6	2
RHBDF1	6	1
RHCE	6	0
RIDA	6	1
RIMS3	6	0
RIN1	6	2
RLBP1	6	1
RLIM	6	1
RNASE11	6	0
RNF10	6	2
RNF133	6	2
RNF151	6	0
RNF207	6	0
RNF41	6	0
RNGTT	6	0
RNPEPL1	6	1
RORC	6	2
RPA4	6	1
RPL3	6	0
RPL5	6	2
RPS6KA3	6	4
RPS6KB1	6	0
RPTN	6	2
RPUSD2	6	1
RRM1	6	2
RRS1	6	0
RSAD1	6	0
RSAD2	6	3
RSBN1L	6	4
RSL1D1	6	1
RSPH10B	6	1
RTN4RL1	6	0
RUFY2	6	6
RUFY4	6	0
RUSC1	6	0
RUVBL2	6	2
RXRB	6	2
SAG	6	3
SAMSN1	6	3
SCARF2	6	1
SCD	6	0
SCML4	6	4
SCPEP1	6	0
SCRN3	6	2
SDCBP2	6	0
SDF4	6	0
SECISBP2	6	1
SEL1L	6	2
SEPHS1	6	1
SEPTIN11	6	1
SEPTIN6	6	2
SERPINA11	6	2
SERPINA7	6	3
SERPINB11	6	1
SERPINB13	6	4
SERPINB3	6	0
SERPIND1	6	1
SERPINF2	6	0
SERTAD4	6	1
SET	6	0
SETDB2	6	2
SETMAR	6	2
SGMS2	6	2
SH2B1	6	0
SH2B3	6	0
SH3D19	6	0
SH3GL2	6	1
SH3GLB2	6	2
SHC4	6	2
SHH	6	1
SHISA5	6	1
SIAE	6	3
SIAH3	6	3
SIGLEC7	6	4
SIX2	6	1
SIX6	6	1
SLC10A5	6	3
SLC10A6	6	2
SLC13A5	6	0
SLC14A1	6	4
SLC17A2	6	2
SLC17A4	6	3
SLC18B1	6	2
SLC19A1	6	1
SLC1A5	6	0
SLC22A11	6	2
SLC22A8	6	1
SLC25A14	6	2
SLC25A24	6	1
SLC25A25	6	0
SLC25A39	6	1
SLC25A42	6	1
SLC25A46	6	1
SLC25A51	6	1
SLC26A6	6	0
SLC30A3	6	2
SLC35A5	6	1
SLC35F1	6	1
SLC35G5	6	2
SLC37A2	6	4
SLC38A8	6	0
SLC39A11	6	1
SLC39A6	6	1
SLC43A2	6	0
SLC46A2	6	0
SLC47A1	6	2
SLC5A7	6	2
SLC6A6	6	0
SLC6A7	6	0
SLC6A9	6	1
SLX4IP	6	1
SMARCD1	6	4
SMC6	6	3
SMTNL1	6	2
SMUG1	6	2
SMYD5	6	1
SNRNP35	6	1
SNRNP70	6	2
SNTA1	6	1
SNX21	6	0
SNX8	6	0
SNX9	6	2
SOX2	6	0
SP1	6	1
SPAST	6	2
SPATA13	6	1
SPATA18	6	1
SPATA2L	6	1
SPATA32	6	1
SPATA5L1	6	1
SPATA6L	6	1
SPATA9	6	2
SPATC1L	6	2
SPDYE1	6	1
SPINT1	6	0
SPNS3	6	0
SPOCK2	6	1
SPON2	6	0
SPRED3	6	0
SPRY1	6	2
SPSB4	6	0
SRSF5	6	3
SS18L1	6	1
SSTR3	6	0
SSUH2	6	2
SSX3	6	1
ST3GAL3	6	0
STAM2	6	0
STEAP1	6	0
STIM1	6	2
STK11	6	0
STK11IP	6	3
STK25	6	1
STK32A	6	1
STK38	6	2
STK40	6	2
STKLD1	6	3
STX19	6	2
STX4	6	1
STX5	6	2
STXBP4	6	3
STYK1	6	2
SULT1B1	6	2
SULT1C3	6	0
SULT1E1	6	3
SUN3	6	4
SUPT20HL1	6	4
SUPT7L	6	0
SVOPL	6	1
SWAP70	6	1
SYK	6	4
SYN1	6	4
SYNDIG1	6	1
SYPL2	6	3
SYT2	6	2
SYTL2	6	3
SYTL3	6	2
TAAR1	6	1
TAAR2	6	0
TACR1	6	0
TADA2B	6	0
TAF5L	6	1
TAFA1	6	2
TAFA5	6	0
TANK	6	2
TAPT1	6	1
TARBP1	6	4
TAS2R10	6	5
TAS2R19	6	2
TAS2R30	6	2
TAS2R38	6	3
TAS2R40	6	0
TASP1	6	3
TBC1D20	6	2
TBCC	6	0
TBCCD1	6	4
TBX10	6	1
TBX19	6	2
TBX6	6	0
TCEA1	6	1
TCEAL4	6	1
TCEAL6	6	1
TCF7L1	6	0
TCP1	6	1
TCTN1	6	1
TCTN2	6	3
TDRD10	6	1
TEAD4	6	1
TEC	6	3
TEFM	6	2
TENT4A	6	2
TENT5A	6	0
TENT5B	6	1
TERT	6	1
TESMIN	6	1
TEX30	6	1
TFB1M	6	3
TFDP3	6	2
TH	6	1
THBD	6	1
TIGD4	6	1
TIMM50	6	1
TLR2	6	5
TLR6	6	5
TM4SF19	6	1
TMA16	6	2
TMC8	6	0
TMED8	6	0
TMEM109	6	0
TMEM119	6	1
TMEM130	6	3
TMEM135	6	2
TMEM147	6	1
TMEM171	6	0
TMEM178A	6	2
TMEM183A	6	0
TMEM185A	6	3
TMEM214	6	2
TMEM245	6	0
TMEM255A	6	2
TMEM259	6	0
TMEM30A	6	1
TMEM35A	6	0
TMEM52B	6	2
TMEM59L	6	1
TMEM64	6	2
TMIGD1	6	1
TMPPE	6	0
TNFAIP1	6	0
TNFRSF11A	6	2
TNFRSF9	6	1
TNFSF11	6	0
TOM1L2	6	1
TOR1AIP1	6	2
TOX2	6	1
TPM3	6	2
TPMT	6	3
TPRX1	6	2
TRAF1	6	2
TRAF6	6	0
TRHR	6	2
TRIB1	6	2
TRIM36	6	1
TRIM43	6	2
TRIM52	6	1
TRIM62	6	2
TRIM65	6	0
TRIM68	6	1
TRIM69	6	5
TRIM72	6	1
TRMT10B	6	0
TRMT13	6	2
TRMT9B	6	2
TSFM	6	2
TSNARE1	6	0
TSNAXIP1	6	4
TSPAN19	6	3
TSPAN2	6	1
TSSK2	6	1
TTC24	6	1
TTC31	6	1
TTC6	6	3
TTC8	6	0
TUBA1A	6	1
TUBA1B	6	2
TUBB2B	6	1
TULP2	6	1
TXLNG	6	1
TYMP	6	0
UAP1L1	6	0
UBA2	6	2
UBE2E2	6	2
UBE2NL	6	3
UBE2R2	6	0
UBIAD1	6	0
UBLCP1	6	1
UCMA	6	0
UFL1	6	2
UGT1A9	6	3
UGT2B7	6	2
ULBP1	6	1
ULBP3	6	1
UPP1	6	0
UQCC1	6	1
UROS	6	2
USP46	6	1
UTP3	6	0
VAT1L	6	5
VDAC1	6	0
VGLL1	6	0
VN1R1	6	2
VPS36	6	1
VPS51	6	1
VPS9D1	6	1
VSTM4	6	0
VSX2	6	0
VWC2L	6	2
WARS1	6	2
WBP1	6	0
WDFY4	6	2
WDR44	6	2
WDR45B	6	1
WDR5B	6	3
WDR87	6	2
WDR88	6	1
WDR93	6	3
WDSUB1	6	3
WEE2	6	5
WNT2B	6	1
WNT4	6	1
WWP2	6	0
XKR8	6	0
XPNPEP1	6	2
XPNPEP2	6	2
XRCC1	6	0
YBX2	6	1
Z83844.2	6	0
ZADH2	6	3
ZBED2	6	0
ZBTB12	6	0
ZC3H15	6	3
ZC3HC1	6	3
ZC4H2	6	1
ZCWPW1	6	2
ZCWPW2	6	2
ZDHHC2	6	2
ZDHHC20	6	1
ZDHHC4	6	2
ZFAND4	6	3
ZHX1	6	3
ZKSCAN4	6	1
ZMPSTE24	6	2
ZNF121	6	3
ZNF155	6	1
ZNF157	6	5
ZNF160	6	4
ZNF181	6	3
ZNF207	6	0
ZNF22	6	2
ZNF230	6	1
ZNF233	6	3
ZNF25	6	1
ZNF253	6	0
ZNF276	6	0
ZNF277	6	2
ZNF285	6	4
ZNF322	6	0
ZNF324	6	1
ZNF346	6	1
ZNF358	6	1
ZNF362	6	2
ZNF383	6	0
ZNF41	6	3
ZNF440	6	3
ZNF446	6	0
ZNF461	6	2
ZNF524	6	0
ZNF527	6	1
ZNF547	6	2
ZNF551	6	2
ZNF563	6	3
ZNF566	6	1
ZNF596	6	1
ZNF621	6	0
ZNF639	6	0
ZNF670	6	1
ZNF672	6	2
ZNF674	6	2
ZNF688	6	0
ZNF696	6	0
ZNF70	6	1
ZNF708	6	2
ZNF711	6	1
ZNF713	6	1
ZNF764	6	0
ZNF765	6	4
ZNF770	6	2
ZNF783	6	0
ZNF792	6	2
ZNF8	6	1
ZNF821	6	3
ZNF846	6	4
ZNF883	6	1
ZNRF4	6	2
ZP1	6	2
ZPBP	6	4
ZSWIM3	6	3
ZUP1	6	3
ZWILCH	6	1
A3GALT2	5	0
AAMP	5	0
ABCD3	5	0
ABHD12	5	1
ABHD14A-ACY1	5	0
ABHD2	5	2
ABLIM1	5	3
ABRAXAS1	5	2
AC005324.2	5	0
AC008676.3	5	0
AC011455.2	5	0
AC126283.2	5	3
AC127029.3	5	2
AC244197.3	5	0
ACAD10	5	1
ACADS	5	2
ACADVL	5	2
ACAT2	5	1
ACD	5	0
ACHE	5	2
ACKR4	5	3
ACOT11	5	1
ACOT2	5	0
ACOX2	5	1
ACP4	5	1
ACP5	5	0
ACR	5	1
ACSL3	5	2
ACTG1	5	0
ACTL8	5	0
ADAL	5	1
ADCYAP1	5	2
ADCYAP1R1	5	3
ADGB	5	1
ADGRF2	5	3
ADGRG1	5	1
ADH1A	5	1
ADH1B	5	2
ADH6	5	1
ADIPOQ	5	2
ADM	5	0
ADPGK	5	0
ADRA1B	5	1
AGA	5	2
AGAP6	5	0
AGER	5	1
AGFG2	5	1
AGPAT3	5	1
AGPAT5	5	2
AIMP2	5	1
AK3	5	0
AKAP5	5	1
AKR1C1	5	1
ALDH3A2	5	1
ALDH3B1	5	0
ALDH3B2	5	2
ALDH5A1	5	0
ALG1	5	0
ALKBH4	5	0
ALOX12	5	2
AMBP	5	1
ANKRD1	5	3
ANKRD13C	5	1
ANKRD36B	5	3
ANKRD45	5	2
ANXA1	5	4
ANXA10	5	1
ANXA2	5	0
ANXA7	5	3
ANXA9	5	1
AOAH	5	0
AP1B1	5	0
APLP2	5	2
APOBEC3C	5	1
APOBEC3G	5	4
APOL3	5	1
APTX	5	1
AQP10	5	1
AQP4	5	1
AQP9	5	3
ARCN1	5	1
AREL1	5	1
ARFGAP1	5	1
ARG2	5	1
ARHGAP26	5	4
ARID3B	5	1
ARID3C	5	3
ARL2BP	5	2
ARL6	5	0
ARL6IP6	5	1
ARMC8	5	3
ARNT	5	1
ARR3	5	0
ARRB1	5	1
ARRDC1	5	0
ARSK	5	1
ASB13	5	1
ASB16	5	1
ASCL4	5	1
ASPA	5	1
ASPDH	5	0
ASPHD1	5	1
ASPSCR1	5	2
ASS1	5	1
ATF2	5	1
ATG10	5	2
ATG101	5	1
ATP5F1C	5	3
ATP6AP1	5	0
ATP6AP2	5	3
ATP6V0D1	5	2
ATP6V1A	5	0
ATP6V1C1	5	1
ATP6V1E2	5	1
ATP6V1H	5	3
AURKB	5	1
AVIL	5	1
B3GALT1	5	1
B3GALT5	5	1
B3GNT4	5	1
B3GNT6	5	0
B3GNT9	5	0
B4GALNT3	5	1
B4GALT2	5	1
BAAT	5	1
BABAM1	5	0
BAG4	5	1
BAIAP2	5	0
BATF3	5	1
BBS4	5	1
BCAS1	5	0
BCL2L13	5	1
BCL2L14	5	2
BCO1	5	0
BDKRB1	5	1
BEGAIN	5	0
BEX1	5	1
BHLHE41	5	2
BHMT	5	2
BICDL2	5	0
BIN2	5	1
BIRC2	5	3
BLMH	5	3
BMP15	5	1
BMX	5	1
BORA	5	0
BPHL	5	0
BPIFA1	5	0
BPIFC	5	3
BPNT2	5	0
BRAT1	5	0
BRMS1L	5	1
BSND	5	1
BTG4	5	2
BUB1B	5	3
C11orf42	5	2
C12orf29	5	1
C14orf180	5	0
C14orf93	5	0
C16orf46	5	1
C16orf70	5	1
C17orf75	5	1
C1D	5	1
C1GALT1	5	0
C1GALT1C1	5	0
C1orf116	5	1
C1orf122	5	0
C1orf159	5	0
C1orf189	5	0
C2orf73	5	1
C2orf80	5	2
C3orf38	5	2
C5AR1	5	2
C5AR2	5	1
C7orf33	5	3
C7orf57	5	1
C9orf135	5	1
C9orf72	5	3
CA12	5	0
CA13	5	1
CABP5	5	1
CACNB3	5	1
CACNG6	5	1
CACNG8	5	0
CADM4	5	2
CAGE1	5	2
CALB2	5	1
CALCRL	5	2
CALHM1	5	3
CALR	5	0
CAMK1	5	2
CAMK2A	5	2
CAMLG	5	0
CANT1	5	0
CAP2	5	1
CAPN14	5	0
CAPNS2	5	0
CAPZA2	5	1
CAPZA3	5	3
CASP10	5	0
CASQ1	5	1
CAT	5	2
CATSPER2	5	3
CAVIN3	5	0
CBLL1	5	2
CBR3	5	0
CCDC102A	5	0
CCDC124	5	1
CCDC127	5	0
CCDC130	5	1
CCDC185	5	3
CCDC28B	5	0
CCDC33	5	1
CCDC50	5	4
CCDC58	5	0
CCDC63	5	1
CCDC71	5	1
CCDC81	5	4
CCDC89	5	0
CCDC91	5	1
CCK	5	0
CCL23	5	0
CCN3	5	1
CCN5	5	2
CCNB1IP1	5	0
CCNE1	5	0
CCNJ	5	0
CCNJL	5	1
CCR2	5	3
CCT5	5	0
CD1B	5	1
CD40	5	4
CD6	5	1
CD72	5	1
CD99L2	5	0
CDC14B	5	2
CDC34	5	0
CDC37	5	0
CDC42EP4	5	1
CDCA4	5	0
CDK11A	5	1
CDK18	5	0
CDK2	5	1
CDK3	5	1
CDK7	5	0
CDK9	5	2
CDKN1B	5	2
CEACAM20	5	1
CEBPE	5	0
CENPB	5	2
CENPK	5	1
CEPT1	5	1
CERS4	5	0
CERS5	5	2
CERS6	5	3
CFAP221	5	3
CFAP299	5	2
CFAP300	5	0
CFAP52	5	0
CFAP97	5	3
CFHR3	5	1
CGB1	5	1
CHAMP1	5	4
CHCHD5	5	0
CHORDC1	5	1
CHST13	5	1
CIAPIN1	5	0
CIBAR2	5	2
CILK1	5	2
CLDN17	5	1
CLDND1	5	1
CLEC11A	5	0
CLEC12A	5	1
CLEC2B	5	3
CLNS1A	5	1
CLTA	5	1
CLVS1	5	1
CNBD2	5	2
CNNM4	5	1
CNOT2	5	0
CNOT6L	5	2
CNOT8	5	3
CNP	5	0
CNPPD1	5	3
COG3	5	2
CPB1	5	4
CPNE3	5	4
CPOX	5	1
CREB3L4	5	1
CRHBP	5	0
CRISP3	5	0
CRKL	5	1
CRLF3	5	2
CROT	5	3
CRTAM	5	2
CRYBB1	5	3
CRYL1	5	1
CRYM	5	1
CRYZL1	5	0
CSRNP2	5	1
CSTF2	5	0
CSTL1	5	0
CTDSPL	5	0
CTSB	5	1
CTSL	5	2
CTSS	5	0
CTSZ	5	0
CTTNBP2NL	5	1
CUEDC1	5	1
CUL4A	5	1
CXCL16	5	0
CXCL5	5	2
CXXC1	5	0
CXXC5	5	0
CYB561	5	0
CYB5R2	5	1
CYB5RL	5	0
CYP2E1	5	3
CYP39A1	5	2
CYP3A43	5	4
CYP4F11	5	3
CYTL1	5	1
DAGLB	5	1
DAPK3	5	5
DCAF15	5	1
DCAF17	5	2
DCBLD1	5	2
DCDC2B	5	0
DCLRE1B	5	0
DDIT4L	5	2
DDN	5	0
DDX19B	5	1
DDX21	5	2
DDX25	5	1
DDX3X	5	0
DDX56	5	1
DDX59	5	1
DEDD2	5	1
DEGS1	5	2
DEK	5	1
DENND1B	5	2
DENND2A	5	2
DENND2D	5	4
DEPTOR	5	3
DERA	5	3
DERL1	5	1
DERL2	5	2
DHDDS	5	1
DHRS2	5	1
DHRS7C	5	3
DHX32	5	3
DIPK2A	5	1
DIXDC1	5	1
DKC1	5	1
DLAT	5	2
DLX2	5	1
DMAP1	5	2
DMRTC2	5	1
DMTF1	5	3
DMWD	5	1
DNAAF2	5	2
DNAJB12	5	1
DNAJB14	5	1
DNAJB9	5	2
DNAJC14	5	2
DNAJC2	5	4
DNALI1	5	0
DNASE1	5	0
DNASE1L3	5	0
DPCD	5	0
DPF1	5	2
DPF3	5	3
DPH1	5	2
DPH5	5	3
DPPA4	5	2
DPY19L1	5	4
DPY19L3	5	4
DRAP1	5	1
DSN1	5	0
DTWD1	5	3
DTX2	5	0
DUOXA2	5	0
DUS3L	5	0
DUSP11	5	1
DUSP29	5	0
DUSP9	5	0
DXO	5	2
E2F4	5	1
EAF2	5	2
ECD	5	1
ECI1	5	1
EDA2R	5	1
EDARADD	5	2
EEF1A1	5	1
EFEMP2	5	1
EFNA4	5	2
EGFL8	5	1
EHD1	5	5
EHF	5	1
EIF2B3	5	0
EIF4H	5	1
ELMO2	5	2
EMD	5	3
ENDOD1	5	2
ENOSF1	5	1
ENPP6	5	3
ENPP7	5	1
ENTPD1	5	1
EPS8	5	2
ERI2	5	0
ERI3	5	2
ERLEC1	5	2
ERLIN1	5	0
ERO1A	5	1
ERP27	5	3
ERVFRD-1	5	3
ESRP2	5	3
ETFA	5	1
ETNK1	5	0
ETV3L	5	0
EVA1C	5	2
EXOC7	5	1
EXOSC8	5	1
EXOSC9	5	2
EXTL2	5	2
EZR	5	1
F2RL2	5	2
FAAH2	5	3
FABP2	5	0
FAF2	5	0
FAM107B	5	3
FAM111A	5	1
FAM114A2	5	3
FAM118A	5	0
FAM133B	5	1
FAM153A	5	0
FAM168B	5	1
FAM181B	5	0
FAM187B	5	1
FAM204A	5	1
FAM209B	5	1
FAM217B	5	3
FAM53A	5	2
FAM71D	5	0
FAM78A	5	2
FANCB	5	2
FASTK	5	0
FBRS	5	0
FBXL4	5	4
FBXO3	5	1
FBXO32	5	2
FBXO47	5	5
FBXO7	5	2
FBXO8	5	2
FBXW12	5	2
FBXW4	5	1
FBXW8	5	2
FCAR	5	1
FCMR	5	1
FCRL2	5	3
FCRL6	5	1
FDXR	5	0
FEM1B	5	3
FEN1	5	2
FFAR4	5	0
FGF3	5	1
FGF7	5	0
FGFR4	5	1
FGGY	5	2
FH	5	0
FLAD1	5	0
FLT3LG	5	0
FNBP1L	5	2
FNDC8	5	1
FNTB	5	3
FOLR1	5	1
FOSL1	5	0
FOXD3	5	0
FOXF2	5	2
FOXH1	5	0
FPR2	5	1
FPR3	5	3
FRG2	5	1
FRMD1	5	2
FRMD4B	5	2
FRMD7	5	2
FRRS1	5	2
FTCD	5	1
FUCA2	5	2
FUT7	5	0
G6PC3	5	0
GADL1	5	1
GALC	5	1
GALM	5	1
GALNT12	5	3
GART	5	0
GAS8	5	0
GATA5	5	1
GCKR	5	2
GDAP1L1	5	0
GDF11	5	0
GDF15	5	2
GEMIN8	5	0
GET1	5	0
GFAP	5	1
GFOD2	5	1
GHITM	5	1
GINS1	5	0
GK	5	1
GK5	5	3
GLIS1	5	1
GLMP	5	0
GLP2R	5	3
GLRA4	5	3
GLS2	5	1
GLTPD2	5	0
GLUD1	5	0
GNAT3	5	1
GOPC	5	2
GORAB	5	0
GOT2	5	0
GPAA1	5	1
GPAT4	5	1
GPD1L	5	1
GPR108	5	2
GPR132	5	1
GPR137	5	2
GPR143	5	1
GPR152	5	0
GPR174	5	6
GPR176	5	0
GPR31	5	3
GPR75	5	3
GPR83	5	2
GPRC5A	5	0
GPX5	5	2
GRAP2	5	2
GRHL3	5	2
GSTA3	5	1
GSTM2	5	0
GSTM4	5	1
GSTM5	5	1
GTF2B	5	2
GTF2I	5	0
GTF3C5	5	2
GTPBP1	5	1
GTPBP2	5	1
GTPBP4	5	3
GXYLT2	5	2
GZMH	5	1
H1-4	5	0
H2BC4	5	0
H2BC6	5	0
H3-5	5	1
HARS2	5	2
HAS3	5	1
HAUS1	5	1
HDAC1	5	1
HDAC3	5	1
HDDC2	5	0
HENMT1	5	1
HEXD	5	0
HEY2	5	2
HEYL	5	2
HFE	5	3
HHLA2	5	1
HIBADH	5	0
HLA-DPB1	5	1
HLA-DQA2	5	3
HLA-E	5	0
HMBOX1	5	0
HMCN2	5	0
HMGN5	5	1
HMGXB4	5	0
HMOX1	5	0
HNMT	5	0
HNRNPC	5	0
HNRNPR	5	0
HOGA1	5	1
HOXA7	5	1
HOXB2	5	0
HOXC4	5	1
HOXD11	5	1
HOXD8	5	2
HPCA	5	0
HPR	5	1
HPS4	5	0
HRH4	5	0
HS1BP3	5	1
HS3ST3A1	5	1
HSD17B6	5	1
HSF5	5	0
HSPA13	5	2
HSPA4	5	4
HSPBAP1	5	1
HSPD1	5	3
HTR4	5	2
HTR6	5	2
HYAL1	5	1
HYAL2	5	2
HYAL4	5	5
IDI1	5	0
IFI44	5	2
IFI44L	5	4
IFIT1B	5	4
IFNA16	5	0
IFNA4	5	1
IFNA8	5	0
IFNAR2	5	2
IFT57	5	1
IGF1	5	1
IGF2BP2	5	3
IGHA2	5	0
IGKV1D-8	5	1
IGKV3-15	5	0
IGLON5	5	1
IKZF5	5	1
IL13RA1	5	1
IL17REL	5	1
IL24	5	1
IL9R	5	2
ILK	5	1
ILRUN	5	0
IMMP2L	5	1
IMP4	5	0
ING3	5	0
INTS9	5	0
IPMK	5	2
IQCG	5	1
IRF2BPL	5	0
ISY1-RAB43	5	0
ITGBL1	5	5
ITPK1	5	0
ITPKA	5	0
ITPRIPL1	5	2
JADE3	5	3
JMJD6	5	1
JSRP1	5	0
KASH5	5	1
KAT8	5	1
KATNAL2	5	3
KCNAB2	5	0
KCNIP2	5	1
KCNJ15	5	1
KCNK5	5	3
KCNK7	5	1
KCNMB1	5	0
KCNMB4	5	1
KCTD1	5	1
KCTD12	5	1
KCTD14	5	1
KCTD20	5	4
KCTD21	5	2
KDF1	5	0
KIAA1328	5	2
KIR3DL1	5	0
KLF13	5	0
KLF14	5	2
KLF15	5	1
KLF4	5	0
KLHDC3	5	0
KLHDC7A	5	3
KLHDC7B	5	0
KLHL28	5	3
KLK1	5	0
KLK12	5	3
KLK8	5	0
KLRD1	5	1
KLRF1	5	2
KNCN	5	0
KPNA2	5	0
KPNA5	5	2
KPTN	5	0
KRT14	5	2
KRT23	5	0
KRT35	5	3
KRT7	5	0
KRT78	5	4
KRT81	5	1
KRT83	5	1
KRTAP10-11	5	0
KRTAP10-4	5	0
KRTAP15-1	5	0
KRTAP19-5	5	2
KRTAP24-1	5	5
KRTAP6-3	5	0
KYNU	5	3
LACC1	5	0
LACRT	5	1
LACTB	5	5
LACTB2	5	0
LAIR1	5	0
LAS1L	5	3
LCAT	5	1
LCLAT1	5	1
LDHAL6A	5	3
LDHB	5	2
LDHC	5	1
LEXM	5	3
LGALS13	5	1
LGI2	5	3
LILRA2	5	2
LIPH	5	2
LIPJ	5	2
LNP1	5	1
LOXL1	5	0
LPAR2	5	0
LRCH4	5	0
LRR1	5	1
LRRC10	5	0
LRRC14	5	1
LRRC23	5	1
LRRC37B	5	5
LRRC3B	5	1
LRRC8B	5	1
LRWD1	5	2
LSM1	5	0
LTV1	5	3
LUC7L2	5	3
LURAP1	5	1
LYL1	5	0
MACIR	5	1
MACROH2A1	5	2
MAGEA1	5	3
MAGEA10	5	1
MAGEB3	5	3
MAGEB6	5	4
MAGEH1	5	2
MANEA	5	1
MANF	5	0
MAP11	5	0
MAP1LC3B2	5	0
MAP1LC3C	5	0
MAPK14	5	1
MAPK15	5	2
MAPKAPK2	5	2
MARCHF8	5	2
MARCKS	5	0
MAS1	5	2
MATN3	5	0
MB21D2	5	2
MC4R	5	2
MCM8	5	3
MCM9	5	3
MCOLN2	5	2
MCTS1	5	1
MCUB	5	0
MDH1	5	0
MDM2	5	1
MEOX2	5	2
MESD	5	2
METTL1	5	0
MEX3A	5	3
MFRP	5	0
MFSD10	5	1
MFSD4A	5	0
MGAT4A	5	2
MIA	5	2
MIIP	5	0
MINDY1	5	2
MIP	5	1
MKRN1	5	1
MLPH	5	1
MLXIP	5	0
MMADHC	5	1
MOB3A	5	0
MOGAT3	5	0
MORN3	5	1
MPG	5	0
MPPE1	5	1
MPZL1	5	0
MRGPRX4	5	2
MRI1	5	1
MRPL28	5	0
MRPL38	5	1
MRPL44	5	2
MRPL47	5	2
MRPL54	5	2
MRPS2	5	1
MS4A15	5	1
MS4A8	5	1
MSANTD4	5	2
MSX2	5	0
MTA3	5	2
MTCH1	5	0
MTF1	5	1
MTFR2	5	1
MTHFR	5	2
MTMR14	5	0
MTMR8	5	4
MTRF1L	5	0
MTX1	5	0
MUC15	5	2
MYADM	5	0
MYLK4	5	1
MYMK	5	0
MYOC	5	3
MYOZ1	5	4
MYOZ3	5	1
NAA80	5	0
NAF1	5	5
NAGLU	5	1
NAGS	5	1
NAP1L1	5	4
NAPB	5	0
NAPRT	5	0
NAPSA	5	2
NARF	5	2
NARS1	5	2
NBL1	5	0
NCF2	5	2
NCF4	5	2
NCLN	5	0
NDUFAF1	5	0
NDUFB5	5	0
NDUFS2	5	3
NDUFV1	5	1
NECTIN2	5	2
NEIL3	5	2
NEK11	5	3
NEMP1	5	2
NEU2	5	1
NEUROG1	5	1
NEUROG3	5	0
NFKBID	5	0
NFYC	5	1
NGEF	5	2
NHLH1	5	0
NKAIN3	5	1
NKD2	5	0
NKX3-1	5	1
NMNAT2	5	1
NOL12	5	0
NOL7	5	0
NOTUM	5	0
NOX1	5	1
NOXA1	5	2
NOXO1	5	1
NPEPPS	5	1
NPFFR1	5	1
NPVF	5	0
NR1I2	5	0
NR1I3	5	1
NRBF2	5	1
NRF1	5	3
NRN1	5	2
NRSN2	5	0
NSUN5	5	0
NSUN6	5	2
NT5E	5	1
NTAQ1	5	0
NTHL1	5	0
NTN5	5	0
NUCB2	5	2
NUDC	5	1
NUP43	5	2
NUP50	5	0
NUP62	5	0
NUP85	5	1
NXPH3	5	1
ODF1	5	2
ODF3	5	1
ODR4	5	1
OGFR	5	1
OGG1	5	0
OLA1	5	2
OLFM3	5	4
ONECUT3	5	0
OPHN1	5	1
OPN5	5	2
OR10A4	5	1
OR10T2	5	5
OR11H6	5	2
OR13C5	5	1
OR13G1	5	0
OR1B1	5	3
OR1D2	5	0
OR1D5	5	2
OR1F1	5	2
OR1G1	5	5
OR1J2	5	3
OR1J4	5	0
OR1M1	5	3
OR1N1	5	1
OR1S2	5	0
OR2A4	5	1
OR2C1	5	0
OR2F1	5	2
OR2F2	5	0
OR2G2	5	2
OR2K2	5	2
OR2T3	5	1
OR2T35	5	1
OR2T4	5	3
OR3A3	5	0
OR4D1	5	2
OR4D11	5	1
OR4D6	5	2
OR4K13	5	1
OR4K17	5	1
OR4S2	5	1
OR51A2	5	0
OR51B2	5	5
OR51F2	5	2
OR51G2	5	2
OR52B2	5	0
OR52E8	5	2
OR52M1	5	1
OR52R1	5	1
OR56B1	5	0
OR5AC2	5	2
OR5B12	5	3
OR5J2	5	1
OR5K4	5	2
OR5L1	5	2
OR5P2	5	1
OR5T3	5	3
OR6C4	5	1
OR6C76	5	0
OR6M1	5	5
OR6S1	5	3
OR6X1	5	1
OR6Y1	5	3
OR7A5	5	3
OR7G1	5	2
OR8B3	5	1
OR8D2	5	2
OR8D4	5	1
OR8S1	5	0
OR9Q1	5	1
OSGIN2	5	3
OSTM1	5	0
OTOG	5	1
OTX1	5	1
P2RX3	5	2
P2RY14	5	3
P2RY6	5	1
PABPC4L	5	0
PACC1	5	3
PADI2	5	1
PANK3	5	2
PAPSS1	5	2
PAPSS2	5	1
PAQR4	5	0
PARP12	5	1
PBDC1	5	0
PCBP3	5	0
PCED1A	5	0
PCK2	5	1
PCMTD2	5	0
PCYT1A	5	2
PDC	5	0
PDCD1	5	0
PDCD4	5	3
PDCD6	5	0
PDCL	5	1
PDCL3	5	0
PDE12	5	1
PDHX	5	0
PDIA4	5	1
PDIA6	5	2
PDK1	5	3
PEBP4	5	0
PEDS1	5	1
PEX11G	5	0
PEX13	5	2
PEX5	5	1
PGGHG	5	1
PGLYRP1	5	0
PGLYRP3	5	0
PGM2L1	5	2
PHETA1	5	0
PHETA2	5	0
PHF19	5	0
PHKG2	5	1
PHLDA1	5	3
PHLDB3	5	0
PHYHD1	5	0
PI16	5	1
PI4K2A	5	0
PIAS2	5	3
PID1	5	0
PIF1	5	1
PIGQ	5	1
PIGT	5	2
PIGW	5	0
PIMREG	5	2
PIP5KL1	5	0
PITHD1	5	0
PKIA	5	0
PKIB	5	0
PLAA	5	3
PLEKHA1	5	1
PLEKHA3	5	3
PLEKHF1	5	0
PLEKHS1	5	2
PLIN3	5	1
PLIN5	5	0
PLP1	5	2
PLSCR3	5	2
PM20D2	5	1
PMEL	5	2
PNLIPRP2	5	0
PNMA3	5	0
PNMA5	5	1
PNN	5	2
PNO1	5	1
PNOC	5	1
PNP	5	1
PNPLA1	5	1
PNPLA2	5	0
PNRC1	5	0
POC1A	5	0
POC1B	5	3
PODNL1	5	0
PODXL2	5	1
POFUT1	5	0
POLB	5	2
POLD2	5	0
POLR1E	5	3
POLR1G	5	1
POLR2J	5	0
POLR3C	5	2
POMK	5	0
POPDC2	5	2
POU3F2	5	1
POU5F1	5	1
PPA2	5	2
PPP1R15A	5	3
PPP1R2	5	3
PPP1R21	5	2
PPP1R42	5	2
PPP2R1B	5	2
PPP2R2D	5	1
PPP2R3C	5	2
PPP2R5C	5	2
PPP6C	5	3
PPT2	5	1
PRAMEF4	5	2
PRB2	5	2
PRB4	5	1
PRDX6	5	2
PREB	5	1
PRICKLE3	5	4
PRIM2	5	2
PRKAB1	5	2
PRKAR1B	5	1
PRKCA	5	2
PRMT5	5	0
PROCR	5	1
PROSER2	5	1
PROX2	5	1
PROZ	5	1
PRPF19	5	0
PRPF38A	5	3
PRPS1L1	5	1
PRPSAP1	5	3
PRR19	5	1
PRR30	5	1
PRR5L	5	1
PRSS23	5	1
PRSS55	5	2
PRTN3	5	0
PRXL2A	5	3
PSEN1	5	1
PSKH1	5	0
PSMC5	5	4
PTDSS2	5	1
PTGDR2	5	0
PTGER4	5	0
PTN	5	2
PTPN22	5	2
PTPRA	5	4
PTX4	5	1
PWWP2A	5	1
PXK	5	3
RAB3B	5	2
RAB3D	5	0
RAB4B	5	1
RAB6C	5	1
RAB7A	5	1
RABEP2	5	1
RAD51C	5	0
RALGPS1	5	2
RARS1	5	2
RASL11A	5	1
RBFOX2	5	0
RBM22	5	1
RBM34	5	2
RBM4	5	3
RBM5	5	3
RBMS2	5	1
RBPJ	5	3
RCAN2	5	1
RCBTB1	5	1
RCC1	5	2
RCL1	5	2
RCOR1	5	2
RDH5	5	0
REEP2	5	2
REEP5	5	1
REG1A	5	2
RETREG3	5	1
REXO4	5	2
RFPL3	5	2
RFPL4B	5	2
RFTN2	5	4
RGL1	5	5
RGMA	5	1
RGS17	5	2
RGS18	5	1
RGS2	5	4
RGS7BP	5	2
RHBDL3	5	3
RHCG	5	1
RHD	5	2
RHOBTB2	5	3
RHOT2	5	1
RIC8B	5	3
RIOK2	5	2
RIOX2	5	1
RMND1	5	0
RMND5B	5	0
RND2	5	1
RNF113A	5	1
RNF125	5	0
RNF126	5	1
RNF208	5	0
RNFT1	5	0
RNFT2	5	1
RNH1	5	0
RNMT	5	3
RNPS1	5	1
RORA	5	1
RP2	5	4
RPAP3	5	3
RPIA	5	0
RPL10L	5	1
RPL28	5	2
RPP40	5	1
RPRD1B	5	0
RRM2	5	0
RRP15	5	0
RSKR	5	1
RSPH3	5	0
RSRC1	5	2
RSRC2	5	2
RTL10	5	1
RTL4	5	1
RUNX3	5	2
RUSF1	5	0
RWDD1	5	1
S100PBP	5	0
SAMD11	5	1
SAMD12	5	1
SAMD15	5	1
SCAMP1	5	0
SCARA3	5	0
SCARF1	5	0
SCGN	5	0
SCN3B	5	2
SCP2	5	1
SDC2	5	4
SDC3	5	2
SDR39U1	5	0
SDR9C7	5	1
SEC13	5	0
SELENOM	5	0
SELENON	5	1
SELENOP	5	1
SELPLG	5	1
SENP3	5	0
SEPTIN2	5	1
SEPTIN4	5	5
SEPTIN5	5	0
SEPTIN8	5	3
SERINC2	5	0
SERINC4	5	0
SERPINA4	5	3
SERPINA6	5	1
SERPINA9	5	1
SERPINH1	5	1
SERPINI1	5	2
SESN1	5	0
SETD1B	5	1
SF3A2	5	1
SFRP2	5	1
SGCA	5	0
SGCB	5	4
SGMS1	5	1
SH2D5	5	0
SH3GL1	5	1
SH3GLB1	5	1
SHB	5	0
SHBG	5	2
SHMT2	5	1
SHQ1	5	4
SIAH2	5	1
SIGLEC12	5	3
SKIL	5	3
SLAMF7	5	0
SLC12A8	5	1
SLC16A5	5	1
SLC16A8	5	0
SLC19A3	5	1
SLC1A2	5	3
SLC1A4	5	1
SLC20A1	5	1
SLC22A1	5	1
SLC22A5	5	0
SLC22A9	5	2
SLC24A5	5	1
SLC25A18	5	1
SLC25A19	5	0
SLC25A34	5	1
SLC25A37	5	3
SLC25A43	5	1
SLC25A48	5	1
SLC25A5	5	0
SLC25A52	5	1
SLC26A1	5	0
SLC27A4	5	0
SLC29A2	5	1
SLC2A1	5	1
SLC30A10	5	3
SLC35B1	5	1
SLC35D3	5	0
SLC35F5	5	3
SLC37A3	5	2
SLC38A7	5	1
SLC39A14	5	1
SLC39A4	5	1
SLC39A8	5	0
SLC3A1	5	1
SLC40A1	5	2
SLC41A2	5	2
SLC47A2	5	1
SLC52A1	5	1
SLC52A2	5	2
SLC52A3	5	1
SLC5A11	5	1
SLC6A18	5	2
SLC6A19	5	1
SLC7A14	5	2
SLC7A5	5	1
SLC7A8	5	1
SLC9A6	5	1
SLC9B2	5	0
SMARCE1	5	1
SMPDL3B	5	0
SMU1	5	0
SMYD2	5	0
SMYD3	5	2
SMYD4	5	1
SNRNP48	5	2
SNRPA	5	1
SNX10	5	1
SNX17	5	2
SOCS3	5	0
SORD	5	2
SOX15	5	1
SOX21	5	1
SOX3	5	0
SP8	5	1
SPACA7	5	1
SPAG11A	5	0
SPAG8	5	0
SPAM1	5	6
SPATA22	5	3
SPATS1	5	0
SPDEF	5	0
SPESP1	5	0
SPIB	5	1
SPINDOC	5	0
SPIRE1	5	1
SPN	5	1
SPPL2A	5	0
SPRY4	5	0
SPX	5	1
SQLE	5	3
SRF	5	0
SRPRA	5	3
SRPX2	5	1
SRR	5	2
SRSF1	5	0
SRSF12	5	1
SSB	5	2
SSR1	5	0
SSTR2	5	2
SSX5	5	1
ST3GAL1	5	2
ST6GAL1	5	1
ST6GALNAC1	5	2
ST6GALNAC6	5	0
ST7	5	3
ST8SIA2	5	2
STAC3	5	1
STAP2	5	1
STARD3	5	0
STEAP3	5	0
STK35	5	0
STMN4	5	0
STOML1	5	0
STRA6	5	1
STRAP	5	1
STRC	5	2
STX12	5	0
STX2	5	2
STX3	5	2
STX7	5	1
STX8	5	3
STYX	5	1
STYXL1	5	1
SULT4A1	5	0
SUMF1	5	0
SURF4	5	0
SURF6	5	1
SUV39H1	5	1
SUZ12	5	4
SVOP	5	0
SYCE1	5	1
SYCE2	5	0
SYF2	5	0
SYNC	5	1
SYT17	5	2
SYT6	5	4
SYT7	5	1
TADA2A	5	1
TAF1A	5	1
TAF1B	5	0
TAF6	5	1
TAS2R39	5	3
TAS2R50	5	3
TAS2R7	5	1
TAS2R8	5	1
TAZ	5	1
TBL3	5	0
TCN2	5	1
TCP11L1	5	1
TCTE1	5	2
TCTN3	5	4
TEAD3	5	0
TEF	5	0
TEKT1	5	3
TEPP	5	2
TES	5	0
TEX13A	5	4
TEX45	5	0
TEX9	5	2
TFB2M	5	0
TFCP2	5	2
TFDP2	5	0
TGFB1	5	1
TGFBI	5	0
THAP4	5	0
TIGD6	5	1
TIGIT	5	2
TIMM22	5	1
TIMM44	5	1
TIMP4	5	0
TINF2	5	0
TIPARP	5	2
TKT	5	0
TKTL1	5	1
TLX1	5	4
TLX3	5	0
TM2D2	5	0
TM6SF2	5	0
TMBIM1	5	0
TMCO4	5	2
TMCO5A	5	1
TMEFF1	5	6
TMEM120A	5	0
TMEM121	5	0
TMEM140	5	1
TMEM156	5	2
TMEM161A	5	0
TMEM163	5	1
TMEM164	5	2
TMEM184C	5	2
TMEM192	5	1
TMEM198	5	1
TMEM215	5	0
TMEM217	5	1
TMEM62	5	1
TMEM71	5	1
TMEM72	5	1
TMEM74B	5	2
TMEM92	5	0
TMPRSS11E	5	3
TMPRSS11F	5	2
TMPRSS5	5	1
TNFAIP8L2	5	1
TNFRSF10B	5	2
TNFRSF13B	5	2
TNFRSF1A	5	2
TNFSF14	5	2
TNMD	5	1
TNNI1	5	0
TNNI3K	5	0
TOLLIP	5	0
TOM1L1	5	0
TOR1AIP2	5	1
TOR1B	5	0
TP53I11	5	0
TP53INP1	5	1
TPM1	5	0
TPPP2	5	1
TRAF3IP2	5	5
TRIM10	5	2
TRIM13	5	2
TRIM47	5	0
TRIM48	5	2
TRIM63	5	1
TRIM75P	5	2
TRIP13	5	0
TRIT1	5	1
TRMT10C	5	2
TRMT5	5	1
TRNT1	5	3
TSC22D2	5	1
TSEN2	5	1
TSLP	5	0
TSPAN14	5	0
TSPAN17	5	0
TSPAN18	5	1
TSR1	5	4
TSTD2	5	1
TTC38	5	1
TTLL10	5	0
TTLL13P	5	1
TUFT1	5	1
TULP3	5	1
TWF1	5	2
TXNDC16	5	1
TXNIP	5	2
TXNL1	5	1
TYRP1	5	2
U2AF2	5	2
UBA3	5	1
UBA5	5	1
UBAC1	5	2
UBE2K	5	2
UBE2L3	5	0
UBFD1	5	1
UBR7	5	3
UBXN11	5	2
UBXN8	5	0
UEVLD	5	2
UFSP1	5	0
UGCG	5	0
UGT1A3	5	0
UGT1A8	5	2
UGT2B28	5	3
UNG	5	0
UPB1	5	3
UQCRC1	5	2
USP12	5	1
USP22	5	0
USP30	5	3
USP37	5	2
USP49	5	1
UTP18	5	0
UTS2R	5	0
UTY	5	1
VAX2	5	2
VDAC2	5	0
VEGFD	5	2
VEZF1	5	0
VGF	5	1
VIPAS39	5	2
VMO1	5	0
VPS26C	5	1
VPS28	5	0
VPS39	5	1
VSIG8	5	0
VSTM1	5	1
VSTM2L	5	0
VTCN1	5	1
VTI1A	5	0
WASF1	5	4
WDFY2	5	3
WDR24	5	1
WDR27	5	0
WDR48	5	0
WDR53	5	1
WDR61	5	0
WDR92	5	1
WLS	5	2
WNT10A	5	0
WTAP	5	1
XCR1	5	4
XPC	5	2
XRRA1	5	3
XYLB	5	2
YIPF7	5	1
YY2	5	0
ZBTB1	5	2
ZBTB10	5	0
ZBTB2	5	0
ZBTB25	5	0
ZBTB32	5	1
ZBTB34	5	1
ZBTB45	5	1
ZC3H10	5	0
ZCCHC13	5	0
ZCCHC9	5	1
ZDHHC1	5	1
ZDHHC9	5	1
ZFY	5	1
ZFYVE19	5	0
ZNF165	5	2
ZNF182	5	3
ZNF2	5	1
ZNF215	5	3
ZNF222	5	1
ZNF268	5	0
ZNF274	5	0
ZNF280C	5	5
ZNF3	5	3
ZNF32	5	0
ZNF410	5	0
ZNF426	5	3
ZNF441	5	2
ZNF469	5	2
ZNF48	5	1
ZNF506	5	3
ZNF550	5	2
ZNF555	5	2
ZNF565	5	1
ZNF584	5	1
ZNF620	5	1
ZNF655	5	1
ZNF662	5	1
ZNF664	5	1
ZNF681	5	1
ZNF695	5	1
ZNF697	5	0
ZNF707	5	0
ZNF710	5	2
ZNF75A	5	0
ZNF81	5	3
ZNF880	5	2
ZPBP2	5	0
ZSCAN25	5	3
ZSWIM1	5	0
ZXDC	5	2
A4GNT	4	4
AAR2	4	0
AASDHPPT	4	2
AATF	4	1
ABHD13	4	1
ABHD4	4	0
ABHD6	4	1
ABHD8	4	0
ABI1	4	1
ABI2	4	2
ABRA	4	2
ABRAXAS2	4	1
AC004593.2	4	2
AC013477.1	4	1
AC018630.4	4	0
AC068580.4	4	1
AC139530.2	4	0
AC231657.3	4	0
ACAD8	4	1
ACADM	4	5
ACBD3	4	3
ACCS	4	3
ACP3	4	2
ACRV1	4	2
ACTC1	4	0
ACTR10	4	2
ACTR1A	4	1
ACTR3	4	2
ACTR8	4	3
ACTRT3	4	1
ADH5	4	3
ADM2	4	0
ADORA3	4	0
ADPRHL1	4	2
ADRA2A	4	0
ADRB1	4	2
ADSS2	4	2
AFMID	4	1
AGAP4	4	1
AGK	4	2
AGMAT	4	5
AGPS	4	1
AIRE	4	0
AJUBA	4	0
AK1	4	1
AKAP10	4	2
AKIRIN2	4	2
AKR1C4	4	1
AKR1D1	4	2
AKR1E2	4	1
AKT2	4	1
AL031777.2	4	0
ALAD	4	1
ALDH7A1	4	2
ALG2	4	0
ALKBH5	4	1
ALOX15	4	1
ALPG	4	2
AMFR	4	1
AMH	4	0
AMY1C	4	0
AMY2B	4	5
AMZ2	4	1
ANAPC4	4	4
ANKH	4	0
ANKRD2	4	0
ANKRD20A1	4	1
ANKRD34B	4	2
AP1S3	4	0
AP3M1	4	0
AP5B1	4	1
AP5S1	4	0
APCS	4	0
APEX1	4	1
APEX2	4	2
APH1B	4	1
APOBEC2	4	1
APOE	4	0
APOL6	4	1
AQP1	4	0
ARF1	4	1
ARF4	4	2
ARHGAP1	4	1
ARHGEF16	4	0
ARHGEF33	4	2
ARHGEF39	4	0
ARIH2	4	2
ARL10	4	0
ARL13A	4	2
ARL14	4	0
ARMCX3	4	2
ARMCX5-GPRASP2	4	2
ARRDC2	4	1
ARSH	4	0
ARX	4	1
ASAH2B	4	0
ASB4	4	2
ASB8	4	0
ASB9	4	1
ATF1	4	1
ATG13	4	2
ATG14	4	0
ATG4A	4	2
ATG4C	4	3
ATG7	4	2
ATP1B1	4	0
ATP1B3	4	1
ATP4B	4	0
ATP6V0A2	4	4
ATXN10	4	3
ATXN3	4	1
AUH	4	0
AZIN2	4	0
B3GNT3	4	1
B3GNT5	4	0
B3GNT8	4	0
B4GALT7	4	1
B9D2	4	0
BAG2	4	0
BAIAP2L2	4	1
BAK1	4	0
BAMBI	4	2
BBOF1	4	2
BBS10	4	3
BCAS2	4	1
BCCIP	4	0
BCL2L1	4	1
BCL2L11	4	1
BCL2L2	4	1
BCL7C	4	0
BCLAF3	4	1
BCS1L	4	0
BDKRB2	4	3
BDNF	4	2
BEND7	4	1
BHLHE40	4	0
BLOC1S2	4	2
BMP6	4	0
BMT2	4	1
BNIP2	4	0
BNIPL	4	1
BOD1	4	0
BPI	4	3
BPIFB3	4	3
BRAP	4	1
BRD9	4	1
BROX	4	1
BSDC1	4	0
BST1	4	0
BTBD1	4	3
BTD	4	0
BTN3A2	4	3
BUB3	4	0
C10orf88	4	1
C11orf1	4	1
C11orf24	4	0
C11orf49	4	2
C11orf54	4	1
C11orf65	4	3
C11orf68	4	0
C12orf56	4	3
C14orf28	4	1
C16orf71	4	2
C16orf89	4	1
C16orf96	4	1
C17orf58	4	0
C17orf80	4	2
C18orf25	4	1
C19orf18	4	3
C19orf47	4	0
C1QA	4	1
C1QC	4	0
C1orf115	4	0
C1orf56	4	1
C1orf74	4	2
C2orf15	4	2
C2orf66	4	0
C4A	4	1
C4B	4	1
C4BPA	4	6
C6orf136	4	1
C7orf26	4	0
C9orf64	4	1
C9orf78	4	1
CA4	4	0
CABP7	4	0
CACNG4	4	1
CALCOCO1	4	1
CALCOCO2	4	1
CALHM6	4	1
CALU	4	1
CAMKK1	4	2
CAMKMT	4	0
CANX	4	0
CAPG	4	0
CAPN11	4	1
CAPZA1	4	1
CARD8	4	1
CATIP	4	2
CAV2	4	0
CBLN1	4	1
CCDC103	4	1
CCDC106	4	2
CCDC113	4	1
CCDC114	4	1
CCDC117	4	3
CCDC142	4	0
CCDC183	4	2
CCDC190	4	1
CCDC197	4	1
CCDC3	4	3
CCDC51	4	1
CCDC65	4	2
CCDC90B	4	1
CCDC97	4	1
CCNA2	4	1
CCNB2	4	0
CCNDBP1	4	2
CCNYL1	4	0
CCR10	4	1
CCR4	4	2
CCR8	4	0
CCRL2	4	1
CCSAP	4	0
CCZ1B	4	1
CD177	4	2
CD1D	4	2
CD200	4	2
CD27	4	0
CD320	4	0
CD33	4	2
CD38	4	1
CD44	4	2
CD46	4	1
CD47	4	1
CD48	4	1
CD55	4	0
CD7	4	0
CD79A	4	0
CD79B	4	0
CD8B	4	0
CD9	4	0
CDCA8	4	0
CDH15	4	2
CDK5RAP3	4	1
CDO1	4	1
CEACAM19	4	0
CELA2B	4	0
CELA3B	4	0
CELF1	4	1
CELF6	4	0
CENPBD1	4	1
CENPQ	4	1
CENPV	4	0
CEP43	4	1
CEP57L1	4	1
CEP85	4	1
CES2	4	0
CETN1	4	4
CFAP20	4	0
CFAP92	4	0
CFL1	4	0
CFP	4	1
CGA	4	1
CHAC1	4	1
CHAF1B	4	1
CHIC2	4	0
CHKA	4	3
CHKB	4	0
CHMP6	4	0
CHRFAM7A	4	0
CIDEC	4	0
CLDN12	4	1
CLEC18C	4	0
CLEC1A	4	3
CLEC4A	4	1
CLEC4E	4	3
CLECL1	4	0
CLHC1	4	2
CLPTM1L	4	0
CMA1	4	0
CMC1	4	0
CMSS1	4	1
CMTM1	4	0
CNMD	4	3
CNRIP1	4	0
CNTF	4	1
COA8	4	1
COASY	4	1
COL10A1	4	0
COPE	4	0
COPS4	4	1
COQ4	4	0
COQ7	4	1
CORO2A	4	0
COTL1	4	0
COX18	4	4
COX6A2	4	0
CPA3	4	1
CPA6	4	2
CPLX4	4	1
CPN2	4	0
CPNE1	4	0
CREB3L2	4	1
CREB3L3	4	3
CREBZF	4	1
CROCC2	4	1
CRX	4	4
CRYGB	4	1
CRYGC	4	0
CSF1	4	1
CSF3	4	1
CSN1S1	4	0
CSN3	4	0
CSNK1G1	4	2
CST11	4	1
CST4	4	0
CTAGE6	4	4
CTBP2	4	0
CTBS	4	1
CTDNEP1	4	1
CTDSP1	4	0
CTHRC1	4	1
CTLA4	4	1
CTNNAL1	4	3
CTRL	4	1
CTSO	4	2
CUEDC2	4	1
CWC25	4	0
CX3CL1	4	1
CXCL9	4	1
CXCR3	4	1
CXorf65	4	0
CYB5R3	4	1
CYGB	4	1
CYP27A1	4	0
CYP2U1	4	2
CYRIB	4	2
CYTH1	4	2
CYTH2	4	0
CZIB	4	1
DALRD3	4	0
DAOA	4	0
DAP3	4	1
DBNL	4	0
DCAF8	4	2
DCP1A	4	1
DCTN4	4	0
DCUN1D1	4	2
DDAH1	4	0
DDHD1	4	3
DDIT3	4	0
DDX28	4	3
DDX39A	4	0
DDX5	4	1
DDX53	4	1
DEDD	4	1
DEF8	4	1
DEGS2	4	0
DENND6B	4	0
DEPDC1B	4	1
DFFA	4	2
DFFB	4	0
DGLUCY	4	1
DHCR7	4	1
DHFR2	4	2
DHRS1	4	0
DHRS7	4	0
DKK3	4	2
DLK2	4	1
DLL4	4	2
DLST	4	1
DMKN	4	3
DMRTA1	4	2
DNAJB11	4	0
DNAJB4	4	0
DNAJC18	4	1
DNAJC27	4	0
DNAJC5G	4	1
DNASE2	4	0
DNASE2B	4	1
DNTTIP1	4	0
DOK2	4	0
DONSON	4	2
DPEP3	4	1
DPY30	4	0
DQX1	4	2
DRAXIN	4	1
DRD3	4	2
DRG1	4	1
DRG2	4	0
DRICH1	4	0
DTNBP1	4	0
DTX3	4	1
DUS1L	4	1
DUSP10	4	1
DUSP12	4	1
DUSP3	4	1
DUSP5	4	1
DUSP8	4	1
DYDC2	4	1
DYNAP	4	0
DYRK2	4	1
E2F2	4	0
EBNA1BP2	4	2
EDN1	4	0
EED	4	0
EEF2KMT	4	0
EGLN1	4	2
EGLN3	4	0
EIF2AK2	4	0
EIF2B4	4	0
EIF2D	4	1
EIF3F	4	1
EIF3H	4	1
EIF3I	4	0
EIF3M	4	0
EIF5	4	1
ELAC1	4	2
ELOVL3	4	1
ELOVL5	4	0
ELP3	4	1
ELP5	4	2
ELP6	4	1
EMC2	4	2
EMC3	4	0
EMILIN3	4	2
EMX2	4	2
ENDOG	4	0
EPPIN	4	1
ERAL1	4	0
ERCC1	4	0
ERG28	4	0
ERVW-1	4	2
ESD	4	1
ETF1	4	2
ETFB	4	0
ETFDH	4	1
ETV3	4	1
EVA1A	4	2
EVI2B	4	1
EXOSC3	4	0
EYA3	4	1
F12	4	1
FABP6	4	0
FAH	4	2
FAM110D	4	0
FAM117A	4	1
FAM122C	4	1
FAM124B	4	0
FAM126B	4	3
FAM131C	4	1
FAM151B	4	1
FAM162B	4	1
FAM167A	4	2
FAM167B	4	0
FAM174A	4	1
FAM178B	4	0
FAM209A	4	0
FAM216A	4	1
FAM53C	4	1
FAM71E1	4	1
FAM71F1	4	0
FAM81A	4	2
FAM83A	4	1
FAM83F	4	0
FAM8A1	4	0
FANK1	4	1
FASLG	4	1
FATE1	4	1
FBLN5	4	2
FBXL16	4	1
FBXL6	4	1
FBXO27	4	0
FBXO44	4	0
FBXO6	4	1
FCGR1A	4	1
FCGR3A	4	2
FCRLA	4	3
FCRLB	4	1
FECH	4	1
FEZ2	4	2
FFAR2	4	2
FGF1	4	0
FGF17	4	1
FGF2	4	0
FGF9	4	1
FGFBP1	4	0
FIBIN	4	0
FIGNL2	4	0
FKBP5	4	2
FKRP	4	0
FLOT2	4	0
FN3K	4	2
FNDC11	4	0
FOS	4	2
FOXD4	4	0
FOXD4L6	4	1
FOXJ2	4	2
FOXJ3	4	3
FOXK2	4	1
FOXP3	4	2
FOXR2	4	1
FPGS	4	0
FRG2B	4	1
FRMD5	4	1
FRZB	4	2
FTHL17	4	2
FUCA1	4	1
FUZ	4	1
FZD4	4	2
FZD5	4	0
G6PC	4	0
GABPB1	4	2
GABPB2	4	2
GADD45GIP1	4	0
GAL3ST1	4	1
GALNT1	4	1
GALNT16	4	4
GALR2	4	0
GARS1	4	0
GAS2	4	1
GATA4	4	1
GATA6	4	0
GBX2	4	0
GC	4	1
GCG	4	1
GCNT3	4	2
GCOM1	4	3
GDA	4	0
GDF7	4	0
GDPD1	4	0
GDPGP1	4	0
GET1-SH3BGR	4	1
GFOD1	4	1
GFRA4	4	0
GGH	4	0
GGPS1	4	2
GGT1	4	0
GH2	4	1
GHDC	4	2
GIMAP5	4	1
GIMAP6	4	1
GINS3	4	1
GKN1	4	0
GLCCI1	4	3
GLDN	4	1
GLIS2	4	1
GLS	4	0
GLT1D1	4	1
GLUL	4	2
GLYATL1	4	1
GMCL1	4	2
GMPR2	4	2
GNA15	4	2
GNAI1	4	2
GNAI3	4	1
GNAL	4	2
GNAT2	4	2
GNB1	4	2
GNPTG	4	1
GOLGA6A	4	3
GOLPH3	4	1
GOLT1B	4	1
GOSR1	4	1
GPATCH1	4	1
GPATCH2	4	3
GPN2	4	0
GPR107	4	0
GPR119	4	1
GPR146	4	0
GPR150	4	0
GPR157	4	2
GPR25	4	0
GPR63	4	2
GPR82	4	1
GPR84	4	1
GPRC5B	4	1
GPRIN2	4	1
GPSM1	4	0
GPSM3	4	0
GPX1	4	0
GPX2	4	0
GRAMD2B	4	0
GRHL1	4	2
GRPR	4	1
GSC	4	0
GSS	4	0
GSTA1	4	1
GSTA5	4	1
GTF2H3	4	0
GTF3C6	4	0
GTPBP6	4	0
GTPBP8	4	4
GYPB	4	1
GYPC	4	0
GZMB	4	1
H1-1	4	0
H1-5	4	4
H2AC6	4	0
H2BC18	4	0
H2BC5	4	0
H3C11	4	0
H3C4	4	0
H3C6	4	1
H4-16	4	0
H4C12	4	0
H4C13	4	0
H4C4	4	0
H4C7	4	0
H4C8	4	0
HACD3	4	0
HACD4	4	0
HACL1	4	1
HAGH	4	0
HAUS8	4	1
HAX1	4	1
HBG2	4	0
HBP1	4	2
HCAR2	4	1
HDAC8	4	2
HDHD3	4	1
HELT	4	0
HEMGN	4	4
HERPUD1	4	1
HEY1	4	3
HGH1	4	1
HINT3	4	0
HLA-DMA	4	0
HMOX2	4	1
HNRNPH3	4	1
HNRNPLL	4	0
HOXB1	4	2
HOXC12	4	0
HOXC9	4	1
HOXD13	4	1
HOXD9	4	4
HRAS	4	0
HSCB	4	2
HSD17B10	4	2
HSD17B13	4	0
HSD17B4	4	1
HSD3B7	4	0
HSPA14	4	2
HYI	4	1
HYKK	4	1
IBA57	4	0
ICAM1	4	0
ICOS	4	1
IDH3A	4	2
IFI6	4	0
IFIT3	4	2
IFNA14	4	0
IFNA5	4	0
IFNG	4	1
IFNGR1	4	2
IFNL2	4	1
IFNL3	4	0
IFRD1	4	2
IFT46	4	1
IGFBP1	4	1
IGHD	4	3
IGHV1-46	4	0
IGHV3-11	4	0
IGHV3-16	4	0
IGHV3-23	4	0
IGHV4-34	4	0
IGHV5-51	4	1
IGLV3-10	4	1
IL15RA	4	1
IL18	4	0
IL20	4	0
IL21	4	0
IL22RA2	4	1
IL23R	4	3
IL2RB	4	0
IL32	4	1
IL4	4	0
IL7	4	1
IMPA2	4	1
IMPACT	4	2
ING2	4	2
ING4	4	0
INHBB	4	0
INHBC	4	2
IRAG2	4	2
IRF2BP2	4	0
IRF8	4	1
ISL2	4	0
ITIH4	4	1
ITM2A	4	2
ITPA	4	0
JAZF1	4	1
JKAMP	4	1
JUNB	4	2
KAT5	4	3
KATNA1	4	1
KCMF1	4	1
KCNC4	4	4
KCNE4	4	1
KCNG3	4	0
KCNIP4	4	1
KCNJ13	4	4
KCNJ14	4	0
KCNK4	4	1
KCP	4	0
KCTD10	4	1
KDM5D	4	2
KDM8	4	2
KIAA0895L	4	1
KIAA2013	4	0
KIN	4	2
KLF1	4	0
KLF12	4	2
KLF7	4	0
KLHL15	4	1
KLHL35	4	0
KLK11	4	0
KLK6	4	1
KLRC2	4	1
KLRG1	4	0
KMT5A	4	1
KMT5C	4	0
KNSTRN	4	3
KPNB1	4	3
KRBA2	4	2
KREMEN1	4	1
KRT36	4	1
KRT77	4	0
KRT80	4	1
KRTAP1-5	4	0
KRTAP10-9	4	1
KRTAP11-1	4	0
KRTAP19-3	4	0
KRTAP4-5	4	0
KRTAP5-8	4	1
LARGE2	4	3
LAYN	4	2
LCK	4	1
LCN12	4	1
LEFTY2	4	0
LETM2	4	2
LFNG	4	0
LGALS14	4	2
LGALS9B	4	0
LHFPL2	4	0
LHFPL5	4	1
LHX8	4	3
LIN9	4	1
LIPA	4	0
LLPH	4	1
LMAN2	4	2
LMO4	4	0
LPCAT2	4	0
LRFN1	4	2
LRG1	4	1
LRRC25	4	1
LRRC37A	4	0
LRRC55	4	0
LRRC58	4	1
LRRC61	4	0
LRRC75B	4	0
LRRN2	4	0
LSG1	4	1
LSM10	4	0
LTB	4	0
LURAP1L	4	0
LYPD6B	4	0
LYPLA1	4	0
LYPLA2	4	0
LYSMD2	4	1
LYZL2	4	0
LZTFL1	4	2
M1AP	4	1
MACROD1	4	0
MADCAM1	4	0
MAGEA3	4	1
MAL	4	0
MALRD1	4	1
MAMSTR	4	3
MAP1LC3A	4	0
MAP2K5	4	2
MAPK3	4	0
MAPK8IP2	4	0
MAPKAPK5	4	1
MARCHF11	4	3
MARCHF5	4	0
MAZ	4	0
MBD2	4	2
MBOAT7	4	0
MBTD1	4	0
MC1R	4	2
MC5R	4	2
MCEE	4	2
MCM2	4	1
MCM5	4	1
MDFIC	4	3
MDH2	4	1
MED4	4	0
MED8	4	0
MEGF11	4	3
MEMO1	4	4
MEOX1	4	1
METTL14	4	3
METTL21C	4	2
METTL24	4	3
METTL27	4	0
METTL7A	4	3
METTL7B	4	1
METTL8	4	0
MFF	4	3
MGP	4	0
MGST1	4	2
MICOS13	4	1
MICU1	4	1
MID1	4	3
MID1IP1	4	1
MIF4GD	4	1
MINDY3	4	2
MIOX	4	0
MIPOL1	4	1
MLF1	4	2
MLX	4	1
MMP1	4	2
MMP14	4	2
MMP20	4	2
MOB3C	4	1
MOB4	4	1
MOGAT1	4	1
MORF4L2	4	0
MOSPD1	4	1
MPI	4	0
MPP7	4	3
MPV17L2	4	1
MPZ	4	1
MREG	4	0
MRM3	4	0
MRO	4	1
MROH2A	4	1
MROH6	4	0
MRPL1	4	2
MRPL13	4	2
MRPL3	4	1
MRPL32	4	1
MRPL46	4	0
MRPL58	4	1
MRPL9	4	0
MRPS11	4	0
MRPS15	4	0
MRPS31	4	2
MRPS7	4	0
MS4A10	4	0
MS4A5	4	1
MS4A7	4	1
MSI2	4	1
MSRA	4	1
MSRB3	4	2
MSS51	4	3
MSTN	4	1
MTARC2	4	0
MTERF1	4	3
MTERF2	4	1
MTFR1	4	2
MTG2	4	0
MTHFD2	4	0
MTRES1	4	1
MTSS2	4	1
MTURN	4	0
MUTYH	4	4
MYB	4	4
MYL2	4	0
MYLIP	4	0
MZT2A	4	0
NAA11	4	1
NACAD	4	1
NAE1	4	4
NAGA	4	1
NANOG	4	1
NANOS3	4	0
NAPA	4	2
NAPG	4	0
NAT2	4	1
NAT8L	4	0
NBPF1	4	1
NCBP2L	4	2
NDRG1	4	0
NDUFAF4	4	0
NDUFAF7	4	0
NDUFB10	4	0
NDUFB9	4	1
NDUFS3	4	0
NECTIN4	4	2
NEIL2	4	0
NEK2	4	3
NEK6	4	0
NEK7	4	1
NEU3	4	1
NEU4	4	3
NEURL1	4	1
NFATC2IP	4	1
NFIX	4	2
NFYA	4	2
NINJ1	4	0
NIPAL1	4	0
NIPAL4	4	0
NIPSNAP1	4	0
NIT1	4	0
NLGN2	4	2
NMBR	4	0
NME7	4	2
NMNAT1	4	1
NMT2	4	2
NNMT	4	1
NNT	4	3
NOMO2	4	3
NPBWR2	4	0
NPIPB15	4	1
NPM1	4	1
NPM3	4	0
NPY	4	1
NPY1R	4	1
NR1H2	4	0
NR2F1	4	3
NR6A1	4	0
NRG2	4	2
NSDHL	4	0
NSG2	4	1
NSMCE1	4	1
NSMF	4	2
NSUN3	4	2
NSUN4	4	1
NT5DC1	4	0
NTMT1	4	0
NTN3	4	1
NUBP1	4	2
NUDCD3	4	0
NUDT10	4	0
NUDT11	4	1
NUDT14	4	0
NUDT16L1	4	0
NUDT9	4	1
NUS1	4	2
NUTM2D	4	0
NXPE1	4	1
NXPE3	4	4
OCLN	4	2
ODAPH	4	1
OGFOD2	4	0
OGFOD3	4	0
OMA1	4	2
OR10A2	4	2
OR10A7	4	1
OR10G3	4	1
OR10H4	4	3
OR11A1	4	1
OR11H12	4	2
OR11H4	4	2
OR13H1	4	1
OR14J1	4	2
OR1A1	4	1
OR1I1	4	2
OR1L6	4	2
OR1Q1	4	2
OR2A2	4	3
OR2A25	4	2
OR2AG1	4	0
OR2M7	4	3
OR2T11	4	0
OR2T29	4	0
OR2T34	4	1
OR4C12	4	3
OR4D9	4	3
OR4E2	4	0
OR4K14	4	1
OR4X2	4	1
OR51F1	4	2
OR51G1	4	0
OR51I1	4	3
OR52B4	4	3
OR52B6	4	0
OR52N2	4	2
OR5AK2	4	1
OR5AU1	4	0
OR5P3	4	0
OR6C1	4	1
OR6C2	4	2
OR6C74	4	2
OR7A10	4	1
OR7A17	4	1
OR7C2	4	1
OR8G5	4	1
OR9G4	4	4
ORC4	4	0
ORM2	4	2
OS9	4	2
OSBP2	4	0
OSGEP	4	1
OSTN	4	1
OTOS	4	1
OTUB1	4	0
OXCT1	4	2
P2RY12	4	1
P3H4	4	0
P4HA2	4	0
P4HA3	4	3
PACRGL	4	1
PAGE2	4	0
PAIP1	4	3
PAOX	4	0
PAQR5	4	0
PARK7	4	0
PARM1	4	1
PARP11	4	2
PATE1	4	1
PAX9	4	0
PCBP2	4	2
PCGF3	4	0
PCK1	4	4
PCYOX1L	4	0
PDCD2	4	0
PDCD7	4	2
PDK4	4	2
PDP1	4	5
PDP2	4	2
PEDS1-UBE2V1	4	1
PELI2	4	0
PELO	4	1
PENK	4	1
PEX11B	4	0
PEX12	4	1
PEX14	4	0
PEX16	4	1
PFDN4	4	0
PFKFB4	4	0
PGAM1	4	1
PGAP3	4	2
PGC	4	3
PGGT1B	4	1
PGM3	4	3
PI4K2B	4	2
PIEZO1	4	0
PIFO	4	0
PIGA	4	0
PIGM	4	3
PIGN	4	2
PIGS	4	1
PIH1D2	4	2
PIK3IP1	4	1
PIM1	4	1
PIR	4	1
PISD	4	2
PITX1	4	0
PITX2	4	0
PJA2	4	0
PKDCC	4	0
PKM	4	0
PKNOX1	4	4
PLAAT1	4	1
PLAAT2	4	0
PLAGL1	4	1
PLAU	4	1
PLBD2	4	2
PLEK2	4	0
PLEKHA8	4	1
PLEKHB1	4	0
PLEKHF2	4	2
PLEKHG7	4	2
PLK3	4	0
PLSCR2	4	1
PLXDC1	4	3
PMP22	4	0
PMPCA	4	1
PNCK	4	2
PNKP	4	1
PNLIPRP1	4	0
PNMA1	4	4
PNPLA4	4	0
POC1B-GALNT4	4	2
POGLUT1	4	0
POGLUT3	4	2
POLR2E	4	0
POTEM	4	2
POU5F2	4	3
PPID	4	3
PPIL2	4	0
PPM1B	4	2
PPM1K	4	2
PPM1M	4	0
PPP1CB	4	2
PPP1CC	4	1
PPP1R14A	4	1
PPP1R7	4	2
PPP2CB	4	1
PPP3CC	4	2
PPP4C	4	0
PPP4R2	4	1
PPP6R1	4	0
PPTC7	4	3
PRADC1	4	0
PRB3	4	0
PRCP	4	0
PRDM8	4	0
PRDX2	4	0
PRG2	4	1
PRKAB2	4	0
PRKAG3	4	2
PRKAR2B	4	2
PRM3	4	1
PRMT6	4	2
PROK2	4	0
PRPS2	4	0
PRR5	4	0
PRR5-ARHGAP8	4	2
PRRC1	4	1
PRRX1	4	0
PRRX2	4	0
PRSS57	4	0
PRXL2C	4	0
PSAT1	4	1
PSG5	4	1
PSMA2	4	0
PSMA3	4	2
PSMB8	4	4
PSMC1	4	2
PSMC2	4	1
PSMD3	4	1
PSMD4	4	0
PSMF1	4	2
PSMG2	4	0
PTCD3	4	1
PTF1A	4	0
PTGDR	4	1
PTGER2	4	0
PTGES3L-AARSD1	4	1
PTPDC1	4	1
PTPN18	4	1
PTPN7	4	1
PUS1	4	0
PXMP2	4	0
PYROXD1	4	4
QPRT	4	0
RAB20	4	2
RAB27A	4	0
RAB27B	4	0
RAB35	4	0
RAB3IL1	4	0
RAB42	4	0
RAB4A	4	1
RAB5A	4	3
RAB6A	4	1
RAB8B	4	2
RABL2A	4	1
RAC1	4	0
RAC2	4	1
RAD23A	4	0
RAD23B	4	1
RALA	4	1
RALY	4	0
RAMP1	4	0
RAP2B	4	1
RARRES1	4	0
RASSF1	4	1
RASSF10	4	1
RASSF6	4	1
RASSF7	4	0
RBFA	4	0
RBM38	4	1
RBM44	4	1
RBMX	4	1
RCC1L	4	0
RCHY1	4	0
RDH13	4	0
RDH8	4	1
RDM1	4	0
REEP4	4	1
REG1B	4	1
REP15	4	0
RETREG2	4	0
RFPL1	4	1
RFT1	4	0
RFWD3	4	1
RGS19	4	0
RGS8	4	2
RHBDD3	4	1
RHBDL1	4	1
RHOC	4	1
RHOQ	4	0
RHOXF2	4	0
RILP	4	0
RIOK3	4	0
RIPK2	4	1
RIPK3	4	2
RLN2	4	0
RMDN2	4	1
RNASE7	4	0
RNASE9	4	1
RND1	4	0
RNF115	4	1
RNF130	4	2
RNF138	4	1
RNF14	4	1
RNF146	4	1
RNF152	4	0
RNF167	4	0
RNF175	4	1
RNF19B	4	2
RNF212	4	0
RNF215	4	0
RNF26	4	1
RNF34	4	2
RP9	4	0
RPE	4	0
RPF1	4	3
RPL18A	4	0
RPL24	4	0
RPL35	4	1
RPL4	4	1
RPL7	4	1
RPP38	4	0
RPS23	4	0
RPS5	4	0
RPS6KB2	4	0
RPS7	4	0
RRH	4	3
RRP1	4	0
RS1	4	2
RSC1A1	4	1
RSPH1	4	2
RSPH14	4	2
RSPO1	4	2
RSRP1	4	0
RSU1	4	0
RTBDN	4	0
RTL8B	4	1
RTN4R	4	0
RTN4RL2	4	0
RTP2	4	0
RUNDC3A	4	2
RXFP4	4	0
RXYLT1	4	0
S100A7	4	1
S100A8	4	0
SAAL1	4	2
SAE1	4	0
SAP30BP	4	1
SARS1	4	1
SAT1	4	1
SAXO1	4	2
SBK1	4	0
SBK2	4	1
SCAMP5	4	0
SCLY	4	0
SCN2B	4	3
SCNM1	4	0
SCNN1A	4	0
SCNN1D	4	1
SCRN2	4	0
SCTR	4	1
SDC1	4	2
SDCCAG8	4	2
SDF2	4	0
SDHB	4	1
SDHD	4	1
SEC11C	4	0
SEC22A	4	1
SEC22C	4	2
SENP1	4	2
SENP2	4	1
SENP8	4	0
SEPHS2	4	0
SEPSECS	4	1
SEPTIN10	4	2
SEPTIN14	4	2
SEPTIN7	4	1
SERGEF	4	2
SERPINA1	4	2
SERPINB4	4	1
SERPINB9	4	0
SERPINF1	4	1
SERPING1	4	3
SERTAD1	4	0
SERTAD2	4	1
SETD4	4	2
SETD7	4	2
SFRP5	4	1
SFT2D1	4	1
SFTPB	4	4
SFTPD	4	1
SGK2	4	4
SGK3	4	1
SGPL1	4	1
SGPP2	4	2
SGTA	4	1
SH2B2	4	1
SH3BP5L	4	2
SH3RF2	4	0
SH3YL1	4	4
SHARPIN	4	0
SHC3	4	0
SHD	4	1
SHOX2	4	2
SHPK	4	0
SIL1	4	1
SINHCAF	4	1
SIRPB2	4	1
SIRT3	4	0
SIRT7	4	0
SKAP2	4	2
SLAIN2	4	3
SLAMF9	4	1
SLBP	4	0
SLC15A4	4	2
SLC16A11	4	0
SLC16A3	4	0
SLC16A4	4	3
SLC22A12	4	1
SLC22A23	4	0
SLC25A10	4	0
SLC25A16	4	2
SLC25A33	4	0
SLC25A35	4	0
SLC25A36	4	0
SLC25A41	4	1
SLC25A44	4	0
SLC25A53	4	3
SLC25A6	4	1
SLC29A1	4	0
SLC30A2	4	1
SLC30A6	4	2
SLC34A3	4	1
SLC35E1	4	0
SLC35E3	4	0
SLC35F4	4	5
SLC35G1	4	1
SLC35G6	4	2
SLC36A2	4	1
SLC36A3	4	0
SLC39A13	4	2
SLC5A1	4	0
SLC6A14	4	3
SLC6A8	4	0
SLC7A13	4	2
SLC7A7	4	0
SMAD5	4	3
SMAP2	4	1
SMPX	4	0
SMR3A	4	1
SNAI1	4	2
SNAPC3	4	3
SNX11	4	2
SNX30	4	0
SOAT2	4	0
SOST	4	0
SOWAHD	4	0
SP110	4	3
SP7	4	2
SPACA1	4	2
SPACA3	4	1
SPACA5B	4	1
SPACA9	4	1
SPAG4	4	1
SPANXB1	4	2
SPATA19	4	2
SPATA2	4	0
SPATS2L	4	2
SPDYA	4	1
SPDYE3	4	0
SPG21	4	2
SPOP	4	1
SPP1	4	1
SPP2	4	2
SPR	4	1
SPSB1	4	0
SQOR	4	0
SQSTM1	4	2
SRC	4	0
SRRM3	4	2
SRY	4	0
SSC4D	4	2
SSH3	4	0
SSMEM1	4	1
ST7L	4	2
STARD10	4	0
STARD6	4	2
STC1	4	1
STING1	4	0
STK16	4	1
STK17A	4	2
STK26	4	2
STK32C	4	0
STK38L	4	2
STX16	4	0
STX18	4	2
STX1A	4	2
STX1B	4	2
SUCNR1	4	4
SUGCT	4	3
SULT1A1	4	0
SULT1C2	4	1
SULT2B1	4	0
SUMF2	4	0
SYT10	4	5
SYT11	4	1
SYT8	4	2
TAAR8	4	2
TACR2	4	0
TADA1	4	0
TAF11	4	0
TAF13	4	1
TAF8	4	1
TAFA4	4	0
TAL1	4	2
TANGO2	4	0
TAPBP	4	2
TARDBP	4	0
TAS2R14	4	4
TAS2R4	4	1
TAS2R41	4	0
TBC1D13	4	2
TBCA	4	1
TBCEL	4	2
TBKBP1	4	2
TBX1	4	0
TBXA2R	4	0
TCEAL1	4	0
TCTEX1D1	4	1
TDRD9	4	2
TEDC1	4	0
TEKT2	4	2
TERF1	4	3
TESK1	4	0
TEX264	4	2
TEX37	4	1
TFEB	4	1
TGFB3	4	0
THAP2	4	1
THAP5	4	0
THEM4	4	0
THEM5	4	0
THG1L	4	0
THOC3	4	1
THRA	4	1
THUMPD2	4	2
TIA1	4	1
TIGD5	4	1
TIMM17B	4	0
TK1	4	0
TLE6	4	2
TM4SF5	4	1
TM6SF1	4	1
TM9SF4	4	3
TMC7	4	0
TMEM100	4	3
TMEM115	4	0
TMEM121B	4	0
TMEM144	4	2
TMEM150C	4	1
TMEM165	4	1
TMEM169	4	1
TMEM176B	4	1
TMEM186	4	0
TMEM19	4	1
TMEM190	4	0
TMEM225	4	2
TMEM237	4	4
TMEM241	4	0
TMEM252	4	1
TMEM266	4	1
TMEM33	4	0
TMEM37	4	0
TMEM38A	4	2
TMEM38B	4	1
TMEM43	4	2
TMEM47	4	1
TMEM61	4	0
TMEM87A	4	2
TMEM88	4	0
TMEM97	4	0
TMIGD3	4	0
TNFRSF10C	4	0
TNFRSF6B	4	0
TNFSF15	4	0
TNFSF9	4	1
TNNI3	4	1
TNNT3	4	0
TOMM34	4	1
TOR1A	4	2
TP53I13	4	2
TP53TG5	4	2
TPD52	4	0
TPD52L1	4	2
TPD52L2	4	0
TPD52L3	4	0
TPGS2	4	1
TPM2	4	0
TPPP	4	0
TPPP3	4	0
TPST1	4	0
TRABD2A	4	0
TRAFD1	4	2
TRAPPC6A	4	1
TREM1	4	1
TREX2	4	1
TRIM14	4	0
TRIM27	4	2
TRIM66	4	1
TRIM7	4	1
TRIP10	4	1
TRMO	4	2
TRMT44	4	0
TRMT61A	4	0
TRMT61B	4	0
TSC22D4	4	1
TSEN54	4	0
TSG101	4	0
TSGA13	4	1
TSN	4	0
TSPAN11	4	1
TSPAN12	4	0
TSPAN8	4	1
TSPO2	4	0
TSSK4	4	0
TSSK6	4	1
TTC22	4	0
TTC25	4	1
TTC26	4	3
TTC39B	4	3
TTC9	4	0
TTI2	4	1
TTLL11	4	1
TTPAL	4	0
TUBB4B	4	1
TYMS	4	2
TYW3	4	3
TYW5	4	2
U2AF1L4	4	1
UBAC2	4	1
UBD	4	1
UBE2A	4	3
UBE2J2	4	1
UCKL1	4	1
UCP2	4	0
UFSP2	4	2
UGT1A1	4	1
UGT1A5	4	0
UGT2B17	4	3
ULK3	4	0
UNC93B1	4	0
UPF3B	4	3
UPK1A	4	0
UQCRB	4	0
UQCRC2	4	1
UQCRFS1	4	1
USB1	4	1
USF1	4	0
USP39	4	1
USP50	4	1
USP51	4	3
UTP11	4	1
UTP23	4	1
VAPA	4	0
VAX1	4	1
VEGFA	4	0
VENTX	4	3
VIP	4	0
VIPR1	4	2
VNN2	4	1
VPREB1	4	1
VPS35	4	1
VPS4B	4	1
VSIG1	4	3
VSIG4	4	1
VWDE	4	2
VXN	4	0
WAS	4	2
WASF2	4	0
WBP11	4	1
WBP1L	4	0
WDR31	4	2
WDR4	4	0
WDR43	4	1
WDR74	4	1
WDR86	4	2
WEE1	4	1
WFDC5	4	0
WIPI1	4	0
WNT2	4	7
WNT7B	4	0
WRNIP1	4	0
WSB2	4	0
XAGE2	4	0
XG	4	1
XKR9	4	3
XKRX	4	3
XPA	4	0
XRCC3	4	0
YARS1	4	0
YBEY	4	0
YBX1	4	0
YIPF3	4	0
YIPF4	4	0
YTHDF1	4	1
YWHAE	4	0
ZBTB44	4	3
ZC3H14	4	4
ZCCHC4	4	0
ZDHHC24	4	0
ZDHHC3	4	2
ZFP14	4	2
ZFP69	4	0
ZFP69B	4	1
ZFP91	4	1
ZKSCAN3	4	2
ZKSCAN8	4	2
ZMAT2	4	0
ZMYND12	4	2
ZNF114	4	1
ZNF12	4	4
ZNF169	4	3
ZNF195	4	1
ZNF202	4	1
ZNF213	4	0
ZNF225	4	1
ZNF23	4	5
ZNF385C	4	0
ZNF394	4	0
ZNF414	4	0
ZNF485	4	0
ZNF488	4	3
ZNF501	4	1
ZNF552	4	1
ZNF576	4	0
ZNF579	4	0
ZNF581	4	0
ZNF582	4	3
ZNF589	4	0
ZNF613	4	2
ZNF627	4	2
ZNF682	4	2
ZNF691	4	0
ZNF705A	4	2
ZNF75D	4	4
ZNF76	4	1
ZNF77	4	2
ZNF781	4	3
ZNF787	4	0
ZNF79	4	2
ZNF80	4	2
ZNF823	4	4
ZNHIT1	4	0
ZPLD1	4	1
ZSCAN22	4	2
ZSCAN9	4	1
ZWINT	4	2
ZYX	4	2
AAGAB	3	2
AANAT	3	0
AARD	3	1
ABCF2	3	3
ABHD1	3	0
ABHD10	3	1
ABHD15	3	0
ABHD17B	3	0
ABHD17C	3	1
ABHD5	3	2
AC023055.1	3	1
AC024598.1	3	0
AC097637.1	3	0
AC134980.2	3	3
AC136428.1	3	0
ACBD4	3	1
ACCSL	3	2
ACER2	3	0
ACOT4	3	0
ACOT8	3	0
ACOT9	3	1
ACP6	3	0
ACSF2	3	1
ACY3	3	0
ADAP1	3	0
ADGRD2	3	0
ADH7	3	0
ADPRH	3	1
ADPRM	3	1
ADPRS	3	1
ADRA2C	3	1
ADRM1	3	1
ADTRP	3	0
AEBP2	3	0
AGBL3	3	2
AGR2	3	0
AIP	3	0
AIPL1	3	0
AKAP1	3	1
AKR1C3	3	1
AKR1C8P	3	3
AKR7A3	3	0
AKTIP	3	2
ALDOA	3	0
ALDOC	3	1
ALG12	3	1
ALG14	3	2
ALG3	3	0
ALKBH1	3	0
ALKBH6	3	1
ALKBH8	3	1
AMD1	3	3
AMDHD2	3	1
AMOTL2	3	1
ANGPTL6	3	0
ANKRA2	3	1
ANKRD16	3	1
ANKRD20A4P	3	1
ANKRD22	3	0
ANKRD29	3	0
ANKRD30B	3	1
ANKRD46	3	0
ANKRD7	3	1
ANKS4B	3	0
ANP32B	3	1
ANXA3	3	0
ANXA5	3	0
AP4S1	3	0
APIP	3	0
APOA1	3	0
APOBEC3A	3	0
APOBEC3D	3	1
APOBEC3F	3	1
APOBEC3H	3	0
APOF	3	0
APOH	3	2
APOL2	3	1
APOL4	3	1
AQP3	3	1
ARF5	3	0
ARFIP2	3	0
ARGLU1	3	2
ARHGAP11B	3	0
ARHGAP40	3	0
ARHGAP42	3	1
ARID3A	3	0
ARIH1	3	2
ARL15	3	0
ARL16	3	0
ARL6IP5	3	0
ARMC1	3	1
ARMC12	3	0
ARMCX6	3	0
ARPC2	3	1
ARPC5	3	0
ARRDC5	3	0
AS3MT	3	0
ASCC1	3	1
ASF1A	3	0
ASF1B	3	0
ASL	3	2
ATAD3B	3	3
ATF4	3	2
ATG16L2	3	1
ATG3	3	1
ATL3	3	1
ATMIN	3	2
ATP5PB	3	0
ATP6V0B	3	1
ATP6V1B2	3	2
ATP6V1E1	3	0
ATP6V1G1	3	1
AUP1	3	2
AVL9	3	3
AZIN1	3	0
B3GNTL1	3	0
BAD	3	0
BARX1	3	0
BATF2	3	0
BBS5	3	1
BCAT2	3	1
BCDIN3D	3	2
BCL2A1	3	2
BCL2L15	3	0
BEND6	3	2
BEX5	3	0
BGLAP	3	0
BLID	3	1
BMI1	3	1
BMP8A	3	0
BNIP1	3	0
BNIP3L	3	1
BOLA1	3	0
BOLL	3	0
BORCS7	3	1
BRCC3	3	2
BTF3L4	3	0
BTG3	3	0
BUD13	3	0
C10orf67	3	1
C12orf54	3	1
C16orf87	3	2
C18orf54	3	2
C19orf53	3	0
C19orf54	3	0
C1QL1	3	0
C1QTNF12	3	0
C1orf131	3	1
C1orf146	3	0
C1orf194	3	1
C1orf21	3	0
C1orf50	3	0
C1orf52	3	1
C2	3	0
C22orf15	3	0
C2CD2L	3	0
C2orf49	3	2
C2orf69	3	1
C2orf88	3	1
C3orf33	3	2
C3orf62	3	0
C4orf17	3	0
C4orf46	3	0
C5orf15	3	1
C6orf201	3	0
C6orf89	3	2
C7orf61	3	1
C8G	3	0
C8orf33	3	0
C8orf58	3	1
C9orf152	3	0
C9orf40	3	0
C9orf50	3	0
CA1	3	0
CA10	3	3
CAAP1	3	1
CABCOCO1	3	0
CABLES2	3	1
CACYBP	3	1
CALB1	3	0
CALHM2	3	0
CALML3	3	1
CALML4	3	1
CAP1	3	1
CAPN13	3	1
CAPNS1	3	0
CARD16	3	0
CARD19	3	0
CARHSP1	3	0
CASP14	3	3
CASP9	3	0
CATSPERG	3	1
CBARP	3	0
CBFB	3	0
CBLC	3	0
CBR1	3	0
CBWD2	3	1
CBX2	3	2
CBX7	3	2
CCDC122	3	1
CCDC126	3	0
CCDC134	3	1
CCDC137	3	0
CCDC149	3	1
CCDC184	3	1
CCDC25	3	0
CCDC47	3	2
CCDC69	3	1
CCDC74A	3	0
CCDC83	3	3
CCL16	3	2
CCN2	3	0
CCNC	3	1
CCND1	3	0
CCNE2	3	3
CCNO	3	0
CCNY	3	2
CCR6	3	0
CCR9	3	3
CCT2	3	2
CD151	3	0
CD160	3	1
CD1C	3	1
CD209	3	1
CD226	3	1
CD247	3	1
CD300A	3	1
CD300C	3	2
CD300LB	3	2
CD300LD	3	0
CD36	3	2
CD5	3	2
CD53	3	3
CD69	3	3
CD74	3	0
CD80	3	2
CD86	3	1
CDC37L1	3	1
CDC42EP1	3	0
CDC42EP3	3	0
CDC6	3	2
CDCA7	3	1
CDHR4	3	1
CDK10	3	1
CDK15	3	2
CDK6	3	0
CDKAL1	3	0
CDKN1A	3	1
CEACAM3	3	3
CEACAM7	3	1
CEACAM8	3	1
CELA1	3	0
CELA2A	3	1
CELA3A	3	2
CENPA	3	0
CENPH	3	1
CENPO	3	3
CENPT	3	2
CENPW	3	0
CERS1	3	1
CERS2	3	1
CFAP126	3	1
CFAP36	3	3
CFAP410	3	0
CFDP1	3	3
CFHR1	3	1
CFI	3	1
CFLAR	3	1
CHCHD6	3	0
CHDH	3	4
CHIC1	3	0
CHMP2B	3	2
CHMP3	3	0
CHRNA10	3	1
CHRNA9	3	1
CHST7	3	0
CIBAR1	3	0
CIDEA	3	1
CITED2	3	0
CKB	3	1
CKLF	3	0
CKMT1B	3	0
CKS1B	3	1
CLBA1	3	0
CLCF1	3	0
CLDN19	3	0
CLDN4	3	0
CLDN6	3	0
CLDN7	3	0
CLDN9	3	0
CLEC2D	3	0
CLEC3B	3	0
CLEC4G	3	1
CLEC4M	3	0
CLEC6A	3	0
CLEC7A	3	3
CLEC9A	3	1
CLIC3	3	0
CLN6	3	0
CLRN1	3	4
CLRN2	3	2
CLVS2	3	2
CMC4	3	0
CMPK1	3	1
CMTM7	3	0
CMTM8	3	0
CNNM3	3	2
CNPY1	3	2
CNPY3	3	0
COA1	3	0
COA6	3	0
COCH	3	0
COLEC10	3	1
COMMD10	3	1
COMMD2	3	1
COPRS	3	0
COPS5	3	2
COPS7B	3	0
COQ3	3	0
COQ6	3	2
COX11	3	1
COX15	3	2
COX19	3	1
COX4I1	3	0
COX5A	3	0
COX6C	3	0
CPA4	3	1
CPLX1	3	0
CPLX2	3	0
CPN1	3	2
CPNE5	3	0
CPPED1	3	2
CPSF3	3	3
CPSF4	3	0
CRADD	3	3
CREB1	3	1
CRHR1	3	1
CRISP2	3	0
CRLF1	3	0
CRTAP	3	0
CRYBA1	3	0
CRYBB3	3	0
CSAG2	3	1
CSNK1A1	3	0
CSRP1	3	1
CST2	3	0
CST7	3	1
CTAG2	3	1
CTAGE15	3	2
CTAGE9	3	0
CTDSP2	3	1
CTDSPL2	3	2
CTH	3	1
CTNS	3	1
CTRB1	3	0
CTRC	3	1
CTSE	3	1
CTSG	3	0
CTSV	3	4
CTTN	3	1
CTXN3	3	1
CWC15	3	1
CXorf56	3	0
CYB5D1	3	1
CYBC1	3	0
CYP2B6	3	1
CYP2C9	3	2
CYP2J2	3	0
CYSLTR2	3	1
D2HGDH	3	0
DAPL1	3	0
DAZL	3	2
DBNDD2	3	0
DBX2	3	3
DCAF10	3	3
DCAF16	3	0
DCHS2	3	1
DCP1B	3	0
DCTD	3	0
DCTN3	3	0
DCTPP1	3	0
DCUN1D3	3	0
DCUN1D4	3	2
DDAH2	3	0
DDI2	3	0
DDO	3	2
DEFB106B	3	2
DEFB118	3	1
DEFB119	3	0
DEFB124	3	0
DGAT2L6	3	1
DGUOK	3	0
DHPS	3	0
DHRSX	3	1
DIMT1	3	0
DKKL1	3	4
DLX3	3	0
DMAC2	3	0
DMAC2L	3	0
DMC1	3	1
DMRTA2	3	0
DNAAF6	3	0
DNAH14	3	3
DNAJB6	3	1
DNAJC12	3	1
DNAJC17	3	0
DNAJC24	3	4
DNAJC25	3	3
DNAJC4	3	0
DNAJC9	3	4
DNAL4	3	1
DPEP1	3	1
DPH6	3	0
DPM1	3	1
DPP7	3	0
DPPA5	3	1
DPRX	3	1
DTD2	3	1
DTX1	3	1
DUOXA1	3	0
DUSP15	3	1
DUSP2	3	1
DUSP7	3	0
DYDC1	3	1
EAPP	3	2
EARS2	3	2
EBLN2	3	4
EEF1AKMT1	3	1
EEF1AKMT4	3	0
EEF1E1	3	0
EFCAB8	3	2
EFNA1	3	0
EFS	3	1
EGR4	3	0
EID1	3	2
EIF2B1	3	3
EIF2S2	3	1
EIF2S3	3	3
EIF3G	3	0
EIF4A3	3	0
EIF4E1B	3	0
EIF4E2	3	2
EIF4E3	3	0
EIF4EBP2	3	1
EIF5A2	3	1
ELMOD2	3	0
ELOB	3	0
ELOVL6	3	2
ELOVL7	3	0
EMG1	3	2
EMP3	3	0
ENHO	3	0
ENSA	3	1
ENY2	3	0
EOLA1	3	0
EPYC	3	3
ERAS	3	0
ERICH5	3	2
ERMAP	3	3
ESAM	3	1
ESPN	3	0
ESRRA	3	3
ETFRF1	3	0
ETNK2	3	1
ETS1	3	5
EXD2	3	1
EXOSC4	3	1
EXT2	3	1
F2RL3	3	0
F3	3	3
FAAH	3	0
FAAP24	3	1
FAM110A	3	0
FAM136A	3	0
FAM163A	3	1
FAM168A	3	1
FAM193B	3	0
FAM207A	3	1
FAM216B	3	1
FAM219A	3	1
FAM222A	3	0
FAM228A	3	1
FAM24A	3	0
FAM3B	3	0
FAM43A	3	0
FAM72A	3	0
FAM76B	3	0
FAM86B1	3	0
FANCD2OS	3	0
FANCF	3	1
FAXC	3	2
FAXDC2	3	1
FBP1	3	0
FBXL15	3	0
FBXO2	3	0
FBXO25	3	1
FBXO39	3	0
FBXO46	3	0
FBXW9	3	0
FCER1A	3	2
FCER2	3	3
FCGR2B	3	0
FEM1C	3	0
FGB	3	2
FGF16	3	1
FGF18	3	1
FGF8	3	2
FGL2	3	0
FGR	3	0
FHIT	3	1
FHL2	3	1
FIBP	3	1
FICD	3	0
FJX1	3	0
FKBP11	3	3
FKBP14	3	3
FKBP4	3	2
FLACC1	3	1
FLVCR1	3	1
FN3KRP	3	0
FOSL2	3	1
FOXA1	3	1
FOXA3	3	0
FOXC1	3	0
FOXC2	3	2
FOXD2	3	1
FOXD4L3	3	0
FOXE3	3	0
FOXF1	3	1
FOXI2	3	0
FRA10AC1	3	3
FRMD8	3	0
FRS2	3	3
FST	3	2
FUNDC2	3	1
FUOM	3	0
FUS	3	1
FUT6	3	1
FXN	3	0
FYTTD1	3	1
GABARAPL1	3	0
GABRP	3	2
GAL3ST3	3	1
GALE	3	1
GALK1	3	0
GALNT8	3	1
GAPDHS	3	1
GBA	3	1
GBX1	3	1
GCH1	3	1
GCLM	3	2
GCSAML	3	1
GDF1	3	1
GDI1	3	1
GEMIN7	3	0
GET4	3	1
GFI1	3	2
GGCT	3	2
GGT6	3	0
GGTLC1	3	0
GIMAP2	3	1
GIPC2	3	3
GJB4	3	2
GJB6	3	1
GJB7	3	2
GJC2	3	0
GLIPR1L2	3	0
GLRX2	3	1
GLT8D2	3	2
GNA13	3	0
GNG11	3	3
GNG7	3	0
GNPDA1	3	0
GNPDA2	3	0
GNPNAT1	3	0
GOSR2	3	1
GPAT2	3	2
GPATCH3	3	1
GPD1	3	0
GPHB5	3	0
GPI	3	2
GPKOW	3	2
GPR135	3	0
GPR148	3	1
GPR17	3	2
GPR18	3	2
GPR21	3	1
GPR27	3	0
GPR35	3	0
GPR39	3	1
GPR65	3	1
GPR89B	3	2
GPRC5D	3	0
GPT2	3	2
GPX4	3	0
GRAMD2A	3	1
GRB14	3	2
GRINA	3	1
GRK1	3	1
GRK7	3	3
GRP	3	0
GRPEL1	3	0
GRXCR2	3	1
GSTA4	3	1
GSTT2B	3	0
GTF3A	3	1
GTF3C4	3	3
GTSE1	3	1
GTSF1L	3	0
GUCA1A	3	1
GUCA2B	3	1
GYPE	3	2
H1-6	3	0
H1-7	3	1
H2AB1	3	1
H2AC13	3	0
H2AC4	3	0
H2AX	3	0
H2BC1	3	1
H2BC12	3	0
H2BC13	3	1
H2BC3	3	3
H2BC7	3	0
H2BC8	3	2
H2BW1	3	1
H3C13	3	0
H4C11	3	0
H4C5	3	0
H4C6	3	0
H4C9	3	1
HAAO	3	0
HABP4	3	1
HACD1	3	1
HACD2	3	1
HAND1	3	1
HAO2	3	3
HAPLN2	3	0
HARBI1	3	0
HBD	3	1
HCRTR1	3	0
HDAC10	3	1
HDHD2	3	0
HEMK1	3	0
HES1	3	0
HEXA	3	0
HEXIM1	3	0
HHATL	3	5
HHIPL1	3	0
HHLA1	3	1
HIBCH	3	2
HIF1AN	3	3
HIGD1B	3	0
HINT2	3	0
HLA-DOA	3	3
HLA-DQB1	3	3
HMCES	3	1
HMG20B	3	0
HMGB2	3	1
HMGXB3	3	0
HMSD	3	0
HOATZ	3	0
HOMER1	3	2
HOXB13	3	3
HOXB4	3	1
HOXC5	3	0
HPCAL1	3	1
HPD	3	3
HPDL	3	0
HRH1	3	2
HS3ST1	3	1
HSD11B2	3	0
HSD17B1	3	0
HSD17B12	3	0
HSD17B3	3	3
HSDL1	3	0
HSPA1B	3	0
HSPB11	3	0
HSPB8	3	4
HTATIP2	3	1
HTR1D	3	0
HUS1	3	0
HUS1B	3	0
HYAL3	3	0
HYLS1	3	1
ICAM2	3	1
ICAM4	3	1
IDUA	3	0
IFI27L2	3	3
IFI30	3	0
IFITM1	3	0
IFITM5	3	0
IFNA17	3	1
IFNA2	3	2
IFNA7	3	0
IFNB1	3	1
IFT22	3	0
IFT43	3	1
IFT52	3	0
IGFBP2	3	1
IGFBP7	3	0
IGFLR1	3	2
IGHV1-58	3	1
IGHV1OR15-9	3	1
IGHV2-5	3	0
IGHV2-70	3	3
IGHV3-15	3	0
IGHV3-21	3	1
IGHV3-38	3	0
IGHV3-53	3	0
IGHV4-31	3	1
IGKV1D-13	3	1
IGKV1D-16	3	1
IGKV1D-43	3	0
IGKV2D-28	3	0
IGKV3D-11	3	0
IGKV6D-41	3	1
IGLV1-50	3	1
IGLV2-18	3	0
IGLV3-9	3	1
IGLV5-45	3	0
IL10RA	3	2
IL17F	3	0
IL1A	3	0
IL2	3	1
IL20RB	3	0
IL22	3	0
IL22RA1	3	0
IL25	3	1
IL2RA	3	0
IL37	3	1
ILKAP	3	2
IMPDH1	3	1
INHBE	3	1
INKA1	3	0
INSIG1	3	0
INSIG2	3	1
INSL3	3	0
INSYN2B	3	1
INTS12	3	0
IPP	3	4
IQCD	3	1
IRAK1BP1	3	0
IRF3	3	2
IRF9	3	0
ISCA1	3	0
ISCA2	3	1
IST1	3	1
ITFG1	3	2
ITFG2	3	1
ITGB1BP2	3	1
ITLN1	3	0
ITM2C	3	2
IVD	3	0
IZUMO1R	3	0
JAM2	3	1
JCHAIN	3	4
JOSD1	3	0
JUN	3	1
KANK3	3	2
KCNE1	3	0
KCNIP3	3	0
KCNJ11	3	2
KCNJ6	3	5
KCNK15	3	1
KCNMB3	3	2
KCTD2	3	1
KCTD4	3	3
KCTD6	3	2
KDM1A	3	4
KDSR	3	1
KHDC1	3	1
KHDC4	3	4
KIAA0513	3	1
KIAA1671	3	1
KIR2DL3	3	1
KIR2DS4	3	1
KITLG	3	0
KLF10	3	1
KLF11	3	2
KLF2	3	0
KLF6	3	2
KLF9	3	1
KLHDC2	3	4
KLHL12	3	1
KLHL2	3	3
KLHL21	3	0
KLHL29	3	1
KLK5	3	0
KLRC3	3	1
KLRC4	3	1
KPNA7	3	0
KRBOX4	3	1
KREMEN2	3	0
KRT19	3	1
KRT24	3	3
KRT26	3	2
KRT8	3	1
KRT86	3	0
KRTAP10-10	3	0
KRTAP10-2	3	0
KRTAP10-5	3	0
KRTAP10-8	3	1
KRTAP12-3	3	0
KRTAP13-2	3	1
KRTAP19-1	3	0
KRTAP20-1	3	1
KRTAP26-1	3	0
KRTAP3-1	3	0
KRTAP4-1	3	0
KRTAP4-12	3	0
KRTAP4-2	3	0
KRTAP5-1	3	0
KRTAP5-10	3	1
KXD1	3	0
KY	3	0
L2HGDH	3	1
LAGE3	3	1
LAIR2	3	0
LAMP5	3	3
LAMTOR1	3	0
LANCL3	3	0
LAPTM4A	3	0
LARS2	3	1
LBX1	3	1
LCE2C	3	0
LCE2D	3	0
LCE3D	3	2
LCMT1	3	1
LCN9	3	0
LDHD	3	0
LDLRAD2	3	1
LDLRAD4	3	1
LEFTY1	3	0
LELP1	3	0
LENG9	3	1
LGALS3	3	0
LHB	3	0
LHX3	3	0
LILRB4	3	1
LIM2	3	0
LINC02210-CRHR1	3	1
LIPK	3	2
LIPN	3	0
LLCFC1	3	0
LMAN1L	3	1
LMNB2	3	1
LMNTD2	3	0
LMO3	3	0
LOXHD1	3	2
LPGAT1	3	3
LRIT3	3	1
LRP11	3	0
LRP8	3	5
LRRC19	3	2
LRRC2	3	1
LRRC34	3	0
LRRC59	3	2
LRSAM1	3	0
LRTM2	3	1
LSMEM1	3	0
LSMEM2	3	0
LTA4H	3	0
LTB4R2	3	0
LUC7L	3	0
LY6G6C	3	0
LY86	3	0
LYG2	3	0
LYNX1	3	0
LYPD2	3	0
LYPD3	3	1
LYPD4	3	2
LYSMD1	3	1
LYSMD3	3	3
LYSMD4	3	0
MAB21L4	3	0
MAD2L1BP	3	1
MAD2L2	3	0
MAFK	3	0
MAGEA4	3	0
MAGEB10	3	2
MAGEB18	3	1
MAGEB5	3	0
MAK16	3	2
MAMDC4	3	1
MANSC1	3	1
MAOA	3	1
MAP3K8	3	2
MAPK1	3	1
MAPK13	3	0
MAPKAPK3	3	0
MAPRE1	3	0
MARCHF1	3	1
MARCHF2	3	0
MBL2	3	1
MBLAC2	3	0
MC2R	3	1
MCAT	3	1
MCCD1	3	1
MCM3	3	2
MEAF6	3	0
MECR	3	1
MED31	3	1
MED7	3	1
MEF2D	3	2
MEIOB	3	1
METAP1	3	0
METTL17	3	0
METTL18	3	1
METTL21A	3	2
METTL2A	3	1
METTL2B	3	2
METTL4	3	0
METTL9	3	1
MEX3D	3	2
MFAP3	3	1
MGARP	3	1
MIER1	3	2
MIS18A	3	0
MITD1	3	0
MKKS	3	2
MKNK1	3	1
MLYCD	3	1
MMACHC	3	1
MMGT1	3	0
MOB3B	3	0
MORF4L1	3	1
MOSPD2	3	3
MPND	3	0
MRGPRD	3	1
MRGPRE	3	1
MRGPRF	3	0
MRPL15	3	1
MRPL18	3	0
MRPL48	3	0
MRPL50	3	0
MRPS10	3	1
MRPS12	3	0
MRPS5	3	1
MRS2	3	1
MS4A12	3	0
MS4A2	3	3
MSANTD2	3	0
MSANTD3	3	0
MSL1	3	0
MTX2	3	0
MUC1	3	1
MUC19	3	1
MUC7	3	0
MXD1	3	3
MXI1	3	2
MYBPHL	3	0
MYL4	3	1
N4BP2L1	3	3
N6AMT1	3	0
NACA	3	1
NACA2	3	0
NAMPT	3	1
NAP1L4	3	3
NAT8	3	1
NBPF9	3	1
NCBP2	3	1
NCBP3	3	0
NCCRP1	3	0
NCF1	3	2
NCS1	3	1
NDEL1	3	2
NDFIP1	3	2
NDRG4	3	1
NDUFA12	3	1
NDUFAF2	3	0
NDUFB11	3	0
NDUFB3	3	0
NDUFB8	3	1
NDUFV2	3	0
NEGR1	3	0
NEURL2	3	0
NEUROG2	3	0
NFKBIA	3	0
NFU1	3	1
NFYB	3	1
NGDN	3	1
NGF	3	1
NGRN	3	3
NHEJ1	3	2
NHLH2	3	1
NICN1	3	1
NIP7	3	1
NIPA1	3	1
NIT2	3	2
NKIRAS2	3	0
NKX2-3	3	1
NME6	3	1
NMI	3	1
NMRK1	3	0
NMS	3	0
NMU	3	0
NOA1	3	1
NOB1	3	2
NOL10	3	1
NOL11	3	2
NOVA2	3	3
NPM2	3	0
NPPA	3	2
NPPB	3	2
NPTN	3	2
NPTX1	3	2
NPTXR	3	1
NPY4R	3	3
NQO1	3	0
NR2F6	3	1
NRARP	3	0
NREP	3	0
NRG4	3	0
NRL	3	0
NRM	3	0
NRSN1	3	1
NSA2	3	0
NSG1	3	0
NSMCE4A	3	0
NT5DC2	3	0
NT5M	3	0
NTPCR	3	0
NTS	3	2
NUDT15	3	2
NUDT17	3	2
NUDT19	3	0
NUDT3	3	0
NUDT6	3	2
OAS1	3	2
OAT	3	2
OCM	3	0
ODAM	3	1
ODC1	3	2
ODF3L1	3	1
ODF4	3	1
OGFOD1	3	1
OLFM2	3	2
OLR1	3	2
OMP	3	1
OPTC	3	2
OR10A5	3	1
OR10G2	3	1
OR10G8	3	2
OR10H3	3	1
OR10K2	3	1
OR10V1	3	0
OR1K1	3	2
OR1N2	3	1
OR1S1	3	2
OR2A42	3	0
OR2A7	3	5
OR2AG2	3	1
OR2B3	3	1
OR2D3	3	2
OR2L5	3	0
OR2V2	3	0
OR4B1	3	1
OR4F15	3	3
OR4F6	3	0
OR4L1	3	3
OR4N5	3	2
OR51D1	3	0
OR52A1	3	2
OR52E2	3	4
OR52E6	3	2
OR52I1	3	2
OR5A1	3	1
OR5B21	3	2
OR5K1	3	1
OR5M10	3	3
OR5M11	3	0
OR5T1	3	2
OR6A2	3	2
OR6C6	3	4
OR7D4	3	1
OR7G3	3	0
OR8B2	3	1
OR8B8	3	1
OR8D1	3	2
OR8J3	3	2
OR8U1	3	4
OR9A2	3	1
OR9I1	3	0
ORAI3	3	0
ORC6	3	0
OSCAR	3	0
OSER1	3	2
OTOR	3	0
OTUB2	3	1
OTUD3	3	2
OTULINL	3	0
OVOL1	3	1
OXGR1	3	1
OXT	3	0
P2RX5	3	1
P2RY1	3	3
P4HTM	3	2
PAAF1	3	1
PAGE1	3	0
PAK1IP1	3	0
PANK2	3	1
PANX3	3	1
PAQR3	3	2
PAQR6	3	1
PAQR7	3	0
PARD6B	3	2
PATE2	3	0
PAWR	3	3
PBK	3	1
PBLD	3	0
PBX4	3	1
PCMT1	3	2
PCNA	3	2
PCP2	3	0
PCTP	3	1
PCYT2	3	1
PDE6D	3	0
PDGFC	3	3
PDGFRL	3	0
PDHB	3	0
PDLIM4	3	0
PDPN	3	1
PDRG1	3	1
PDSS2	3	1
PDX1	3	0
PDXK	3	0
PDZD11	3	0
PEAK3	3	1
PEF1	3	1
PEG10	3	3
PEMT	3	1
PEX10	3	0
PEX3	3	4
PF4	3	0
PFDN1	3	1
PFN2	3	1
PFN4	3	0
PGA5	3	1
PGAM2	3	0
PGAM4	3	1
PGAM5	3	2
PGBD2	3	1
PGK1	3	3
PHF11	3	0
PHOSPHO1	3	0
PICK1	3	0
PIGP	3	1
PIGU	3	2
PIGV	3	1
PIGZ	3	0
PILRA	3	2
PINX1	3	1
PIP	3	2
PIP4K2C	3	0
PIP4P1	3	1
PIP5K1B	3	2
PITPNB	3	2
PJVK	3	0
PLA2G1B	3	1
PLAUR	3	2
PLBD1	3	2
PLIN1	3	3
PLIN2	3	2
PLP2	3	0
PLPBP	3	0
PLPP5	3	0
PLPP7	3	2
PLPPR2	3	0
PLPPR3	3	0
PMF1	3	0
PMM1	3	2
PMP2	3	1
PNKD	3	0
PNPO	3	0
POC5	3	3
POLA2	3	1
POLR2D	3	0
POLR2H	3	2
POLR3F	3	1
POLR3GL	3	0
POLR3H	3	0
POM121L2	3	1
POMC	3	0
POP4	3	0
POPDC3	3	3
POTEJ	3	2
POU2AF1	3	1
POU4F1	3	0
PPA1	3	0
PPBP	3	0
PPIAL4A	3	1
PPIB	3	0
PPIL1	3	0
PPIL6	3	1
PPM1F	3	1
PPM1J	3	1
PPP1CA	3	0
PPP1R17	3	3
PPP1R3D	3	0
PPP3R1	3	3
PQBP1	3	0
PRAMEF10	3	4
PRAMEF15	3	2
PRAMEF5	3	2
PRDM12	3	0
PRELID3A	3	0
PRIMA1	3	0
PRKACB	3	0
PRKAR1A	3	4
PRMT1	3	0
PROK1	3	0
PRPF39	3	1
PRPH	3	1
PRPSAP2	3	0
PRR15L	3	1
PRRT1	3	1
PRSS16	3	3
PRSS21	3	0
PRSS48	3	2
PRSS58	3	2
PRUNE1	3	1
PSCA	3	0
PSG11	3	2
PSMA4	3	1
PSMA5	3	1
PSMA7	3	1
PSMB11	3	1
PSMB2	3	1
PSMB3	3	1
PSMB5	3	0
PSMD13	3	0
PSMD14	3	2
PSMD7	3	1
PSME3IP1	3	0
PTCRA	3	1
PTGDS	3	0
PTGES2	3	0
PTGR1	3	2
PTGR2	3	2
PTK6	3	1
PTPA	3	0
PTPN20	3	2
PTPRQ	3	1
PTTG1IP	3	0
PUDP	3	0
PURA	3	0
PXYLP1	3	2
QPCT	3	1
R3HDML	3	0
RAB11A	3	2
RAB11FIP3	3	0
RAB14	3	1
RAB1A	3	0
RAB1B	3	0
RAB22A	3	0
RAB23	3	2
RAB26	3	0
RAB31	3	1
RAB3A	3	0
RAB40B	3	1
RAB5C	3	0
RABEPK	3	0
RAC3	3	1
RACGAP1	3	0
RACK1	3	0
RAD51D	3	1
RAD52	3	1
RAET1E	3	0
RAET1L	3	0
RALB	3	3
RANBP1	3	1
RAP1GAP	3	2
RAPSN	3	0
RASA4	3	0
RASD1	3	1
RASGEF1C	3	2
RASL11B	3	0
RASL12	3	1
RASSF8	3	1
RBAK-RBAKDN	3	1
RBBP4	3	0
RBBP9	3	0
RBIS	3	0
RBM11	3	2
RBM18	3	0
RBM20	3	0
RBM7	3	2
RBMXL3	3	1
RBP4	3	0
RCN2	3	1
RDH10	3	1
REC114	3	2
REEP3	3	2
RENBP	3	1
REPIN1	3	0
RER1	3	1
RETN	3	0
RFFL	3	2
RFLNB	3	0
RFXAP	3	0
RGPD2	3	0
RGPD3	3	2
RGPD4	3	2
RGS16	3	0
RGS5	3	2
RGS9BP	3	0
RHBDD1	3	2
RHBDD2	3	0
RHEX	3	1
RHNO1	3	0
RHO	3	1
RHOU	3	0
RHOXF1	3	0
RIBC1	3	1
RIBC2	3	5
RIC8A	3	2
RILPL2	3	0
RIMKLA	3	0
RIOX1	3	1
RIPPLY2	3	0
RMDN3	3	0
RMND5A	3	0
RNASE3	3	3
RNASE4	3	2
RNASEH2B	3	2
RNASET2	3	1
RNF121	3	0
RNF144A	3	1
RNF157	3	1
RNF170	3	0
RNF182	3	1
RNF2	3	2
RNPEP	3	1
ROM1	3	1
ROPN1	3	0
ROPN1L	3	0
RPF2	3	3
RPL10A	3	1
RPL14	3	0
RPL31	3	0
RPL32	3	0
RPL7L1	3	0
RPP25L	3	0
RPS11	3	0
RPS2	3	2
RPS24	3	1
RPS6KL1	3	1
RPSA	3	0
RRAGC	3	1
RRAS	3	0
RRP7A	3	0
RSPH9	3	3
RTL8C	3	0
RTN2	3	2
RTN4IP1	3	1
RTRAF	3	1
RUNDC1	3	0
RYBP	3	0
S100A2	3	0
S100G	3	0
S1PR2	3	1
S1PR3	3	4
SAA2-SAA4	3	2
SAC3D1	3	0
SACM1L	3	2
SAMD8	3	0
SAP30L	3	0
SAPCD2	3	0
SARS2	3	0
SART1	3	1
SCAMP3	3	0
SCD5	3	1
SCMH1	3	1
SCN1B	3	1
SCN4B	3	0
SCO2	3	0
SCRT1	3	1
SDE2	3	1
SDHAF2	3	1
SDHAF3	3	0
SEC14L2	3	0
SEC23B	3	1
SEC61B	3	0
SEC62	3	1
SECTM1	3	0
SELENOI	3	2
SELENOV	3	0
SEMA7A	3	3
SEPTIN1	3	0
SERBP1	3	4
SERPINA3	3	1
SERPINB6	3	2
SERTAD3	3	0
SF3A3	3	1
SFRP1	3	3
SFT2D2	3	0
SFTPA1	3	1
SFTPA2	3	1
SFTPC	3	0
SFXN4	3	1
SGSH	3	2
SGSM2	3	3
SGTB	3	1
SH2D2A	3	1
SH2D4A	3	3
SH2D4B	3	1
SH3BGRL2	3	0
SHISA2	3	0
SHISA4	3	0
SHROOM1	3	1
SIGLECL1	3	4
SIGMAR1	3	0
SIM2	3	0
SIRPG	3	1
SIRT2	3	1
SIRT6	3	0
SKI	3	1
SKP2	3	1
SLAMF8	3	1
SLC10A1	3	1
SLC10A7	3	0
SLC16A2	3	3
SLC22A18	3	0
SLC22A25	3	2
SLC25A1	3	0
SLC25A22	3	0
SLC25A26	3	1
SLC25A40	3	4
SLC25A45	3	0
SLC2A12	3	1
SLC30A5	3	1
SLC30A7	3	1
SLC33A1	3	1
SLC35A2	3	1
SLC35B4	3	0
SLC35E4	3	0
SLC39A2	3	1
SLC39A9	3	0
SLC49A4	3	2
SLC51A	3	2
SLC7A6	3	0
SLFN12L	3	1
SLFN14	3	2
SLPI	3	1
SMAD6	3	0
SMAP1	3	1
SMG9	3	0
SMIM21	3	1
SMS	3	0
SMTNL2	3	0
SMURF2	3	2
SNAP25	3	1
SNAPC2	3	2
SNRNP27	3	0
SNU13	3	1
SNX12	3	0
SNX16	3	3
SNX4	3	0
SORBS3	3	0
SOWAHB	3	3
SOX1	3	0
SOX30	3	3
SOX4	3	0
SOX8	3	0
SP5	3	1
SPA17	3	0
SPACA4	3	0
SPATA25	3	0
SPATA4	3	3
SPATA6	3	2
SPATA7	3	1
SPC25	3	0
SPCS3	3	0
SPDYC	3	0
SPHK1	3	0
SPIC	3	0
SPIN2B	3	0
SPO11	3	2
SPPL3	3	0
SPRING1	3	0
SPRY2	3	0
SRP54	3	2
SRRD	3	0
SSBP1	3	0
SST	3	0
SSU72	3	0
SSU72P8	3	2
ST13	3	1
STAP1	3	1
STAR	3	0
STARD3NL	3	1
STK17B	3	0
STMN3	3	0
STN1	3	0
STOM	3	2
STOML2	3	1
STPG1	3	3
STX6	3	0
SUCLG1	3	1
SUCLG2	3	0
SUFU	3	0
SULT1A2	3	0
SUPV3L1	3	1
SYCP3	3	0
SYT15	3	0
TAC1	3	0
TAC4	3	0
TACSTD2	3	0
TAF7	3	2
TAF9B	3	2
TAGLN	3	2
TAPBPL	3	1
TAS2R16	3	2
TAS2R3	3	1
TAS2R43	3	1
TAS2R46	3	1
TAS2R60	3	3
TATDN3	3	1
TBC1D21	3	0
TBC1D28	3	0
TBCE	3	1
TBPL1	3	1
TBPL2	3	0
TBRG1	3	0
TBX21	3	2
TCEA3	3	0
TCEAL5	3	0
TCEAL9	3	1
TCF21	3	0
TCL1A	3	0
TCN1	3	3
TCP11L2	3	2
TDP1	3	0
TDP2	3	2
TDRD12	3	0
TECR	3	1
TECTB	3	2
TEDC2	3	0
TENT5C	3	0
TERB2	3	1
TERF2	3	4
TERF2IP	3	2
TEX26	3	0
TEX35	3	1
TEX43	3	0
TEX44	3	1
TEX55	3	2
TFAM	3	1
TGIF2	3	0
TGOLN2	3	1
THAP10	3	1
THAP11	3	0
THAP8	3	1
THOC6	3	0
THOC7	3	0
THTPA	3	0
THUMPD1	3	2
THUMPD3	3	2
TIAF1	3	0
TIFAB	3	0
TIMP2	3	0
TIRAP	3	1
TJAP1	3	2
TLCD4	3	0
TM4SF20	3	0
TM7SF2	3	0
TMBIM6	3	0
TMCO1	3	2
TMED10	3	2
TMED2	3	1
TMED5	3	1
TMEM101	3	0
TMEM106B	3	2
TMEM106C	3	1
TMEM138	3	0
TMEM141	3	0
TMEM143	3	0
TMEM150A	3	0
TMEM151A	3	2
TMEM174	3	1
TMEM179B	3	0
TMEM18	3	1
TMEM182	3	1
TMEM184B	3	0
TMEM196	3	1
TMEM200B	3	0
TMEM201	3	0
TMEM202	3	1
TMEM205	3	0
TMEM207	3	0
TMEM216	3	1
TMEM218	3	0
TMEM219	3	0
TMEM222	3	0
TMEM229B	3	1
TMEM236	3	1
TMEM248	3	3
TMEM255B	3	2
TMEM267	3	3
TMEM39B	3	0
TMEM50A	3	1
TMEM86A	3	1
TMUB2	3	0
TMX1	3	0
TMX2	3	1
TMX4	3	0
TNFAIP6	3	4
TNFRSF17	3	1
TNFRSF18	3	0
TNFRSF25	3	0
TNFSF18	3	3
TNFSF8	3	1
TNIP2	3	2
TNNC2	3	0
TOB2	3	0
TOM1	3	0
TOMM22	3	1
TOMM40L	3	0
TOPAZ1	3	2
TOR2A	3	1
TOR3A	3	2
TOR4A	3	1
TP53I3	3	2
TPI1	3	0
TPRA1	3	0
TRA2B	3	4
TRADD	3	0
TRAF4	3	0
TRAM2	3	1
TRAPPC13	3	1
TRAPPC2	3	1
TRAPPC3	3	1
TRAPPC5	3	0
TRDMT1	3	3
TREML2	3	0
TRIB3	3	2
TRIM11	3	0
TRIM16L	3	0
TRIM21	3	2
TRIM28	3	2
TRIM38	3	2
TRIM44	3	2
TRIM5	3	0
TRIM77	3	2
TRMT11	3	2
TRMT2A	3	1
TSEN15	3	3
TSEN34	3	0
TSPAN33	3	0
TSPAN6	3	1
TSPAN9	3	1
TSPYL1	3	1
TSSC4	3	0
TSSK3	3	2
TST	3	0
TTC23	3	1
TTC28	3	1
TTC33	3	1
TTC5	3	1
TTL	3	3
TUBB	3	1
TUBB1	3	2
TUBB6	3	1
TVP23B	3	0
TWF2	3	0
TWIST1	3	1
TWSG1	3	2
TXNDC17	3	0
TXNDC5	3	1
TXNL4A	3	0
UBA52	3	0
UBAP1	3	0
UBB	3	2
UBC	3	0
UBE2B	3	0
UBE2E1	3	0
UBE2G1	3	0
UBE2G2	3	0
UBE2I	3	1
UBE2T	3	0
UBTD2	3	0
UBXN10	3	0
UBXN2A	3	0
UBXN2B	3	2
UCK2	3	0
UCN2	3	0
UCP3	3	0
UFC1	3	0
UGT2A2	3	1
UHMK1	3	2
UIMC1	3	2
UPK3A	3	1
UPP2	3	3
URB1	3	1
UROD	3	1
USP14	3	0
USP18	3	2
UTP15	3	3
UTS2B	3	0
VAMP7	3	1
VASH2	3	1
VBP1	3	2
VCPKMT	3	1
VCX3B	3	0
VDAC3	3	0
VDR	3	1
VIM	3	1
VKORC1L1	3	1
VPS26B	3	0
VPS37A	3	0
VRK3	3	1
VSIG10L	3	1
VTA1	3	0
WBP2	3	1
WDR18	3	0
WDR25	3	1
WDR38	3	0
WDR76	3	2
WDR89	3	1
WFDC8	3	1
WNT5B	3	0
WNT8A	3	1
WNT9B	3	3
WTIP	3	2
WWTR1	3	2
YAP1	3	1
YIF1B	3	1
YIPF5	3	1
YIPF6	3	0
YOD1	3	0
YWHAQ	3	1
ZBED6CL	3	2
ZBTB17	3	1
ZBTB3	3	1
ZBTB43	3	1
ZBTB47	3	0
ZBTB8A	3	2
ZDHHC12	3	0
ZDHHC13	3	2
ZDHHC19	3	1
ZDHHC21	3	3
ZDHHC23	3	1
ZDHHC6	3	1
ZFAND3	3	1
ZFAND5	3	1
ZFP1	3	0
ZFP36	3	1
ZFP62	3	0
ZFYVE21	3	0
ZIC5	3	0
ZKSCAN1	3	1
ZNF143	3	2
ZNF146	3	1
ZNF239	3	2
ZNF250	3	0
ZNF260	3	2
ZNF263	3	4
ZNF280D	3	2
ZNF343	3	0
ZNF396	3	3
ZNF397	3	2
ZNF428	3	1
ZNF468	3	2
ZNF474	3	2
ZNF500	3	3
ZNF558	3	1
ZNF641	3	0
ZNF703	3	1
ZNF732	3	2
ZNF774	3	1
ZNF799	3	2
ZNF830	3	2
ZNF841	3	1
ZNHIT3	3	0
ZNRF1	3	0
ZPR1	3	2
ZRSR2	3	0
ZSCAN10	3	2
ZSCAN16	3	2
ZSCAN30	3	3
ZYG11A	3	2
AAMDC	2	0
ABHD11	2	0
ABHD12B	2	0
ABHD16B	2	0
ABHD3	2	2
ABRACL	2	0
AC004832.3	2	0
AC005833.1	2	0
AC093525.2	2	0
AC104452.1	2	0
AC245033.1	2	0
ACBD6	2	3
ACBD7	2	1
ACER3	2	1
ACOD1	2	0
ACOT1	2	0
ACOT6	2	3
ACSM6	2	0
ACTA2	2	1
ACTL10	2	0
ACTR2	2	3
ACYP2	2	0
ADAM20	2	2
ADAT2	2	1
ADI1	2	1
ADIPOR1	2	0
AEN	2	0
AGPAT2	2	1
AHSA1	2	0
AIG1	2	0
AIMP1	2	0
AK8	2	2
AKAP14	2	1
AKR1C2	2	1
AL035460.1	2	0
AL035461.3	2	0
AL358113.1	2	0
AL669918.1	2	0
ALG9	2	3
ALKAL1	2	1
ALKBH2	2	0
ALKBH3	2	0
ALOX5AP	2	0
ALYREF	2	1
AMELX	2	0
AMN	2	1
AMT	2	0
ANGEL2	2	3
ANGPTL8	2	0
ANKRD18B	2	2
ANKRD23	2	1
ANKRD34C	2	1
ANKRD39	2	0
ANKRD42	2	2
ANKRD9	2	0
ANKS3	2	0
ANP32D	2	3
ANP32E	2	1
AP000311.1	2	0
AP000721.1	2	0
AP000812.4	2	0
AP001781.2	2	0
AP1AR	2	1
AP1S2	2	2
AP3S1	2	1
AP5M1	2	3
APOA2	2	0
APOC4	2	0
APOL1	2	2
APOLD1	2	0
AQP11	2	0
AQP12A	2	0
AQP12B	2	0
AQP5	2	0
AREG	2	1
ARG1	2	0
ARGFX	2	1
ARHGDIA	2	0
ARHGEF38	2	0
ARL2	2	1
ARL4A	2	1
ARL4D	2	0
ARL8A	2	0
ARL9	2	0
ARMC10	2	1
ARMC6	2	1
ARMH1	2	1
ARMS2	2	0
ARPC3	2	0
ARPIN	2	1
ARRDC4	2	1
ART4	2	4
ASB1	2	2
ASB10	2	0
ASB12	2	5
ASCL1	2	0
ASGR2	2	1
ASIP	2	0
ASNS	2	2
ASRGL1	2	0
ATG12	2	0
ATL2	2	1
ATP5MC2	2	0
ATP5MD	2	0
ATP5MF	2	0
ATP5PO	2	0
ATP6V0E2	2	0
ATP6V1D	2	0
ATP6V1G2	2	1
ATP6V1G3	2	2
ATPAF1	2	1
ATRAID	2	1
AURKA	2	1
AZI2	2	0
B3GAT3	2	1
B4GALT4	2	0
B9D1	2	0
BAALC	2	2
BANF1	2	1
BANF2	2	0
BARX2	2	0
BATF	2	1
BCAS4	2	0
BCL2L10	2	0
BCL2L12	2	1
BCL2L2-PABPN1	2	0
BCL7A	2	1
BDH1	2	1
BDH2	2	0
BEX3	2	2
BHLHA15	2	0
BHLHE23	2	0
BID	2	0
BIRC5	2	0
BIRC7	2	0
BLNK	2	1
BLOC1S5	2	0
BLVRB	2	0
BNIP3	2	0
BOK	2	0
BORCS6	2	1
BPIFA2	2	2
BSPRY	2	0
BTBD17	2	1
BTBD6	2	0
BTC	2	0
BTF3	2	0
BTLA	2	1
BTNL2	2	2
BUD23	2	0
BVES	2	5
BYSL	2	2
BZW2	2	1
C10orf53	2	0
C11orf16	2	3
C11orf71	2	0
C12orf43	2	2
C12orf45	2	0
C12orf60	2	1
C12orf71	2	0
C16orf54	2	0
C16orf78	2	1
C16orf82	2	0
C16orf86	2	1
C17orf100	2	0
C17orf49	2	0
C17orf67	2	0
C19orf12	2	0
C19orf73	2	0
C1QB	2	0
C1QL3	2	0
C1QL4	2	0
C1QTNF9	2	0
C1orf105	2	0
C1orf158	2	0
C1orf162	2	0
C1orf210	2	0
C1orf226	2	2
C1orf35	2	0
C20orf141	2	0
C20orf27	2	0
C22orf31	2	2
C22orf42	2	1
C2orf74	2	0
C2orf76	2	1
C3orf18	2	1
C3orf22	2	0
C4orf19	2	0
C5orf24	2	0
C5orf38	2	2
C5orf51	2	0
C6orf62	2	3
C8orf37	2	1
C8orf76	2	0
C9orf85	2	0
CA11	2	0
CA5A	2	2
CA5B	2	1
CAB39	2	1
CACFD1	2	0
CALCA	2	0
CALM2	2	0
CAMP	2	1
CAPN1	2	1
CAPS	2	0
CARTPT	2	0
CASC3	2	2
CASP3	2	1
CASTOR1	2	0
CBR4	2	2
CBWD5	2	0
CBX5	2	3
CCDC115	2	1
CCDC153	2	1
CCDC188	2	0
CCHCR1	2	2
CCL1	2	0
CCL2	2	1
CCL22	2	1
CCL24	2	0
CCL26	2	0
CCL27	2	1
CCL28	2	0
CCL3L3	2	0
CCL4	2	1
CCN1	2	0
CCND3	2	0
CCNG2	2	0
CCT8	2	0
CD164	2	0
CD1A	2	0
CD300E	2	2
CD300LF	2	0
CD3G	2	1
CD52	2	0
CD99	2	0
CDC123	2	1
CDC20	2	0
CDC26	2	1
CDC42	2	2
CDCA3	2	2
CDCP2	2	1
CDIN1	2	1
CDIP1	2	0
CDK2AP1	2	0
CDK4	2	1
CDKL1	2	3
CDKN2C	2	0
CDPF1	2	0
CDRT15L2	2	0
CDS1	2	2
CDSN	2	2
CDT1	2	0
CDX4	2	1
CEACAM21	2	1
CEBPA	2	0
CELF5	2	0
CEND1	2	0
CENPL	2	2
CENPP	2	0
CEP19	2	1
CEP20	2	1
CEP295	2	2
CEP44	2	3
CEP76	2	2
CFAP157	2	1
CFAP161	2	2
CFC1	2	0
CFL2	2	0
CGB5	2	1
CGGBP1	2	2
CGRRF1	2	0
CHCHD2	2	0
CHID1	2	0
CHM	2	1
CHMP2A	2	1
CHMP4B	2	0
CHMP4C	2	1
CHMP5	2	1
CHP2	2	0
CHPT1	2	2
CHRAC1	2	0
CHRNA7	2	1
CHST14	2	0
CHTOP	2	1
CHURC1	2	0
CIB1	2	0
CINP	2	0
CIPC	2	1
CISD2	2	0
CISH	2	0
CKAP4	2	3
CLC	2	1
CLDN11	2	1
CLDN15	2	0
CLDN2	2	1
CLDN5	2	0
CLDND2	2	0
CLEC18A	2	0
CLEC1B	2	2
CLIC2	2	2
CLIC4	2	2
CLK2	2	0
CLN8	2	2
CLRN3	2	0
CLTB	2	0
CMC2	2	0
CMPK2	2	1
CMTM2	2	2
CMTM6	2	0
CNIH2	2	1
CNPY2	2	2
CNR2	2	0
COIL	2	2
COMMD4	2	0
COMMD5	2	0
COMMD8	2	1
COMMD9	2	1
COPS9	2	0
COQ5	2	0
CORO7-PAM16	2	0
COX16	2	0
COX5B	2	0
COX8C	2	0
CPA2	2	1
CPLANE2	2	0
CPM	2	3
CRABP1	2	1
CRACR2A	2	3
CRB3	2	0
CRELD1	2	1
CRELD2	2	0
CRLF2	2	1
CRYAB	2	0
CRYBA4	2	0
CRYGS	2	1
CSDC2	2	3
CSH2	2	0
CSHL1	2	1
CSN2	2	1
CSRP2	2	1
CST8	2	0
CST9	2	0
CT55	2	1
CT83	2	0
CTAGE4	2	0
CXCL11	2	2
CXCL6	2	0
CXCL8	2	2
CXorf38	2	1
CYB561A3	2	0
CYB5D2	2	0
CYBA	2	0
CYP26C1	2	0
CYP2C18	2	3
CYP4X1	2	0
CYTH4	2	1
CYYR1	2	0
DACT3	2	0
DBI	2	0
DBP	2	0
DBX1	2	0
DCANP1	2	0
DCD	2	0
DCDC2C	2	1
DCK	2	1
DCTN5	2	1
DDA1	2	0
DDOST	2	0
DDX3Y	2	0
DEFB121	2	0
DEFB125	2	0
DEFB126	2	2
DEFB127	2	0
DEFB135	2	1
DEFB136	2	3
DENND10	2	2
DENR	2	2
DESI1	2	0
DGAT2	2	2
DGCR6L	2	0
DGKQ	2	0
DHDH	2	0
DHFR	2	1
DHRS12	2	0
DHRS13	2	0
DHRS3	2	0
DHRS4L2	2	0
DIABLO	2	0
DIO1	2	2
DIO2	2	4
DIRAS3	2	0
DLL3	2	3
DLX1	2	0
DMAC1	2	0
DMRT1	2	1
DNAAF5	2	1
DNAJC15	2	0
DNAJC19	2	2
DNAJC5	2	0
DND1	2	2
DNLZ	2	0
DOHH	2	1
DPPA3	2	2
DPT	2	0
DRAM1	2	0
DSCC1	2	0
DTD1	2	2
DTHD1	2	0
DUSP13	2	0
DUSP19	2	2
DUT	2	1
EAF1	2	0
EBAG9	2	0
EBI3	2	1
EBP	2	0
ECE2	2	0
ECH1	2	0
ECRG4	2	2
EDA	2	3
EDC3	2	1
EEF1AKMT2	2	0
EEF1AKMT3	2	2
EEF1B2	2	2
EEF1G	2	0
EFCAB1	2	4
EFCAB11	2	1
EFHD2	2	0
EFNA2	2	0
EFNA3	2	0
EFNA5	2	2
EFNB2	2	2
EFR3B	2	0
EGFL7	2	0
EID2	2	1
EIF1	2	1
EIF1B	2	1
EIF2B2	2	1
EIF3C	2	0
EIF3K	2	1
EIF4E	2	1
EIF5A	2	0
EIPR1	2	2
ELF2	2	3
EMC10	2	0
EMC4	2	1
EMC8	2	1
EMC9	2	1
EME2	2	1
ENDOV	2	0
ENO2	2	1
ENO4	2	1
EPCAM	2	0
EPHX3	2	1
EPM2A	2	0
EREG	2	1
ERI1	2	2
ETFBKMT	2	0
EVA1B	2	0
EVI2A	2	0
EXOG	2	3
EXOSC1	2	0
EXOSC7	2	1
FA2H	2	0
FABP1	2	1
FABP4	2	0
FABP5	2	1
FADD	2	0
FADS6	2	0
FAM102B	2	1
FAM117B	2	0
FAM120AOS	2	0
FAM131B	2	1
FAM149B1	2	0
FAM174B	2	0
FAM177A1	2	0
FAM180A	2	1
FAM183A	2	1
FAM205A	2	2
FAM20C	2	0
FAM229B	2	0
FAM32A	2	0
FAM3D	2	0
FAM43B	2	0
FAM50A	2	0
FAM71F2	2	2
FAM76A	2	1
FAM89B	2	1
FAM98C	2	3
FAM9C	2	0
FAU	2	2
FBRSL1	2	0
FBXO16	2	2
FBXO33	2	0
FBXO45	2	1
FCF1	2	0
FCGR2A	2	1
FCGR3B	2	1
FDCSP	2	0
FDFT1	2	2
FDX2	2	2
FDXACB1	2	1
FFAR1	2	0
FGF11	2	0
FGF19	2	1
FGF6	2	0
FHAD1	2	0
FITM1	2	1
FITM2	2	0
FKBP1A	2	1
FKBP3	2	2
FNDC5	2	0
FNDC7	2	2
FOLR2	2	1
FOXB1	2	0
FOXI3	2	1
FOXJ1	2	1
FOXL2NB	2	1
FOXN4	2	3
FOXQ1	2	0
FRAT1	2	0
FSD1L	2	0
FSHB	2	3
FTL	2	1
FUNDC1	2	0
FUT10	2	2
FUT4	2	0
FXYD5	2	0
G6PC2	2	2
GABARAPL2	2	1
GAGE10	2	1
GAGE2E	2	0
GAL	2	0
GALP	2	1
GAPDH	2	0
GAREM2	2	0
GATD1	2	0
GATM	2	0
GCA	2	0
GDPD3	2	0
GEMIN6	2	0
GFI1B	2	1
GID4	2	0
GINS2	2	1
GINS4	2	2
GIPR	2	2
GJC3	2	2
GLIPR1L1	2	0
GLMN	2	2
GLO1	2	1
GLTP	2	0
GLYAT	2	2
GLYATL2	2	3
GLYCTK	2	2
GM2A	2	1
GMFG	2	0
GMNN	2	0
GMPPB	2	0
GNB2	2	0
GNG4	2	1
GNG5	2	0
GNLY	2	1
GNMT	2	0
GOLGA6B	2	1
GOLGA6L22	2	1
GOLGA6L9	2	1
GOLGA7	2	0
GOLGA7B	2	2
GOLM2	2	0
GPA33	2	0
GPALPP1	2	1
GPATCH11	2	0
GPBAR1	2	2
GPR62	2	0
GPR89A	2	1
GPX3	2	2
GPX7	2	1
GPX8	2	1
GRB2	2	1
GREM1	2	2
GRHPR	2	1
GRID2IP	2	0
GRTP1	2	0
GRWD1	2	0
GSDMB	2	1
GSTA2	2	1
GSTM1	2	0
GSTP1	2	0
GSX1	2	0
GTF2E2	2	1
GTF2H4	2	2
GTPBP10	2	2
GTSF1	2	2
GUCA1B	2	2
GUCA1C	2	2
GULP1	2	3
GYG1	2	1
GZMM	2	1
H1-10	2	0
H1-8	2	1
H2AC11	2	0
H2AC12	2	0
H2AC14	2	0
H2AC16	2	0
H2AC17	2	0
H2AC21	2	1
H2BC11	2	0
H2BC14	2	4
H3-2	2	0
H3-3B	2	0
H3-4	2	3
H3C1	2	0
H3C3	2	0
H3C7	2	0
H3C8	2	0
H4C1	2	2
H4C2	2	0
HADH	2	2
HAND2	2	1
HAUS4	2	0
HAUS7	2	1
HBA1	2	0
HBE1	2	0
HBEGF	2	0
HCST	2	0
HDGFL3	2	0
HEBP2	2	1
HEPN1	2	0
HERPUD2	2	0
HES5	2	0
HHEX	2	3
HIGD2A	2	0
HLA-F	2	0
HM13	2	3
HMGB1	2	0
HMGB4	2	1
HMGCS1	2	0
HMGN3	2	0
HNF4G	2	0
HNRNPA0	2	0
HNRNPH2	2	3
HOXA10	2	0
HOXA11	2	0
HOXA2	2	1
HOXA4	2	0
HOXA9	2	0
HOXB7	2	0
HOXC11	2	2
HOXC6	2	0
HPCAL4	2	0
HPF1	2	1
HPRT1	2	0
HSD11B1	2	0
HSD17B11	2	1
HSD17B8	2	0
HSD3B2	2	1
HSDL2	2	1
HSF4	2	1
HSH2D	2	0
HSPA1A	2	0
HSPB2	2	1
HSPB3	2	1
HSPB9	2	0
HTN1	2	0
HTR3D	2	1
IAH1	2	0
ICAM3	2	1
ICMT	2	1
IER2	2	0
IER5	2	1
IFNA10	2	4
IFNA21	2	1
IFNA6	2	1
IFNK	2	2
IFNL1	2	1
IFT27	2	0
IFTAP	2	0
IGFBP6	2	0
IGFL1	2	0
IGFL3	2	0
IGHV1-18	2	0
IGHV1-2	2	0
IGHV1-24	2	3
IGHV1-45	2	0
IGHV3-33	2	0
IGHV3-35	2	1
IGHV3-49	2	1
IGHV3-66	2	0
IGHV3-7	2	0
IGHV3-72	2	1
IGKV1-12	2	0
IGKV1-27	2	1
IGKV1-9	2	2
IGKV1D-33	2	1
IGKV1D-42	2	0
IGKV2D-24	2	1
IGKV2D-29	2	0
IGKV2D-30	2	0
IGKV3-11	2	0
IGKV3D-15	2	0
IGKV3D-20	2	2
IGKV4-1	2	1
IGLL1	2	0
IGLV1-47	2	0
IGLV2-14	2	1
IGLV2-23	2	0
IGLV2-33	2	1
IGLV2-8	2	1
IGLV3-16	2	0
IGLV3-19	2	1
IGLV3-25	2	1
IGLV3-32	2	0
IGLV7-43	2	0
IGLV7-46	2	1
IGLV8-61	2	0
IGSF6	2	0
IL10	2	2
IL12B	2	0
IL15	2	0
IL17A	2	1
IL17RE	2	0
IL1RN	2	2
IL27	2	1
IL3	2	1
IL31	2	2
ILF2	2	0
IMP3	2	1
INIP	2	2
INMT	2	0
INO80B	2	1
INO80C	2	1
IQCF1	2	2
IQCF2	2	1
ISG15	2	1
ISG20	2	1
ISOC1	2	0
ISY1	2	0
ITGB1BP1	2	0
ITLN2	2	0
ITM2B	2	1
IZUMO1	2	3
IZUMO3	2	1
JMJD8	2	0
KAZALD1	2	0
KCNE2	2	0
KCNE3	2	0
KCNK12	2	0
KCNK16	2	2
KCNK6	2	0
KCTD5	2	0
KHK	2	0
KIAA1191	2	1
KIR2DL4	2	1
KLHDC1	2	1
KLHDC10	2	0
KLHL17	2	0
KLHL33	2	0
KLK14	2	0
KLRB1	2	3
KLRC1	2	1
KLRG2	2	0
KRT20	2	2
KRTAP1-1	2	0
KRTAP10-3	2	0
KRTAP13-4	2	1
KRTAP17-1	2	0
KRTAP19-6	2	0
KRTAP22-1	2	0
KRTAP25-1	2	1
KRTAP3-2	2	0
KRTAP4-4	2	0
KRTAP5-3	2	1
KRTAP5-6	2	1
KRTAP5-7	2	1
KRTAP6-1	2	0
KRTAP9-2	2	1
KRTAP9-3	2	0
KRTCAP2	2	0
KRTCAP3	2	0
KTI12	2	0
L3HYPDH	2	0
LAMTOR2	2	1
LAT2	2	0
LBX2	2	0
LCE1C	2	0
LCE1D	2	1
LCE1E	2	0
LCE1F	2	1
LCE3E	2	0
LDAH	2	2
LDHA	2	1
LEMD1	2	0
LEP	2	0
LEPROT	2	1
LETMD1	2	2
LGALS2	2	1
LGALS7	2	0
LGALS9C	2	1
LHFPL4	2	2
LILRA6	2	1
LIMD2	2	0
LIME1	2	0
LIN28A	2	0
LIN52	2	0
LIPM	2	1
LMLN	2	2
LMNA	2	2
LORICRIN	2	0
LPCAT3	2	1
LPXN	2	0
LRMDA	2	1
LRPAP1	2	0
LRRC29	2	1
LRRC46	2	1
LRRC57	2	3
LRRC63	2	1
LRRC74B	2	1
LRRD1	2	2
LRTOMT	2	0
LSM11	2	1
LSM14B	2	0
LSM3	2	1
LSM4	2	0
LXN	2	0
LY6D	2	1
LY6G5B	2	0
LY75-CD302	2	1
LYPD1	2	0
LYRM2	2	1
LZIC	2	1
M6PR	2	1
MAB21L3	2	0
MAD2L1	2	0
MAFB	2	0
MAGEB16	2	3
MAGOHB	2	1
MAL2	2	0
MANBAL	2	0
MAOB	2	3
MAPK11	2	1
MAPK12	2	1
MAPK1IP1L	2	1
MARCHF3	2	0
MARCHF9	2	1
MAS1L	2	2
MAT2A	2	0
MBTPS2	2	1
MCFD2	2	3
MCU	2	1
MED10	2	0
MED18	2	0
MED27	2	1
MED28	2	1
MED30	2	0
MEDAG	2	2
MEIG1	2	0
MESP2	2	0
METTL23	2	1
METTL26	2	0
MFAP1	2	1
MFAP2	2	0
MFAP4	2	0
MFNG	2	0
MFSD4B	2	0
MGLL	2	2
MGST2	2	0
MICB	2	2
MIEF1	2	1
MIEN1	2	0
MIS12	2	0
MKRN2	2	1
MLANA	2	3
MLKL	2	1
MLST8	2	1
MMAB	2	1
MMD	2	0
MOAP1	2	2
MOB2	2	0
MOCS2	2	0
MORN5	2	0
MOSPD3	2	1
MPDU1	2	0
MPHOSPH6	2	0
MPLKIP	2	1
MPV17	2	0
MPV17L	2	1
MPZL2	2	2
MPZL3	2	1
MRAP	2	0
MRFAP1L1	2	0
MRGBP	2	0
MRPL11	2	0
MRPL14	2	0
MRPL17	2	0
MRPL20	2	0
MRPL24	2	0
MRPL30	2	0
MRPL33	2	0
MRPL37	2	1
MRPL40	2	0
MRPL42	2	0
MRPL53	2	1
MRPL55	2	0
MRPL57	2	0
MRPS14	2	1
MRPS16	2	0
MRPS17	2	0
MRPS24	2	2
MRPS25	2	1
MRPS35	2	0
MRPS6	2	0
MRRF	2	0
MS4A13	2	0
MS4A3	2	0
MS4A4A	2	1
MSANTD3-TMEFF1	2	0
MSGN1	2	1
MSMO1	2	2
MT3	2	0
MT4	2	0
MTARC1	2	0
MTCP1	2	0
MTERF4	2	0
MTFP1	2	0
MTIF3	2	0
MTRF1	2	3
MUCL3	2	1
MXD4	2	1
MYD88	2	1
MYG1	2	0
MYL1	2	0
MYL10	2	1
MYL12B	2	0
MYL5	2	2
MYL6B	2	1
MYL7	2	0
MYL9	2	1
MYLPF	2	1
MYZAP	2	0
MZT2B	2	0
N4BP3	2	1
NAA50	2	0
NAA60	2	0
NABP2	2	0
NAP1L5	2	0
NAT14	2	0
NAT16	2	0
NAXE	2	1
NBPF26	2	1
NCALD	2	1
NCR3	2	0
NDRG3	2	0
NDUFA11	2	0
NDUFA13	2	0
NDUFA3	2	0
NDUFA4	2	1
NDUFA4L2	2	0
NDUFAB1	2	1
NDUFAF3	2	0
NDUFAF6	2	2
NDUFB4	2	0
NDUFB7	2	0
NDUFC2	2	0
NDUFS5	2	1
NDUFS6	2	0
NDUFS7	2	0
NDUFS8	2	0
NECAB2	2	0
NECAP2	2	3
NELFCD	2	0
NENF	2	1
NFAM1	2	0
NFKBIE	2	2
NFKBIL1	2	1
NIF3L1	2	1
NIPAL2	2	1
NIPSNAP3A	2	1
NIPSNAP3B	2	1
NKG7	2	2
NKX2-8	2	0
NKX3-2	2	1
NME5	2	2
NMNAT3	2	2
NMRAL1	2	0
NOG	2	2
NOMO3	2	2
NOP10	2	0
NQO2	2	1
NR2C2AP	2	0
NR4A1	2	0
NRIP2	2	0
NRIP3	2	0
NRN1L	2	0
NSMCE3	2	1
NSUN7	2	1
NT5C	2	0
NTF4	2	0
NUBP2	2	1
NUBPL	2	0
NUCB1	2	1
NUCKS1	2	1
NUDT1	2	0
NUDT22	2	0
NUDT5	2	0
NUP35	2	0
NUP37	2	0
NUSAP1	2	1
NUTM2G	2	1
NWD2	2	2
NXNL1	2	1
NXPE2	2	0
NXT1	2	0
OAF	2	0
OASL	2	1
OAZ1	2	1
OAZ2	2	1
OBP2A	2	0
OCIAD2	2	1
OGN	2	3
OLIG1	2	0
OLIG2	2	1
OMG	2	0
OPA3	2	0
OPN1LW	2	1
OR10G4	2	2
OR10W1	2	1
OR11G2	2	2
OR13C2	2	3
OR1L4	2	1
OR2AE1	2	3
OR2C3	2	2
OR2J1	2	0
OR2J2	2	3
OR2S2	2	0
OR4D2	2	0
OR4F4	2	2
OR4F5	2	0
OR51B6	2	3
OR51L1	2	2
OR5A2	2	2
OR5H15	2	1
OR6P1	2	0
OR6V1	2	0
OR8A1	2	1
OR8B12	2	2
ORM1	2	1
OSR1	2	0
OSTF1	2	0
OXTR	2	1
P2RX6	2	0
P4HA1	2	1
PA2G4	2	2
PABPN1L	2	1
PAG1	2	3
PAICS	2	2
PALM3	2	1
PARP16	2	0
PARS2	2	0
PARVA	2	0
PAXX	2	0
PBOV1	2	0
PCBD1	2	0
PCBP4	2	0
PCCB	2	1
PCLAF	2	0
PCNP	2	1
PDAP1	2	0
PDCD10	2	2
PDCD1LG2	2	1
PDCD2L	2	1
PDCD5	2	1
PDIK1L	2	1
PDK3	2	3
PDPK1	2	1
PECAM1	2	1
PERP	2	0
PEX19	2	1
PEX7	2	0
PFDN6	2	0
PFKM	2	1
PGF	2	1
PGPEP1	2	0
PGRMC1	2	0
PHF6	2	0
PHGDH	2	0
PHGR1	2	0
PHOSPHO2	2	3
PHOX2A	2	1
PHPT1	2	0
PIGC	2	1
PIGF	2	0
PIGX	2	1
PIM3	2	1
PIN1	2	0
PITPNA	2	0
PKIG	2	0
PLA2G2C	2	0
PLA2G2D	2	0
PLA2G2E	2	0
PLA2G2F	2	2
PLAAT3	2	0
PLAAT5	2	0
PLAC9	2	0
PLCXD2	2	4
PLEKHD1	2	1
PLGRKT	2	2
PLPP2	2	1
PLPP3	2	0
PLPP4	2	2
PNMA6A	2	0
POLDIP2	2	1
POLE3	2	0
POLL	2	1
POLR1C	2	1
POLR1D	2	0
POLR1F	2	3
POLR2C	2	0
POLR2I	2	0
POLR2M	2	0
POLR3G	2	0
POLR3K	2	1
POMZP3	2	0
POP5	2	0
POP7	2	0
POTEC	2	0
POU2F3	2	2
POU3F1	2	0
PPARG	2	0
PPIAL4G	2	1
PPIP5K1	2	0
PPM1G	2	1
PPME1	2	2
PPP1R14D	2	1
PPP1R1A	2	1
PPP1R1B	2	1
PPP1R1C	2	1
PPP1R3B	2	0
PPP1R9B	2	0
PPP3R2	2	0
PRC1	2	3
PRDX1	2	1
PRDX4	2	0
PRDX5	2	0
PRELID2	2	0
PRH2	2	0
PRKAR2A	2	1
PRKRIP1	2	0
PRKX	2	1
PROP1	2	0
PRPH2	2	1
PRR15	2	0
PRR16	2	1
PRR22	2	0
PRR23C	2	0
PRR33	2	0
PRRG4	2	1
PRSS27	2	0
PRSS33	2	0
PRTFDC1	2	1
PRXL2B	2	1
PSMA1	2	1
PSMB1	2	0
PSMB4	2	0
PSMB7	2	0
PSMB9	2	2
PSMD9	2	0
PSMG1	2	1
PSORS1C1	2	1
PSORS1C2	2	1
PSPH	2	0
PSPN	2	0
PSTPIP1	2	1
PTAFR	2	0
PTGES3	2	0
PTGIR	2	0
PTH	2	2
PTMS	2	0
PTP4A3	2	2
PTRH1	2	0
PTRHD1	2	2
PTTG1	2	0
PTX3	2	0
PYCR1	2	0
PYCR2	2	0
PYDC1	2	0
PYROXD2	2	0
PYY	2	0
QPCTL	2	0
QTRT1	2	0
RAB10	2	1
RAB12	2	0
RAB18	2	0
RAB21	2	1
RAB24	2	0
RAB25	2	1
RAB28	2	1
RAB29	2	2
RAB2A	2	0
RAB33A	2	1
RAB38	2	0
RAB39A	2	3
RAB39B	2	1
RAB40A	2	1
RAB41	2	3
RAB43	2	0
RAB8A	2	0
RAB9A	2	1
RAB9B	2	1
RABL2B	2	1
RAD1	2	1
RAD51B	2	0
RAD9A	2	0
RAET1G	2	1
RAMP2	2	0
RAP1A	2	2
RASD2	2	1
RASSF3	2	0
RBMXL1	2	1
RBP2	2	1
RBP7	2	0
RBPMS2	2	0
RCCD1	2	1
RCE1	2	1
RCN1	2	0
RDH11	2	2
RDH12	2	0
REEP6	2	1
REG3A	2	0
RELL1	2	2
RETNLB	2	0
REXO2	2	0
RFC2	2	0
RFC3	2	0
RFESD	2	1
RFLNA	2	0
RFPL2	2	2
RFX8	2	0
RFXANK	2	0
RGN	2	1
RGPD1	2	3
RGR	2	0
RGS1	2	0
RGS13	2	3
RGSL1	2	1
RHBDL2	2	2
RHEB	2	1
RHOJ	2	3
RITA1	2	3
RLN3	2	0
RNASEH2A	2	2
RND3	2	2
RNF122	2	0
RNF13	2	0
RNF135	2	0
RNF141	2	1
RNF149	2	1
RNF166	2	0
RNF181	2	0
RNF183	2	0
RNF212B	2	0
RNF217	2	2
RNF24	2	1
RNF7	2	1
RPA2	2	0
RPAIN	2	2
RPL10	2	0
RPL12	2	0
RPL13	2	0
RPL13A	2	1
RPL17-C18orf32	2	0
RPL19	2	1
RPL22L1	2	0
RPL26	2	0
RPL27	2	1
RPL34	2	0
RPL36	2	0
RPL39	2	0
RPL6	2	2
RPL8	2	1
RPL9	2	1
RPN2	2	1
RPP14	2	1
RPP30	2	0
RPRD1A	2	3
RPS10-NUDT3	2	1
RPS13	2	0
RPS3	2	2
RPS6	2	2
RPS9	2	0
RPUSD3	2	0
RRAD	2	2
RRAGD	2	1
RRAS2	2	3
RRM2B	2	2
RRP36	2	1
RSPRY1	2	3
RTF2	2	1
RTP4	2	2
RWDD3	2	1
RWDD4	2	0
S100A11	2	0
S100A16	2	0
S100A4	2	0
S100A7L2	2	0
S100A9	2	0
S100B	2	2
S100Z	2	1
SAMD1	2	0
SAMD5	2	0
SAMM50	2	2
SAPCD1	2	0
SAR1A	2	1
SARAF	2	0
SAT2	2	1
SAYSD1	2	0
SCAMP4	2	0
SCAND1	2	0
SCARB1	2	1
SCCPDH	2	0
SCGB1D1	2	2
SCGB1D4	2	2
SCGB2B2	2	0
SCML1	2	1
SCOC	2	0
SCT	2	0
SEBOX	2	0
SEC61A2	2	1
SELENBP1	2	1
SELENOK	2	0
SELENOT	2	0
SEPTIN12	2	0
SERINC1	2	1
SERINC5	2	0
SERP2	2	0
SERPINB1	2	0
SERPINB5	2	1
SERTM1	2	1
SETD6	2	0
SETD9	2	1
SFXN1	2	1
SFXN3	2	3
SGF29	2	0
SH2D1B	2	1
SH3BGRL	2	1
SHISA3	2	2
SHISA6	2	0
SHLD1	2	2
SIGIRR	2	0
SIGLEC15	2	0
SIRPD	2	1
SIRT5	2	1
SKP1	2	0
SLA2	2	0
SLC10A3	2	2
SLC25A11	2	0
SLC25A15	2	1
SLC25A30	2	2
SLC25A47	2	1
SLC30A1	2	3
SLC31A2	2	0
SLC35A1	2	1
SLC35B2	2	0
SLC35B3	2	4
SLC35D2	2	3
SLC38A5	2	0
SLC39A3	2	1
SLC46A1	2	0
SLC50A1	2	0
SLC66A2	2	0
SLC9A3R1	2	0
SLC9A3R2	2	0
SLCO1B3-SLCO1B7	2	0
SLURP1	2	1
SMIM15	2	0
SMIM19	2	0
SMIM7	2	0
SMNDC1	2	0
SMPDL3A	2	1
SMR3B	2	0
SNAI2	2	1
SNAPIN	2	1
SNCB	2	0
SNF8	2	1
SNRNP25	2	0
SNRNP40	2	1
SNRPA1	2	0
SNRPB	2	2
SNRPB2	2	2
SNRPE	2	0
SNTN	2	1
SNURF	2	0
SNX20	2	2
SNX22	2	1
SNX5	2	1
SNX6	2	0
SNX7	2	3
SOCS1	2	0
SOCS2	2	1
SOCS7	2	0
SOSTDC1	2	1
SOWAHA	2	0
SOWAHC	2	0
SOX18	2	0
SPATA21	2	0
SPATA46	2	0
SPATA48	2	1
SPCS1	2	0
SPDYE6	2	1
SPEF1	2	1
SPIN2A	2	0
SPIN3	2	1
SPINK14	2	0
SPINK2	2	1
SPINK4	2	1
SPINK7	2	0
SPINK9	2	0
SPINT2	2	2
SPRR2F	2	1
SPRYD3	2	1
SPRYD7	2	0
SPSB3	2	0
SPTSSB	2	1
SRA1	2	0
SRD5A2	2	2
SRD5A3	2	0
SRGN	2	0
SRP19	2	0
SRPRB	2	2
SRRM5	2	1
SRSF10	2	0
SRSF8	2	1
SRSF9	2	0
SS18	2	0
SSC5D	2	2
SSR2	2	0
SSR3	2	0
ST3GAL4	2	0
ST6GALNAC4	2	1
STAM	2	2
STARD4	2	1
STARD5	2	0
STARD7	2	2
STBD1	2	0
STK19	2	1
STMN1	2	1
STMN2	2	1
STOML3	2	3
STPG3	2	0
STRADB	2	3
STXBP6	2	2
SUB1	2	0
SUDS3	2	1
SUGT1	2	1
SULT1C4	2	1
SULT2A1	2	1
SUSD3	2	0
SUSD6	2	0
SUV39H2	2	0
SVIP	2	1
SWSAP1	2	1
SYAP1	2	0
SYNPR	2	1
SYP	2	0
SYPL1	2	0
SYS1	2	0
SYT13	2	1
TAF12	2	0
TAF9	2	2
TAFA3	2	0
TAGLN2	2	1
TAGLN3	2	1
TAL2	2	0
TALDO1	2	1
TAMALIN	2	0
TAMM41	2	1
TAS2R20	2	2
TAS2R31	2	0
TAS2R5	2	2
TATDN1	2	1
TBC1D3B	2	1
TBCB	2	0
TCAF1	2	1
TCAF2	2	4
TCL1B	2	0
TCTE3	2	1
TCTEX1D2	2	0
TDGF1	2	1
TERB1	2	0
TESC	2	1
TEX12	2	0
TEX19	2	0
TFCP2L1	2	2
TFF2	2	1
TFF3	2	0
TGIF2LY	2	0
THAP1	2	0
THAP3	2	0
THAP6	2	0
THAP7	2	0
THPO	2	2
THRSP	2	0
TIFA	2	1
TIMM23	2	2
TIPRL	2	2
TK2	2	1
TLCD1	2	1
TLCD5	2	0
TM2D1	2	1
TM4SF1	2	0
TM4SF18	2	1
TMCO2	2	1
TMED1	2	1
TMED4	2	0
TMED7	2	0
TMED9	2	0
TMEM116	2	2
TMEM120B	2	2
TMEM125	2	0
TMEM128	2	0
TMEM129	2	1
TMEM139	2	0
TMEM150B	2	0
TMEM154	2	3
TMEM155	2	0
TMEM159	2	0
TMEM167A	2	2
TMEM17	2	0
TMEM170B	2	1
TMEM177	2	3
TMEM211	2	0
TMEM220	2	0
TMEM242	2	1
TMEM268	2	1
TMEM30B	2	0
TMEM31	2	2
TMEM45A	2	0
TMEM50B	2	0
TMEM51	2	0
TMEM52	2	1
TMEM53	2	0
TMEM54	2	0
TMEM59	2	2
TMEM70	2	1
TMEM82	2	1
TMEM9	2	1
TMEM95	2	0
TMIGD2	2	2
TMOD3	2	1
TNFAIP8	2	0
TNFAIP8L3	2	1
TNFRSF10D	2	0
TNFRSF14	2	1
TNFRSF1B	2	1
TNFSF10	2	0
TNFSF12	2	0
TNFSF4	2	4
TNNC1	2	0
TNNI2	2	1
TNNT1	2	2
TP53RK	2	1
TPH1	2	4
TPK1	2	2
TPRKB	2	1
TPSAB1	2	0
TPSB2	2	0
TRA2A	2	1
TRAPPC3L	2	1
TRAPPC4	2	0
TRAT1	2	1
TRAV22	2	1
TREM2	2	0
TREML1	2	1
TRGC2	2	2
TRH	2	1
TRIM31	2	0
TRIM59	2	3
TRIM61	2	1
TRIM73	2	0
TRIM74	2	0
TRIM8	2	1
TRIR	2	0
TRMT2B	2	1
TRNAU1AP	2	3
TRPT1	2	0
TSACC	2	0
TSC22D3	2	1
TSGA10IP	2	2
TSKU	2	1
TSPAN13	2	1
TSPAN3	2	2
TSPAN31	2	0
TSR3	2	0
TTC32	2	0
TTC34	2	1
TTC4	2	0
TTC9B	2	0
TTPA	2	2
TTR	2	2
TUBA1C	2	4
TUBA8	2	1
TUBD1	2	3
TUBG1	2	0
TUSC1	2	0
TVP23C	2	0
TXN	2	0
TXN2	2	0
TXNDC15	2	1
TXNL4B	2	0
TYROBP	2	0
TYSND1	2	0
UAP1	2	1
UBE2C	2	1
UBE2F	2	0
UBE2M	2	0
UBE2W	2	1
UBL3	2	2
UBL7	2	0
UBOX5	2	1
UBTD1	2	1
UBXN1	2	1
UCN3	2	0
UFD1	2	1
UGT1A10	2	2
UNC50	2	0
UNCX	2	0
UPK2	2	0
UQCC2	2	1
URAD	2	0
USF2	2	0
UTF1	2	0
VAMP1	2	0
VAMP4	2	1
VAMP5	2	0
VAMP8	2	1
VAPB	2	1
VCX	2	0
VCX2	2	0
VCX3A	2	1
VHLL	2	0
VN1R4	2	1
VNN3	2	0
VPS26A	2	2
VPS29	2	0
VSIG2	2	0
VSTM2B	2	0
VWA1	2	0
VWA5B1	2	0
WDFY1	2	1
WDR20	2	0
WDR46	2	1
WDR54	2	1
WDR73	2	1
WFDC10B	2	0
WFDC3	2	1
WFIKKN1	2	1
WNT6	2	1
WNT8B	2	1
WSB1	2	0
XAF1	2	1
XAGE3	2	0
XAGE5	2	1
XBP1	2	0
XCL2	2	0
XKR5	2	1
YAF2	2	1
YBX3	2	1
YDJC	2	0
YIPF1	2	1
YIPF2	2	1
YPEL2	2	1
YWHAB	2	0
YWHAG	2	0
YWHAZ	2	0
ZAR1	2	1
ZAR1L	2	1
ZBED5	2	1
ZBTB37	2	1
ZBTB9	2	0
ZC2HC1A	2	0
ZC3H12D	2	3
ZC3H8	2	0
ZC3HAV1L	2	1
ZCCHC17	2	1
ZCCHC3	2	0
ZFAND1	2	0
ZFAND2A	2	0
ZFP41	2	1
ZFPL1	2	3
ZMAT5	2	0
ZMYND10	2	0
ZMYND19	2	0
ZNF138	2	1
ZNF200	2	2
ZNF296	2	0
ZNF324B	2	2
ZNF511-PRAP1	2	0
ZNF512	2	1
ZNF559-ZNF177	2	4
ZNF575	2	0
ZNF593	2	2
ZNF679	2	1
ZNF684	2	3
ZNF69	2	0
ZNF716	2	2
ZNF717	2	0
ZNF735	2	1
ZNF805	2	1
ZNF814	2	1
ZNF816-ZNF321P	2	3
ZNF843	2	0
ZNF845	2	1
ZNF860	2	0
ZNF879	2	1
ZNF90	2	2
ZNRD2	2	0
ZP3	2	1
ZSCAN21	2	1
ZSCAN26	2	2
ZSWIM6	2	1
ABHD17A	1	0
ABITRAM	1	1
AC004076.1	1	0
AC004997.1	1	0
AC007040.2	1	0
AC009779.3	1	0
AC011448.1	1	0
AC020907.6	1	0
AC053503.6	1	0
AC055839.2	1	0
AC092718.8	1	0
AC104389.6	1	0
AC107871.1	1	0
AC107959.5	1	0
AC109583.1	1	1
AC131160.1	1	1
AC132217.2	1	0
AC144573.1	1	0
AC245748.1	1	0
ACOT13	1	1
ACYP1	1	1
ADIG	1	0
ADO	1	0
ADORA2B	1	0
AF196969.1	1	0
AGAP5	1	0
AGTRAP	1	0
AIF1	1	0
AIF1L	1	0
AIFM2	1	2
AK4	1	1
AK6	1	0
AKIP1	1	1
AKR1A1	1	1
AKR7A2	1	0
AL021546.1	1	0
AL031315.1	1	0
AL049569.3	1	0
AL121758.1	1	0
AL133500.1	1	0
AL159163.1	1	0
AL662899.2	1	0
ALG1L2	1	0
ALKBH7	1	0
ALX1	1	3
ALX3	1	0
AMTN	1	1
ANAPC10	1	0
ANAPC11	1	0
ANAPC15	1	0
ANG	1	0
ANGPTL3	1	0
ANGPTL4	1	1
ANKHD1	1	0
ANKRD18A	1	1
ANKRD20A2P	1	0
ANKRD30BL	1	1
ANKRD36	1	0
ANKRD37	1	0
ANKRD54	1	0
ANKRD60	1	0
ANKRD61	1	0
ANKRD65	1	0
ANKUB1	1	1
ANP32A	1	2
ANTKMT	1	0
ANXA2R	1	0
ANXA8L1	1	0
AP000471.1	1	0
AP001458.2	1	0
AP3S2	1	0
APH1A	1	0
APLN	1	1
APOC2	1	0
APOC4-APOC2	1	0
APOM	1	1
APOOL	1	0
AQP6	1	1
ARF6	1	0
ARFRP1	1	0
ARHGAP23	1	1
ARL1	1	2
ARL3	1	1
ARL5A	1	1
ARL5B	1	0
ARL6IP1	1	1
ARL6IP4	1	1
ARMC7	1	0
ARPC4	1	1
ARPC5L	1	1
ARRB2	1	0
ARTN	1	0
ASB6	1	1
ASCL2	1	0
ASCL3	1	1
ATF3	1	1
ATOH8	1	0
ATP23	1	0
ATP5F1D	1	1
ATP5IF1	1	0
ATP5MC1	1	0
ATP5MC3	1	0
ATP5MF-PTCD1	1	0
ATP5MPL	1	0
ATP6V0C	1	0
AUNIP	1	0
AVEN	1	2
AZGP1	1	2
B3GALT6	1	0
B3GAT2	1	0
BAG1	1	1
BBC3	1	0
BCL2	1	1
BECN1	1	2
BET1	1	0
BET1L	1	0
BEX2	1	0
BLCAP	1	1
BLOC1S1	1	0
BLOC1S6	1	0
BLVRA	1	0
BMP8B	1	0
BOLA3	1	1
BRI3	1	0
BRI3BP	1	1
BRICD5	1	0
BRIX1	1	1
BST2	1	0
BTBD18	1	2
BUD31	1	1
C10orf62	1	0
C10orf82	1	1
C11orf45	1	1
C11orf52	1	1
C11orf58	1	0
C11orf94	1	0
C12orf65	1	0
C15orf40	1	0
C15orf48	1	1
C16orf74	1	0
C16orf91	1	0
C16orf92	1	1
C17orf50	1	0
C17orf64	1	4
C18orf32	1	1
C19orf25	1	0
C19orf71	1	0
C1QBP	1	0
C1QTNF2	1	0
C1QTNF4	1	0
C1QTNF5	1	0
C1QTNF6	1	1
C1QTNF7	1	0
C1orf109	1	1
C1orf167	1	0
C1orf174	1	0
C1orf185	1	1
C1orf198	1	0
C1orf216	1	0
C1orf43	1	1
C1orf53	1	0
C1orf68	1	0
C20orf202	1	0
C20orf203	1	0
C20orf96	1	2
C21orf62	1	1
C21orf91	1	2
C22orf39	1	0
C2CD4A	1	0
C2CD4C	1	0
C2orf50	1	0
C2orf68	1	0
C3orf52	1	0
C3orf70	1	1
C3orf84	1	0
C4BPB	1	1
C4orf3	1	0
C4orf45	1	1
C4orf51	1	1
C5orf47	1	0
C5orf49	1	1
C6orf120	1	0
C6orf141	1	0
C6orf47	1	1
C8orf48	1	2
C8orf82	1	0
C9orf153	1	2
C9orf16	1	0
C9orf57	1	0
CABP1	1	0
CALCB	1	1
CALHM3	1	0
CALHM4	1	0
CALM1	1	1
CALML5	1	1
CALML6	1	0
CALY	1	0
CAMK2N2	1	0
CAPN8	1	0
CARD18	1	1
CASP6	1	1
CASTOR2	1	0
CATSPERZ	1	0
CAV1	1	0
CBWD1	1	0
CBWD3	1	1
CBWD6	1	2
CBY1	1	0
CCDC107	1	0
CCDC12	1	1
CCDC121	1	0
CCDC154	1	0
CCDC159	1	2
CCDC163	1	0
CCDC167	1	0
CCDC182	1	0
CCDC189	1	0
CCDC32	1	1
CCDC70	1	3
CCDC86	1	3
CCL11	1	1
CCL13	1	0
CCL15	1	0
CCL17	1	0
CCL18	1	0
CCL21	1	0
CCL25	1	0
CCL4L2	1	1
CCL7	1	0
CCND2	1	0
CCNG1	1	2
CCNH	1	2
CCNI	1	3
CCNI2	1	0
CCNP	1	1
CCT7	1	1
CD164L2	1	0
CD274	1	1
CD3D	1	0
CD68	1	0
CD82	1	1
CD83	1	1
CD8A	1	2
CDC42EP2	1	0
CDC42EP5	1	0
CDC42SE1	1	0
CDCA5	1	1
CDIPT	1	1
CDK5R2	1	0
CDKN2A	1	0
CDKN2B	1	0
CDKN2D	1	0
CDKN3	1	0
CDRT4	1	0
CEACAM6	1	0
CEBPB	1	0
CEBPG	1	1
CEMP1	1	0
CENATAC	1	1
CENPM	1	0
CENPS-CORT	1	1
CENPX	1	0
CEP295NL	1	1
CERCAM	1	3
CETN2	1	0
CFD	1	0
CGB2	1	0
CGB8	1	0
CGREF1	1	0
CHADL	1	0
CHCHD1	1	0
CHCHD3	1	2
CHCHD4	1	0
CHMP1B	1	0
CHN2	1	0
CHRNB4	1	0
CIAO1	1	0
CIAO2A	1	0
CIAO2B	1	0
CIB2	1	0
CIDEB	1	0
CIRBP	1	1
CISD3	1	0
CKLF-CMTM1	1	0
CLDN1	1	0
CLDN20	1	0
CLDN22	1	0
CLDN23	1	0
CLDN25	1	3
CLEC17A	1	1
CLEC2A	1	1
CLEC2L	1	1
CLIC1	1	0
CLN5	1	1
CLPS	1	2
CMBL	1	1
CMTM4	1	0
CNBP	1	0
CNFN	1	1
CNIH3	1	1
CNN3	1	0
CNPY4	1	0
COA4	1	0
COA5	1	1
COA7	1	0
COMMD3-BMI1	1	0
COMMD7	1	0
COPG2	1	2
COPZ1	1	1
COPZ2	1	1
COQ10A	1	2
COQ10B	1	2
CORO1B	1	1
COX20	1	0
COX4I2	1	3
COX6B1	1	0
COX6B2	1	0
COX7A2	1	0
COX7A2L	1	1
COX7B2	1	0
COX8A	1	1
CPLX3	1	1
CPSF4L	1	0
CPT2	1	2
CRCP	1	1
CRCT1	1	0
CREBL2	1	0
CRIPT	1	1
CRP	1	1
CRYBA2	1	0
CRYGD	1	1
CRYGN	1	0
CSAG1	1	0
CSAG3	1	1
CSH1	1	2
CSKMT	1	0
CSRP3	1	1
CST3	1	0
CST5	1	1
CST6	1	2
CST9L	1	1
CSTB	1	0
CT45A10	1	1
CTRB2	1	1
CTSK	1	1
CTU1	1	0
CXCL1	1	1
CXCL10	1	1
CXCL17	1	0
CXCL2	1	0
CXCR6	1	1
CXXC4	1	0
CXorf21	1	3
CYB561D1	1	0
CYB561D2	1	0
CYB5A	1	0
CYBRD1	1	2
CYP21A2	1	1
CYP3A7-CYP3A51P	1	0
CYS1	1	0
CYSTM1	1	0
DACT2	1	1
DAD1	1	0
DAND5	1	0
DAP	1	1
DARS1	1	3
DAZAP2	1	0
DBNDD1	1	2
DCAF8L2	1	1
DCUN1D2	1	1
DCXR	1	0
DDRGK1	1	0
DDX41	1	1
DEFA3	1	0
DEFA5	1	0
DEFA6	1	0
DEFB108B	1	1
DEFB110	1	1
DEFB112	1	0
DEFB113	1	1
DEFB114	1	2
DEFB115	1	0
DEFB123	1	0
DEFB129	1	2
DEFB132	1	0
DEFB4A	1	0
DESI2	1	2
DEXI	1	1
DHCR24	1	0
DIPK1A	1	1
DIPK1B	1	0
DLX6	1	1
DMRTC1	1	0
DNAJA2	1	1
DNAJB1	1	0
DNAJC30	1	0
DNAL1	1	1
DNMT3L	1	0
DNPH1	1	0
DPH3	1	0
DPH7	1	1
DPM2	1	0
DR1	1	0
DRD4	1	0
DUS2	1	1
DUSP1	1	1
DUSP14	1	0
DUSP21	1	0
DUSP23	1	0
DUSP26	1	2
DYNC1LI2	1	1
DYNLL2	1	0
DYNLRB1	1	0
DYNLT1	1	0
DYNLT3	1	0
E2F6	1	1
EDDM3A	1	1
EDN2	1	1
EFCAB2	1	0
EFCC1	1	0
EID2B	1	0
EIF1AX	1	0
EIF2S1	1	1
EIF3CL	1	0
EIF4A1	1	0
EIF5AL1	1	1
EIF6	1	0
ELMOD3	1	0
ELOC	1	1
ELOF1	1	1
ELSPBP1	1	1
EMP1	1	1
EMP2	1	0
EMX1	1	1
ENOPH1	1	1
ENTPD5	1	0
EPDR1	1	1
EPGN	1	0
EPO	1	0
EPOR	1	0
EQTN	1	1
ERCC5	1	0
ERGIC2	1	1
ERICH6B	1	1
ERV3-1	1	1
ETHE1	1	0
ETV2	1	1
ETV7	1	0
EVX1	1	0
EXO5	1	0
EXOSC2	1	1
F2RL1	1	1
F8A1	1	0
FABP12	1	1
FABP3	1	0
FADS1	1	0
FAHD1	1	0
FAIM	1	1
FAM104A	1	0
FAM104B	1	2
FAM107A	1	0
FAM122B	1	1
FAM131A	1	0
FAM160A1	1	1
FAM162A	1	0
FAM166C	1	0
FAM170B	1	1
FAM172A	1	1
FAM187A	1	0
FAM200B	1	1
FAM210A	1	3
FAM210B	1	0
FAM221B	1	2
FAM227A	1	1
FAM237A	1	1
FAM241B	1	0
FAM24B	1	1
FAM3A	1	0
FAM3C	1	1
FAM47E	1	0
FAM47E-STBD1	1	0
FAM53B	1	1
FAM71E2	1	1
FAM72C	1	0
FAM89A	1	1
FAM98B	1	2
FBXL12	1	1
FBXO17	1	0
FBXO36	1	1
FCGR2C	1	0
FDX1	1	0
FEV	1	0
FGF21	1	0
FGF22	1	0
FGFR1OP2	1	1
FHL1	1	0
FHL3	1	0
FIGLA	1	1
FKBP1C	1	0
FKBP7	1	2
FMC1-LUC7L2	1	0
FO393400.1	1	0
FOLH1B	1	0
FRG1	1	1
FSTL3	1	0
FTH1	1	0
FXYD1	1	1
FXYD6	1	0
GADD45G	1	0
GALR3	1	1
GAPT	1	1
GASK1A	1	0
GATAD1	1	0
GATC	1	0
GBGT1	1	0
GCHFR	1	0
GCNT7	1	0
GCSAM	1	1
GDE1	1	0
GDNF	1	1
GEMIN2	1	2
GET3	1	0
GFRA3	1	2
GFRAL	1	1
GFUS	1	0
GHRH	1	0
GHRHR	1	0
GHRL	1	0
GID8	1	1
GIP	1	0
GJB2	1	0
GJB5	1	0
GKAP1	1	2
GLIPR2	1	1
GLOD4	1	2
GLOD5	1	0
GLRX	1	2
GLYATL3	1	0
GMFB	1	2
GNG13	1	0
GNG3	1	1
GNGT1	1	2
GNRH2	1	0
GOLGA8A	1	0
GOLPH3L	1	1
GOLT1A	1	1
GP9	1	1
GPATCH4	1	0
GPIHBP1	1	0
GPM6B	1	0
GPN3	1	1
GPR1	1	3
GPR137C	1	0
GPR55	1	1
GRAP	1	0
GRPEL2	1	1
GSC2	1	0
GSDMD	1	0
GSPT1	1	0
GSTK1	1	0
GSTO2	1	1
GTF2A1L	1	0
GTF2H5	1	0
GUCA2A	1	0
GUCD1	1	0
GUK1	1	0
H2AC15	1	1
H2AC8	1	0
H2AW	1	1
H2AZ1	1	1
H2BC10	1	0
H2BC17	1	0
H2BC21	1	1
H3-3A	1	0
H3C10	1	0
HAMP	1	1
HAUS2	1	1
HBB	1	1
HBG1	1	0
HBM	1	0
HCAR1	1	0
HCCS	1	4
HDDC3	1	1
HEBP1	1	2
HERC3	1	0
HES4	1	0
HES6	1	0
HES7	1	0
HIGD1A	1	0
HIGD1C	1	0
HIKESHI	1	0
HLA-DOB	1	1
HLA-DQB2	1	1
HLA-DRB1	1	0
HMGA1	1	0
HMGB3	1	1
HOPX	1	0
HORMAD2	1	3
HOXA13	1	1
HOXA5	1	2
HOXB5	1	1
HOXB6	1	1
HOXB9	1	1
HOXC8	1	1
HPGD	1	0
HS3ST6	1	0
HSD11B1L	1	0
HSD17B7	1	0
HSFX1	1	0
HSPB1	1	0
HSPB6	1	0
HSPB7	1	0
HSPE1-MOB4	1	0
HTN3	1	0
HYPK	1	0
IAPP	1	1
ID1	1	0
ID3	1	0
ID4	1	0
IDH3B	1	1
IDNK	1	1
IER3	1	0
IER3IP1	1	0
IER5L	1	0
IFFO2	1	0
IFI27	1	0
IFITM3	1	0
IFNE	1	2
IFT20	1	0
IGBP1	1	4
IGFBP5	1	1
IGFL2	1	0
IGHD1-7	1	0
IGHD3-9	1	0
IGHD5-18	1	0
IGHD6-13	1	0
IGHJ4	1	0
IGHV2-26	1	0
IGHV2OR16-5	1	0
IGHV3-13	1	0
IGHV3-30	1	1
IGHV3-43	1	2
IGHV3-74	1	1
IGHV4-59	1	2
IGHV4-61	1	1
IGHV6-1	1	0
IGIP	1	0
IGKC	1	1
IGKJ1	1	0
IGKV1-16	1	0
IGKV1-17	1	1
IGKV1-33	1	1
IGKV1-8	1	2
IGKV1D-12	1	0
IGKV1D-17	1	0
IGKV2-30	1	0
IGKV3D-7	1	1
IGKV5-2	1	0
IGLC2	1	0
IGLC7	1	0
IGLL5	1	0
IGLV1-40	1	0
IGLV1-44	1	2
IGLV3-21	1	2
IGLV3-22	1	0
IGLV3-27	1	3
IGLV4-3	1	0
IGLV4-69	1	0
IGLV5-37	1	0
IGLV5-48	1	0
IKBKG	1	2
IL12A	1	1
IL13	1	0
IL17B	1	0
IL17C	1	0
IL18BP	1	3
IL19	1	2
IL33	1	2
IL34	1	0
IL36A	1	0
IL36RN	1	0
IL5	1	0
IMMP1L	1	0
INCA1	1	1
INSL4	1	0
INSL5	1	1
INSM1	1	0
INTS14	1	1
IQCC	1	0
IQCJ	1	0
IQCK	1	4
IRF2BP1	1	0
IRGM	1	0
ISCU	1	0
ISOC2	1	0
ISX	1	0
JAGN1	1	0
JMJD4	1	2
JMJD7	1	0
JOSD2	1	0
JTB	1	1
JUND	1	0
KBTBD2	1	3
KCNA7	1	0
KCNN4	1	0
KDELR2	1	1
KHDC1L	1	1
KIAA2012	1	0
KLF16	1	0
KLK10	1	0
KLK2	1	0
KLK3	1	1
KLK7	1	1
KRCC1	1	2
KRTAP1-3	1	1
KRTAP10-1	1	2
KRTAP12-4	1	0
KRTAP13-3	1	2
KRTAP19-4	1	0
KRTAP19-7	1	0
KRTAP20-2	1	2
KRTAP20-4	1	0
KRTAP21-1	1	0
KRTAP23-1	1	1
KRTAP4-7	1	0
KRTAP5-11	1	0
KRTAP5-2	1	1
KRTAP5-5	1	0
KRTAP8-1	1	2
KRTAP9-1	1	1
KRTAP9-4	1	0
L34079.1	1	1
LACTBL1	1	0
LAMTOR3	1	0
LAMTOR4	1	0
LAMTOR5	1	0
LAPTM4B	1	1
LAPTM5	1	0
LASP1	1	0
LAT	1	2
LBHD1	1	1
LCE1B	1	0
LCE5A	1	1
LCN1	1	1
LCN10	1	0
LCN8	1	1
LCNL1	1	1
LDLRAD1	1	0
LECT2	1	0
LEMD2	1	0
LENEP	1	0
LGALS1	1	0
LGALS12	1	1
LGALSL	1	0
LGMN	1	1
LHFPL1	1	0
LHX4	1	2
LIF	1	0
LIMS1	1	0
LIN28B	1	2
LIN37	1	1
LIN7B	1	0
LIN7C	1	2
LINC02843	1	0
LIPF	1	3
LIX1L	1	2
LKAAEAR1	1	0
LMAN2L	1	0
LMBR1	1	3
LMO1	1	1
LPAL2	1	0
LRAT	1	1
LRATD1	1	0
LRRC20	1	0
LRRC3	1	0
LRRC38	1	0
LRRC6	1	3
LRRC70	1	1
LRRC75A	1	0
LRRN4CL	1	0
LSM12	1	0
LSM2	1	1
LSM5	1	0
LSM6	1	0
LSM8	1	0
LTA	1	0
LTB4R	1	2
LTO1	1	1
LY6E	1	0
LYNX1-SLURP2	1	0
LYPD5	1	0
LYPD6	1	1
LYPD8	1	0
LYPLAL1	1	1
LYRM1	1	0
LYRM9	1	0
LYZ	1	0
MAF1	1	0
MAFF	1	0
MAGEA8	1	2
MAGEA9	1	0
MAGEA9B	1	0
MAGEF1	1	1
MALSU1	1	1
MAP1LC3B	1	0
MAP3K7CL	1	0
MAVS	1	0
MBD3	1	0
MBD3L2	1	0
MBIP	1	1
MBLAC1	1	0
MBNL3	1	3
MBOAT4	1	0
MCEMP1	1	0
MCL1	1	0
MCRIP2	1	0
MDFI	1	1
MDP1	1	1
MED17	1	1
MED19	1	0
MED20	1	0
MED21	1	1
MED6	1	1
MED9	1	0
MEF2B	1	1
METRN	1	0
METTL5	1	1
MFSD3	1	0
MGAT2	1	0
MGME1	1	1
MGMT	1	1
MGST3	1	0
MIF	1	0
MILR1	1	0
MIXL1	1	0
MLN	1	1
MND1	1	0
MOB1B	1	0
MOBP	1	0
MORN4	1	0
MPC2	1	0
MPST	1	0
MRAS	1	0
MRFAP1	1	0
MRGPRG	1	0
MRM1	1	1
MRM2	1	2
MRPL10	1	0
MRPL21	1	0
MRPL22	1	1
MRPL27	1	0
MRPL35	1	2
MRPL4	1	0
MRPL41	1	0
MRPL45	1	1
MRPL52	1	0
MRPS18A	1	0
MRPS18B	1	1
MRPS18C	1	1
MRPS21	1	1
MRPS23	1	1
MRPS26	1	0
MRPS28	1	0
MRPS34	1	0
MS4A6A	1	1
MS4A6E	1	2
MSANTD1	1	0
MSMB	1	1
MSRB1	1	1
MSTO1	1	1
MT1B	1	0
MT1E	1	0
MT1G	1	0
MT1M	1	1
MTAP	1	0
MTFMT	1	1
MTHFS	1	1
MTNR1A	1	0
MTPN	1	0
MVB12A	1	0
MVB12B	1	2
MYCBP	1	2
MYDGF	1	0
MYEOV	1	1
MYL3	1	0
MZB1	1	0
NAA10	1	1
NAA20	1	1
NAA30	1	2
NAA40	1	1
NABP1	1	0
NADK2	1	3
NAIP	1	0
NANOS1	1	0
NANS	1	2
NAT1	1	0
NAT9	1	1
NBPF10	1	0
NBPF15	1	3
NBPF4	1	0
NBPF6	1	0
NCMAP	1	0
NCR1	1	2
NCR2	1	0
NDFIP2	1	1
NDRG2	1	2
NDUFA5	1	0
NDUFA6	1	0
NDUFB2	1	0
NDUFB6	1	0
NDUFC1	1	0
NDUFS4	1	2
NDUFV3	1	0
NEURL1B	1	0
NGB	1	1
NHLRC1	1	1
NHLRC4	1	0
NIPSNAP2	1	1
NKAIN2	1	0
NKIRAS1	1	1
NKX6-3	1	0
NME1	1	0
NME4	1	0
NOCT	1	0
NODAL	1	1
NOP16	1	0
NPB	1	0
NPC2	1	0
NPDC1	1	0
NPFF	1	0
NPIPB7	1	0
NPL	1	3
NPPC	1	0
NPRL2	1	0
NRGN	1	0
NRTN	1	0
NUDT2	1	0
NUDT21	1	0
NUP62CL	1	0
NUPR1	1	0
NUTF2	1	0
NXNL2	1	0
NXPH4	1	0
NXT2	1	1
OARD1	1	1
OAZ3	1	0
OCEL1	1	1
OCM2	1	0
ODF3B	1	0
OIP5	1	0
OOSP2	1	1
OPALIN	1	1
OPN1MW	1	2
OR12D3	1	3
OR14A2	1	1
OR1E1	1	2
OR2AJ1	1	1
OR2T1	1	1
OR2T5	1	0
OR3A2	1	0
OR4F17	1	1
OR52W1	1	1
OR56B4	1	1
OR6B1	1	2
OR6C3	1	3
ORMDL2	1	1
ORMDL3	1	0
OST4	1	0
OSTC	1	1
OVCA2	1	0
OVOL2	1	1
OXLD1	1	0
PABPN1	1	1
PAEP	1	0
PAFAH1B2	1	0
PAFAH1B3	1	1
PAGE3	1	1
PAGE4	1	0
PAGE5	1	0
PAGR1	1	0
PAIP2B	1	0
PARG	1	2
PARL	1	0
PATL2	1	0
PCBD2	1	0
PCGF6	1	1
PCP4	1	0
PDCL2	1	1
PDE6H	1	0
PDGFB	1	2
PDLIM3	1	0
PDZD9	1	2
PEBP1	1	0
PECR	1	0
PEX11A	1	1
PEX26	1	1
PF4V1	1	0
PFDN2	1	1
PFDN5	1	1
PFKFB3	1	2
PFN1	1	0
PGLS	1	0
PGM2	1	1
PGPEP1L	1	2
PGRMC2	1	0
PHB	1	1
PHLDA2	1	0
PI3	1	1
PIGH	1	0
PIGL	1	0
PIGY	1	0
PILRB	1	2
PIN4	1	0
PIRT	1	0
PITX3	1	0
PKD1L3	1	1
PLA2G12B	1	0
PLA2G2A	1	0
PLA2G5	1	2
PLD4	1	0
PLEKHJ1	1	0
PLLP	1	0
PLPP1	1	1
PLPP6	1	1
PMCH	1	0
PMM2	1	0
PMVK	1	0
POLR2G	1	0
POTEI	1	1
POU6F1	1	0
PPDPFL	1	2
PPIA	1	0
PPIC	1	1
PPIH	1	0
PPIL3	1	1
PPP1R11	1	0
PPP1R35	1	0
PPP1R3G	1	0
PPP1R8	1	0
PPP2CA	1	0
PPT1	1	0
PRAF2	1	0
PRB1	1	2
PRDM6	1	0
PRDX3	1	0
PRELID1	1	0
PRELID3B	1	1
PRH1	1	0
PRICKLE4	1	1
PRKACA	1	1
PRKY	1	1
PRM2	1	3
PRPS1	1	1
PRR27	1	0
PRR3	1	0
PRR32	1	0
PRR7	1	0
PRRG2	1	0
PRRT4	1	1
PRSS22	1	1
PRSS38	1	3
PRSS45P	1	0
PSMA6	1	0
PSMB6	1	0
PSMC3IP	1	1
PSMD10	1	0
PSME2	1	1
PSME3	1	2
PSMG3	1	0
PTGES	1	1
PTH2	1	0
PTMA	1	0
PTP4A1	1	1
PTP4A2	1	2
PTPRCAP	1	0
PTRH2	1	0
PTTG2	1	0
PUSL1	1	0
PVALB	1	0
PVR	1	1
PXDC1	1	2
PXMP4	1	0
PYCARD	1	1
PYCR3	1	1
PYDC2	1	0
QRFP	1	1
RAB13	1	0
RAB15	1	0
RAB19	1	0
RAB32	1	1
RAB33B	1	2
RAB5IF	1	0
RAB6D	1	1
RABAC1	1	0
RABIF	1	2
RABL3	1	2
RAD21L1	1	2
RAMAC	1	0
RANGRF	1	0
RAP1B	1	0
RAP2A	1	0
RAPGEFL1	1	0
RARRES2	1	0
RAX2	1	0
RBFOX3	1	1
RBKS	1	1
RBM23	1	1
RBM24	1	1
RBM3	1	0
RBM41	1	1
RBM8A	1	1
RBP1	1	0
RBP5	1	0
RCAN1	1	0
RCAN3	1	0
RDH14	1	0
REEP1	1	1
REG4	1	0
REX1BD	1	0
RFK	1	1
RFNG	1	0
RFPL4A	1	0
RGCC	1	1
RGPD8	1	0
RHEBL1	1	1
RHOD	1	1
RHOG	1	1
RHOH	1	1
RHOXF2B	1	1
RILPL1	1	0
RIMS4	1	2
RIT1	1	2
RMI2	1	0
RNASE1	1	1
RNASE12	1	2
RNASE2	1	1
RNASE6	1	1
RNASE8	1	0
RNASEH1	1	0
RNASEK-C17orf49	1	0
RNF11	1	0
RNF114	1	0
RNF144B	1	0
RNF186	1	0
RNF38	1	0
RNF4	1	0
RNF5	1	0
RNLS	1	1
RNPC3	1	0
RPA3	1	0
RPEL1	1	0
RPH3AL	1	1
RPL11	1	2
RPL15	1	0
RPL21	1	2
RPL23	1	0
RPL27A	1	0
RPL39L	1	0
RPL7A	1	0
RPLP0	1	0
RPLP1	1	0
RPP21	1	0
RPP25	1	0
RPRM	1	1
RPS15	1	0
RPS15A	1	1
RPS16	1	0
RPS19BP1	1	0
RPS20	1	0
RPS25	1	0
RPS27	1	1
RPS27L	1	0
RPS28	1	0
RPS4X	1	1
RPS8	1	0
RRAGA	1	0
RRP8	1	4
RSL24D1	1	0
S100A1	1	0
S100A13	1	0
S100A14	1	0
S100A5	1	0
S100P	1	0
SAA1	1	1
SAP18	1	1
SAP30	1	1
SARM1	1	0
SARNP	1	0
SAV1	1	1
SBDS	1	0
SBSPON	1	3
SCG5	1	1
SCGB1A1	1	0
SCGB3A1	1	0
SCGB3A2	1	1
SCIMP	1	1
SCP2D1	1	1
SCRT2	1	0
SDC4	1	0
SDCBP	1	0
SDF2L1	1	0
SDHAF1	1	0
SDHAF4	1	1
SDR16C5	1	1
SDR42E1	1	1
SEC22B	1	0
SEC61G	1	0
SELENOH	1	0
SEM1	1	0
SERF1B	1	0
SERHL2	1	0
SERINC3	1	1
SERP1	1	0
SF3B5	1	0
SF3B6	1	1
SFN	1	1
SFTA2	1	0
SFXN5	1	3
SH2D1A	1	0
SH2D7	1	0
SH3BGR	1	0
SH3BP1	1	1
SHISA7	1	0
SHISAL2A	1	0
SIAH1	1	0
SIKE1	1	0
SIVA1	1	0
SIX3	1	0
SKA1	1	2
SLAMF6	1	1
SLC22A24	1	2
SLC25A20	1	1
SLC25A21	1	0
SLC25A27	1	0
SLC25A29	1	0
SLC25A38	1	0
SLC2A4RG	1	0
SLC30A4	1	2
SLC35A4	1	0
SLC35C1	1	0
SLC35E2B	1	0
SLC35F2	1	0
SLC35F6	1	1
SLC38A2	1	2
SLC51B	1	0
SLC66A3	1	2
SLC7A6OS	1	0
SLIRP	1	0
SLN	1	0
SLX1A	1	0
SMAD7	1	2
SMCO3	1	2
SMCP	1	0
SMIM10	1	0
SMIM2	1	0
SMIM29	1	0
SMIM8	1	1
SNAI3	1	0
SNAP23	1	0
SNAP29	1	0
SNAPC5	1	0
SNCA	1	1
SNCG	1	0
SNRPD3	1	1
SNRPG	1	0
SNUPN	1	2
SNX24	1	1
SNX3	1	1
SOCS4	1	2
SOD1	1	0
SOX12	1	0
SOX14	1	1
SPANXC	1	1
SPANXN1	1	0
SPANXN4	1	1
SPANXN5	1	0
SPATA12	1	0
SPATA3	1	0
SPATA31A6	1	0
SPATA31A7	1	0
SPATA31D4	1	1
SPATA45	1	0
SPDYE4	1	0
SPIN4	1	0
SPINK13	1	1
SPINK6	1	0
SPRR1A	1	0
SPRR1B	1	1
SPRR2A	1	1
SPRR2B	1	0
SPRR2D	1	0
SPRR2E	1	1
SPRR2G	1	0
SPRYD4	1	2
SPTSSA	1	1
SRARP	1	0
SRD5A1	1	1
SRI	1	2
SRM	1	0
SRP14	1	0
SRSF2	1	1
SRSF3	1	1
SRXN1	1	0
SSNA1	1	0
SSPN	1	1
SSR4	1	0
SSTR5	1	0
SSX2	1	0
SSX4	1	0
SSX7	1	1
ST20	1	0
STATH	1	0
STH	1	1
STIMATE	1	1
STPG4	1	0
STUM	1	0
STX10	1	1
STX17	1	1
SURF2	1	0
SVBP	1	0
SWI5	1	0
SYCE1L	1	0
SYCN	1	0
SYNDIG1L	1	0
SYNGR1	1	0
SYNGR3	1	0
SYNJ2BP	1	0
TAF10	1	1
TAFA2	1	0
TBC1D7	1	3
TBL1Y	1	2
TBP	1	1
TCEAL7	1	0
TCEAL8	1	0
TCF23	1	1
TCP10L	1	0
TCTA	1	1
TCTEX1D4	1	0
TEX101	1	0
TEX29	1	1
TEX33	1	0
TEX36	1	1
TFAP2E	1	0
TFAP4	1	0
TFF1	1	0
TFPT	1	2
TGDS	1	4
THNSL2	1	0
TIGAR	1	1
TIGD1	1	1
TIMM10	1	0
TIMM21	1	0
TIMM29	1	0
TIMM8A	1	0
TIMM8B	1	0
TIMM9	1	0
TIMP1	1	2
TIPIN	1	2
TLCD3A	1	0
TLE5	1	0
TM2D3	1	1
TMED7-TICAM2	1	0
TMEM102	1	0
TMEM106A	1	1
TMEM107	1	0
TMEM11	1	2
TMEM126A	1	1
TMEM126B	1	0
TMEM134	1	0
TMEM14A	1	0
TMEM14B	1	0
TMEM14C	1	0
TMEM158	1	0
TMEM160	1	0
TMEM176A	1	0
TMEM179	1	0
TMEM187	1	0
TMEM204	1	0
TMEM208	1	0
TMEM209	1	0
TMEM213	1	0
TMEM223	1	0
TMEM230	1	0
TMEM231	1	0
TMEM233	1	0
TMEM234	1	0
TMEM243	1	0
TMEM244	1	1
TMEM251	1	0
TMEM254	1	0
TMEM256	1	0
TMEM258	1	0
TMEM263	1	0
TMEM269	1	1
TMEM270	1	0
TMEM273	1	1
TMEM40	1	0
TMEM41B	1	3
TMEM45B	1	2
TMEM65	1	1
TMEM81	1	1
TMEM89	1	0
TMEM91	1	0
TMEM98	1	1
TMEM9B	1	1
TMIE	1	0
TMLHE	1	2
TMPRSS4	1	1
TMSB10	1	0
TMSB15A	1	0
TMSB4X	1	0
TNFAIP8L1	1	0
TNFRSF13C	1	0
TNFRSF4	1	0
TNP1	1	0
TNP2	1	2
TOB1	1	2
TOE1	1	1
TOMM20	1	0
TOMM20L	1	0
TOMM6	1	0
TP53AIP1	1	1
TP53INP2	1	1
TPGS1	1	0
TPM4	1	2
TPRG1	1	0
TPRG1L	1	2
TPRN	1	0
TPSG1	1	1
TPT1	1	0
TRAPPC1	1	0
TRAPPC2L	1	2
TRAPPC6B	1	0
TRAV2	1	0
TRAV26-1	1	1
TRAV5	1	1
TRAV6	1	2
TRBV24-1	1	0
TRDJ2	1	0
TREX1	1	0
TRIAP1	1	0
TRIM16	1	0
TRIM39-RPP21	1	0
TRIM40	1	1
TRMT112	1	0
TSHB	1	2
TSNAX	1	1
TSPAN1	1	0
TSPAN15	1	0
TSPAN16	1	0
TSPAN4	1	0
TSPO	1	1
TSPY2	1	0
TTC19	1	2
TTC36	1	0
TXNDC12	1	1
TXNDC9	1	1
TYW1B	1	1
U2AF1	1	0
UBALD1	1	0
UBALD2	1	0
UBE2D1	1	0
UBE2D2	1	0
UBE2D4	1	1
UBE2E3	1	0
UBE2H	1	0
UBE2J1	1	1
UBE2N	1	0
UBE2Q2	1	1
UBE2QL1	1	0
UBE2S	1	0
UBE2V2	1	0
UBL4B	1	1
UBTFL1	1	0
UCHL1	1	2
UCHL3	1	1
UCHL5	1	1
UCK1	1	1
UFM1	1	0
UMPS	1	2
UNC119	1	0
UPK3B	1	0
UQCC3	1	1
UQCR10	1	0
UQCRH	1	1
USE1	1	0
USP17L1	1	0
USP17L4	1	0
UTS2	1	0
VAMP2	1	0
VAMP3	1	1
VAT1	1	0
VGLL2	1	0
VHL	1	1
VMA21	1	0
VPREB3	1	1
VPS37D	1	0
VSX1	1	1
VTI1B	1	0
VWA5B2	1	1
VWC2	1	0
WASHC3	1	2
WBP2NL	1	1
WDR12	1	0
WDR83OS	1	0
WFDC10A	1	0
WFDC12	1	0
WFDC9	1	0
XCL1	1	0
XXYLT1	1	0
YAE1	1	0
YEATS4	1	2
YJEFN3	1	0
YJU2	1	0
YPEL4	1	0
YPEL5	1	1
YRDC	1	0
YWHAH	1	1
YY1	1	1
ZCCHC24	1	0
ZDHHC18	1	0
ZDHHC22	1	1
ZFP92	1	1
ZGLP1	1	0
ZIC2	1	1
ZNF232	1	1
ZNF444	1	1
ZNF503	1	0
ZNF511	1	0
ZNF561	1	2
ZNF630	1	3
ZNF720	1	0
ZNF727	1	2
ZNF737	1	1
ZNF740	1	0
ZNF747	1	0
ZNF784	1	0
ZNF837	1	0
ZNF853	1	0
ZNHIT2	1	1
ZSCAN12	1	1
ZSCAN32	1	0
ZSWIM7	1	0
AC026786.1	0	1
AC093155.3	0	1
ACAA2	0	1
ADH4	0	1
AGR3	0	1
AK2	0	1
AL163195.3	0	1
AL359922.1	0	1
AL713999.2	0	1
ALKAL2	0	1
AMN1	0	2
APOC1	0	1
ARF3	0	1
ARHGEF35	0	2
ATP5MG	0	1
AURKAIP1	0	1
AVP	0	1
BAG5	0	3
BCAP31	0	1
BCL7B	0	1
BPGM	0	1
C10orf105	0	1
C12orf75	0	1
C18orf21	0	2
C19orf38	0	1
C1QTNF9B	0	2
C3orf14	0	2
C4orf47	0	1
CBS	0	1
CCDC43	0	1
CCDC68	0	2
CD3E	0	1
CD59	0	1
CDA	0	1
CDK2AP2	0	1
CEACAM1	0	1
CES4A	0	1
CHAC2	0	1
CHCHD7	0	1
CHP1	0	1
CIB4	0	2
CKMT1A	0	1
CLIC5	0	1
CLPSL1	0	1
CNIH4	0	1
COMMD1	0	1
CRABP2	0	1
CSNK2B	0	1
CSTA	0	1
CT45A1	0	1
CT47A6	0	1
CTSD	0	1
CXCL13	0	1
CXCL14	0	1
CYB5R1	0	2
CYSRT1	0	1
DCTN6	0	1
DCUN1D5	0	1
DDB2	0	2
DEFB1	0	1
DEFB105A	0	1
DEFB134	0	1
DEPP1	0	1
DTYMK	0	1
DYNLRB2	0	1
EBF4	0	1
EI24	0	2
ELFN1	0	1
EN2	0	1
ERGIC1	0	1
ERH	0	1
ERICH2	0	1
FABP7	0	2
FAM221A	0	1
FAM228B	0	2
FIS1	0	1
GAGE1	0	1
GAR1	0	1
GAST	0	1
GGTLC2	0	1
GINM1	0	2
GNG2	0	1
GOLGA8G	0	1
GPHA2	0	1
GSG1L	0	2
GSKIP	0	1
GTF2A2	0	1
GTF2F2	0	1
H2AP	0	1
H2AZ2	0	1
H2BC9	0	1
H2BU1	0	1
HLA-DQA1	0	1
HLA-DRB5	0	1
HMGCL	0	2
HMGN4	0	1
HOXB8	0	1
HPGDS	0	1
HSBP1L1	0	1
HSPBP1	0	1
IFITM2	0	1
IFNA1	0	1
IGHD3-22	0	1
IGHD6-19	0	1
IGHV1-3	0	1
IGHV3-48	0	3
IGHV3-73	0	1
IGHV4-39	0	3
IGKV1-6	0	1
IGKV3-7	0	1
IGKV6-21	0	1
IGLJ3	0	1
IGLV1-36	0	1
IGLV4-60	0	1
IL9	0	2
ITGB3BP	0	2
IZUMO4	0	1
JPT1	0	1
KBTBD13	0	1
KDELR3	0	2
KIAA1143	0	1
KRTAP10-12	0	1
KRTAP19-2	0	1
KRTAP21-2	0	1
KRTAP4-9	0	1
KRTAP5-4	0	1
KRTDAP	0	1
LCE3A	0	1
LCE3B	0	1
LCN6	0	1
LCORL	0	1
LMO2	0	2
LY6H	0	1
LYRM4	0	1
MCUR1	0	4
MEA1	0	1
METTL11B	0	1
MICA	0	1
MLLT11	0	2
MOB1A	0	1
MORN2	0	1
MRPS36	0	1
MRTO4	0	1
MSRB2	0	1
MUC3A	0	1
MUCL1	0	1
MXRA7	0	2
NCK1	0	1
NDUFA8	0	1
NEDD8	0	1
NEMP2	0	1
NHP2	0	2
NHSL1	0	2
NKAIN4	0	1
NPS	0	1
NR0B2	0	1
NT5DC4	0	1
OR10AD1	0	1
OR2A1	0	1
OR4F21	0	1
OR56A5	0	1
OTUD1	0	1
PAIP2	0	1
PARD6A	0	2
PATE4	0	1
PERM1	0	1
PFN3	0	1
PGAP2	0	1
PLA2G12A	0	1
PLAC1	0	1
PLAC8	0	1
PLAC8L1	0	1
PLD6	0	1
PLET1	0	1
PLGLB1	0	1
PLN	0	1
PMPCB	0	3
POLD4	0	1
POLR2K	0	1
POMP	0	2
POU5F1B	0	1
PRAMEF11	0	1
PRAMEF6	0	2
PRM1	0	1
PRNP	0	2
PSMB10	0	1
PURB	0	1
PXT1	0	1
QDPR	0	1
RAB30	0	2
RAB37	0	2
RAB5B	0	1
RAP2C	0	1
RASA4B	0	1
RAX	0	1
RBMY1A1	0	1
RBMY1J	0	1
RBX1	0	1
RESP18	0	1
RHOF	0	1
RIIAD1	0	1
RIMBP3B	0	1
RIPPLY3	0	1
RLN1	0	2
RNASE13	0	1
RNF185	0	1
ROGDI	0	1
RPL26L1	0	1
RPL37	0	1
RPS12	0	1
RPS18	0	1
RPS19	0	1
RPS21	0	1
RPS26	0	1
RPS3A	0	1
RTL6	0	1
RWDD2A	0	1
SAA2	0	2
SAMD13	0	1
SCAMP2	0	2
SCGB1D2	0	3
SEH1L	0	1
SELENOW	0	1
SFR1	0	2
SHISA9	0	1
SKA2	0	1
SLC31A1	0	1
SLC35D1	0	2
SNN	0	1
SNRPC	0	1
SPAG11B	0	1
SPAG7	0	1
SPATA31D3	0	1
SPATA33	0	1
SPCS2	0	1
SSX1	0	1
ST3GAL5	0	1
STEAP1B	0	1
STMP1	0	1
SUMO1	0	1
TAS2R9	0	2
TBC1D26	0	1
TCAP	0	1
TCEAL2	0	2
TGFA	0	1
TIMMDC1	0	1
TLDC2	0	1
TMED3	0	1
TMEM123	0	1
TMEM127	0	1
TMEM170A	0	1
TMEM199	0	1
TMEM232	0	1
TMEM247	0	1
TMEM42	0	2
TMEM69	0	2
TMEM86B	0	1
TOMM7	0	2
TRAC	0	1
TRAJ23	0	1
TRAJ47	0	1
TRAJ49	0	1
TRARG1	0	3
TRAV13-1	0	1
TRAV13-2	0	1
TRAV21	0	1
TRAV23DV6	0	1
TRAV27	0	1
TRAV4	0	1
TRAV41	0	2
TRAV8-6	0	1
TRBC2	0	2
TRBV27	0	1
TRBV28	0	1
TRBV3-1	0	1
TRBV5-1	0	1
TRDV2	0	1
TREML4	0	2
TRGC1	0	2
TRGV3	0	2
TRGV4	0	1
TRGV8	0	1
TRGV9	0	1
TSR2	0	1
TTC1	0	1
UBE2D3	0	2
USP27X	0	1
UXT	0	1
VOPP1	0	1
VSNL1	0	1
WFDC1	0	1
WFDC11	0	1
WFDC13	0	1
YKT6	0	3
YPEL1	0	2
Z84488.1	0	1
ZCCHC10	0	1
ZG16B	0	1
ZNF541	0	2
ZNF705D	0	1
ZNF706	0	1
ZNF844	0	2
ZSCAN23	0	1
