Gene	COAD_cases	COAD_percent	READ_cases	READ_percent	Total_cases	Overall_percent
APC	307	71.729	125	80.6452	432	74.0995
TP53	234	54.6729	111	71.6129	345	59.1767
TTN	203	47.4299	62	40	265	45.4545
KRAS	183	42.757	63	40.6452	246	42.1955
SYNE1	123	28.7383	34	21.9355	157	26.9297
MUC16	122	28.5047	28	18.0645	150	25.729
PIK3CA	127	29.6729	22	14.1935	149	25.5575
FAT4	102	23.8318	26	16.7742	128	21.9554
RYR2	86	20.0935	25	16.129	111	19.0395
ZFHX4	86	20.0935	17	10.9677	103	17.6672
OBSCN	84	19.6262	17	10.9677	101	17.3242
LRP1B	76	17.757	23	14.8387	99	16.9811
CSMD3	80	18.6916	17	10.9677	97	16.6381
FBXW7	71	16.5888	26	16.7742	97	16.6381
DNAH5	81	18.9252	13	8.3871	94	16.1235
CSMD1	66	15.4206	23	14.8387	89	15.2659
DNAH11	69	16.1215	18	11.6129	87	14.9228
FAT3	65	15.1869	19	12.2581	84	14.4082
PCLO	73	17.0561	11	7.09677	84	14.4082
USH2A	70	16.3551	13	8.3871	83	14.2367
RYR3	71	16.5888	11	7.09677	82	14.0652
ABCA13	67	15.6542	14	9.03226	81	13.8937
RYR1	66	15.4206	15	9.67742	81	13.8937
NEB	64	14.9533	15	9.67742	79	13.5506
ADGRV1	65	15.1869	11	7.09677	76	13.036
DST	62	14.486	11	7.09677	73	12.5214
CACNA1E	58	13.5514	14	9.03226	72	12.3499
SOX9	61	14.2523	11	7.09677	72	12.3499
AMER1	58	13.5514	13	8.3871	71	12.1784
LRP2	60	14.0187	11	7.09677	71	12.1784
SACS	53	12.3832	18	11.6129	71	12.1784
ATM	55	12.8505	15	9.67742	70	12.0069
SMAD4	47	10.9813	23	14.8387	70	12.0069
DMD	57	13.3178	12	7.74194	69	11.8353
FLG	53	12.3832	16	10.3226	69	11.8353
HYDIN	53	12.3832	16	10.3226	69	11.8353
CSMD2	58	13.5514	10	6.45161	68	11.6638
DOCK3	60	14.0187	8	5.16129	68	11.6638
ARID1A	56	13.0841	11	7.09677	67	11.4923
BRAF	62	14.486	5	3.22581	67	11.4923
MDN1	60	14.0187	7	4.51613	67	11.4923
SDK1	58	13.5514	9	5.80645	67	11.4923
HMCN1	55	12.8505	11	7.09677	66	11.3208
KMT2D	59	13.785	7	4.51613	66	11.3208
PCDH15	58	13.5514	8	5.16129	66	11.3208
SPTA1	51	11.9159	15	9.67742	66	11.3208
SYNE2	55	12.8505	11	7.09677	66	11.3208
RNF43	61	14.2523	4	2.58065	65	11.1492
MUC5B	55	12.8505	9	5.80645	64	10.9777
XIRP2	50	11.6822	14	9.03226	64	10.9777
ANK3	54	12.6168	9	5.80645	63	10.8062
DNAH10	50	11.6822	13	8.3871	63	10.8062
KIAA1109	55	12.8505	8	5.16129	63	10.8062
NBEA	48	11.215	15	9.67742	63	10.8062
TRPS1	52	12.1495	11	7.09677	63	10.8062
ANK2	52	12.1495	10	6.45161	62	10.6346
DNAH8	50	11.6822	12	7.74194	62	10.6346
UNC13C	48	11.215	14	9.03226	62	10.6346
AHNAK2	47	10.9813	14	9.03226	61	10.4631
COL12A1	48	11.215	13	8.3871	61	10.4631
PCDH17	48	11.215	13	8.3871	61	10.4631
ROBO2	49	11.4486	12	7.74194	61	10.4631
DNAH7	44	10.2804	15	9.67742	59	10.1201
VPS13B	51	11.9159	8	5.16129	59	10.1201
KMT2B	51	11.9159	7	4.51613	58	9.94854
MACF1	48	11.215	10	6.45161	58	9.94854
MYCBP2	49	11.4486	9	5.80645	58	9.94854
TENM3	47	10.9813	11	7.09677	58	9.94854
ACVR2A	49	11.4486	8	5.16129	57	9.77702
COL6A3	48	11.215	9	5.80645	57	9.77702
DNAH2	46	10.7477	11	7.09677	57	9.77702
HERC2	50	11.6822	7	4.51613	57	9.77702
KMT2C	50	11.6822	7	4.51613	57	9.77702
DNAH3	48	11.215	8	5.16129	56	9.60549
DSCAM	50	11.6822	6	3.87097	56	9.60549
TENM1	43	10.0467	13	8.3871	56	9.60549
DNAH17	45	10.514	10	6.45161	55	9.43396
ERBB4	43	10.0467	12	7.74194	55	9.43396
FREM2	42	9.81308	13	8.3871	55	9.43396
HECW1	43	10.0467	12	7.74194	55	9.43396
LRRK2	44	10.2804	11	7.09677	55	9.43396
MXRA5	44	10.2804	11	7.09677	55	9.43396
NALCN	45	10.514	10	6.45161	55	9.43396
NRXN1	45	10.514	10	6.45161	55	9.43396
PTPRT	41	9.57944	14	9.03226	55	9.43396
TCF7L2	41	9.57944	14	9.03226	55	9.43396
TNXB	51	11.9159	4	2.58065	55	9.43396
CUBN	47	10.9813	7	4.51613	54	9.26244
DYNC2H1	42	9.81308	12	7.74194	54	9.26244
FRY	46	10.7477	8	5.16129	54	9.26244
RELN	43	10.0467	11	7.09677	54	9.26244
RIMS1	40	9.34579	14	9.03226	54	9.26244
RNF213	44	10.2804	10	6.45161	54	9.26244
ZFHX3	50	11.6822	4	2.58065	54	9.26244
BMPR2	51	11.9159	2	1.29032	53	9.09091
FAT1	44	10.2804	9	5.80645	53	9.09091
FAT2	46	10.7477	7	4.51613	53	9.09091
LRP1	45	10.514	8	5.16129	53	9.09091
NAV3	44	10.2804	9	5.80645	53	9.09091
PCDH9	45	10.514	8	5.16129	53	9.09091
PRKDC	45	10.514	8	5.16129	53	9.09091
ZNF536	45	10.514	8	5.16129	53	9.09091
FCGBP	44	10.2804	8	5.16129	52	8.91938
HECTD4	44	10.2804	8	5.16129	52	8.91938
LAMA2	45	10.514	7	4.51613	52	8.91938
TSHZ3	45	10.514	7	4.51613	52	8.91938
AKAP9	42	9.81308	9	5.80645	51	8.74786
APOB	40	9.34579	11	7.09677	51	8.74786
ASPM	42	9.81308	9	5.80645	51	8.74786
BSN	43	10.0467	8	5.16129	51	8.74786
DNAH9	43	10.0467	8	5.16129	51	8.74786
DSCAML1	45	10.514	6	3.87097	51	8.74786
DYSF	41	9.57944	10	6.45161	51	8.74786
GLI3	40	9.34579	11	7.09677	51	8.74786
ROBO1	40	9.34579	11	7.09677	51	8.74786
RP1	38	8.8785	13	8.3871	51	8.74786
SRCAP	43	10.0467	8	5.16129	51	8.74786
TMEM132D	38	8.8785	13	8.3871	51	8.74786
COL11A1	43	10.0467	7	4.51613	50	8.57633
DOCK2	38	8.8785	12	7.74194	50	8.57633
FNDC1	42	9.81308	8	5.16129	50	8.57633
MUC17	42	9.81308	8	5.16129	50	8.57633
PCDH11X	40	9.34579	10	6.45161	50	8.57633
PDZD2	40	9.34579	10	6.45161	50	8.57633
PKHD1	39	9.11215	11	7.09677	50	8.57633
VCAN	39	9.11215	11	7.09677	50	8.57633
ASH1L	40	9.34579	9	5.80645	49	8.4048
ATP10A	39	9.11215	10	6.45161	49	8.4048
COL5A1	46	10.7477	3	1.93548	49	8.4048
FBN3	39	9.11215	10	6.45161	49	8.4048
FRYL	41	9.57944	8	5.16129	49	8.4048
GRIK2	41	9.57944	8	5.16129	49	8.4048
LAMA1	44	10.2804	5	3.22581	49	8.4048
UNC79	43	10.0467	6	3.87097	49	8.4048
DCHS1	40	9.34579	8	5.16129	48	8.23328
FLNC	44	10.2804	4	2.58065	48	8.23328
GRIN2A	37	8.64486	11	7.09677	48	8.23328
IGF2R	43	10.0467	5	3.22581	48	8.23328
LRRIQ1	38	8.8785	10	6.45161	48	8.23328
NIPBL	42	9.81308	6	3.87097	48	8.23328
PCDH10	43	10.0467	5	3.22581	48	8.23328
SCN1A	43	10.0467	5	3.22581	48	8.23328
VWF	39	9.11215	9	5.80645	48	8.23328
ZDBF2	39	9.11215	9	5.80645	48	8.23328
ZNF831	42	9.81308	6	3.87097	48	8.23328
ABCA12	36	8.41121	11	7.09677	47	8.06175
AHNAK	39	9.11215	8	5.16129	47	8.06175
BCL9	36	8.41121	11	7.09677	47	8.06175
BCL9L	37	8.64486	10	6.45161	47	8.06175
COL6A6	40	9.34579	7	4.51613	47	8.06175
CREBBP	40	9.34579	7	4.51613	47	8.06175
DNAH1	42	9.81308	5	3.22581	47	8.06175
FBN1	36	8.41121	11	7.09677	47	8.06175
LAMA5	38	8.8785	9	5.80645	47	8.06175
NFASC	44	10.2804	3	1.93548	47	8.06175
PAPPA2	38	8.8785	9	5.80645	47	8.06175
PXDN	38	8.8785	9	5.80645	47	8.06175
SCN9A	37	8.64486	10	6.45161	47	8.06175
TAF1L	39	9.11215	8	5.16129	47	8.06175
TNC	42	9.81308	5	3.22581	47	8.06175
CMYA5	36	8.41121	10	6.45161	46	7.89022
COL27A1	40	9.34579	6	3.87097	46	7.89022
COL7A1	39	9.11215	7	4.51613	46	7.89022
FRAS1	39	9.11215	7	4.51613	46	7.89022
MAP2	37	8.64486	9	5.80645	46	7.89022
MEGF8	39	9.11215	7	4.51613	46	7.89022
RIMS2	40	9.34579	6	3.87097	46	7.89022
TECTA	39	9.11215	7	4.51613	46	7.89022
CACNA1A	38	8.8785	7	4.51613	45	7.7187
CACNA1H	41	9.57944	4	2.58065	45	7.7187
CDH9	34	7.94393	11	7.09677	45	7.7187
CHD7	41	9.57944	4	2.58065	45	7.7187
CNOT1	38	8.8785	7	4.51613	45	7.7187
FN1	35	8.17757	10	6.45161	45	7.7187
MYO3A	34	7.94393	11	7.09677	45	7.7187
OTOGL	33	7.71028	12	7.74194	45	7.7187
PLXNA4	41	9.57944	4	2.58065	45	7.7187
ROS1	38	8.8785	7	4.51613	45	7.7187
SCN5A	37	8.64486	8	5.16129	45	7.7187
TENM2	36	8.41121	9	5.80645	45	7.7187
TEX15	35	8.17757	10	6.45161	45	7.7187
TNR	37	8.64486	8	5.16129	45	7.7187
ADAMTS16	35	8.17757	9	5.80645	44	7.54717
ADGRL3	34	7.94393	10	6.45161	44	7.54717
F8	34	7.94393	10	6.45161	44	7.54717
PKHD1L1	36	8.41121	8	5.16129	44	7.54717
PLEC	40	9.34579	4	2.58065	44	7.54717
SPEG	37	8.64486	7	4.51613	44	7.54717
TRRAP	37	8.64486	7	4.51613	44	7.54717
ZNF804B	32	7.47664	12	7.74194	44	7.54717
ABCA1	38	8.8785	5	3.22581	43	7.37564
ANKRD11	39	9.11215	4	2.58065	43	7.37564
BIRC6	36	8.41121	7	4.51613	43	7.37564
CDH10	40	9.34579	3	1.93548	43	7.37564
CELSR1	39	9.11215	4	2.58065	43	7.37564
DSEL	33	7.71028	10	6.45161	43	7.37564
DYNC1H1	35	8.17757	8	5.16129	43	7.37564
LRRC7	32	7.47664	11	7.09677	43	7.37564
MAGEC1	36	8.41121	7	4.51613	43	7.37564
MKI67	34	7.94393	9	5.80645	43	7.37564
MYO18B	36	8.41121	7	4.51613	43	7.37564
PCDHA12	33	7.71028	10	6.45161	43	7.37564
PEG3	31	7.24299	12	7.74194	43	7.37564
SCN11A	34	7.94393	9	5.80645	43	7.37564
TG	33	7.71028	10	6.45161	43	7.37564
VPS13A	37	8.64486	6	3.87097	43	7.37564
AKAP12	36	8.41121	6	3.87097	42	7.20412
BRCA2	32	7.47664	10	6.45161	42	7.20412
COL22A1	36	8.41121	6	3.87097	42	7.20412
DCC	34	7.94393	8	5.16129	42	7.20412
FBN2	37	8.64486	5	3.22581	42	7.20412
HUWE1	34	7.94393	8	5.16129	42	7.20412
IGSF9B	39	9.11215	3	1.93548	42	7.20412
KCNB2	32	7.47664	10	6.45161	42	7.20412
KMT2A	39	9.11215	3	1.93548	42	7.20412
NOS1	34	7.94393	8	5.16129	42	7.20412
PCDHB8	35	8.17757	7	4.51613	42	7.20412
PXDNL	33	7.71028	9	5.80645	42	7.20412
SCN7A	33	7.71028	9	5.80645	42	7.20412
SPAG17	34	7.94393	8	5.16129	42	7.20412
SPEF2	34	7.94393	8	5.16129	42	7.20412
VPS13C	35	8.17757	7	4.51613	42	7.20412
ADAMTS2	37	8.64486	4	2.58065	41	7.03259
AKAP6	31	7.24299	10	6.45161	41	7.03259
ALMS1	31	7.24299	10	6.45161	41	7.03259
CDH23	34	7.94393	7	4.51613	41	7.03259
CNTNAP5	33	7.71028	8	5.16129	41	7.03259
CTNNA2	35	8.17757	6	3.87097	41	7.03259
EP400	34	7.94393	7	4.51613	41	7.03259
EPHA5	32	7.47664	9	5.80645	41	7.03259
FMN2	32	7.47664	9	5.80645	41	7.03259
MAP1B	36	8.41121	5	3.22581	41	7.03259
MAP3K4	36	8.41121	5	3.22581	41	7.03259
MTOR	39	9.11215	2	1.29032	41	7.03259
MYO15A	37	8.64486	4	2.58065	41	7.03259
NCKAP5	34	7.94393	7	4.51613	41	7.03259
PTPRS	39	9.11215	2	1.29032	41	7.03259
SVIL	37	8.64486	4	2.58065	41	7.03259
THSD7B	33	7.71028	8	5.16129	41	7.03259
A2ML1	35	8.17757	5	3.22581	40	6.86106
ADGRG4	30	7.00935	10	6.45161	40	6.86106
BRWD3	35	8.17757	5	3.22581	40	6.86106
KIF26B	32	7.47664	8	5.16129	40	6.86106
MBD6	37	8.64486	3	1.93548	40	6.86106
PAPPA	33	7.71028	7	4.51613	40	6.86106
PCDHA2	35	8.17757	5	3.22581	40	6.86106
PTPRK	34	7.94393	6	3.87097	40	6.86106
SCN3A	32	7.47664	8	5.16129	40	6.86106
SETX	32	7.47664	8	5.16129	40	6.86106
SLITRK1	31	7.24299	9	5.80645	40	6.86106
TIAM1	31	7.24299	9	5.80645	40	6.86106
TNS1	35	8.17757	5	3.22581	40	6.86106
TRIO	38	8.8785	2	1.29032	40	6.86106
USP34	34	7.94393	6	3.87097	40	6.86106
ZNF292	34	7.94393	6	3.87097	40	6.86106
ADAMTS20	31	7.24299	8	5.16129	39	6.68954
ADGRL2	32	7.47664	7	4.51613	39	6.68954
ATRX	31	7.24299	8	5.16129	39	6.68954
BNC2	36	8.41121	3	1.93548	39	6.68954
CACNA1B	33	7.71028	6	3.87097	39	6.68954
CHD4	34	7.94393	5	3.22581	39	6.68954
CHD6	31	7.24299	8	5.16129	39	6.68954
CHD8	34	7.94393	5	3.22581	39	6.68954
CNTN6	35	8.17757	4	2.58065	39	6.68954
FAM47C	31	7.24299	8	5.16129	39	6.68954
HERC1	34	7.94393	5	3.22581	39	6.68954
KALRN	32	7.47664	7	4.51613	39	6.68954
MINAR1	34	7.94393	5	3.22581	39	6.68954
MYO16	35	8.17757	4	2.58065	39	6.68954
NAV2	35	8.17757	4	2.58065	39	6.68954
NRXN2	33	7.71028	6	3.87097	39	6.68954
PREX2	32	7.47664	7	4.51613	39	6.68954
PTPRZ1	30	7.00935	9	5.80645	39	6.68954
RIF1	34	7.94393	5	3.22581	39	6.68954
RP1L1	35	8.17757	4	2.58065	39	6.68954
SVEP1	31	7.24299	8	5.16129	39	6.68954
UBR4	35	8.17757	4	2.58065	39	6.68954
UBR5	34	7.94393	5	3.22581	39	6.68954
UTRN	30	7.00935	9	5.80645	39	6.68954
ABCA4	33	7.71028	5	3.22581	38	6.51801
CARD11	29	6.7757	9	5.80645	38	6.51801
CENPF	30	7.00935	8	5.16129	38	6.51801
CNTNAP2	31	7.24299	7	4.51613	38	6.51801
CUX2	33	7.71028	5	3.22581	38	6.51801
DLC1	31	7.24299	7	4.51613	38	6.51801
DMXL1	29	6.7757	9	5.80645	38	6.51801
DMXL2	31	7.24299	7	4.51613	38	6.51801
EVC2	34	7.94393	4	2.58065	38	6.51801
GALNT17	32	7.47664	6	3.87097	38	6.51801
GPR158	29	6.7757	9	5.80645	38	6.51801
KANSL1	34	7.94393	4	2.58065	38	6.51801
KIF21A	32	7.47664	6	3.87097	38	6.51801
LPA	30	7.00935	8	5.16129	38	6.51801
MAP1A	32	7.47664	6	3.87097	38	6.51801
MGA	30	7.00935	8	5.16129	38	6.51801
MYH2	31	7.24299	7	4.51613	38	6.51801
MYH9	35	8.17757	3	1.93548	38	6.51801
PTPRC	28	6.54206	10	6.45161	38	6.51801
SALL1	29	6.7757	9	5.80645	38	6.51801
SPHKAP	30	7.00935	8	5.16129	38	6.51801
TRPC4	29	6.7757	9	5.80645	38	6.51801
USP9X	32	7.47664	6	3.87097	38	6.51801
ADGRB3	29	6.7757	8	5.16129	37	6.34648
AFF2	31	7.24299	6	3.87097	37	6.34648
ARFGEF1	32	7.47664	5	3.22581	37	6.34648
BCORL1	34	7.94393	3	1.93548	37	6.34648
CEP290	29	6.7757	8	5.16129	37	6.34648
CHD9	30	7.00935	7	4.51613	37	6.34648
DLG2	30	7.00935	7	4.51613	37	6.34648
EPG5	31	7.24299	6	3.87097	37	6.34648
ERICH3	32	7.47664	5	3.22581	37	6.34648
FAM135B	29	6.7757	8	5.16129	37	6.34648
FLNA	33	7.71028	4	2.58065	37	6.34648
ITPR1	31	7.24299	6	3.87097	37	6.34648
ITPR3	35	8.17757	2	1.29032	37	6.34648
KCNA4	29	6.7757	8	5.16129	37	6.34648
MED12	30	7.00935	7	4.51613	37	6.34648
PCDH18	30	7.00935	7	4.51613	37	6.34648
PLXND1	30	7.00935	7	4.51613	37	6.34648
PRDM9	32	7.47664	5	3.22581	37	6.34648
REV3L	32	7.47664	5	3.22581	37	6.34648
SCN2A	31	7.24299	6	3.87097	37	6.34648
SCN4A	30	7.00935	7	4.51613	37	6.34648
SDK2	35	8.17757	2	1.29032	37	6.34648
SORCS1	26	6.07477	11	7.09677	37	6.34648
SPTB	31	7.24299	6	3.87097	37	6.34648
TNRC6B	31	7.24299	6	3.87097	37	6.34648
TRIOBP	33	7.71028	4	2.58065	37	6.34648
ZBTB20	35	8.17757	2	1.29032	37	6.34648
ZNF423	33	7.71028	4	2.58065	37	6.34648
ACACA	30	7.00935	6	3.87097	36	6.17496
ACAN	29	6.7757	7	4.51613	36	6.17496
ADAMTSL3	30	7.00935	6	3.87097	36	6.17496
ADCY8	31	7.24299	5	3.22581	36	6.17496
ANK1	27	6.30841	9	5.80645	36	6.17496
ARAP2	32	7.47664	4	2.58065	36	6.17496
ARID2	30	7.00935	6	3.87097	36	6.17496
BOD1L1	26	6.07477	10	6.45161	36	6.17496
CPAMD8	30	7.00935	6	3.87097	36	6.17496
DCAF4L2	31	7.24299	5	3.22581	36	6.17496
FHOD3	32	7.47664	4	2.58065	36	6.17496
GCN1	32	7.47664	4	2.58065	36	6.17496
GOLGB1	32	7.47664	4	2.58065	36	6.17496
GPR179	30	7.00935	6	3.87097	36	6.17496
IGSF10	29	6.7757	7	4.51613	36	6.17496
LAMA3	32	7.47664	4	2.58065	36	6.17496
NRAS	21	4.90654	15	9.67742	36	6.17496
NUP205	32	7.47664	4	2.58065	36	6.17496
PCDH19	26	6.07477	10	6.45161	36	6.17496
PCDHA13	26	6.07477	10	6.45161	36	6.17496
PCDHA8	31	7.24299	5	3.22581	36	6.17496
PCNT	34	7.94393	2	1.29032	36	6.17496
RIMBP2	30	7.00935	6	3.87097	36	6.17496
STAB1	32	7.47664	4	2.58065	36	6.17496
TRIP12	30	7.00935	6	3.87097	36	6.17496
YLPM1	30	7.00935	6	3.87097	36	6.17496
ZC3H13	29	6.7757	7	4.51613	36	6.17496
ASTN1	25	5.84112	10	6.45161	35	6.00343
BCOR	32	7.47664	3	1.93548	35	6.00343
CACNA1C	30	7.00935	5	3.22581	35	6.00343
CDH8	26	6.07477	9	5.80645	35	6.00343
CEP170	27	6.30841	8	5.16129	35	6.00343
CNTNAP4	32	7.47664	3	1.93548	35	6.00343
COL5A2	27	6.30841	8	5.16129	35	6.00343
CTNNB1	29	6.7757	6	3.87097	35	6.00343
CUL9	29	6.7757	6	3.87097	35	6.00343
DAPK1	31	7.24299	4	2.58065	35	6.00343
DIDO1	31	7.24299	4	2.58065	35	6.00343
DISP3	30	7.00935	5	3.22581	35	6.00343
DOCK5	29	6.7757	6	3.87097	35	6.00343
EPHA3	31	7.24299	4	2.58065	35	6.00343
GRIA2	27	6.30841	8	5.16129	35	6.00343
GRM7	26	6.07477	9	5.80645	35	6.00343
GTF3C1	30	7.00935	5	3.22581	35	6.00343
HDAC9	26	6.07477	9	5.80645	35	6.00343
KCNH7	28	6.54206	7	4.51613	35	6.00343
LYST	30	7.00935	5	3.22581	35	6.00343
MED12L	28	6.54206	7	4.51613	35	6.00343
MYH14	33	7.71028	2	1.29032	35	6.00343
MYH7	30	7.00935	5	3.22581	35	6.00343
MYH8	30	7.00935	5	3.22581	35	6.00343
MYO5A	30	7.00935	5	3.22581	35	6.00343
NF1	26	6.07477	9	5.80645	35	6.00343
NLRP7	28	6.54206	7	4.51613	35	6.00343
PKD1	32	7.47664	3	1.93548	35	6.00343
PKD1L1	28	6.54206	7	4.51613	35	6.00343
PKDREJ	29	6.7757	6	3.87097	35	6.00343
PLCG2	28	6.54206	7	4.51613	35	6.00343
POLE	29	6.7757	6	3.87097	35	6.00343
POLQ	28	6.54206	7	4.51613	35	6.00343
PRUNE2	30	7.00935	5	3.22581	35	6.00343
PTEN	27	6.30841	8	5.16129	35	6.00343
PTPN13	27	6.30841	8	5.16129	35	6.00343
SPEN	32	7.47664	3	1.93548	35	6.00343
TCERG1	31	7.24299	4	2.58065	35	6.00343
TENM4	27	6.30841	8	5.16129	35	6.00343
THSD7A	29	6.7757	6	3.87097	35	6.00343
TRPM3	28	6.54206	7	4.51613	35	6.00343
ACACB	31	7.24299	3	1.93548	34	5.8319
ADAMTS12	27	6.30841	7	4.51613	34	5.8319
ADAMTS18	24	5.60748	10	6.45161	34	5.8319
CACNA1F	28	6.54206	6	3.87097	34	5.8319
CADPS	28	6.54206	6	3.87097	34	5.8319
CDK12	29	6.7757	5	3.22581	34	5.8319
CELSR2	29	6.7757	5	3.22581	34	5.8319
COL14A1	29	6.7757	5	3.22581	34	5.8319
COL1A2	28	6.54206	6	3.87097	34	5.8319
COL4A1	30	7.00935	4	2.58065	34	5.8319
DOCK8	29	6.7757	5	3.22581	34	5.8319
GREB1	28	6.54206	6	3.87097	34	5.8319
HRNR	27	6.30841	7	4.51613	34	5.8319
ITPR2	28	6.54206	6	3.87097	34	5.8319
MGAM	29	6.7757	5	3.22581	34	5.8319
MIDEAS	31	7.24299	3	1.93548	34	5.8319
MPDZ	27	6.30841	7	4.51613	34	5.8319
MYH6	28	6.54206	6	3.87097	34	5.8319
NCOR2	31	7.24299	3	1.93548	34	5.8319
NEXMIF	27	6.30841	7	4.51613	34	5.8319
NLRC5	33	7.71028	1	0.645161	34	5.8319
NOTCH3	29	6.7757	5	3.22581	34	5.8319
NPAP1	28	6.54206	6	3.87097	34	5.8319
NYAP2	25	5.84112	9	5.80645	34	5.8319
PCDHB7	28	6.54206	6	3.87097	34	5.8319
PLXNA1	30	7.00935	4	2.58065	34	5.8319
PTPRM	24	5.60748	10	6.45161	34	5.8319
RANBP2	28	6.54206	6	3.87097	34	5.8319
SFMBT2	30	7.00935	4	2.58065	34	5.8319
SHPRH	27	6.30841	7	4.51613	34	5.8319
SLITRK5	20	4.6729	14	9.03226	34	5.8319
TCHH	29	6.7757	5	3.22581	34	5.8319
TET1	26	6.07477	8	5.16129	34	5.8319
TRPM6	26	6.07477	8	5.16129	34	5.8319
UGGT2	27	6.30841	7	4.51613	34	5.8319
USF3	28	6.54206	6	3.87097	34	5.8319
WDFY3	28	6.54206	6	3.87097	34	5.8319
ADAMTS9	27	6.30841	6	3.87097	33	5.66038
ADAMTSL1	29	6.7757	4	2.58065	33	5.66038
ADCY2	24	5.60748	9	5.80645	33	5.66038
ADGRB1	24	5.60748	9	5.80645	33	5.66038
AKAP13	29	6.7757	4	2.58065	33	5.66038
ALK	30	7.00935	3	1.93548	33	5.66038
ARHGAP21	25	5.84112	8	5.16129	33	5.66038
ASTN2	23	5.37383	10	6.45161	33	5.66038
CACNA2D3	24	5.60748	9	5.80645	33	5.66038
CCDC73	26	6.07477	7	4.51613	33	5.66038
CDH18	28	6.54206	5	3.22581	33	5.66038
CHD5	27	6.30841	6	3.87097	33	5.66038
DAAM2	24	5.60748	9	5.80645	33	5.66038
ENAM	25	5.84112	8	5.16129	33	5.66038
EP300	26	6.07477	7	4.51613	33	5.66038
FER1L6	26	6.07477	7	4.51613	33	5.66038
FILIP1	26	6.07477	7	4.51613	33	5.66038
FLRT2	24	5.60748	9	5.80645	33	5.66038
FRMPD1	23	5.37383	10	6.45161	33	5.66038
GABRA5	26	6.07477	7	4.51613	33	5.66038
GRM5	28	6.54206	5	3.22581	33	5.66038
HELZ2	31	7.24299	2	1.29032	33	5.66038
HSPG2	30	7.00935	3	1.93548	33	5.66038
ICE1	25	5.84112	8	5.16129	33	5.66038
IRS4	28	6.54206	5	3.22581	33	5.66038
KIAA1217	28	6.54206	5	3.22581	33	5.66038
LAMA4	29	6.7757	4	2.58065	33	5.66038
LARP4B	31	7.24299	2	1.29032	33	5.66038
MTUS2	29	6.7757	4	2.58065	33	5.66038
MYH11	25	5.84112	8	5.16129	33	5.66038
MYH13	28	6.54206	5	3.22581	33	5.66038
MYO7A	28	6.54206	5	3.22581	33	5.66038
NSD1	27	6.30841	6	3.87097	33	5.66038
NUGGC	29	6.7757	4	2.58065	33	5.66038
PCDHA6	23	5.37383	10	6.45161	33	5.66038
SHANK1	27	6.30841	6	3.87097	33	5.66038
SIPA1L1	29	6.7757	4	2.58065	33	5.66038
SLC4A3	25	5.84112	8	5.16129	33	5.66038
SLIT1	29	6.7757	4	2.58065	33	5.66038
SPTBN1	31	7.24299	2	1.29032	33	5.66038
STAB2	27	6.30841	6	3.87097	33	5.66038
SYCP2	27	6.30841	6	3.87097	33	5.66038
TCF20	29	6.7757	4	2.58065	33	5.66038
TULP4	28	6.54206	5	3.22581	33	5.66038
VPS13D	27	6.30841	6	3.87097	33	5.66038
ZNF518A	26	6.07477	7	4.51613	33	5.66038
ZNF804A	27	6.30841	6	3.87097	33	5.66038
ABCA2	27	6.30841	5	3.22581	32	5.48885
ATG2B	26	6.07477	6	3.87097	32	5.48885
AXIN2	27	6.30841	5	3.22581	32	5.48885
BRINP3	27	6.30841	5	3.22581	32	5.48885
CACNA1G	29	6.7757	3	1.93548	32	5.48885
CALD1	25	5.84112	7	4.51613	32	5.48885
CDH12	23	5.37383	9	5.80645	32	5.48885
CDH2	27	6.30841	5	3.22581	32	5.48885
CFH	27	6.30841	5	3.22581	32	5.48885
COL4A4	29	6.7757	3	1.93548	32	5.48885
DCLK1	26	6.07477	6	3.87097	32	5.48885
DPP10	21	4.90654	11	7.09677	32	5.48885
FASN	30	7.00935	2	1.29032	32	5.48885
FLNB	30	7.00935	2	1.29032	32	5.48885
FLT4	29	6.7757	3	1.93548	32	5.48885
FSTL5	26	6.07477	6	3.87097	32	5.48885
GRIA1	27	6.30841	5	3.22581	32	5.48885
GRIK3	26	6.07477	6	3.87097	32	5.48885
HECW2	25	5.84112	7	4.51613	32	5.48885
KIF1A	25	5.84112	7	4.51613	32	5.48885
NBEAL2	28	6.54206	4	2.58065	32	5.48885
NCOR1	27	6.30841	5	3.22581	32	5.48885
NRK	24	5.60748	8	5.16129	32	5.48885
PCDHA11	25	5.84112	7	4.51613	32	5.48885
PCDHB2	27	6.30841	5	3.22581	32	5.48885
PHIP	23	5.37383	9	5.80645	32	5.48885
PLXNB3	28	6.54206	4	2.58065	32	5.48885
SETD2	24	5.60748	8	5.16129	32	5.48885
SMARCAD1	26	6.07477	6	3.87097	32	5.48885
SPTBN2	25	5.84112	7	4.51613	32	5.48885
TNN	26	6.07477	6	3.87097	32	5.48885
TRHDE	27	6.30841	5	3.22581	32	5.48885
TSHZ2	24	5.60748	8	5.16129	32	5.48885
ZAN	27	6.30841	5	3.22581	32	5.48885
ZC3H18	27	6.30841	5	3.22581	32	5.48885
ZFYVE26	25	5.84112	7	4.51613	32	5.48885
ZNF521	22	5.14019	10	6.45161	32	5.48885
ABCC1	25	5.84112	6	3.87097	31	5.31732
ARID1B	27	6.30841	4	2.58065	31	5.31732
ATG2A	28	6.54206	3	1.93548	31	5.31732
C3	27	6.30841	4	2.58065	31	5.31732
CACNA1D	28	6.54206	3	1.93548	31	5.31732
CHD3	28	6.54206	3	1.93548	31	5.31732
CHL1	27	6.30841	4	2.58065	31	5.31732
CIC	29	6.7757	2	1.29032	31	5.31732
COL18A1	28	6.54206	3	1.93548	31	5.31732
COL4A5	25	5.84112	6	3.87097	31	5.31732
DENND4B	27	6.30841	4	2.58065	31	5.31732
DLGAP2	28	6.54206	3	1.93548	31	5.31732
DOCK10	24	5.60748	7	4.51613	31	5.31732
DOCK4	23	5.37383	8	5.16129	31	5.31732
KATNIP	27	6.30841	4	2.58065	31	5.31732
KDR	24	5.60748	7	4.51613	31	5.31732
LTBP2	29	6.7757	2	1.29032	31	5.31732
MIA3	27	6.30841	4	2.58065	31	5.31732
MRC1	25	5.84112	6	3.87097	31	5.31732
MTCL1	28	6.54206	3	1.93548	31	5.31732
MYLK	26	6.07477	5	3.22581	31	5.31732
NBAS	23	5.37383	8	5.16129	31	5.31732
NCAM2	22	5.14019	9	5.80645	31	5.31732
PCDHA3	26	6.07477	5	3.22581	31	5.31732
PCDHA5	23	5.37383	8	5.16129	31	5.31732
PCDHA9	23	5.37383	8	5.16129	31	5.31732
PCDHGA8	23	5.37383	8	5.16129	31	5.31732
PIK3R1	23	5.37383	8	5.16129	31	5.31732
PPFIA2	25	5.84112	6	3.87097	31	5.31732
PTPN14	25	5.84112	6	3.87097	31	5.31732
PTPRU	23	5.37383	8	5.16129	31	5.31732
RGS22	24	5.60748	7	4.51613	31	5.31732
ROCK1	23	5.37383	8	5.16129	31	5.31732
SCAF4	27	6.30841	4	2.58065	31	5.31732
SETBP1	26	6.07477	5	3.22581	31	5.31732
SOGA3	26	6.07477	5	3.22581	31	5.31732
SRRM2	28	6.54206	3	1.93548	31	5.31732
SULF1	24	5.60748	7	4.51613	31	5.31732
SZT2	24	5.60748	7	4.51613	31	5.31732
TPO	25	5.84112	6	3.87097	31	5.31732
WDR17	25	5.84112	6	3.87097	31	5.31732
WNK3	24	5.60748	7	4.51613	31	5.31732
ZEB2	21	4.90654	10	6.45161	31	5.31732
A2M	23	5.37383	7	4.51613	30	5.1458
ABCB1	24	5.60748	6	3.87097	30	5.1458
ALPK2	25	5.84112	5	3.22581	30	5.1458
AMOTL1	25	5.84112	5	3.22581	30	5.1458
ASCC3	26	6.07477	4	2.58065	30	5.1458
ATP8A2	24	5.60748	6	3.87097	30	5.1458
CACHD1	24	5.60748	6	3.87097	30	5.1458
CASZ1	25	5.84112	5	3.22581	30	5.1458
CCDC88A	23	5.37383	7	4.51613	30	5.1458
CD93	26	6.07477	4	2.58065	30	5.1458
CDH4	25	5.84112	5	3.22581	30	5.1458
CDON	25	5.84112	5	3.22581	30	5.1458
DIP2B	26	6.07477	4	2.58065	30	5.1458
DISP1	22	5.14019	8	5.16129	30	5.1458
DOCK9	22	5.14019	8	5.16129	30	5.1458
DOP1A	27	6.30841	3	1.93548	30	5.1458
DSP	26	6.07477	4	2.58065	30	5.1458
EML5	25	5.84112	5	3.22581	30	5.1458
EPHB1	22	5.14019	8	5.16129	30	5.1458
FANCM	24	5.60748	6	3.87097	30	5.1458
FSIP2	26	6.07477	4	2.58065	30	5.1458
GRM1	25	5.84112	5	3.22581	30	5.1458
HIVEP2	24	5.60748	6	3.87097	30	5.1458
JMJD1C	22	5.14019	8	5.16129	30	5.1458
KCNB1	26	6.07477	4	2.58065	30	5.1458
KCNH1	26	6.07477	4	2.58065	30	5.1458
KCNQ5	23	5.37383	7	4.51613	30	5.1458
KIAA1549	27	6.30841	3	1.93548	30	5.1458
KNL1	25	5.84112	5	3.22581	30	5.1458
LIFR	23	5.37383	7	4.51613	30	5.1458
LRFN5	24	5.60748	6	3.87097	30	5.1458
LRRIQ3	21	4.90654	9	5.80645	30	5.1458
LRRK1	24	5.60748	6	3.87097	30	5.1458
MAGI2	23	5.37383	7	4.51613	30	5.1458
MAP2K4	24	5.60748	6	3.87097	30	5.1458
MAP3K21	20	4.6729	10	6.45161	30	5.1458
MECOM	26	6.07477	4	2.58065	30	5.1458
MSH6	24	5.60748	6	3.87097	30	5.1458
NCAM1	24	5.60748	6	3.87097	30	5.1458
NLGN4X	24	5.60748	6	3.87097	30	5.1458
NRAP	25	5.84112	5	3.22581	30	5.1458
PCDHA4	24	5.60748	6	3.87097	30	5.1458
PCDHGB3	22	5.14019	8	5.16129	30	5.1458
PIKFYVE	24	5.60748	6	3.87097	30	5.1458
PLCE1	24	5.60748	6	3.87097	30	5.1458
PREX1	24	5.60748	6	3.87097	30	5.1458
RUNX1T1	19	4.43925	11	7.09677	30	5.1458
SAMD9L	23	5.37383	7	4.51613	30	5.1458
SLIT2	23	5.37383	7	4.51613	30	5.1458
SLITRK2	23	5.37383	7	4.51613	30	5.1458
SMARCA4	25	5.84112	5	3.22581	30	5.1458
TANC2	27	6.30841	3	1.93548	30	5.1458
TEAD2	30	7.00935	0	0	30	5.1458
TET3	27	6.30841	3	1.93548	30	5.1458
TNKS2	25	5.84112	5	3.22581	30	5.1458
TTK	25	5.84112	5	3.22581	30	5.1458
VWA8	23	5.37383	7	4.51613	30	5.1458
WWC3	25	5.84112	5	3.22581	30	5.1458
YTHDC2	27	6.30841	3	1.93548	30	5.1458
ZNF318	26	6.07477	4	2.58065	30	5.1458
ZNF462	24	5.60748	6	3.87097	30	5.1458
ADAMTS5	25	5.84112	4	2.58065	29	4.97427
ADCY1	23	5.37383	6	3.87097	29	4.97427
ANKHD1-EIF4EBP3	23	5.37383	6	3.87097	29	4.97427
ARHGAP35	25	5.84112	4	2.58065	29	4.97427
ARHGAP5	24	5.60748	5	3.22581	29	4.97427
ASXL1	25	5.84112	4	2.58065	29	4.97427
BDP1	26	6.07477	3	1.93548	29	4.97427
BIVM-ERCC5	24	5.60748	5	3.22581	29	4.97427
BRWD1	23	5.37383	6	3.87097	29	4.97427
CACNA1S	23	5.37383	6	3.87097	29	4.97427
CFAP47	21	4.90654	8	5.16129	29	4.97427
CFAP65	26	6.07477	3	1.93548	29	4.97427
CHD1	25	5.84112	4	2.58065	29	4.97427
CNTN4	23	5.37383	6	3.87097	29	4.97427
CNTN5	23	5.37383	6	3.87097	29	4.97427
CYLC1	20	4.6729	9	5.80645	29	4.97427
DDX60L	24	5.60748	5	3.22581	29	4.97427
DLGAP3	26	6.07477	3	1.93548	29	4.97427
DOCK1	24	5.60748	5	3.22581	29	4.97427
DOCK11	24	5.60748	5	3.22581	29	4.97427
EIF3A	25	5.84112	4	2.58065	29	4.97427
ELOA2	26	6.07477	3	1.93548	29	4.97427
FREM1	23	5.37383	6	3.87097	29	4.97427
HDLBP	23	5.37383	6	3.87097	29	4.97427
HEATR5B	23	5.37383	6	3.87097	29	4.97427
KCNA5	24	5.60748	5	3.22581	29	4.97427
KCNQ3	23	5.37383	6	3.87097	29	4.97427
KCNT2	21	4.90654	8	5.16129	29	4.97427
KDM2B	24	5.60748	5	3.22581	29	4.97427
KIAA1549L	24	5.60748	5	3.22581	29	4.97427
KIDINS220	25	5.84112	4	2.58065	29	4.97427
KSR2	26	6.07477	3	1.93548	29	4.97427
LAMC3	27	6.30841	2	1.29032	29	4.97427
MCF2	24	5.60748	5	3.22581	29	4.97427
MED13	23	5.37383	6	3.87097	29	4.97427
MON2	25	5.84112	4	2.58065	29	4.97427
MUC4	25	5.84112	4	2.58065	29	4.97427
MUC6	23	5.37383	6	3.87097	29	4.97427
MYH15	24	5.60748	5	3.22581	29	4.97427
MYOM2	21	4.90654	8	5.16129	29	4.97427
NES	25	5.84112	4	2.58065	29	4.97427
NID2	23	5.37383	6	3.87097	29	4.97427
NPHS1	24	5.60748	5	3.22581	29	4.97427
PCDHA7	25	5.84112	4	2.58065	29	4.97427
PCDHGA2	23	5.37383	6	3.87097	29	4.97427
PCDHGA5	27	6.30841	2	1.29032	29	4.97427
PHF20L1	26	6.07477	3	1.93548	29	4.97427
PIK3C2G	25	5.84112	4	2.58065	29	4.97427
PLEKHG4B	20	4.6729	9	5.80645	29	4.97427
PLXNA2	24	5.60748	5	3.22581	29	4.97427
PLXNA3	23	5.37383	6	3.87097	29	4.97427
PLXNB1	28	6.54206	1	0.645161	29	4.97427
PLXNB2	25	5.84112	4	2.58065	29	4.97427
POLD1	26	6.07477	3	1.93548	29	4.97427
RALGAPA1	25	5.84112	4	2.58065	29	4.97427
RGS12	29	6.7757	0	0	29	4.97427
SCAPER	22	5.14019	7	4.51613	29	4.97427
SIGLEC1	22	5.14019	7	4.51613	29	4.97427
SMAD2	22	5.14019	7	4.51613	29	4.97427
SMC1B	23	5.37383	6	3.87097	29	4.97427
SPART	20	4.6729	9	5.80645	29	4.97427
THBS2	25	5.84112	4	2.58065	29	4.97427
TMEM132B	24	5.60748	5	3.22581	29	4.97427
TNIK	21	4.90654	8	5.16129	29	4.97427
TOGARAM2	26	6.07477	3	1.93548	29	4.97427
TOP2B	25	5.84112	4	2.58065	29	4.97427
TRIP11	20	4.6729	9	5.80645	29	4.97427
TRPA1	25	5.84112	4	2.58065	29	4.97427
TRPC3	25	5.84112	4	2.58065	29	4.97427
UTP20	26	6.07477	3	1.93548	29	4.97427
XYLT2	28	6.54206	1	0.645161	29	4.97427
ZBED9	20	4.6729	9	5.80645	29	4.97427
ZNF646	24	5.60748	5	3.22581	29	4.97427
ZNF835	26	6.07477	3	1.93548	29	4.97427
ABCA10	21	4.90654	7	4.51613	28	4.80274
ABCA6	22	5.14019	6	3.87097	28	4.80274
ABCA7	25	5.84112	3	1.93548	28	4.80274
ABCB5	20	4.6729	8	5.16129	28	4.80274
ACVR1B	26	6.07477	2	1.29032	28	4.80274
AFF3	24	5.60748	4	2.58065	28	4.80274
ANKRD12	22	5.14019	6	3.87097	28	4.80274
ARFGEF2	23	5.37383	5	3.22581	28	4.80274
ARMC4	23	5.37383	5	3.22581	28	4.80274
ATAD5	24	5.60748	4	2.58065	28	4.80274
AUTS2	22	5.14019	6	3.87097	28	4.80274
B2M	23	5.37383	5	3.22581	28	4.80274
BICRA	26	6.07477	2	1.29032	28	4.80274
BLM	24	5.60748	4	2.58065	28	4.80274
BPTF	22	5.14019	6	3.87097	28	4.80274
CD163	23	5.37383	5	3.22581	28	4.80274
CFAP43	22	5.14019	6	3.87097	28	4.80274
CLUH	27	6.30841	1	0.645161	28	4.80274
CNTN1	23	5.37383	5	3.22581	28	4.80274
CTNND2	21	4.90654	7	4.51613	28	4.80274
DCAF12L2	20	4.6729	8	5.16129	28	4.80274
DCDC1	22	5.14019	6	3.87097	28	4.80274
DIP2C	25	5.84112	3	1.93548	28	4.80274
DNAJC13	23	5.37383	5	3.22581	28	4.80274
EPB41L3	25	5.84112	3	1.93548	28	4.80274
EPHA6	22	5.14019	6	3.87097	28	4.80274
ERBB3	22	5.14019	6	3.87097	28	4.80274
FAM47A	21	4.90654	7	4.51613	28	4.80274
FBXL7	22	5.14019	6	3.87097	28	4.80274
HCN4	25	5.84112	3	1.93548	28	4.80274
HEATR1	22	5.14019	6	3.87097	28	4.80274
HFM1	23	5.37383	5	3.22581	28	4.80274
HTT	24	5.60748	4	2.58065	28	4.80274
IGSF1	21	4.90654	7	4.51613	28	4.80274
IRS1	23	5.37383	5	3.22581	28	4.80274
ITSN1	22	5.14019	6	3.87097	28	4.80274
KMT2E	23	5.37383	5	3.22581	28	4.80274
LAMB4	21	4.90654	7	4.51613	28	4.80274
LCOR	24	5.60748	4	2.58065	28	4.80274
LCT	23	5.37383	5	3.22581	28	4.80274
MARF1	26	6.07477	2	1.29032	28	4.80274
MDGA2	23	5.37383	5	3.22581	28	4.80274
MYO9A	23	5.37383	5	3.22581	28	4.80274
MYOF	21	4.90654	7	4.51613	28	4.80274
NINL	22	5.14019	6	3.87097	28	4.80274
PCF11	23	5.37383	5	3.22581	28	4.80274
PDGFRA	24	5.60748	4	2.58065	28	4.80274
PIK3CG	22	5.14019	6	3.87097	28	4.80274
PRKD1	22	5.14019	6	3.87097	28	4.80274
RALGAPB	23	5.37383	5	3.22581	28	4.80274
RPL22	27	6.30841	1	0.645161	28	4.80274
SAGE1	23	5.37383	5	3.22581	28	4.80274
SAMD9	23	5.37383	5	3.22581	28	4.80274
SCN10A	23	5.37383	5	3.22581	28	4.80274
SLIT3	25	5.84112	3	1.93548	28	4.80274
SMC2	25	5.84112	3	1.93548	28	4.80274
SMCHD1	23	5.37383	5	3.22581	28	4.80274
SPECC1	24	5.60748	4	2.58065	28	4.80274
SPG11	23	5.37383	5	3.22581	28	4.80274
STAG1	25	5.84112	3	1.93548	28	4.80274
STK31	23	5.37383	5	3.22581	28	4.80274
TACC2	23	5.37383	5	3.22581	28	4.80274
TEP1	23	5.37383	5	3.22581	28	4.80274
TNRC6A	21	4.90654	7	4.51613	28	4.80274
TP53BP1	22	5.14019	6	3.87097	28	4.80274
TRANK1	22	5.14019	6	3.87097	28	4.80274
TRPM2	25	5.84112	3	1.93548	28	4.80274
USP24	24	5.60748	4	2.58065	28	4.80274
USP28	22	5.14019	6	3.87097	28	4.80274
ZNF208	21	4.90654	7	4.51613	28	4.80274
ZNF638	15	3.50467	13	8.3871	28	4.80274
ABCA8	20	4.6729	7	4.51613	27	4.63122
ABCA9	20	4.6729	7	4.51613	27	4.63122
ADCY5	25	5.84112	2	1.29032	27	4.63122
ANKRD30A	21	4.90654	6	3.87097	27	4.63122
ARHGAP20	24	5.60748	3	1.93548	27	4.63122
ARHGAP31	25	5.84112	2	1.29032	27	4.63122
ATP2B3	23	5.37383	4	2.58065	27	4.63122
ATP8B1	19	4.43925	8	5.16129	27	4.63122
ATP8B2	22	5.14019	5	3.22581	27	4.63122
BAZ1A	24	5.60748	3	1.93548	27	4.63122
CACNA2D1	23	5.37383	4	2.58065	27	4.63122
CAD	24	5.60748	3	1.93548	27	4.63122
CAMTA1	23	5.37383	4	2.58065	27	4.63122
CCDC178	20	4.6729	7	4.51613	27	4.63122
CD109	20	4.6729	7	4.51613	27	4.63122
CDC42BPA	22	5.14019	5	3.22581	27	4.63122
CDH11	25	5.84112	2	1.29032	27	4.63122
CELSR3	23	5.37383	4	2.58065	27	4.63122
CENPE	21	4.90654	6	3.87097	27	4.63122
CEP162	24	5.60748	3	1.93548	27	4.63122
CHD2	21	4.90654	6	3.87097	27	4.63122
CHRM2	23	5.37383	4	2.58065	27	4.63122
CIITA	22	5.14019	5	3.22581	27	4.63122
CNTLN	23	5.37383	4	2.58065	27	4.63122
COL19A1	23	5.37383	4	2.58065	27	4.63122
CPS1	22	5.14019	5	3.22581	27	4.63122
CRACD	22	5.14019	5	3.22581	27	4.63122
CROCC	24	5.60748	3	1.93548	27	4.63122
CTNNA1	24	5.60748	3	1.93548	27	4.63122
CTNNA3	24	5.60748	3	1.93548	27	4.63122
CTTNBP2	22	5.14019	5	3.22581	27	4.63122
CUX1	23	5.37383	4	2.58065	27	4.63122
DSPP	20	4.6729	7	4.51613	27	4.63122
EFCAB5	22	5.14019	5	3.22581	27	4.63122
EYS	22	5.14019	5	3.22581	27	4.63122
FAM47B	22	5.14019	5	3.22581	27	4.63122
FLG2	22	5.14019	5	3.22581	27	4.63122
FRMPD3	22	5.14019	5	3.22581	27	4.63122
GLI1	23	5.37383	4	2.58065	27	4.63122
GRM6	25	5.84112	2	1.29032	27	4.63122
GSE1	24	5.60748	3	1.93548	27	4.63122
HNRNPL	25	5.84112	2	1.29032	27	4.63122
INSRR	23	5.37383	4	2.58065	27	4.63122
ITIH6	22	5.14019	5	3.22581	27	4.63122
JAKMIP2	21	4.90654	6	3.87097	27	4.63122
KCNH5	20	4.6729	7	4.51613	27	4.63122
KIAA1755	21	4.90654	6	3.87097	27	4.63122
KLHL4	22	5.14019	5	3.22581	27	4.63122
LMO7	23	5.37383	4	2.58065	27	4.63122
LRRN3	20	4.6729	7	4.51613	27	4.63122
MAGI1	21	4.90654	6	3.87097	27	4.63122
MBD5	22	5.14019	5	3.22581	27	4.63122
MLH3	21	4.90654	6	3.87097	27	4.63122
MYH3	21	4.90654	6	3.87097	27	4.63122
MYH7B	21	4.90654	6	3.87097	27	4.63122
MYO18A	22	5.14019	5	3.22581	27	4.63122
NUP98	24	5.60748	3	1.93548	27	4.63122
PCDH7	26	6.07477	1	0.645161	27	4.63122
PCDHA1	24	5.60748	3	1.93548	27	4.63122
PCDHB5	20	4.6729	7	4.51613	27	4.63122
PCDHB6	20	4.6729	7	4.51613	27	4.63122
PCDHB9	24	5.60748	3	1.93548	27	4.63122
PCDHGA6	23	5.37383	4	2.58065	27	4.63122
PCNX1	23	5.37383	4	2.58065	27	4.63122
PDS5B	24	5.60748	3	1.93548	27	4.63122
PDZRN4	20	4.6729	7	4.51613	27	4.63122
PHF3	21	4.90654	6	3.87097	27	4.63122
PI4KA	17	3.97196	10	6.45161	27	4.63122
PLG	22	5.14019	5	3.22581	27	4.63122
PPL	26	6.07477	1	0.645161	27	4.63122
PPP1R3A	23	5.37383	4	2.58065	27	4.63122
PRDM2	22	5.14019	5	3.22581	27	4.63122
PRKCG	21	4.90654	6	3.87097	27	4.63122
PRPF8	24	5.60748	3	1.93548	27	4.63122
PRRC2C	21	4.90654	6	3.87097	27	4.63122
PRTG	20	4.6729	7	4.51613	27	4.63122
PTCH1	24	5.60748	3	1.93548	27	4.63122
PTPRD	21	4.90654	6	3.87097	27	4.63122
PZP	19	4.43925	8	5.16129	27	4.63122
RASGRF1	23	5.37383	4	2.58065	27	4.63122
RET	22	5.14019	5	3.22581	27	4.63122
RNF17	23	5.37383	4	2.58065	27	4.63122
SCN8A	23	5.37383	4	2.58065	27	4.63122
SEMA5B	23	5.37383	4	2.58065	27	4.63122
SNX13	22	5.14019	5	3.22581	27	4.63122
SPATA31E1	21	4.90654	6	3.87097	27	4.63122
SPTAN1	20	4.6729	7	4.51613	27	4.63122
TLE4	23	5.37383	4	2.58065	27	4.63122
TMPRSS15	21	4.90654	6	3.87097	27	4.63122
TPTE	23	5.37383	4	2.58065	27	4.63122
UBE4B	19	4.43925	8	5.16129	27	4.63122
USP35	25	5.84112	2	1.29032	27	4.63122
USP7	23	5.37383	4	2.58065	27	4.63122
VIRMA	21	4.90654	6	3.87097	27	4.63122
XIRP1	24	5.60748	3	1.93548	27	4.63122
ZNF407	22	5.14019	5	3.22581	27	4.63122
ZNF98	18	4.20561	9	5.80645	27	4.63122
ABCA3	23	5.37383	3	1.93548	26	4.45969
ABCA5	21	4.90654	5	3.22581	26	4.45969
ABCB11	21	4.90654	5	3.22581	26	4.45969
ADCY9	22	5.14019	4	2.58065	26	4.45969
AKAP11	23	5.37383	3	1.93548	26	4.45969
ALS2	23	5.37383	3	1.93548	26	4.45969
AR	22	5.14019	4	2.58065	26	4.45969
ARAP3	21	4.90654	5	3.22581	26	4.45969
ARHGEF10	22	5.14019	4	2.58065	26	4.45969
ATAD2B	20	4.6729	6	3.87097	26	4.45969
ATP2A1	21	4.90654	5	3.22581	26	4.45969
ATP2B2	20	4.6729	6	3.87097	26	4.45969
ATP6V1B1	22	5.14019	4	2.58065	26	4.45969
ATR	21	4.90654	5	3.22581	26	4.45969
BAHCC1	24	5.60748	2	1.29032	26	4.45969
BNC1	22	5.14019	4	2.58065	26	4.45969
BRINP1	21	4.90654	5	3.22581	26	4.45969
C8B	21	4.90654	5	3.22581	26	4.45969
CACNA1I	21	4.90654	5	3.22581	26	4.45969
CDK5RAP2	22	5.14019	4	2.58065	26	4.45969
CHRD	21	4.90654	5	3.22581	26	4.45969
CKAP5	23	5.37383	3	1.93548	26	4.45969
COL24A1	18	4.20561	8	5.16129	26	4.45969
COL3A1	22	5.14019	4	2.58065	26	4.45969
CRB1	17	3.97196	9	5.80645	26	4.45969
CRYBG3	22	5.14019	4	2.58065	26	4.45969
CTR9	22	5.14019	4	2.58065	26	4.45969
DIP2A	24	5.60748	2	1.29032	26	4.45969
DMBT1	22	5.14019	4	2.58065	26	4.45969
ELMO1	22	5.14019	4	2.58065	26	4.45969
EXPH5	21	4.90654	5	3.22581	26	4.45969
FAM184A	16	3.73832	10	6.45161	26	4.45969
FRMD4A	25	5.84112	1	0.645161	26	4.45969
GRIA4	20	4.6729	6	3.87097	26	4.45969
GRIK4	25	5.84112	1	0.645161	26	4.45969
GRIK5	23	5.37383	3	1.93548	26	4.45969
GRM8	20	4.6729	6	3.87097	26	4.45969
GUCY1A1	20	4.6729	6	3.87097	26	4.45969
HCN1	21	4.90654	5	3.22581	26	4.45969
HECTD1	20	4.6729	6	3.87097	26	4.45969
HLA-B	25	5.84112	1	0.645161	26	4.45969
IFT172	22	5.14019	4	2.58065	26	4.45969
ITIH2	22	5.14019	4	2.58065	26	4.45969
KCNH8	19	4.43925	7	4.51613	26	4.45969
KCNMA1	22	5.14019	4	2.58065	26	4.45969
KDM3B	22	5.14019	4	2.58065	26	4.45969
KDM6B	25	5.84112	1	0.645161	26	4.45969
KIAA2026	21	4.90654	5	3.22581	26	4.45969
KIF13A	24	5.60748	2	1.29032	26	4.45969
KIT	21	4.90654	5	3.22581	26	4.45969
LINGO2	18	4.20561	8	5.16129	26	4.45969
LTBP4	23	5.37383	3	1.93548	26	4.45969
MAP7D1	25	5.84112	1	0.645161	26	4.45969
MEGF6	20	4.6729	6	3.87097	26	4.45969
MYO10	20	4.6729	6	3.87097	26	4.45969
MYO7B	22	5.14019	4	2.58065	26	4.45969
MYPN	22	5.14019	4	2.58065	26	4.45969
N4BP2	21	4.90654	5	3.22581	26	4.45969
NCAPD3	24	5.60748	2	1.29032	26	4.45969
NID1	21	4.90654	5	3.22581	26	4.45969
NOL6	25	5.84112	1	0.645161	26	4.45969
NOS3	24	5.60748	2	1.29032	26	4.45969
NOTCH2	21	4.90654	5	3.22581	26	4.45969
NRXN3	21	4.90654	5	3.22581	26	4.45969
NUMA1	21	4.90654	5	3.22581	26	4.45969
NUP210L	23	5.37383	3	1.93548	26	4.45969
OBSL1	19	4.43925	7	4.51613	26	4.45969
OSMR	24	5.60748	2	1.29032	26	4.45969
PARP14	21	4.90654	5	3.22581	26	4.45969
PCDHB3	20	4.6729	6	3.87097	26	4.45969
PHF2	24	5.60748	2	1.29032	26	4.45969
PLEKHA6	24	5.60748	2	1.29032	26	4.45969
POSTN	22	5.14019	4	2.58065	26	4.45969
PRDM10	24	5.60748	2	1.29032	26	4.45969
PRR12	24	5.60748	2	1.29032	26	4.45969
RAD51AP2	20	4.6729	6	3.87097	26	4.45969
RADIL	21	4.90654	5	3.22581	26	4.45969
RBM15	20	4.6729	6	3.87097	26	4.45969
SBF1	25	5.84112	1	0.645161	26	4.45969
SCAF11	23	5.37383	3	1.93548	26	4.45969
SEC16A	26	6.07477	0	0	26	4.45969
SIN3A	19	4.43925	7	4.51613	26	4.45969
SLC4A7	23	5.37383	3	1.93548	26	4.45969
SORBS2	22	5.14019	4	2.58065	26	4.45969
TIAM2	21	4.90654	5	3.22581	26	4.45969
TLL1	21	4.90654	5	3.22581	26	4.45969
TNRC6C	25	5.84112	1	0.645161	26	4.45969
TRPC6	19	4.43925	7	4.51613	26	4.45969
TRPM8	20	4.6729	6	3.87097	26	4.45969
TTC3	19	4.43925	7	4.51613	26	4.45969
TUBA3C	23	5.37383	3	1.93548	26	4.45969
ULK2	23	5.37383	3	1.93548	26	4.45969
UNC13A	23	5.37383	3	1.93548	26	4.45969
UNC5C	23	5.37383	3	1.93548	26	4.45969
WDR33	17	3.97196	9	5.80645	26	4.45969
WWP1	21	4.90654	5	3.22581	26	4.45969
XRN1	20	4.6729	6	3.87097	26	4.45969
ZFPM2	14	3.27103	12	7.74194	26	4.45969
ZMYM2	21	4.90654	5	3.22581	26	4.45969
ZNFX1	21	4.90654	5	3.22581	26	4.45969
ABCB4	20	4.6729	5	3.22581	25	4.28816
ABCC8	19	4.43925	6	3.87097	25	4.28816
ABI3BP	22	5.14019	3	1.93548	25	4.28816
ADGRB2	23	5.37383	2	1.29032	25	4.28816
ADGRL1	22	5.14019	3	1.93548	25	4.28816
ARHGAP36	21	4.90654	4	2.58065	25	4.28816
ARHGEF26	22	5.14019	3	1.93548	25	4.28816
ATP12A	21	4.90654	4	2.58065	25	4.28816
BTBD11	22	5.14019	3	1.93548	25	4.28816
CABIN1	21	4.90654	4	2.58065	25	4.28816
CCDC180	21	4.90654	4	2.58065	25	4.28816
CEP192	22	5.14019	3	1.93548	25	4.28816
CFAP251	22	5.14019	3	1.93548	25	4.28816
CLCN4	19	4.43925	6	3.87097	25	4.28816
CLSTN2	20	4.6729	5	3.22581	25	4.28816
CNTRL	23	5.37383	2	1.29032	25	4.28816
COL11A2	21	4.90654	4	2.58065	25	4.28816
COL2A1	23	5.37383	2	1.29032	25	4.28816
COL4A6	24	5.60748	1	0.645161	25	4.28816
COL6A1	19	4.43925	6	3.87097	25	4.28816
CR1	21	4.90654	4	2.58065	25	4.28816
CRMP1	19	4.43925	6	3.87097	25	4.28816
DENND5A	22	5.14019	3	1.93548	25	4.28816
DICER1	21	4.90654	4	2.58065	25	4.28816
DNHD1	20	4.6729	5	3.22581	25	4.28816
DPP6	23	5.37383	2	1.29032	25	4.28816
DPYD	19	4.43925	6	3.87097	25	4.28816
FGD6	20	4.6729	5	3.22581	25	4.28816
FLT1	19	4.43925	6	3.87097	25	4.28816
FPGT-TNNI3K	21	4.90654	4	2.58065	25	4.28816
FRMPD4	19	4.43925	6	3.87097	25	4.28816
FYB1	20	4.6729	5	3.22581	25	4.28816
GLIS3	19	4.43925	6	3.87097	25	4.28816
GLUD2	21	4.90654	4	2.58065	25	4.28816
GRID1	22	5.14019	3	1.93548	25	4.28816
HCFC1	23	5.37383	2	1.29032	25	4.28816
ITGA10	19	4.43925	6	3.87097	25	4.28816
ITGAX	19	4.43925	6	3.87097	25	4.28816
JCAD	21	4.90654	4	2.58065	25	4.28816
JHY	18	4.20561	7	4.51613	25	4.28816
KCNQ2	23	5.37383	2	1.29032	25	4.28816
KDM5A	20	4.6729	5	3.22581	25	4.28816
KIF13B	21	4.90654	4	2.58065	25	4.28816
KIF26A	25	5.84112	0	0	25	4.28816
KIF2B	18	4.20561	7	4.51613	25	4.28816
KIF4B	20	4.6729	5	3.22581	25	4.28816
LAMB1	20	4.6729	5	3.22581	25	4.28816
LEPR	18	4.20561	7	4.51613	25	4.28816
LRBA	19	4.43925	6	3.87097	25	4.28816
LRRCC1	19	4.43925	6	3.87097	25	4.28816
LVRN	18	4.20561	7	4.51613	25	4.28816
MAST4	20	4.6729	5	3.22581	25	4.28816
MCC	20	4.6729	5	3.22581	25	4.28816
MYH1	21	4.90654	4	2.58065	25	4.28816
MYT1L	21	4.90654	4	2.58065	25	4.28816
NBEAL1	21	4.90654	4	2.58065	25	4.28816
NELL2	18	4.20561	7	4.51613	25	4.28816
NLRP5	20	4.6729	5	3.22581	25	4.28816
NOVA1	20	4.6729	5	3.22581	25	4.28816
NRIP1	22	5.14019	3	1.93548	25	4.28816
NUP214	21	4.90654	4	2.58065	25	4.28816
NYNRIN	22	5.14019	3	1.93548	25	4.28816
OCA2	22	5.14019	3	1.93548	25	4.28816
PAM	21	4.90654	4	2.58065	25	4.28816
PCBP1	16	3.73832	9	5.80645	25	4.28816
PCDHB12	20	4.6729	5	3.22581	25	4.28816
PCDHGA12	22	5.14019	3	1.93548	25	4.28816
PCDHGA7	22	5.14019	3	1.93548	25	4.28816
PCNX2	20	4.6729	5	3.22581	25	4.28816
PDGFRB	21	4.90654	4	2.58065	25	4.28816
PIWIL1	19	4.43925	6	3.87097	25	4.28816
PLCH1	20	4.6729	5	3.22581	25	4.28816
PLPPR4	21	4.90654	4	2.58065	25	4.28816
POLRMT	22	5.14019	3	1.93548	25	4.28816
RAPGEF2	20	4.6729	5	3.22581	25	4.28816
RASGRF2	18	4.20561	7	4.51613	25	4.28816
RBM10	19	4.43925	6	3.87097	25	4.28816
ROBO3	22	5.14019	3	1.93548	25	4.28816
RPS6KA2	20	4.6729	5	3.22581	25	4.28816
SBNO1	19	4.43925	6	3.87097	25	4.28816
SI	19	4.43925	6	3.87097	25	4.28816
SLC12A5	22	5.14019	3	1.93548	25	4.28816
SLC8A1	20	4.6729	5	3.22581	25	4.28816
SLCO6A1	18	4.20561	7	4.51613	25	4.28816
SLITRK6	20	4.6729	5	3.22581	25	4.28816
SMAD3	20	4.6729	5	3.22581	25	4.28816
SMARCA1	16	3.73832	9	5.80645	25	4.28816
SORCS3	19	4.43925	6	3.87097	25	4.28816
SPATA31D1	20	4.6729	5	3.22581	25	4.28816
SYCP2L	18	4.20561	7	4.51613	25	4.28816
TAS1R2	20	4.6729	5	3.22581	25	4.28816
TEX14	18	4.20561	7	4.51613	25	4.28816
TMEM131L	19	4.43925	6	3.87097	25	4.28816
TMPO	19	4.43925	6	3.87097	25	4.28816
TNRC18	22	5.14019	3	1.93548	25	4.28816
TNS3	19	4.43925	6	3.87097	25	4.28816
TOGARAM1	22	5.14019	3	1.93548	25	4.28816
TRO	19	4.43925	6	3.87097	25	4.28816
TRPM1	20	4.6729	5	3.22581	25	4.28816
TUT4	20	4.6729	5	3.22581	25	4.28816
TUT7	21	4.90654	4	2.58065	25	4.28816
WDR7	21	4.90654	4	2.58065	25	4.28816
WNK1	21	4.90654	4	2.58065	25	4.28816
WNK2	24	5.60748	1	0.645161	25	4.28816
XPO4	22	5.14019	3	1.93548	25	4.28816
ZFP36L2	19	4.43925	6	3.87097	25	4.28816
ZMYND8	22	5.14019	3	1.93548	25	4.28816
ZNF658	19	4.43925	6	3.87097	25	4.28816
ABCC12	20	4.6729	4	2.58065	24	4.11664
ACIN1	20	4.6729	4	2.58065	24	4.11664
ADAM12	19	4.43925	5	3.22581	24	4.11664
ADAM29	20	4.6729	4	2.58065	24	4.11664
ADAM7	22	5.14019	2	1.29032	24	4.11664
ADAMTS10	21	4.90654	3	1.93548	24	4.11664
AFDN	19	4.43925	5	3.22581	24	4.11664
AHDC1	23	5.37383	1	0.645161	24	4.11664
ALPK3	22	5.14019	2	1.29032	24	4.11664
ANKRD50	18	4.20561	6	3.87097	24	4.11664
ANO4	18	4.20561	6	3.87097	24	4.11664
AP2A2	22	5.14019	2	1.29032	24	4.11664
APBA2	21	4.90654	3	1.93548	24	4.11664
ARAP1	21	4.90654	3	1.93548	24	4.11664
ARFGEF3	20	4.6729	4	2.58065	24	4.11664
ARHGEF17	22	5.14019	2	1.29032	24	4.11664
ARPP21	17	3.97196	7	4.51613	24	4.11664
BRD3	21	4.90654	3	1.93548	24	4.11664
BTAF1	19	4.43925	5	3.22581	24	4.11664
C2orf16	20	4.6729	4	2.58065	24	4.11664
C6	19	4.43925	5	3.22581	24	4.11664
CAMSAP1	21	4.90654	3	1.93548	24	4.11664
CARMIL3	20	4.6729	4	2.58065	24	4.11664
CCDC141	18	4.20561	6	3.87097	24	4.11664
CCDC39	21	4.90654	3	1.93548	24	4.11664
CD163L1	18	4.20561	6	3.87097	24	4.11664
CENPJ	19	4.43925	5	3.22581	24	4.11664
CEP250	19	4.43925	5	3.22581	24	4.11664
CEP350	19	4.43925	5	3.22581	24	4.11664
CHST15	20	4.6729	4	2.58065	24	4.11664
CLASP1	21	4.90654	3	1.93548	24	4.11664
CLIP1	22	5.14019	2	1.29032	24	4.11664
COL5A3	20	4.6729	4	2.58065	24	4.11664
CPED1	17	3.97196	7	4.51613	24	4.11664
DHX9	20	4.6729	4	2.58065	24	4.11664
DNM3	20	4.6729	4	2.58065	24	4.11664
DOP1B	21	4.90654	3	1.93548	24	4.11664
DUOX2	22	5.14019	2	1.29032	24	4.11664
EPRS1	20	4.6729	4	2.58065	24	4.11664
ERC2	21	4.90654	3	1.93548	24	4.11664
F5	18	4.20561	6	3.87097	24	4.11664
FAM193A	21	4.90654	3	1.93548	24	4.11664
FAM214A	19	4.43925	5	3.22581	24	4.11664
FCRL3	18	4.20561	6	3.87097	24	4.11664
GABBR1	19	4.43925	5	3.22581	24	4.11664
GON4L	19	4.43925	5	3.22581	24	4.11664
GPRASP1	21	4.90654	3	1.93548	24	4.11664
GRID2	21	4.90654	3	1.93548	24	4.11664
HIVEP3	18	4.20561	6	3.87097	24	4.11664
IMPG1	19	4.43925	5	3.22581	24	4.11664
ITGAL	21	4.90654	3	1.93548	24	4.11664
JAKMIP1	17	3.97196	7	4.51613	24	4.11664
KDM5B	19	4.43925	5	3.22581	24	4.11664
KIF1B	21	4.90654	3	1.93548	24	4.11664
KIF20B	15	3.50467	9	5.80645	24	4.11664
LRP4	19	4.43925	5	3.22581	24	4.11664
MAGEE1	22	5.14019	2	1.29032	24	4.11664
MCF2L2	17	3.97196	7	4.51613	24	4.11664
MICAL3	20	4.6729	4	2.58065	24	4.11664
MROH2B	21	4.90654	3	1.93548	24	4.11664
MYT1	20	4.6729	4	2.58065	24	4.11664
NCKAP1L	18	4.20561	6	3.87097	24	4.11664
NLRP1	22	5.14019	2	1.29032	24	4.11664
NLRP13	19	4.43925	5	3.22581	24	4.11664
NLRP3	19	4.43925	5	3.22581	24	4.11664
NLRP4	21	4.90654	3	1.93548	24	4.11664
NLRP8	18	4.20561	6	3.87097	24	4.11664
NOTCH1	22	5.14019	2	1.29032	24	4.11664
NRCAM	20	4.6729	4	2.58065	24	4.11664
NRG1	22	5.14019	2	1.29032	24	4.11664
NTRK3	20	4.6729	4	2.58065	24	4.11664
NWD1	17	3.97196	7	4.51613	24	4.11664
OTOF	22	5.14019	2	1.29032	24	4.11664
PARD3B	21	4.90654	3	1.93548	24	4.11664
PBRM1	21	4.90654	3	1.93548	24	4.11664
PCDHB13	16	3.73832	8	5.16129	24	4.11664
PCDHB15	19	4.43925	5	3.22581	24	4.11664
PDE4DIP	17	3.97196	7	4.51613	24	4.11664
PIGO	21	4.90654	3	1.93548	24	4.11664
PIK3C2B	20	4.6729	4	2.58065	24	4.11664
PLA2R1	21	4.90654	3	1.93548	24	4.11664
PLXNC1	19	4.43925	5	3.22581	24	4.11664
POLR1A	19	4.43925	5	3.22581	24	4.11664
PPFIA4	20	4.6729	4	2.58065	24	4.11664
PPP6R2	21	4.90654	3	1.93548	24	4.11664
PPRC1	20	4.6729	4	2.58065	24	4.11664
PRRC2A	21	4.90654	3	1.93548	24	4.11664
PRRC2B	18	4.20561	6	3.87097	24	4.11664
PSD2	18	4.20561	6	3.87097	24	4.11664
RB1CC1	15	3.50467	9	5.80645	24	4.11664
RBP3	19	4.43925	5	3.22581	24	4.11664
RFX7	20	4.6729	4	2.58065	24	4.11664
RLF	19	4.43925	5	3.22581	24	4.11664
RXFP2	18	4.20561	6	3.87097	24	4.11664
SASH1	19	4.43925	5	3.22581	24	4.11664
SEZ6L	20	4.6729	4	2.58065	24	4.11664
SF3B1	22	5.14019	2	1.29032	24	4.11664
SGSM1	22	5.14019	2	1.29032	24	4.11664
SIPA1L2	18	4.20561	6	3.87097	24	4.11664
SLC8A2	22	5.14019	2	1.29032	24	4.11664
SLX4	20	4.6729	4	2.58065	24	4.11664
SMARCA2	20	4.6729	4	2.58065	24	4.11664
SOX5	17	3.97196	7	4.51613	24	4.11664
SPTBN5	18	4.20561	6	3.87097	24	4.11664
SRGAP3	21	4.90654	3	1.93548	24	4.11664
STYXL2	19	4.43925	5	3.22581	24	4.11664
SUPT16H	21	4.90654	3	1.93548	24	4.11664
TAF1	20	4.6729	4	2.58065	24	4.11664
TANC1	21	4.90654	3	1.93548	24	4.11664
TBC1D9	19	4.43925	5	3.22581	24	4.11664
TDRD6	18	4.20561	6	3.87097	24	4.11664
THOC2	16	3.73832	8	5.16129	24	4.11664
TMEM94	20	4.6729	4	2.58065	24	4.11664
TPR	20	4.6729	4	2.58065	24	4.11664
TRAPPC8	20	4.6729	4	2.58065	24	4.11664
TSPOAP1	22	5.14019	2	1.29032	24	4.11664
UHRF1BP1L	21	4.90654	3	1.93548	24	4.11664
ZNF43	19	4.43925	5	3.22581	24	4.11664
ZNF609	20	4.6729	4	2.58065	24	4.11664
ZNF808	21	4.90654	3	1.93548	24	4.11664
ZNF91	18	4.20561	6	3.87097	24	4.11664
ZNF99	16	3.73832	8	5.16129	24	4.11664
ZZEF1	19	4.43925	5	3.22581	24	4.11664
ABCC5	19	4.43925	4	2.58065	23	3.94511
ADAMTS17	22	5.14019	1	0.645161	23	3.94511
AGRN	21	4.90654	2	1.29032	23	3.94511
AHCTF1	19	4.43925	4	2.58065	23	3.94511
AL592490.1	18	4.20561	5	3.22581	23	3.94511
ANKRD26	18	4.20561	5	3.22581	23	3.94511
ANKS1B	17	3.97196	6	3.87097	23	3.94511
APBB1	20	4.6729	3	1.93548	23	3.94511
ARHGEF11	20	4.6729	3	1.93548	23	3.94511
ASXL2	18	4.20561	5	3.22581	23	3.94511
ATAD2	19	4.43925	4	2.58065	23	3.94511
ATP13A3	20	4.6729	3	1.93548	23	3.94511
ATP1A4	19	4.43925	4	2.58065	23	3.94511
ATP2B4	19	4.43925	4	2.58065	23	3.94511
ATP4A	17	3.97196	6	3.87097	23	3.94511
ATRNL1	18	4.20561	5	3.22581	23	3.94511
AXDND1	15	3.50467	8	5.16129	23	3.94511
BOC	22	5.14019	1	0.645161	23	3.94511
BRD1	19	4.43925	4	2.58065	23	3.94511
C5	18	4.20561	5	3.22581	23	3.94511
CAMTA2	23	5.37383	0	0	23	3.94511
CASP8AP2	17	3.97196	6	3.87097	23	3.94511
CCDC158	18	4.20561	5	3.22581	23	3.94511
CDC14A	18	4.20561	5	3.22581	23	3.94511
CDC42BPB	22	5.14019	1	0.645161	23	3.94511
CDH6	19	4.43925	4	2.58065	23	3.94511
CEMIP	18	4.20561	5	3.22581	23	3.94511
CNKSR2	17	3.97196	6	3.87097	23	3.94511
COBL	20	4.6729	3	1.93548	23	3.94511
COL15A1	20	4.6729	3	1.93548	23	3.94511
COL1A1	22	5.14019	1	0.645161	23	3.94511
COL6A2	20	4.6729	3	1.93548	23	3.94511
DAB2IP	21	4.90654	2	1.29032	23	3.94511
DENND4A	16	3.73832	7	4.51613	23	3.94511
DHX30	20	4.6729	3	1.93548	23	3.94511
DNMBP	19	4.43925	4	2.58065	23	3.94511
DNMT3B	16	3.73832	7	4.51613	23	3.94511
DROSHA	21	4.90654	2	1.29032	23	3.94511
DUOX1	16	3.73832	7	4.51613	23	3.94511
EFCAB6	15	3.50467	8	5.16129	23	3.94511
EPHA4	18	4.20561	5	3.22581	23	3.94511
ERCC6	19	4.43925	4	2.58065	23	3.94511
ESPL1	23	5.37383	0	0	23	3.94511
EVC	21	4.90654	2	1.29032	23	3.94511
GABBR2	14	3.27103	9	5.80645	23	3.94511
GIGYF2	17	3.97196	6	3.87097	23	3.94511
GJA8	16	3.73832	7	4.51613	23	3.94511
GPR149	18	4.20561	5	3.22581	23	3.94511
HIRA	20	4.6729	3	1.93548	23	3.94511
IGSF9	20	4.6729	3	1.93548	23	3.94511
INPPL1	21	4.90654	2	1.29032	23	3.94511
IQCA1	21	4.90654	2	1.29032	23	3.94511
ITGA4	16	3.73832	7	4.51613	23	3.94511
ITGB4	19	4.43925	4	2.58065	23	3.94511
ITSN2	21	4.90654	2	1.29032	23	3.94511
JAK1	17	3.97196	6	3.87097	23	3.94511
KAT6B	19	4.43925	4	2.58065	23	3.94511
KCND3	19	4.43925	4	2.58065	23	3.94511
KCNH3	20	4.6729	3	1.93548	23	3.94511
KCNV2	18	4.20561	5	3.22581	23	3.94511
KIAA0100	18	4.20561	5	3.22581	23	3.94511
KIAA0319	17	3.97196	6	3.87097	23	3.94511
KIAA0586	18	4.20561	5	3.22581	23	3.94511
KIF21B	21	4.90654	2	1.29032	23	3.94511
KIRREL3	21	4.90654	2	1.29032	23	3.94511
KNTC1	20	4.6729	3	1.93548	23	3.94511
LRFN2	22	5.14019	1	0.645161	23	3.94511
LRP6	16	3.73832	7	4.51613	23	3.94511
MAGEC3	18	4.20561	5	3.22581	23	3.94511
MAGEL2	20	4.6729	3	1.93548	23	3.94511
MAP3K1	20	4.6729	3	1.93548	23	3.94511
MAP7D3	16	3.73832	7	4.51613	23	3.94511
MAST2	21	4.90654	2	1.29032	23	3.94511
MAST3	19	4.43925	4	2.58065	23	3.94511
MIA2	18	4.20561	5	3.22581	23	3.94511
MICAL2	20	4.6729	3	1.93548	23	3.94511
MME	17	3.97196	6	3.87097	23	3.94511
MORC1	17	3.97196	6	3.87097	23	3.94511
MRTFA	21	4.90654	2	1.29032	23	3.94511
MTTP	18	4.20561	5	3.22581	23	3.94511
MYO1F	21	4.90654	2	1.29032	23	3.94511
MYO5C	17	3.97196	6	3.87097	23	3.94511
MYO9B	21	4.90654	2	1.29032	23	3.94511
MYOCD	18	4.20561	5	3.22581	23	3.94511
NAV1	20	4.6729	3	1.93548	23	3.94511
NCOA2	20	4.6729	3	1.93548	23	3.94511
NPHP4	19	4.43925	4	2.58065	23	3.94511
NRG3	18	4.20561	5	3.22581	23	3.94511
NUP210	20	4.6729	3	1.93548	23	3.94511
OPCML	16	3.73832	7	4.51613	23	3.94511
OPLAH	21	4.90654	2	1.29032	23	3.94511
OVCH1	18	4.20561	5	3.22581	23	3.94511
PASK	21	4.90654	2	1.29032	23	3.94511
PCDHB4	21	4.90654	2	1.29032	23	3.94511
PCDHGA3	18	4.20561	5	3.22581	23	3.94511
PCDHGB5	20	4.6729	3	1.93548	23	3.94511
PCDHGB6	18	4.20561	5	3.22581	23	3.94511
PCDHGB7	18	4.20561	5	3.22581	23	3.94511
PCM1	19	4.43925	4	2.58065	23	3.94511
PCSK5	21	4.90654	2	1.29032	23	3.94511
PDE3A	19	4.43925	4	2.58065	23	3.94511
PDS5A	19	4.43925	4	2.58065	23	3.94511
PLCB4	19	4.43925	4	2.58065	23	3.94511
PSME4	19	4.43925	4	2.58065	23	3.94511
PTPRB	20	4.6729	3	1.93548	23	3.94511
RALGAPA2	19	4.43925	4	2.58065	23	3.94511
RERE	19	4.43925	4	2.58065	23	3.94511
REST	20	4.6729	3	1.93548	23	3.94511
RPGRIP1L	20	4.6729	3	1.93548	23	3.94511
RPTOR	19	4.43925	4	2.58065	23	3.94511
RSF1	15	3.50467	8	5.16129	23	3.94511
RTL9	17	3.97196	6	3.87097	23	3.94511
SETD1A	22	5.14019	1	0.645161	23	3.94511
SGO2	17	3.97196	6	3.87097	23	3.94511
SH3PXD2A	21	4.90654	2	1.29032	23	3.94511
SLC24A2	20	4.6729	3	1.93548	23	3.94511
SLITRK4	15	3.50467	8	5.16129	23	3.94511
SMG1	19	4.43925	4	2.58065	23	3.94511
SNRNP200	18	4.20561	5	3.22581	23	3.94511
SOHLH2	19	4.43925	4	2.58065	23	3.94511
SRCIN1	20	4.6729	3	1.93548	23	3.94511
SRGAP1	22	5.14019	1	0.645161	23	3.94511
ST18	18	4.20561	5	3.22581	23	3.94511
STAT1	18	4.20561	5	3.22581	23	3.94511
SV2C	21	4.90654	2	1.29032	23	3.94511
TGIF1	18	4.20561	5	3.22581	23	3.94511
TLN1	20	4.6729	3	1.93548	23	3.94511
TMEM131	21	4.90654	2	1.29032	23	3.94511
TRPC7	17	3.97196	6	3.87097	23	3.94511
WASF3	18	4.20561	5	3.22581	23	3.94511
ZEB1	19	4.43925	4	2.58065	23	3.94511
ZMYM4	21	4.90654	2	1.29032	23	3.94511
ZNF512B	16	3.73832	7	4.51613	23	3.94511
ZNF540	18	4.20561	5	3.22581	23	3.94511
ZNF862	21	4.90654	2	1.29032	23	3.94511
ZSCAN20	17	3.97196	6	3.87097	23	3.94511
AASS	15	3.50467	7	4.51613	22	3.77358
ADAMTS1	19	4.43925	3	1.93548	22	3.77358
AFF4	19	4.43925	3	1.93548	22	3.77358
AMPH	17	3.97196	5	3.22581	22	3.77358
APLP1	20	4.6729	2	1.29032	22	3.77358
ARHGAP22	21	4.90654	1	0.645161	22	3.77358
ARMC3	18	4.20561	4	2.58065	22	3.77358
ASAP2	18	4.20561	4	2.58065	22	3.77358
ATP13A5	17	3.97196	5	3.22581	22	3.77358
ATP1A2	21	4.90654	1	0.645161	22	3.77358
ATP6V0A4	16	3.73832	6	3.87097	22	3.77358
ATXN2L	18	4.20561	4	2.58065	22	3.77358
BACH2	19	4.43925	3	1.93548	22	3.77358
BCHE	17	3.97196	5	3.22581	22	3.77358
BRPF3	19	4.43925	3	1.93548	22	3.77358
C10orf90	17	3.97196	5	3.22581	22	3.77358
CARMIL1	20	4.6729	2	1.29032	22	3.77358
CASKIN2	18	4.20561	4	2.58065	22	3.77358
CCDC110	17	3.97196	5	3.22581	22	3.77358
CECR2	18	4.20561	4	2.58065	22	3.77358
CEP152	15	3.50467	7	4.51613	22	3.77358
CEP164	17	3.97196	5	3.22581	22	3.77358
CFTR	17	3.97196	5	3.22581	22	3.77358
CLCA4	18	4.20561	4	2.58065	22	3.77358
CLEC16A	17	3.97196	5	3.22581	22	3.77358
CNGB3	18	4.20561	4	2.58065	22	3.77358
COL4A2	20	4.6729	2	1.29032	22	3.77358
CSF3R	18	4.20561	4	2.58065	22	3.77358
CTCF	18	4.20561	4	2.58065	22	3.77358
DENND2C	17	3.97196	5	3.22581	22	3.77358
DENND3	15	3.50467	7	4.51613	22	3.77358
DLEC1	21	4.90654	1	0.645161	22	3.77358
DNER	17	3.97196	5	3.22581	22	3.77358
DNMT1	16	3.73832	6	3.87097	22	3.77358
ECM2	20	4.6729	2	1.29032	22	3.77358
EDNRB	17	3.97196	5	3.22581	22	3.77358
EIF2AK4	20	4.6729	2	1.29032	22	3.77358
EIF4G1	18	4.20561	4	2.58065	22	3.77358
EIF4G3	18	4.20561	4	2.58065	22	3.77358
EPHA7	16	3.73832	6	3.87097	22	3.77358
FCRL5	18	4.20561	4	2.58065	22	3.77358
FIGN	16	3.73832	6	3.87097	22	3.77358
FKBP15	19	4.43925	3	1.93548	22	3.77358
FMNL3	17	3.97196	5	3.22581	22	3.77358
FXR1	17	3.97196	5	3.22581	22	3.77358
GABRG1	17	3.97196	5	3.22581	22	3.77358
GCC2	16	3.73832	6	3.87097	22	3.77358
GNAS	19	4.43925	3	1.93548	22	3.77358
GOLGA4	17	3.97196	5	3.22581	22	3.77358
GRIN2B	18	4.20561	4	2.58065	22	3.77358
GRM3	17	3.97196	5	3.22581	22	3.77358
GUCY1A2	16	3.73832	6	3.87097	22	3.77358
GUCY2F	16	3.73832	6	3.87097	22	3.77358
HEG1	17	3.97196	5	3.22581	22	3.77358
HGF	17	3.97196	5	3.22581	22	3.77358
IFI16	20	4.6729	2	1.29032	22	3.77358
IL1RAPL2	16	3.73832	6	3.87097	22	3.77358
INTS1	18	4.20561	4	2.58065	22	3.77358
IPO11	17	3.97196	5	3.22581	22	3.77358
IPO8	17	3.97196	5	3.22581	22	3.77358
IQGAP2	17	3.97196	5	3.22581	22	3.77358
ITGA8	17	3.97196	5	3.22581	22	3.77358
ITIH1	15	3.50467	7	4.51613	22	3.77358
ITIH5	18	4.20561	4	2.58065	22	3.77358
JPH3	20	4.6729	2	1.29032	22	3.77358
KANSL1L	19	4.43925	3	1.93548	22	3.77358
KAT6A	18	4.20561	4	2.58065	22	3.77358
KCNA1	21	4.90654	1	0.645161	22	3.77358
KCNU1	16	3.73832	6	3.87097	22	3.77358
LAMB2	17	3.97196	5	3.22581	22	3.77358
LENG8	19	4.43925	3	1.93548	22	3.77358
LRGUK	16	3.73832	6	3.87097	22	3.77358
LRP12	16	3.73832	6	3.87097	22	3.77358
LRRTM4	18	4.20561	4	2.58065	22	3.77358
LTBP1	18	4.20561	4	2.58065	22	3.77358
MADD	18	4.20561	4	2.58065	22	3.77358
MAP3K5	17	3.97196	5	3.22581	22	3.77358
MARK1	15	3.50467	7	4.51613	22	3.77358
MAST1	17	3.97196	5	3.22581	22	3.77358
MCM3AP	19	4.43925	3	1.93548	22	3.77358
MDC1	17	3.97196	5	3.22581	22	3.77358
MDGA1	19	4.43925	3	1.93548	22	3.77358
MMP16	14	3.27103	8	5.16129	22	3.77358
MROH1	20	4.6729	2	1.29032	22	3.77358
MSH2	17	3.97196	5	3.22581	22	3.77358
MYH4	17	3.97196	5	3.22581	22	3.77358
MYOM1	18	4.20561	4	2.58065	22	3.77358
NAP1L3	18	4.20561	4	2.58065	22	3.77358
NCKAP5L	21	4.90654	1	0.645161	22	3.77358
NCOA6	20	4.6729	2	1.29032	22	3.77358
NDST3	17	3.97196	5	3.22581	22	3.77358
NEFM	19	4.43925	3	1.93548	22	3.77358
NHS	19	4.43925	3	1.93548	22	3.77358
NIN	17	3.97196	5	3.22581	22	3.77358
NKTR	17	3.97196	5	3.22581	22	3.77358
NLRP2	21	4.90654	1	0.645161	22	3.77358
NOD2	19	4.43925	3	1.93548	22	3.77358
NPAT	18	4.20561	4	2.58065	22	3.77358
OR6K2	19	4.43925	3	1.93548	22	3.77358
OSBPL6	15	3.50467	7	4.51613	22	3.77358
OTUD4	18	4.20561	4	2.58065	22	3.77358
PAX6	20	4.6729	2	1.29032	22	3.77358
PCDH12	20	4.6729	2	1.29032	22	3.77358
PCDHGA11	17	3.97196	5	3.22581	22	3.77358
PCDHGB1	20	4.6729	2	1.29032	22	3.77358
PCDHGB4	21	4.90654	1	0.645161	22	3.77358
PFKP	19	4.43925	3	1.93548	22	3.77358
PITPNM3	19	4.43925	3	1.93548	22	3.77358
PLEKHH2	17	3.97196	5	3.22581	22	3.77358
PLEKHM1	19	4.43925	3	1.93548	22	3.77358
PNISR	19	4.43925	3	1.93548	22	3.77358
POTEF	14	3.27103	8	5.16129	22	3.77358
PRKCB	15	3.50467	7	4.51613	22	3.77358
PSMD1	19	4.43925	3	1.93548	22	3.77358
PTK2	19	4.43925	3	1.93548	22	3.77358
PUM1	13	3.03738	9	5.80645	22	3.77358
RAPGEF6	17	3.97196	5	3.22581	22	3.77358
RBBP6	16	3.73832	6	3.87097	22	3.77358
RESF1	16	3.73832	6	3.87097	22	3.77358
RFC1	17	3.97196	5	3.22581	22	3.77358
RGS3	18	4.20561	4	2.58065	22	3.77358
RTTN	19	4.43925	3	1.93548	22	3.77358
RXFP3	21	4.90654	1	0.645161	22	3.77358
SALL4	21	4.90654	1	0.645161	22	3.77358
SCAF1	18	4.20561	4	2.58065	22	3.77358
SCAF8	18	4.20561	4	2.58065	22	3.77358
SEMA3D	19	4.43925	3	1.93548	22	3.77358
SETD5	18	4.20561	4	2.58065	22	3.77358
SETDB1	19	4.43925	3	1.93548	22	3.77358
SHROOM4	18	4.20561	4	2.58065	22	3.77358
SIGLEC8	18	4.20561	4	2.58065	22	3.77358
SLC9C1	17	3.97196	5	3.22581	22	3.77358
SLC9C2	16	3.73832	6	3.87097	22	3.77358
SMTN	21	4.90654	1	0.645161	22	3.77358
SORL1	19	4.43925	3	1.93548	22	3.77358
SP140	20	4.6729	2	1.29032	22	3.77358
ST6GAL2	20	4.6729	2	1.29032	22	3.77358
STAG3	15	3.50467	7	4.51613	22	3.77358
SYCP1	16	3.73832	6	3.87097	22	3.77358
SYNPO2	17	3.97196	5	3.22581	22	3.77358
TBC1D32	17	3.97196	5	3.22581	22	3.77358
TEK	18	4.20561	4	2.58065	22	3.77358
THBS1	19	4.43925	3	1.93548	22	3.77358
TMEM132E	18	4.20561	4	2.58065	22	3.77358
TMEM168	16	3.73832	6	3.87097	22	3.77358
TRAPPC9	18	4.20561	4	2.58065	22	3.77358
TRERF1	19	4.43925	3	1.93548	22	3.77358
TRIM71	19	4.43925	3	1.93548	22	3.77358
TRPC5	20	4.6729	2	1.29032	22	3.77358
TRPM7	17	3.97196	5	3.22581	22	3.77358
TSHZ1	18	4.20561	4	2.58065	22	3.77358
UNC80	18	4.20561	4	2.58065	22	3.77358
WSCD2	18	4.20561	4	2.58065	22	3.77358
ZBBX	17	3.97196	5	3.22581	22	3.77358
ZGRF1	18	4.20561	4	2.58065	22	3.77358
ZNF142	20	4.6729	2	1.29032	22	3.77358
ZNF644	17	3.97196	5	3.22581	22	3.77358
AASDH	15	3.50467	6	3.87097	21	3.60206
ABCC11	15	3.50467	6	3.87097	21	3.60206
ABL2	17	3.97196	4	2.58065	21	3.60206
ACE	18	4.20561	3	1.93548	21	3.60206
ADAMTS7	19	4.43925	2	1.29032	21	3.60206
ADGRA3	15	3.50467	6	3.87097	21	3.60206
ADGRG6	16	3.73832	5	3.22581	21	3.60206
AGAP1	18	4.20561	3	1.93548	21	3.60206
AGL	19	4.43925	2	1.29032	21	3.60206
ARID4A	15	3.50467	6	3.87097	21	3.60206
ASXL3	18	4.20561	3	1.93548	21	3.60206
ATG9B	17	3.97196	4	2.58065	21	3.60206
ATP11C	17	3.97196	4	2.58065	21	3.60206
ATP7A	20	4.6729	1	0.645161	21	3.60206
ATP8B4	14	3.27103	7	4.51613	21	3.60206
BTBD7	18	4.20561	3	1.93548	21	3.60206
C3orf20	14	3.27103	7	4.51613	21	3.60206
CADPS2	17	3.97196	4	2.58065	21	3.60206
CAMSAP2	18	4.20561	3	1.93548	21	3.60206
CAND1	18	4.20561	3	1.93548	21	3.60206
CASP8	18	4.20561	3	1.93548	21	3.60206
CC2D2A	16	3.73832	5	3.22581	21	3.60206
CCDC80	17	3.97196	4	2.58065	21	3.60206
CCKBR	15	3.50467	6	3.87097	21	3.60206
CEP85L	18	4.20561	3	1.93548	21	3.60206
CFAP54	17	3.97196	4	2.58065	21	3.60206
CFAP61	16	3.73832	5	3.22581	21	3.60206
CIT	16	3.73832	5	3.22581	21	3.60206
CLSTN1	20	4.6729	1	0.645161	21	3.60206
COLEC12	17	3.97196	4	2.58065	21	3.60206
CPSF1	19	4.43925	2	1.29032	21	3.60206
CRYBG1	18	4.20561	3	1.93548	21	3.60206
CSPG4	19	4.43925	2	1.29032	21	3.60206
CTNND1	17	3.97196	4	2.58065	21	3.60206
CUL1	18	4.20561	3	1.93548	21	3.60206
DCTN1	18	4.20561	3	1.93548	21	3.60206
DDX58	19	4.43925	2	1.29032	21	3.60206
DENND5B	17	3.97196	4	2.58065	21	3.60206
DIAPH3	16	3.73832	5	3.22581	21	3.60206
DOCK6	19	4.43925	2	1.29032	21	3.60206
DOCK7	16	3.73832	5	3.22581	21	3.60206
DYNC2I1	18	4.20561	3	1.93548	21	3.60206
E2F7	18	4.20561	3	1.93548	21	3.60206
ECPAS	17	3.97196	4	2.58065	21	3.60206
EEA1	15	3.50467	6	3.87097	21	3.60206
EGR2	17	3.97196	4	2.58065	21	3.60206
ESR1	15	3.50467	6	3.87097	21	3.60206
FAM83B	17	3.97196	4	2.58065	21	3.60206
FANCA	19	4.43925	2	1.29032	21	3.60206
FASTKD3	17	3.97196	4	2.58065	21	3.60206
FGF13	14	3.27103	7	4.51613	21	3.60206
FOLH1	17	3.97196	4	2.58065	21	3.60206
FSHR	14	3.27103	7	4.51613	21	3.60206
GABRB3	14	3.27103	7	4.51613	21	3.60206
GFRA1	15	3.50467	6	3.87097	21	3.60206
GLDC	16	3.73832	5	3.22581	21	3.60206
GOLGA3	19	4.43925	2	1.29032	21	3.60206
GRIA3	14	3.27103	7	4.51613	21	3.60206
HDX	18	4.20561	3	1.93548	21	3.60206
HELZ	18	4.20561	3	1.93548	21	3.60206
HIVEP1	17	3.97196	4	2.58065	21	3.60206
HTR2C	17	3.97196	4	2.58065	21	3.60206
INHBA	17	3.97196	4	2.58065	21	3.60206
INPP5D	16	3.73832	5	3.22581	21	3.60206
ITGA7	20	4.6729	1	0.645161	21	3.60206
ITGAD	18	4.20561	3	1.93548	21	3.60206
ITGAV	16	3.73832	5	3.22581	21	3.60206
JARID2	19	4.43925	2	1.29032	21	3.60206
KCND2	18	4.20561	3	1.93548	21	3.60206
KCNS2	15	3.50467	6	3.87097	21	3.60206
KIF16B	16	3.73832	5	3.22581	21	3.60206
KLHL1	17	3.97196	4	2.58065	21	3.60206
KLHL34	20	4.6729	1	0.645161	21	3.60206
MAP10	17	3.97196	4	2.58065	21	3.60206
MAP4K4	18	4.20561	3	1.93548	21	3.60206
MASP1	17	3.97196	4	2.58065	21	3.60206
MCHR2	18	4.20561	3	1.93548	21	3.60206
MCM4	18	4.20561	3	1.93548	21	3.60206
MEI1	19	4.43925	2	1.29032	21	3.60206
MGAT4C	16	3.73832	5	3.22581	21	3.60206
MMP9	18	4.20561	3	1.93548	21	3.60206
MUC2	20	4.6729	1	0.645161	21	3.60206
MVK	20	4.6729	1	0.645161	21	3.60206
NEURL4	19	4.43925	2	1.29032	21	3.60206
NOL4	16	3.73832	5	3.22581	21	3.60206
NPAS4	17	3.97196	4	2.58065	21	3.60206
NTRK2	19	4.43925	2	1.29032	21	3.60206
NUP133	17	3.97196	4	2.58065	21	3.60206
PAPLN	17	3.97196	4	2.58065	21	3.60206
PATJ	16	3.73832	5	3.22581	21	3.60206
PAXIP1	17	3.97196	4	2.58065	21	3.60206
PCDHB10	17	3.97196	4	2.58065	21	3.60206
PCDHGA1	19	4.43925	2	1.29032	21	3.60206
PCDHGA4	19	4.43925	2	1.29032	21	3.60206
PCNX3	18	4.20561	3	1.93548	21	3.60206
PEAR1	18	4.20561	3	1.93548	21	3.60206
PHLDB2	18	4.20561	3	1.93548	21	3.60206
PHLPP1	18	4.20561	3	1.93548	21	3.60206
PLK1	16	3.73832	5	3.22581	21	3.60206
PRG4	16	3.73832	5	3.22581	21	3.60206
PTPRG	19	4.43925	2	1.29032	21	3.60206
RAI1	21	4.90654	0	0	21	3.60206
RASGRP3	15	3.50467	6	3.87097	21	3.60206
RBM33	17	3.97196	4	2.58065	21	3.60206
REV1	16	3.73832	5	3.22581	21	3.60206
RNF40	18	4.20561	3	1.93548	21	3.60206
SALL2	20	4.6729	1	0.645161	21	3.60206
SEL1L2	14	3.27103	7	4.51613	21	3.60206
SEMA3C	18	4.20561	3	1.93548	21	3.60206
SHANK2	20	4.6729	1	0.645161	21	3.60206
SHROOM3	19	4.43925	2	1.29032	21	3.60206
SIM1	16	3.73832	5	3.22581	21	3.60206
SLC12A6	17	3.97196	4	2.58065	21	3.60206
SLC1A6	16	3.73832	5	3.22581	21	3.60206
SLC39A10	17	3.97196	4	2.58065	21	3.60206
SLC44A5	19	4.43925	2	1.29032	21	3.60206
SLC6A15	15	3.50467	6	3.87097	21	3.60206
SLCO1B3	18	4.20561	3	1.93548	21	3.60206
SMC1A	19	4.43925	2	1.29032	21	3.60206
SNTG1	19	4.43925	2	1.29032	21	3.60206
SON	15	3.50467	6	3.87097	21	3.60206
SOS1	16	3.73832	5	3.22581	21	3.60206
SOX6	16	3.73832	5	3.22581	21	3.60206
SPINK5	17	3.97196	4	2.58065	21	3.60206
STARD8	17	3.97196	4	2.58065	21	3.60206
STOX2	19	4.43925	2	1.29032	21	3.60206
SUPT6H	20	4.6729	1	0.645161	21	3.60206
SYNGAP1	17	3.97196	4	2.58065	21	3.60206
TASOR2	17	3.97196	4	2.58065	21	3.60206
TBX3	18	4.20561	3	1.93548	21	3.60206
TNKS	18	4.20561	3	1.93548	21	3.60206
TPP2	18	4.20561	3	1.93548	21	3.60206
TRDN	18	4.20561	3	1.93548	21	3.60206
TRIM24	16	3.73832	5	3.22581	21	3.60206
TRIM9	17	3.97196	4	2.58065	21	3.60206
TRPV6	16	3.73832	5	3.22581	21	3.60206
TSSK1B	19	4.43925	2	1.29032	21	3.60206
TUBGCP3	18	4.20561	3	1.93548	21	3.60206
UHRF1BP1	18	4.20561	3	1.93548	21	3.60206
UNC45B	18	4.20561	3	1.93548	21	3.60206
USP29	17	3.97196	4	2.58065	21	3.60206
USP48	18	4.20561	3	1.93548	21	3.60206
VRTN	18	4.20561	3	1.93548	21	3.60206
WDR35	16	3.73832	5	3.22581	21	3.60206
WDTC1	17	3.97196	4	2.58065	21	3.60206
WNK4	21	4.90654	0	0	21	3.60206
ZBTB41	17	3.97196	4	2.58065	21	3.60206
ZFAT	16	3.73832	5	3.22581	21	3.60206
ZFR	15	3.50467	6	3.87097	21	3.60206
ZMYM6	20	4.6729	1	0.645161	21	3.60206
ZNF106	17	3.97196	4	2.58065	21	3.60206
ZNF334	17	3.97196	4	2.58065	21	3.60206
ZNF451	16	3.73832	5	3.22581	21	3.60206
ZNF471	15	3.50467	6	3.87097	21	3.60206
ZNF516	18	4.20561	3	1.93548	21	3.60206
ABCC2	12	2.80374	8	5.16129	20	3.43053
ABCC4	18	4.20561	2	1.29032	20	3.43053
ABCC9	15	3.50467	5	3.22581	20	3.43053
ADAMTS13	19	4.43925	1	0.645161	20	3.43053
ADAMTS3	15	3.50467	5	3.22581	20	3.43053
ADAMTSL4	16	3.73832	4	2.58065	20	3.43053
ADCY10	16	3.73832	4	2.58065	20	3.43053
AK9	18	4.20561	2	1.29032	20	3.43053
ALPK1	15	3.50467	5	3.22581	20	3.43053
AMPD1	14	3.27103	6	3.87097	20	3.43053
ANKAR	16	3.73832	4	2.58065	20	3.43053
ANKRD17	16	3.73832	4	2.58065	20	3.43053
ANO5	15	3.50467	5	3.22581	20	3.43053
ARHGAP28	18	4.20561	2	1.29032	20	3.43053
ARHGAP32	16	3.73832	4	2.58065	20	3.43053
ARHGAP33	19	4.43925	1	0.645161	20	3.43053
ARHGEF1	18	4.20561	2	1.29032	20	3.43053
ARHGEF40	19	4.43925	1	0.645161	20	3.43053
ATP9A	18	4.20561	2	1.29032	20	3.43053
BAZ2B	17	3.97196	3	1.93548	20	3.43053
BRD4	19	4.43925	1	0.645161	20	3.43053
BRINP2	15	3.50467	5	3.22581	20	3.43053
BRIP1	16	3.73832	4	2.58065	20	3.43053
CASR	16	3.73832	4	2.58065	20	3.43053
CATSPERD	18	4.20561	2	1.29032	20	3.43053
CC2D1A	18	4.20561	2	1.29032	20	3.43053
CCDC171	15	3.50467	5	3.22581	20	3.43053
CCT8L2	16	3.73832	4	2.58065	20	3.43053
CDH19	15	3.50467	5	3.22581	20	3.43053
CFAP69	16	3.73832	4	2.58065	20	3.43053
CHRM3	18	4.20561	2	1.29032	20	3.43053
CLTCL1	16	3.73832	4	2.58065	20	3.43053
CNBD1	15	3.50467	5	3.22581	20	3.43053
CNGB1	19	4.43925	1	0.645161	20	3.43053
CNTN3	15	3.50467	5	3.22581	20	3.43053
COL9A1	17	3.97196	3	1.93548	20	3.43053
CORIN	16	3.73832	4	2.58065	20	3.43053
CR2	16	3.73832	4	2.58065	20	3.43053
CWF19L2	16	3.73832	4	2.58065	20	3.43053
DAB1	17	3.97196	3	1.93548	20	3.43053
DDI1	17	3.97196	3	1.93548	20	3.43053
DDX27	17	3.97196	3	1.93548	20	3.43053
DGKB	16	3.73832	4	2.58065	20	3.43053
DGKD	17	3.97196	3	1.93548	20	3.43053
DGKI	15	3.50467	5	3.22581	20	3.43053
DHX36	13	3.03738	7	4.51613	20	3.43053
DHX38	17	3.97196	3	1.93548	20	3.43053
DZIP1L	18	4.20561	2	1.29032	20	3.43053
EEF1AKMT4-ECE2	16	3.73832	4	2.58065	20	3.43053
EFEMP1	18	4.20561	2	1.29032	20	3.43053
ELP1	18	4.20561	2	1.29032	20	3.43053
EPHB6	16	3.73832	4	2.58065	20	3.43053
ERBB2	13	3.03738	7	4.51613	20	3.43053
ERN2	17	3.97196	3	1.93548	20	3.43053
EVI5	15	3.50467	5	3.22581	20	3.43053
EXOC1	18	4.20561	2	1.29032	20	3.43053
EXOC4	16	3.73832	4	2.58065	20	3.43053
EXOC6B	13	3.03738	7	4.51613	20	3.43053
FAM135A	14	3.27103	6	3.87097	20	3.43053
FER	15	3.50467	5	3.22581	20	3.43053
FGA	13	3.03738	7	4.51613	20	3.43053
FGD1	17	3.97196	3	1.93548	20	3.43053
FHDC1	16	3.73832	4	2.58065	20	3.43053
FZD10	17	3.97196	3	1.93548	20	3.43053
GABRG3	19	4.43925	1	0.645161	20	3.43053
GAPVD1	15	3.50467	5	3.22581	20	3.43053
GBF1	16	3.73832	4	2.58065	20	3.43053
GIGYF1	20	4.6729	0	0	20	3.43053
GPATCH8	18	4.20561	2	1.29032	20	3.43053
GPR37	15	3.50467	5	3.22581	20	3.43053
GRIN3A	16	3.73832	4	2.58065	20	3.43053
GUF1	17	3.97196	3	1.93548	20	3.43053
HCFC2	17	3.97196	3	1.93548	20	3.43053
HDAC4	19	4.43925	1	0.645161	20	3.43053
HIP1R	17	3.97196	3	1.93548	20	3.43053
HK3	16	3.73832	4	2.58065	20	3.43053
HPSE2	17	3.97196	3	1.93548	20	3.43053
HSPA2	18	4.20561	2	1.29032	20	3.43053
IL1RAPL1	15	3.50467	5	3.22581	20	3.43053
IMPG2	15	3.50467	5	3.22581	20	3.43053
IQGAP3	18	4.20561	2	1.29032	20	3.43053
IRX1	17	3.97196	3	1.93548	20	3.43053
ITGAM	16	3.73832	4	2.58065	20	3.43053
ITGB2	17	3.97196	3	1.93548	20	3.43053
JADE1	18	4.20561	2	1.29032	20	3.43053
KCNH4	15	3.50467	5	3.22581	20	3.43053
KIAA0232	14	3.27103	6	3.87097	20	3.43053
KIAA0319L	19	4.43925	1	0.645161	20	3.43053
KIAA1210	14	3.27103	6	3.87097	20	3.43053
KIRREL2	14	3.27103	6	3.87097	20	3.43053
KNDC1	16	3.73832	4	2.58065	20	3.43053
LIPE	16	3.73832	4	2.58065	20	3.43053
LRP5	17	3.97196	3	1.93548	20	3.43053
LRRC4C	12	2.80374	8	5.16129	20	3.43053
MACC1	15	3.50467	5	3.22581	20	3.43053
MAP1S	18	4.20561	2	1.29032	20	3.43053
MAP3K13	18	4.20561	2	1.29032	20	3.43053
MAPK8IP3	18	4.20561	2	1.29032	20	3.43053
MCTP1	16	3.73832	4	2.58065	20	3.43053
MED1	15	3.50467	5	3.22581	20	3.43053
MIS18BP1	15	3.50467	5	3.22581	20	3.43053
MITF	14	3.27103	6	3.87097	20	3.43053
MMS22L	16	3.73832	4	2.58065	20	3.43053
MPO	15	3.50467	5	3.22581	20	3.43053
MPRIP	18	4.20561	2	1.29032	20	3.43053
MROH5	19	4.43925	1	0.645161	20	3.43053
MYH10	16	3.73832	4	2.58065	20	3.43053
MYO3B	16	3.73832	4	2.58065	20	3.43053
NAA25	16	3.73832	4	2.58065	20	3.43053
NCOA1	17	3.97196	3	1.93548	20	3.43053
NEDD4	17	3.97196	3	1.93548	20	3.43053
NEK10	16	3.73832	4	2.58065	20	3.43053
NEO1	15	3.50467	5	3.22581	20	3.43053
NETO1	14	3.27103	6	3.87097	20	3.43053
NFATC4	16	3.73832	4	2.58065	20	3.43053
NLRP11	14	3.27103	6	3.87097	20	3.43053
NLRP9	18	4.20561	2	1.29032	20	3.43053
NMUR2	16	3.73832	4	2.58065	20	3.43053
NOS2	18	4.20561	2	1.29032	20	3.43053
NR4A2	17	3.97196	3	1.93548	20	3.43053
NUAK1	20	4.6729	0	0	20	3.43053
OAS2	16	3.73832	4	2.58065	20	3.43053
OGDHL	16	3.73832	4	2.58065	20	3.43053
PAK5	16	3.73832	4	2.58065	20	3.43053
PCARE	18	4.20561	2	1.29032	20	3.43053
PCDHA10	16	3.73832	4	2.58065	20	3.43053
PCDHAC1	16	3.73832	4	2.58065	20	3.43053
PCDHB1	18	4.20561	2	1.29032	20	3.43053
PCDHGB2	14	3.27103	6	3.87097	20	3.43053
PDHA2	15	3.50467	5	3.22581	20	3.43053
PHF14	12	2.80374	8	5.16129	20	3.43053
PHKA2	14	3.27103	6	3.87097	20	3.43053
PHRF1	18	4.20561	2	1.29032	20	3.43053
PLCL2	17	3.97196	3	1.93548	20	3.43053
PLEKHA5	19	4.43925	1	0.645161	20	3.43053
PLIN4	17	3.97196	3	1.93548	20	3.43053
POGZ	15	3.50467	5	3.22581	20	3.43053
POP1	16	3.73832	4	2.58065	20	3.43053
POU4F2	19	4.43925	1	0.645161	20	3.43053
PPP1R9A	17	3.97196	3	1.93548	20	3.43053
PPP4R4	18	4.20561	2	1.29032	20	3.43053
PRDM16	19	4.43925	1	0.645161	20	3.43053
PRDM5	16	3.73832	4	2.58065	20	3.43053
PRPF40B	14	3.27103	6	3.87097	20	3.43053
PTPN23	16	3.73832	4	2.58065	20	3.43053
PTPRN	16	3.73832	4	2.58065	20	3.43053
PYHIN1	16	3.73832	4	2.58065	20	3.43053
QSER1	18	4.20561	2	1.29032	20	3.43053
RASA1	16	3.73832	4	2.58065	20	3.43053
RICTOR	18	4.20561	2	1.29032	20	3.43053
RNF111	17	3.97196	3	1.93548	20	3.43053
RNF6	17	3.97196	3	1.93548	20	3.43053
ROR2	18	4.20561	2	1.29032	20	3.43053
SAFB	17	3.97196	3	1.93548	20	3.43053
SAFB2	18	4.20561	2	1.29032	20	3.43053
SALL3	14	3.27103	6	3.87097	20	3.43053
SH3BP4	18	4.20561	2	1.29032	20	3.43053
SHOC1	16	3.73832	4	2.58065	20	3.43053
SHROOM2	14	3.27103	6	3.87097	20	3.43053
SLC26A7	17	3.97196	3	1.93548	20	3.43053
SLC27A6	15	3.50467	5	3.22581	20	3.43053
SLC4A11	16	3.73832	4	2.58065	20	3.43053
SLFN5	16	3.73832	4	2.58065	20	3.43053
SLITRK3	15	3.50467	5	3.22581	20	3.43053
SMC4	17	3.97196	3	1.93548	20	3.43053
SNAP91	17	3.97196	3	1.93548	20	3.43053
SNX29	15	3.50467	5	3.22581	20	3.43053
SPAG9	16	3.73832	4	2.58065	20	3.43053
SPOCK3	14	3.27103	6	3.87097	20	3.43053
SPTBN4	19	4.43925	1	0.645161	20	3.43053
STAT5B	18	4.20561	2	1.29032	20	3.43053
SUPT5H	16	3.73832	4	2.58065	20	3.43053
SV2A	19	4.43925	1	0.645161	20	3.43053
TAF4	13	3.03738	7	4.51613	20	3.43053
TBX18	17	3.97196	3	1.93548	20	3.43053
TEX10	15	3.50467	5	3.22581	20	3.43053
TFAP2D	18	4.20561	2	1.29032	20	3.43053
TICRR	17	3.97196	3	1.93548	20	3.43053
TIE1	18	4.20561	2	1.29032	20	3.43053
TJP2	18	4.20561	2	1.29032	20	3.43053
TPTE2	13	3.03738	7	4.51613	20	3.43053
TRIM3	16	3.73832	4	2.58065	20	3.43053
TRIM42	15	3.50467	5	3.22581	20	3.43053
TRIM55	14	3.27103	6	3.87097	20	3.43053
TTBK1	19	4.43925	1	0.645161	20	3.43053
UGGT1	14	3.27103	6	3.87097	20	3.43053
UNC5D	15	3.50467	5	3.22581	20	3.43053
UPF2	17	3.97196	3	1.93548	20	3.43053
USP19	18	4.20561	2	1.29032	20	3.43053
USP31	14	3.27103	6	3.87097	20	3.43053
USP6	17	3.97196	3	1.93548	20	3.43053
VAV3	16	3.73832	4	2.58065	20	3.43053
VPS50	16	3.73832	4	2.58065	20	3.43053
WHRN	19	4.43925	1	0.645161	20	3.43053
ZBTB40	18	4.20561	2	1.29032	20	3.43053
ZC3H6	15	3.50467	5	3.22581	20	3.43053
ZFC3H1	16	3.73832	4	2.58065	20	3.43053
ZHX2	18	4.20561	2	1.29032	20	3.43053
ZNF236	19	4.43925	1	0.645161	20	3.43053
ZNF385D	16	3.73832	4	2.58065	20	3.43053
ZNF585A	15	3.50467	5	3.22581	20	3.43053
ZNF615	16	3.73832	4	2.58065	20	3.43053
ZNF626	17	3.97196	3	1.93548	20	3.43053
ZNF677	15	3.50467	5	3.22581	20	3.43053
ZNF793	15	3.50467	5	3.22581	20	3.43053
ZNF836	14	3.27103	6	3.87097	20	3.43053
ADAMTS4	17	3.97196	2	1.29032	19	3.25901
ADGRD1	16	3.73832	3	1.93548	19	3.25901
ADGRG2	15	3.50467	4	2.58065	19	3.25901
AEBP1	16	3.73832	3	1.93548	19	3.25901
AGBL1	13	3.03738	6	3.87097	19	3.25901
AGTPBP1	15	3.50467	4	2.58065	19	3.25901
ANKIB1	17	3.97196	2	1.29032	19	3.25901
ANO2	14	3.27103	5	3.22581	19	3.25901
ANO3	16	3.73832	3	1.93548	19	3.25901
AP3B1	15	3.50467	4	2.58065	19	3.25901
ARHGAP11A	13	3.03738	6	3.87097	19	3.25901
ARHGAP30	17	3.97196	2	1.29032	19	3.25901
ARHGEF15	17	3.97196	2	1.29032	19	3.25901
ATP10B	17	3.97196	2	1.29032	19	3.25901
ATP10D	19	4.43925	0	0	19	3.25901
ATP2A2	16	3.73832	3	1.93548	19	3.25901
B4GALNT1	18	4.20561	1	0.645161	19	3.25901
BANK1	14	3.27103	5	3.22581	19	3.25901
BCLAF1	16	3.73832	3	1.93548	19	3.25901
CACNA2D4	16	3.73832	3	1.93548	19	3.25901
CAND2	14	3.27103	5	3.22581	19	3.25901
CAPRIN2	14	3.27103	5	3.22581	19	3.25901
CASP5	16	3.73832	3	1.93548	19	3.25901
CATSPERE	16	3.73832	3	1.93548	19	3.25901
CD1E	15	3.50467	4	2.58065	19	3.25901
CDC42BPG	17	3.97196	2	1.29032	19	3.25901
CDH1	16	3.73832	3	1.93548	19	3.25901
CDH16	16	3.73832	3	1.93548	19	3.25901
CDHR2	13	3.03738	6	3.87097	19	3.25901
CDHR3	16	3.73832	3	1.93548	19	3.25901
CDRT1	15	3.50467	4	2.58065	19	3.25901
CEP112	16	3.73832	3	1.93548	19	3.25901
CEP126	14	3.27103	5	3.22581	19	3.25901
CGNL1	16	3.73832	3	1.93548	19	3.25901
CILP	16	3.73832	3	1.93548	19	3.25901
CKAP2	18	4.20561	1	0.645161	19	3.25901
CLSPN	14	3.27103	5	3.22581	19	3.25901
CLTC	14	3.27103	5	3.22581	19	3.25901
CNNM1	18	4.20561	1	0.645161	19	3.25901
CNTNAP1	17	3.97196	2	1.29032	19	3.25901
COBLL1	13	3.03738	6	3.87097	19	3.25901
COL17A1	17	3.97196	2	1.29032	19	3.25901
COL20A1	18	4.20561	1	0.645161	19	3.25901
COL21A1	14	3.27103	5	3.22581	19	3.25901
COPA	16	3.73832	3	1.93548	19	3.25901
CPD	16	3.73832	3	1.93548	19	3.25901
CPXM1	13	3.03738	6	3.87097	19	3.25901
CYFIP2	16	3.73832	3	1.93548	19	3.25901
CYP7B1	15	3.50467	4	2.58065	19	3.25901
DDR2	15	3.50467	4	2.58065	19	3.25901
DEPDC5	17	3.97196	2	1.29032	19	3.25901
DGKH	13	3.03738	6	3.87097	19	3.25901
DHX15	17	3.97196	2	1.29032	19	3.25901
DIAPH2	16	3.73832	3	1.93548	19	3.25901
DIS3L	18	4.20561	1	0.645161	19	3.25901
DRD5	14	3.27103	5	3.22581	19	3.25901
DYNC1I1	14	3.27103	5	3.22581	19	3.25901
EDC4	17	3.97196	2	1.29032	19	3.25901
EGFLAM	17	3.97196	2	1.29032	19	3.25901
EHD3	15	3.50467	4	2.58065	19	3.25901
EML1	14	3.27103	5	3.22581	19	3.25901
EPB41L5	17	3.97196	2	1.29032	19	3.25901
ERICH6	17	3.97196	2	1.29032	19	3.25901
ESRP1	17	3.97196	2	1.29032	19	3.25901
EVPL	16	3.73832	3	1.93548	19	3.25901
EXOC6	18	4.20561	1	0.645161	19	3.25901
FAN1	17	3.97196	2	1.29032	19	3.25901
FBXO10	17	3.97196	2	1.29032	19	3.25901
FGFR2	15	3.50467	4	2.58065	19	3.25901
FOXK1	16	3.73832	3	1.93548	19	3.25901
FOXP2	13	3.03738	6	3.87097	19	3.25901
FSTL4	18	4.20561	1	0.645161	19	3.25901
GABRG2	12	2.80374	7	4.51613	19	3.25901
GATA3	16	3.73832	3	1.93548	19	3.25901
GEMIN5	17	3.97196	2	1.29032	19	3.25901
GGT5	18	4.20561	1	0.645161	19	3.25901
GLB1L2	16	3.73832	3	1.93548	19	3.25901
HEATR5A	18	4.20561	1	0.645161	19	3.25901
HEPHL1	16	3.73832	3	1.93548	19	3.25901
HIF3A	17	3.97196	2	1.29032	19	3.25901
IARS2	16	3.73832	3	1.93548	19	3.25901
IFT140	16	3.73832	3	1.93548	19	3.25901
IFT80	16	3.73832	3	1.93548	19	3.25901
IGSF3	17	3.97196	2	1.29032	19	3.25901
IL18R1	14	3.27103	5	3.22581	19	3.25901
IL18RAP	15	3.50467	4	2.58065	19	3.25901
IL1RL1	15	3.50467	4	2.58065	19	3.25901
IL7R	15	3.50467	4	2.58065	19	3.25901
INPP4A	16	3.73832	3	1.93548	19	3.25901
INTS2	17	3.97196	2	1.29032	19	3.25901
IRAG1	16	3.73832	3	1.93548	19	3.25901
ITGA5	16	3.73832	3	1.93548	19	3.25901
ITGA6	14	3.27103	5	3.22581	19	3.25901
KANK1	15	3.50467	4	2.58065	19	3.25901
KCNC3	19	4.43925	0	0	19	3.25901
KCNG1	16	3.73832	3	1.93548	19	3.25901
KCNH2	12	2.80374	7	4.51613	19	3.25901
KCTD3	16	3.73832	3	1.93548	19	3.25901
KIF4A	16	3.73832	3	1.93548	19	3.25901
KLHL5	16	3.73832	3	1.93548	19	3.25901
LARGE1	16	3.73832	3	1.93548	19	3.25901
LARP1	13	3.03738	6	3.87097	19	3.25901
LATS1	14	3.27103	5	3.22581	19	3.25901
LGR4	16	3.73832	3	1.93548	19	3.25901
LONRF2	16	3.73832	3	1.93548	19	3.25901
LRIG3	12	2.80374	7	4.51613	19	3.25901
LZTR1	18	4.20561	1	0.645161	19	3.25901
MAN2A1	16	3.73832	3	1.93548	19	3.25901
MED13L	17	3.97196	2	1.29032	19	3.25901
MET	16	3.73832	3	1.93548	19	3.25901
MIER3	16	3.73832	3	1.93548	19	3.25901
MLH1	16	3.73832	3	1.93548	19	3.25901
MOS	13	3.03738	6	3.87097	19	3.25901
MSH3	15	3.50467	4	2.58065	19	3.25901
MYO1B	15	3.50467	4	2.58065	19	3.25901
NAALAD2	17	3.97196	2	1.29032	19	3.25901
NCAPG	18	4.20561	1	0.645161	19	3.25901
NCOA3	14	3.27103	5	3.22581	19	3.25901
NCOA5	17	3.97196	2	1.29032	19	3.25901
NDST4	15	3.50467	4	2.58065	19	3.25901
NEDD9	17	3.97196	2	1.29032	19	3.25901
NELL1	16	3.73832	3	1.93548	19	3.25901
NEMF	15	3.50467	4	2.58065	19	3.25901
NEXN	15	3.50467	4	2.58065	19	3.25901
NLRC4	15	3.50467	4	2.58065	19	3.25901
NOTCH4	14	3.27103	5	3.22581	19	3.25901
NPC1	16	3.73832	3	1.93548	19	3.25901
NR0B1	15	3.50467	4	2.58065	19	3.25901
NUP155	15	3.50467	4	2.58065	19	3.25901
NUP188	14	3.27103	5	3.22581	19	3.25901
OR2M2	14	3.27103	5	3.22581	19	3.25901
PABPC5	13	3.03738	6	3.87097	19	3.25901
PAPOLG	14	3.27103	5	3.22581	19	3.25901
PAX3	17	3.97196	2	1.29032	19	3.25901
PAXBP1	16	3.73832	3	1.93548	19	3.25901
PC	15	3.50467	4	2.58065	19	3.25901
PCDH8	18	4.20561	1	0.645161	19	3.25901
PCDHAC2	15	3.50467	4	2.58065	19	3.25901
PCDHGC5	15	3.50467	4	2.58065	19	3.25901
PCSK1	15	3.50467	4	2.58065	19	3.25901
PDE8B	14	3.27103	5	3.22581	19	3.25901
PEAK1	16	3.73832	3	1.93548	19	3.25901
PER3	18	4.20561	1	0.645161	19	3.25901
PGR	16	3.73832	3	1.93548	19	3.25901
PIK3R6	17	3.97196	2	1.29032	19	3.25901
PKN2	14	3.27103	5	3.22581	19	3.25901
PLCG1	17	3.97196	2	1.29032	19	3.25901
PLCL1	13	3.03738	6	3.87097	19	3.25901
PNLDC1	13	3.03738	6	3.87097	19	3.25901
POLR3E	14	3.27103	5	3.22581	19	3.25901
POTEE	15	3.50467	4	2.58065	19	3.25901
PPARGC1A	19	4.43925	0	0	19	3.25901
PPP1R26	19	4.43925	0	0	19	3.25901
PRDM15	16	3.73832	3	1.93548	19	3.25901
PTBP2	17	3.97196	2	1.29032	19	3.25901
PTCHD3	17	3.97196	2	1.29032	19	3.25901
PTGER3	16	3.73832	3	1.93548	19	3.25901
PTPRF	17	3.97196	2	1.29032	19	3.25901
RAD50	14	3.27103	5	3.22581	19	3.25901
RAG1	16	3.73832	3	1.93548	19	3.25901
RBM46	16	3.73832	3	1.93548	19	3.25901
RIMBP3	15	3.50467	4	2.58065	19	3.25901
ROR1	13	3.03738	6	3.87097	19	3.25901
RPGRIP1	14	3.27103	5	3.22581	19	3.25901
RPRD2	17	3.97196	2	1.29032	19	3.25901
RTN1	16	3.73832	3	1.93548	19	3.25901
SCRIB	17	3.97196	2	1.29032	19	3.25901
SEC31A	17	3.97196	2	1.29032	19	3.25901
SEL1L3	15	3.50467	4	2.58065	19	3.25901
SELP	15	3.50467	4	2.58065	19	3.25901
SEMA3A	14	3.27103	5	3.22581	19	3.25901
SEMA3E	13	3.03738	6	3.87097	19	3.25901
SEMA5A	16	3.73832	3	1.93548	19	3.25901
SENP7	16	3.73832	3	1.93548	19	3.25901
SH3PXD2B	15	3.50467	4	2.58065	19	3.25901
SLC12A1	16	3.73832	3	1.93548	19	3.25901
SLC12A7	19	4.43925	0	0	19	3.25901
SLC13A3	14	3.27103	5	3.22581	19	3.25901
SLC32A1	17	3.97196	2	1.29032	19	3.25901
SLC3A2	19	4.43925	0	0	19	3.25901
SLC4A1	16	3.73832	3	1.93548	19	3.25901
SLC6A2	16	3.73832	3	1.93548	19	3.25901
SLCO5A1	15	3.50467	4	2.58065	19	3.25901
SLFN13	17	3.97196	2	1.29032	19	3.25901
SNAPC4	14	3.27103	5	3.22581	19	3.25901
SNED1	16	3.73832	3	1.93548	19	3.25901
SNX25	14	3.27103	5	3.22581	19	3.25901
SORCS2	14	3.27103	5	3.22581	19	3.25901
SOS2	17	3.97196	2	1.29032	19	3.25901
SPAG16	11	2.57009	8	5.16129	19	3.25901
SRFBP1	17	3.97196	2	1.29032	19	3.25901
SRRM1	16	3.73832	3	1.93548	19	3.25901
SRRM4	18	4.20561	1	0.645161	19	3.25901
SWT1	14	3.27103	5	3.22581	19	3.25901
SYNJ2	17	3.97196	2	1.29032	19	3.25901
TAOK2	18	4.20561	1	0.645161	19	3.25901
TBC1D25	18	4.20561	1	0.645161	19	3.25901
TBC1D8B	12	2.80374	7	4.51613	19	3.25901
TBC1D9B	17	3.97196	2	1.29032	19	3.25901
TBXT	16	3.73832	3	1.93548	19	3.25901
TCF4	14	3.27103	5	3.22581	19	3.25901
TIMELESS	18	4.20561	1	0.645161	19	3.25901
TJP1	14	3.27103	5	3.22581	19	3.25901
TLN2	17	3.97196	2	1.29032	19	3.25901
TLR7	15	3.50467	4	2.58065	19	3.25901
TLR8	12	2.80374	7	4.51613	19	3.25901
TLR9	14	3.27103	5	3.22581	19	3.25901
TMF1	15	3.50467	4	2.58065	19	3.25901
TOP2A	14	3.27103	5	3.22581	19	3.25901
TOP3A	15	3.50467	4	2.58065	19	3.25901
TOPBP1	14	3.27103	5	3.22581	19	3.25901
TOPORS	14	3.27103	5	3.22581	19	3.25901
TRIM37	16	3.73832	3	1.93548	19	3.25901
TRIM46	17	3.97196	2	1.29032	19	3.25901
TRPV5	17	3.97196	2	1.29032	19	3.25901
TSC1	18	4.20561	1	0.645161	19	3.25901
TTC37	16	3.73832	3	1.93548	19	3.25901
TTF1	17	3.97196	2	1.29032	19	3.25901
TUBGCP2	15	3.50467	4	2.58065	19	3.25901
TXLNB	16	3.73832	3	1.93548	19	3.25901
UACA	13	3.03738	6	3.87097	19	3.25901
UBN2	16	3.73832	3	1.93548	19	3.25901
UGT3A2	14	3.27103	5	3.22581	19	3.25901
ULK1	17	3.97196	2	1.29032	19	3.25901
ULK4	13	3.03738	6	3.87097	19	3.25901
UNC13B	16	3.73832	3	1.93548	19	3.25901
UPF1	15	3.50467	4	2.58065	19	3.25901
USP43	15	3.50467	4	2.58065	19	3.25901
USP44	15	3.50467	4	2.58065	19	3.25901
WDR49	17	3.97196	2	1.29032	19	3.25901
WDR72	14	3.27103	5	3.22581	19	3.25901
WRN	15	3.50467	4	2.58065	19	3.25901
YTHDC1	14	3.27103	5	3.22581	19	3.25901
ZBTB7C	18	4.20561	1	0.645161	19	3.25901
ZC3H4	16	3.73832	3	1.93548	19	3.25901
ZDHHC7	15	3.50467	4	2.58065	19	3.25901
ZDHHC8	17	3.97196	2	1.29032	19	3.25901
ZIC4	15	3.50467	4	2.58065	19	3.25901
ZMYM1	14	3.27103	5	3.22581	19	3.25901
ZNF304	14	3.27103	5	3.22581	19	3.25901
ZNF366	15	3.50467	4	2.58065	19	3.25901
ZNF479	14	3.27103	5	3.22581	19	3.25901
ZNF528	13	3.03738	6	3.87097	19	3.25901
ZNF546	13	3.03738	6	3.87097	19	3.25901
ZNF607	14	3.27103	5	3.22581	19	3.25901
ZSWIM8	15	3.50467	4	2.58065	19	3.25901
ABL1	15	3.50467	3	1.93548	18	3.08748
AC011462.1	17	3.97196	1	0.645161	18	3.08748
ACTN1	12	2.80374	6	3.87097	18	3.08748
ACVR2B	15	3.50467	3	1.93548	18	3.08748
ADAM18	14	3.27103	4	2.58065	18	3.08748
ADAM21	14	3.27103	4	2.58065	18	3.08748
ADAMTS14	12	2.80374	6	3.87097	18	3.08748
ADAR	15	3.50467	3	1.93548	18	3.08748
ADD3	16	3.73832	2	1.29032	18	3.08748
ADGRL4	15	3.50467	3	1.93548	18	3.08748
ADNP	14	3.27103	4	2.58065	18	3.08748
AGBL5	15	3.50467	3	1.93548	18	3.08748
AGO4	15	3.50467	3	1.93548	18	3.08748
ANKRD44	15	3.50467	3	1.93548	18	3.08748
AP3D1	16	3.73832	2	1.29032	18	3.08748
ARHGEF10L	15	3.50467	3	1.93548	18	3.08748
ARHGEF18	15	3.50467	3	1.93548	18	3.08748
ARHGEF6	15	3.50467	3	1.93548	18	3.08748
ARID5B	11	2.57009	7	4.51613	18	3.08748
AXL	16	3.73832	2	1.29032	18	3.08748
BCAS3	15	3.50467	3	1.93548	18	3.08748
BCL11A	17	3.97196	1	0.645161	18	3.08748
BEND3	17	3.97196	1	0.645161	18	3.08748
BICC1	16	3.73832	2	1.29032	18	3.08748
BRSK1	16	3.73832	2	1.29032	18	3.08748
C10orf120	16	3.73832	2	1.29032	18	3.08748
C1R	15	3.50467	3	1.93548	18	3.08748
C2CD5	15	3.50467	3	1.93548	18	3.08748
C6orf118	15	3.50467	3	1.93548	18	3.08748
CAMSAP3	17	3.97196	1	0.645161	18	3.08748
CATSPERB	14	3.27103	4	2.58065	18	3.08748
CCAR1	16	3.73832	2	1.29032	18	3.08748
CCNA1	17	3.97196	1	0.645161	18	3.08748
CD58	15	3.50467	3	1.93548	18	3.08748
CDH22	15	3.50467	3	1.93548	18	3.08748
CDYL	14	3.27103	4	2.58065	18	3.08748
CEP120	16	3.73832	2	1.29032	18	3.08748
CEP128	14	3.27103	4	2.58065	18	3.08748
CEP170B	17	3.97196	1	0.645161	18	3.08748
CFAP46	12	2.80374	6	3.87097	18	3.08748
CFAP58	15	3.50467	3	1.93548	18	3.08748
CHST2	15	3.50467	3	1.93548	18	3.08748
CNKSR1	16	3.73832	2	1.29032	18	3.08748
CNTNAP3	14	3.27103	4	2.58065	18	3.08748
COL28A1	14	3.27103	4	2.58065	18	3.08748
CP	13	3.03738	5	3.22581	18	3.08748
CPQ	15	3.50467	3	1.93548	18	3.08748
CPXM2	13	3.03738	5	3.22581	18	3.08748
CPZ	14	3.27103	4	2.58065	18	3.08748
CSDE1	15	3.50467	3	1.93548	18	3.08748
CSNK1A1L	14	3.27103	4	2.58065	18	3.08748
DACH2	13	3.03738	5	3.22581	18	3.08748
DCAF1	14	3.27103	4	2.58065	18	3.08748
DCX	14	3.27103	4	2.58065	18	3.08748
DDX17	18	4.20561	0	0	18	3.08748
DDX60	17	3.97196	1	0.645161	18	3.08748
DGKZ	15	3.50467	3	1.93548	18	3.08748
DHX29	16	3.73832	2	1.29032	18	3.08748
DHX34	17	3.97196	1	0.645161	18	3.08748
DHX57	15	3.50467	3	1.93548	18	3.08748
DIAPH1	15	3.50467	3	1.93548	18	3.08748
DLGAP1	15	3.50467	3	1.93548	18	3.08748
DNAI1	12	2.80374	6	3.87097	18	3.08748
DNAI3	14	3.27103	4	2.58065	18	3.08748
DNAI4	15	3.50467	3	1.93548	18	3.08748
DNM2	13	3.03738	5	3.22581	18	3.08748
DZIP1	15	3.50467	3	1.93548	18	3.08748
DZIP3	12	2.80374	6	3.87097	18	3.08748
EHMT2	12	2.80374	6	3.87097	18	3.08748
EIF2AK1	17	3.97196	1	0.645161	18	3.08748
EIF2AK3	16	3.73832	2	1.29032	18	3.08748
EML4	14	3.27103	4	2.58065	18	3.08748
ENC1	16	3.73832	2	1.29032	18	3.08748
ENPP2	15	3.50467	3	1.93548	18	3.08748
EPHA2	17	3.97196	1	0.645161	18	3.08748
EPS8L1	17	3.97196	1	0.645161	18	3.08748
ESCO1	13	3.03738	5	3.22581	18	3.08748
FAM214B	17	3.97196	1	0.645161	18	3.08748
FANCD2	15	3.50467	3	1.93548	18	3.08748
FARP1	12	2.80374	6	3.87097	18	3.08748
FBH1	16	3.73832	2	1.29032	18	3.08748
FBXW10	15	3.50467	3	1.93548	18	3.08748
FGD5	14	3.27103	4	2.58065	18	3.08748
FHOD1	17	3.97196	1	0.645161	18	3.08748
FILIP1L	16	3.73832	2	1.29032	18	3.08748
FLCN	17	3.97196	1	0.645161	18	3.08748
FNIP1	15	3.50467	3	1.93548	18	3.08748
FOXG1	15	3.50467	3	1.93548	18	3.08748
FRMPD2	11	2.57009	7	4.51613	18	3.08748
G3BP1	16	3.73832	2	1.29032	18	3.08748
GABRB2	14	3.27103	4	2.58065	18	3.08748
GABRQ	15	3.50467	3	1.93548	18	3.08748
GANAB	16	3.73832	2	1.29032	18	3.08748
GDF5	16	3.73832	2	1.29032	18	3.08748
GIMAP8	16	3.73832	2	1.29032	18	3.08748
GRIP2	16	3.73832	2	1.29032	18	3.08748
HEATR4	15	3.50467	3	1.93548	18	3.08748
HELQ	15	3.50467	3	1.93548	18	3.08748
HIPK2	14	3.27103	4	2.58065	18	3.08748
HSPA12A	17	3.97196	1	0.645161	18	3.08748
HTR1A	16	3.73832	2	1.29032	18	3.08748
IBTK	16	3.73832	2	1.29032	18	3.08748
IGF2BP1	15	3.50467	3	1.93548	18	3.08748
IL16	16	3.73832	2	1.29032	18	3.08748
IL21R	13	3.03738	5	3.22581	18	3.08748
INF2	17	3.97196	1	0.645161	18	3.08748
INSR	16	3.73832	2	1.29032	18	3.08748
IQCH	11	2.57009	7	4.51613	18	3.08748
ITK	14	3.27103	4	2.58065	18	3.08748
KAT14	16	3.73832	2	1.29032	18	3.08748
KCNA3	15	3.50467	3	1.93548	18	3.08748
KCTD19	16	3.73832	2	1.29032	18	3.08748
KDM4A	14	3.27103	4	2.58065	18	3.08748
KIAA0825	15	3.50467	3	1.93548	18	3.08748
KIF5B	14	3.27103	4	2.58065	18	3.08748
KIF5C	13	3.03738	5	3.22581	18	3.08748
KIFC3	15	3.50467	3	1.93548	18	3.08748
KMT5B	14	3.27103	4	2.58065	18	3.08748
LHCGR	17	3.97196	1	0.645161	18	3.08748
LIG3	16	3.73832	2	1.29032	18	3.08748
LMTK3	14	3.27103	4	2.58065	18	3.08748
LRRC41	17	3.97196	1	0.645161	18	3.08748
LRRN1	16	3.73832	2	1.29032	18	3.08748
LTN1	14	3.27103	4	2.58065	18	3.08748
MAMLD1	15	3.50467	3	1.93548	18	3.08748
MAP3K10	16	3.73832	2	1.29032	18	3.08748
MAP7	13	3.03738	5	3.22581	18	3.08748
MAP9	15	3.50467	3	1.93548	18	3.08748
MAPKBP1	14	3.27103	4	2.58065	18	3.08748
MARK4	15	3.50467	3	1.93548	18	3.08748
MARS1	14	3.27103	4	2.58065	18	3.08748
MEIS2	12	2.80374	6	3.87097	18	3.08748
MGAT3	18	4.20561	0	0	18	3.08748
MGAT5B	16	3.73832	2	1.29032	18	3.08748
MKRN3	14	3.27103	4	2.58065	18	3.08748
MOV10L1	15	3.50467	3	1.93548	18	3.08748
MRGPRX1	14	3.27103	4	2.58065	18	3.08748
MYBPC3	17	3.97196	1	0.645161	18	3.08748
MYO1E	15	3.50467	3	1.93548	18	3.08748
MYO6	12	2.80374	6	3.87097	18	3.08748
NAA16	14	3.27103	4	2.58065	18	3.08748
NAALADL1	16	3.73832	2	1.29032	18	3.08748
NCAPD2	16	3.73832	2	1.29032	18	3.08748
NCBP1	11	2.57009	7	4.51613	18	3.08748
NFATC1	17	3.97196	1	0.645161	18	3.08748
NFATC2	14	3.27103	4	2.58065	18	3.08748
NLGN1	13	3.03738	5	3.22581	18	3.08748
NLRC3	14	3.27103	4	2.58065	18	3.08748
NLRP14	14	3.27103	4	2.58065	18	3.08748
NLRX1	13	3.03738	5	3.22581	18	3.08748
NOM1	14	3.27103	4	2.58065	18	3.08748
NPC1L1	15	3.50467	3	1.93548	18	3.08748
NPR1	12	2.80374	6	3.87097	18	3.08748
NR3C2	13	3.03738	5	3.22581	18	3.08748
NSD2	15	3.50467	3	1.93548	18	3.08748
OGDH	16	3.73832	2	1.29032	18	3.08748
OLFML2B	14	3.27103	4	2.58065	18	3.08748
OR2M4	16	3.73832	2	1.29032	18	3.08748
OTOA	14	3.27103	4	2.58065	18	3.08748
OTUD7B	14	3.27103	4	2.58065	18	3.08748
PARD3	15	3.50467	3	1.93548	18	3.08748
PASD1	12	2.80374	6	3.87097	18	3.08748
PCDH11Y	14	3.27103	4	2.58065	18	3.08748
PDE10A	11	2.57009	7	4.51613	18	3.08748
PDE11A	12	2.80374	6	3.87097	18	3.08748
PDE6A	15	3.50467	3	1.93548	18	3.08748
PELP1	17	3.97196	1	0.645161	18	3.08748
PEX1	15	3.50467	3	1.93548	18	3.08748
PHC1	16	3.73832	2	1.29032	18	3.08748
PLB1	12	2.80374	6	3.87097	18	3.08748
PLCB1	16	3.73832	2	1.29032	18	3.08748
PLEKHG1	15	3.50467	3	1.93548	18	3.08748
POLR2A	14	3.27103	4	2.58065	18	3.08748
PPP1R13B	14	3.27103	4	2.58065	18	3.08748
PPP6R3	10	2.33645	8	5.16129	18	3.08748
PRAM1	16	3.73832	2	1.29032	18	3.08748
PRAMEF17	14	3.27103	4	2.58065	18	3.08748
PSD	15	3.50467	3	1.93548	18	3.08748
PTCHD4	15	3.50467	3	1.93548	18	3.08748
PTPRH	14	3.27103	4	2.58065	18	3.08748
PTPRN2	18	4.20561	0	0	18	3.08748
RABGAP1	15	3.50467	3	1.93548	18	3.08748
RAI14	13	3.03738	5	3.22581	18	3.08748
RAPH1	16	3.73832	2	1.29032	18	3.08748
RASA2	14	3.27103	4	2.58065	18	3.08748
RASAL3	16	3.73832	2	1.29032	18	3.08748
RASEF	13	3.03738	5	3.22581	18	3.08748
RASGRP2	14	3.27103	4	2.58065	18	3.08748
RBFOX1	15	3.50467	3	1.93548	18	3.08748
RFX5	17	3.97196	1	0.645161	18	3.08748
RFX6	15	3.50467	3	1.93548	18	3.08748
RNF123	15	3.50467	3	1.93548	18	3.08748
RNF20	15	3.50467	3	1.93548	18	3.08748
ROBO4	16	3.73832	2	1.29032	18	3.08748
ROCK2	14	3.27103	4	2.58065	18	3.08748
SBNO2	17	3.97196	1	0.645161	18	3.08748
SCUBE3	17	3.97196	1	0.645161	18	3.08748
SDHA	15	3.50467	3	1.93548	18	3.08748
SEC24B	13	3.03738	5	3.22581	18	3.08748
SEMA6A	16	3.73832	2	1.29032	18	3.08748
SEZ6L2	13	3.03738	5	3.22581	18	3.08748
SFSWAP	17	3.97196	1	0.645161	18	3.08748
SGO1	15	3.50467	3	1.93548	18	3.08748
SH3TC1	17	3.97196	1	0.645161	18	3.08748
SHANK3	17	3.97196	1	0.645161	18	3.08748
SLC4A10	16	3.73832	2	1.29032	18	3.08748
SLCO2A1	15	3.50467	3	1.93548	18	3.08748
SLFN11	13	3.03738	5	3.22581	18	3.08748
SMC5	15	3.50467	3	1.93548	18	3.08748
SOGA1	13	3.03738	5	3.22581	18	3.08748
SPON1	16	3.73832	2	1.29032	18	3.08748
ST8SIA6	13	3.03738	5	3.22581	18	3.08748
STON1	15	3.50467	3	1.93548	18	3.08748
SYDE2	15	3.50467	3	1.93548	18	3.08748
SYNM	12	2.80374	6	3.87097	18	3.08748
SYNRG	15	3.50467	3	1.93548	18	3.08748
SYT16	13	3.03738	5	3.22581	18	3.08748
TAF3	14	3.27103	4	2.58065	18	3.08748
TAP2	15	3.50467	3	1.93548	18	3.08748
TBC1D4	14	3.27103	4	2.58065	18	3.08748
TDRD5	13	3.03738	5	3.22581	18	3.08748
TECRL	14	3.27103	4	2.58065	18	3.08748
TGM5	12	2.80374	6	3.87097	18	3.08748
TMC5	14	3.27103	4	2.58065	18	3.08748
TMTC1	14	3.27103	4	2.58065	18	3.08748
TMTC2	16	3.73832	2	1.29032	18	3.08748
TNPO1	15	3.50467	3	1.93548	18	3.08748
TUB	14	3.27103	4	2.58065	18	3.08748
UBA6	16	3.73832	2	1.29032	18	3.08748
UBE3A	15	3.50467	3	1.93548	18	3.08748
UBE3B	14	3.27103	4	2.58065	18	3.08748
UBN1	15	3.50467	3	1.93548	18	3.08748
UTP4	15	3.50467	3	1.93548	18	3.08748
VCAM1	15	3.50467	3	1.93548	18	3.08748
VPS33A	16	3.73832	2	1.29032	18	3.08748
VPS8	15	3.50467	3	1.93548	18	3.08748
WASHC2C	16	3.73832	2	1.29032	18	3.08748
WDR19	14	3.27103	4	2.58065	18	3.08748
WDR47	14	3.27103	4	2.58065	18	3.08748
XKR4	17	3.97196	1	0.645161	18	3.08748
XRCC5	13	3.03738	5	3.22581	18	3.08748
ZC3H12C	14	3.27103	4	2.58065	18	3.08748
ZFP28	15	3.50467	3	1.93548	18	3.08748
ZFYVE16	15	3.50467	3	1.93548	18	3.08748
ZIM2	15	3.50467	3	1.93548	18	3.08748
ZMYM3	16	3.73832	2	1.29032	18	3.08748
ZNF354C	14	3.27103	4	2.58065	18	3.08748
ZNF418	16	3.73832	2	1.29032	18	3.08748
ZNF443	14	3.27103	4	2.58065	18	3.08748
ZNF518B	12	2.80374	6	3.87097	18	3.08748
ZNF568	13	3.03738	5	3.22581	18	3.08748
ZNF578	13	3.03738	5	3.22581	18	3.08748
ZNF616	15	3.50467	3	1.93548	18	3.08748
ZNF629	17	3.97196	1	0.645161	18	3.08748
ZNF7	15	3.50467	3	1.93548	18	3.08748
ZXDA	14	3.27103	4	2.58065	18	3.08748
AATK	13	3.03738	4	2.58065	17	2.91595
ABCD2	12	2.80374	5	3.22581	17	2.91595
AC004922.1	15	3.50467	2	1.29032	17	2.91595
ACSS3	13	3.03738	4	2.58065	17	2.91595
ACTL9	15	3.50467	2	1.29032	17	2.91595
ADAM2	13	3.03738	4	2.58065	17	2.91595
ADAM23	14	3.27103	3	1.93548	17	2.91595
ADAM30	11	2.57009	6	3.87097	17	2.91595
ADAMTS6	13	3.03738	4	2.58065	17	2.91595
ADARB2	10	2.33645	7	4.51613	17	2.91595
ADGRE5	14	3.27103	3	1.93548	17	2.91595
AGGF1	11	2.57009	6	3.87097	17	2.91595
AL136295.1	13	3.03738	4	2.58065	17	2.91595
ALDH1A3	15	3.50467	2	1.29032	17	2.91595
AMBRA1	15	3.50467	2	1.29032	17	2.91595
ANKRD35	14	3.27103	3	1.93548	17	2.91595
APPL1	15	3.50467	2	1.29032	17	2.91595
ARAF	16	3.73832	1	0.645161	17	2.91595
ARHGAP29	13	3.03738	4	2.58065	17	2.91595
ASAP1	13	3.03738	4	2.58065	17	2.91595
ASIC2	14	3.27103	3	1.93548	17	2.91595
ASNSD1	14	3.27103	3	1.93548	17	2.91595
ATP11A	17	3.97196	0	0	17	2.91595
ATP1A1	15	3.50467	2	1.29032	17	2.91595
ATP8B3	17	3.97196	0	0	17	2.91595
B4GALNT4	16	3.73832	1	0.645161	17	2.91595
BAZ1B	12	2.80374	5	3.22581	17	2.91595
BAZ2A	14	3.27103	3	1.93548	17	2.91595
BMP1	16	3.73832	1	0.645161	17	2.91595
BMS1	12	2.80374	5	3.22581	17	2.91595
C14orf39	12	2.80374	5	3.22581	17	2.91595
C15orf39	15	3.50467	2	1.29032	17	2.91595
C2CD3	14	3.27103	3	1.93548	17	2.91595
CADM1	16	3.73832	1	0.645161	17	2.91595
CARD6	15	3.50467	2	1.29032	17	2.91595
CASD1	14	3.27103	3	1.93548	17	2.91595
CASS4	15	3.50467	2	1.29032	17	2.91595
CATSPER1	12	2.80374	5	3.22581	17	2.91595
CCDC15	14	3.27103	3	1.93548	17	2.91595
CCDC88C	16	3.73832	1	0.645161	17	2.91595
CD22	13	3.03738	4	2.58065	17	2.91595
CDAN1	15	3.50467	2	1.29032	17	2.91595
CDH13	13	3.03738	4	2.58065	17	2.91595
CDYL2	12	2.80374	5	3.22581	17	2.91595
CENPC	16	3.73832	1	0.645161	17	2.91595
CEP104	12	2.80374	5	3.22581	17	2.91595
CEP135	14	3.27103	3	1.93548	17	2.91595
CEP83	13	3.03738	4	2.58065	17	2.91595
CFAP100	15	3.50467	2	1.29032	17	2.91595
CFAP44	14	3.27103	3	1.93548	17	2.91595
CFAP45	15	3.50467	2	1.29032	17	2.91595
CHAT	16	3.73832	1	0.645161	17	2.91595
CLASP2	14	3.27103	3	1.93548	17	2.91595
CLCN2	16	3.73832	1	0.645161	17	2.91595
CLIP4	15	3.50467	2	1.29032	17	2.91595
CLSTN3	14	3.27103	3	1.93548	17	2.91595
CNGA3	13	3.03738	4	2.58065	17	2.91595
COPB1	12	2.80374	5	3.22581	17	2.91595
CPXCR1	13	3.03738	4	2.58065	17	2.91595
CSF2RA	13	3.03738	4	2.58065	17	2.91595
CSPP1	13	3.03738	4	2.58065	17	2.91595
CUL7	14	3.27103	3	1.93548	17	2.91595
CYLC2	15	3.50467	2	1.29032	17	2.91595
CYLD	12	2.80374	5	3.22581	17	2.91595
CYP4Z1	12	2.80374	5	3.22581	17	2.91595
DCLK2	11	2.57009	6	3.87097	17	2.91595
DHX8	14	3.27103	3	1.93548	17	2.91595
DLG5	15	3.50467	2	1.29032	17	2.91595
DLL1	13	3.03738	4	2.58065	17	2.91595
DTNA	12	2.80374	5	3.22581	17	2.91595
DUS4L-BCAP29	14	3.27103	3	1.93548	17	2.91595
DVL2	14	3.27103	3	1.93548	17	2.91595
EBF3	13	3.03738	4	2.58065	17	2.91595
EFCAB13	14	3.27103	3	1.93548	17	2.91595
EFHB	14	3.27103	3	1.93548	17	2.91595
EGR1	14	3.27103	3	1.93548	17	2.91595
EHBP1	14	3.27103	3	1.93548	17	2.91595
EIF5B	15	3.50467	2	1.29032	17	2.91595
EMILIN1	15	3.50467	2	1.29032	17	2.91595
EMSY	15	3.50467	2	1.29032	17	2.91595
ENTPD4	16	3.73832	1	0.645161	17	2.91595
EPHA10	15	3.50467	2	1.29032	17	2.91595
EPPK1	15	3.50467	2	1.29032	17	2.91595
ERBIN	14	3.27103	3	1.93548	17	2.91595
ERCC6L	10	2.33645	7	4.51613	17	2.91595
ERCC6L2	12	2.80374	5	3.22581	17	2.91595
ESF1	13	3.03738	4	2.58065	17	2.91595
ETV1	14	3.27103	3	1.93548	17	2.91595
EXT1	16	3.73832	1	0.645161	17	2.91595
EYA4	14	3.27103	3	1.93548	17	2.91595
F13A1	14	3.27103	3	1.93548	17	2.91595
FAM13C	11	2.57009	6	3.87097	17	2.91595
FAM71B	13	3.03738	4	2.58065	17	2.91595
FBXO34	12	2.80374	5	3.22581	17	2.91595
FCHO2	14	3.27103	3	1.93548	17	2.91595
FCSK	17	3.97196	0	0	17	2.91595
FKBP9	16	3.73832	1	0.645161	17	2.91595
FOCAD	14	3.27103	3	1.93548	17	2.91595
FOXI1	13	3.03738	4	2.58065	17	2.91595
FSCB	12	2.80374	5	3.22581	17	2.91595
FYB2	14	3.27103	3	1.93548	17	2.91595
FYCO1	15	3.50467	2	1.29032	17	2.91595
GAA	16	3.73832	1	0.645161	17	2.91595
GABRA1	15	3.50467	2	1.29032	17	2.91595
GAK	15	3.50467	2	1.29032	17	2.91595
GALNT13	14	3.27103	3	1.93548	17	2.91595
GALNTL5	13	3.03738	4	2.58065	17	2.91595
GALNTL6	13	3.03738	4	2.58065	17	2.91595
GJA10	13	3.03738	4	2.58065	17	2.91595
GLI2	14	3.27103	3	1.93548	17	2.91595
GLRB	15	3.50467	2	1.29032	17	2.91595
GP2	14	3.27103	3	1.93548	17	2.91595
GPLD1	13	3.03738	4	2.58065	17	2.91595
GRIK1	15	3.50467	2	1.29032	17	2.91595
GRIP1	14	3.27103	3	1.93548	17	2.91595
GRM2	14	3.27103	3	1.93548	17	2.91595
GUCY1B1	15	3.50467	2	1.29032	17	2.91595
GYS2	11	2.57009	6	3.87097	17	2.91595
HBS1L	16	3.73832	1	0.645161	17	2.91595
HELB	15	3.50467	2	1.29032	17	2.91595
HERC5	13	3.03738	4	2.58065	17	2.91595
HLA-A	16	3.73832	1	0.645161	17	2.91595
HSPA1L	16	3.73832	1	0.645161	17	2.91595
IFIH1	14	3.27103	3	1.93548	17	2.91595
IFT122	11	2.57009	6	3.87097	17	2.91595
IQSEC2	16	3.73832	1	0.645161	17	2.91595
ITGA11	16	3.73832	1	0.645161	17	2.91595
ITGA3	13	3.03738	4	2.58065	17	2.91595
ITGB8	15	3.50467	2	1.29032	17	2.91595
IVL	15	3.50467	2	1.29032	17	2.91595
JAG1	14	3.27103	3	1.93548	17	2.91595
JAG2	16	3.73832	1	0.645161	17	2.91595
JAKMIP3	12	2.80374	5	3.22581	17	2.91595
JUP	15	3.50467	2	1.29032	17	2.91595
KAZN	16	3.73832	1	0.645161	17	2.91595
KBTBD6	14	3.27103	3	1.93548	17	2.91595
KBTBD7	14	3.27103	3	1.93548	17	2.91595
KCNC2	13	3.03738	4	2.58065	17	2.91595
KCNJ3	15	3.50467	2	1.29032	17	2.91595
KCNJ8	15	3.50467	2	1.29032	17	2.91595
KCNN3	14	3.27103	3	1.93548	17	2.91595
KCNT1	13	3.03738	4	2.58065	17	2.91595
KCTD8	16	3.73832	1	0.645161	17	2.91595
KDM4B	14	3.27103	3	1.93548	17	2.91595
KEL	13	3.03738	4	2.58065	17	2.91595
KIF17	15	3.50467	2	1.29032	17	2.91595
KLHL42	13	3.03738	4	2.58065	17	2.91595
KLHL6	16	3.73832	1	0.645161	17	2.91595
KLHL9	13	3.03738	4	2.58065	17	2.91595
KPRP	15	3.50467	2	1.29032	17	2.91595
KRT73	13	3.03738	4	2.58065	17	2.91595
LAMC1	14	3.27103	3	1.93548	17	2.91595
LARS1	14	3.27103	3	1.93548	17	2.91595
LILRB1	10	2.33645	7	4.51613	17	2.91595
LNPEP	15	3.50467	2	1.29032	17	2.91595
LOXL2	15	3.50467	2	1.29032	17	2.91595
LRRC37A2	13	3.03738	4	2.58065	17	2.91595
LUZP1	16	3.73832	1	0.645161	17	2.91595
LY75	14	3.27103	3	1.93548	17	2.91595
MAP2K7	16	3.73832	1	0.645161	17	2.91595
MAP3K12	16	3.73832	1	0.645161	17	2.91595
MARCHF10	15	3.50467	2	1.29032	17	2.91595
MARK2	16	3.73832	1	0.645161	17	2.91595
MCF2L	15	3.50467	2	1.29032	17	2.91595
ME1	13	3.03738	4	2.58065	17	2.91595
MEFV	14	3.27103	3	1.93548	17	2.91595
MEIS1	15	3.50467	2	1.29032	17	2.91595
MGAT5	16	3.73832	1	0.645161	17	2.91595
MINK1	16	3.73832	1	0.645161	17	2.91595
MOGS	13	3.03738	4	2.58065	17	2.91595
MST1R	17	3.97196	0	0	17	2.91595
MTA2	17	3.97196	0	0	17	2.91595
MTREX	14	3.27103	3	1.93548	17	2.91595
MUSK	11	2.57009	6	3.87097	17	2.91595
MYO1A	15	3.50467	2	1.29032	17	2.91595
MYO1G	14	3.27103	3	1.93548	17	2.91595
NAA15	15	3.50467	2	1.29032	17	2.91595
NEK1	14	3.27103	3	1.93548	17	2.91595
NEK5	12	2.80374	5	3.22581	17	2.91595
NFE2L1	16	3.73832	1	0.645161	17	2.91595
NLRP12	12	2.80374	5	3.22581	17	2.91595
NOL8	14	3.27103	3	1.93548	17	2.91595
NOMO1	14	3.27103	3	1.93548	17	2.91595
NPAS3	14	3.27103	3	1.93548	17	2.91595
NPR2	15	3.50467	2	1.29032	17	2.91595
NUTM1	13	3.03738	4	2.58065	17	2.91595
NYAP1	13	3.03738	4	2.58065	17	2.91595
OLFM1	13	3.03738	4	2.58065	17	2.91595
OR2L13	11	2.57009	6	3.87097	17	2.91595
OR4A5	12	2.80374	5	3.22581	17	2.91595
P3H3	16	3.73832	1	0.645161	17	2.91595
PABPC3	13	3.03738	4	2.58065	17	2.91595
PCDHB14	15	3.50467	2	1.29032	17	2.91595
PCDHB16	10	2.33645	7	4.51613	17	2.91595
PCDHGA10	14	3.27103	3	1.93548	17	2.91595
PCDHGA9	13	3.03738	4	2.58065	17	2.91595
PDCD11	14	3.27103	3	1.93548	17	2.91595
PDE1B	14	3.27103	3	1.93548	17	2.91595
PDE1C	15	3.50467	2	1.29032	17	2.91595
PDZD4	15	3.50467	2	1.29032	17	2.91595
PDZD8	13	3.03738	4	2.58065	17	2.91595
PHKB	13	3.03738	4	2.58065	17	2.91595
PIP5K1C	17	3.97196	0	0	17	2.91595
PKD2	14	3.27103	3	1.93548	17	2.91595
PLEKHG2	14	3.27103	3	1.93548	17	2.91595
PNPLA8	15	3.50467	2	1.29032	17	2.91595
PODN	14	3.27103	3	1.93548	17	2.91595
POLR2B	14	3.27103	3	1.93548	17	2.91595
POLR3B	14	3.27103	3	1.93548	17	2.91595
POM121L12	14	3.27103	3	1.93548	17	2.91595
PPFIBP2	12	2.80374	5	3.22581	17	2.91595
PPP2R3A	11	2.57009	6	3.87097	17	2.91595
PRAMEF20	12	2.80374	5	3.22581	17	2.91595
PRDM1	10	2.33645	7	4.51613	17	2.91595
PRPF4B	16	3.73832	1	0.645161	17	2.91595
PRRG1	14	3.27103	3	1.93548	17	2.91595
PTCH2	12	2.80374	5	3.22581	17	2.91595
PTGFRN	15	3.50467	2	1.29032	17	2.91595
PTK2B	15	3.50467	2	1.29032	17	2.91595
PTPN12	13	3.03738	4	2.58065	17	2.91595
PTPN3	15	3.50467	2	1.29032	17	2.91595
PTPN4	11	2.57009	6	3.87097	17	2.91595
R3HDM1	15	3.50467	2	1.29032	17	2.91595
RAB11FIP1	16	3.73832	1	0.645161	17	2.91595
RABGAP1L	12	2.80374	5	3.22581	17	2.91595
RAD54L2	15	3.50467	2	1.29032	17	2.91595
RANBP17	13	3.03738	4	2.58065	17	2.91595
RAPGEF1	15	3.50467	2	1.29032	17	2.91595
RBL2	15	3.50467	2	1.29032	17	2.91595
RBM27	14	3.27103	3	1.93548	17	2.91595
RELCH	16	3.73832	1	0.645161	17	2.91595
RFTN1	16	3.73832	1	0.645161	17	2.91595
RNF216	13	3.03738	4	2.58065	17	2.91595
RRBP1	14	3.27103	3	1.93548	17	2.91595
RTN4	15	3.50467	2	1.29032	17	2.91595
SBF2	14	3.27103	3	1.93548	17	2.91595
SCG2	12	2.80374	5	3.22581	17	2.91595
SEMA6D	13	3.03738	4	2.58065	17	2.91595
SENP6	14	3.27103	3	1.93548	17	2.91595
SIGLEC10	14	3.27103	3	1.93548	17	2.91595
SIPA1L3	14	3.27103	3	1.93548	17	2.91595
SLC12A2	14	3.27103	3	1.93548	17	2.91595
SLC12A9	15	3.50467	2	1.29032	17	2.91595
SLC16A7	11	2.57009	6	3.87097	17	2.91595
SLC18A3	15	3.50467	2	1.29032	17	2.91595
SLC24A3	15	3.50467	2	1.29032	17	2.91595
SLC26A3	14	3.27103	3	1.93548	17	2.91595
SLC26A5	14	3.27103	3	1.93548	17	2.91595
SND1	16	3.73832	1	0.645161	17	2.91595
SOCS5	13	3.03738	4	2.58065	17	2.91595
SPATA31A1	14	3.27103	3	1.93548	17	2.91595
SPPL2B	16	3.73832	1	0.645161	17	2.91595
SPRTN	15	3.50467	2	1.29032	17	2.91595
SPZ1	11	2.57009	6	3.87097	17	2.91595
SSH2	15	3.50467	2	1.29032	17	2.91595
ST8SIA4	11	2.57009	6	3.87097	17	2.91595
STON1-GTF2A1L	14	3.27103	3	1.93548	17	2.91595
STPG2	11	2.57009	6	3.87097	17	2.91595
STS	15	3.50467	2	1.29032	17	2.91595
STXBP5L	14	3.27103	3	1.93548	17	2.91595
SYNE3	13	3.03738	4	2.58065	17	2.91595
SYNJ1	13	3.03738	4	2.58065	17	2.91595
TACR3	11	2.57009	6	3.87097	17	2.91595
TAF2	13	3.03738	4	2.58065	17	2.91595
TAOK3	16	3.73832	1	0.645161	17	2.91595
TBX5	14	3.27103	3	1.93548	17	2.91595
TDRD3	14	3.27103	3	1.93548	17	2.91595
TECPR2	14	3.27103	3	1.93548	17	2.91595
TEX11	11	2.57009	6	3.87097	17	2.91595
TGFBR1	13	3.03738	4	2.58065	17	2.91595
TGFBR2	17	3.97196	0	0	17	2.91595
TLR3	13	3.03738	4	2.58065	17	2.91595
TMC3	13	3.03738	4	2.58065	17	2.91595
TNKS1BP1	17	3.97196	0	0	17	2.91595
TRAPPC12	13	3.03738	4	2.58065	17	2.91595
TSC2	14	3.27103	3	1.93548	17	2.91595
TTC21A	15	3.50467	2	1.29032	17	2.91595
TTC21B	15	3.50467	2	1.29032	17	2.91595
TTLL7	14	3.27103	3	1.93548	17	2.91595
TTYH1	13	3.03738	4	2.58065	17	2.91595
TUBGCP5	14	3.27103	3	1.93548	17	2.91595
TUSC3	13	3.03738	4	2.58065	17	2.91595
UBE3C	14	3.27103	3	1.93548	17	2.91595
UBR3	13	3.03738	4	2.58065	17	2.91595
UNC5A	13	3.03738	4	2.58065	17	2.91595
URB2	14	3.27103	3	1.93548	17	2.91595
UROC1	14	3.27103	3	1.93548	17	2.91595
USP15	15	3.50467	2	1.29032	17	2.91595
USP26	15	3.50467	2	1.29032	17	2.91595
VAV1	14	3.27103	3	1.93548	17	2.91595
VEPH1	14	3.27103	3	1.93548	17	2.91595
VTN	11	2.57009	6	3.87097	17	2.91595
WASL	15	3.50467	2	1.29032	17	2.91595
WDHD1	11	2.57009	6	3.87097	17	2.91595
WDR62	14	3.27103	3	1.93548	17	2.91595
WDR90	16	3.73832	1	0.645161	17	2.91595
WIZ	16	3.73832	1	0.645161	17	2.91595
WWC1	13	3.03738	4	2.58065	17	2.91595
XDH	15	3.50467	2	1.29032	17	2.91595
XPO6	15	3.50467	2	1.29032	17	2.91595
XPR1	15	3.50467	2	1.29032	17	2.91595
ZBTB16	12	2.80374	5	3.22581	17	2.91595
ZBTB46	14	3.27103	3	1.93548	17	2.91595
ZFR2	17	3.97196	0	0	17	2.91595
ZNF148	12	2.80374	5	3.22581	17	2.91595
ZNF184	14	3.27103	3	1.93548	17	2.91595
ZNF257	10	2.33645	7	4.51613	17	2.91595
ZNF335	15	3.50467	2	1.29032	17	2.91595
ZNF33A	11	2.57009	6	3.87097	17	2.91595
ZNF37A	12	2.80374	5	3.22581	17	2.91595
ZNF382	11	2.57009	6	3.87097	17	2.91595
ZNF416	15	3.50467	2	1.29032	17	2.91595
ZNF454	13	3.03738	4	2.58065	17	2.91595
ZNF483	14	3.27103	3	1.93548	17	2.91595
ZNF492	13	3.03738	4	2.58065	17	2.91595
ZNF569	13	3.03738	4	2.58065	17	2.91595
ZNF667	13	3.03738	4	2.58065	17	2.91595
AARS2	16	3.73832	0	0	16	2.74443
ABCC10	14	3.27103	2	1.29032	16	2.74443
ABCG2	12	2.80374	4	2.58065	16	2.74443
ABR	15	3.50467	1	0.645161	16	2.74443
ACAP1	13	3.03738	3	1.93548	16	2.74443
ACKR3	13	3.03738	3	1.93548	16	2.74443
ACTA1	16	3.73832	0	0	16	2.74443
ADAD1	11	2.57009	5	3.22581	16	2.74443
ADAMTSL2	15	3.50467	1	0.645161	16	2.74443
ADARB1	14	3.27103	2	1.29032	16	2.74443
ADCY7	13	3.03738	3	1.93548	16	2.74443
ADNP2	13	3.03738	3	1.93548	16	2.74443
AGAP2	12	2.80374	4	2.58065	16	2.74443
AGO3	15	3.50467	1	0.645161	16	2.74443
AK5	11	2.57009	5	3.22581	16	2.74443
AKAP4	12	2.80374	4	2.58065	16	2.74443
ALG13	13	3.03738	3	1.93548	16	2.74443
ALOX5	14	3.27103	2	1.29032	16	2.74443
ALS2CL	15	3.50467	1	0.645161	16	2.74443
ANAPC1	13	3.03738	3	1.93548	16	2.74443
ANKRD52	14	3.27103	2	1.29032	16	2.74443
ANKS1A	12	2.80374	4	2.58065	16	2.74443
ANXA6	14	3.27103	2	1.29032	16	2.74443
AP5Z1	14	3.27103	2	1.29032	16	2.74443
APAF1	14	3.27103	2	1.29032	16	2.74443
APBA1	14	3.27103	2	1.29032	16	2.74443
APP	11	2.57009	5	3.22581	16	2.74443
ARSJ	13	3.03738	3	1.93548	16	2.74443
ATP1A3	13	3.03738	3	1.93548	16	2.74443
ATP2C1	13	3.03738	3	1.93548	16	2.74443
ATP2C2	13	3.03738	3	1.93548	16	2.74443
ATP9B	11	2.57009	5	3.22581	16	2.74443
ATRN	14	3.27103	2	1.29032	16	2.74443
BCR	13	3.03738	3	1.93548	16	2.74443
BICDL1	15	3.50467	1	0.645161	16	2.74443
BMPER	13	3.03738	3	1.93548	16	2.74443
BRPF1	14	3.27103	2	1.29032	16	2.74443
BUB1	14	3.27103	2	1.29032	16	2.74443
C1S	13	3.03738	3	1.93548	16	2.74443
CACNG3	11	2.57009	5	3.22581	16	2.74443
CASKIN1	15	3.50467	1	0.645161	16	2.74443
CBLB	10	2.33645	6	3.87097	16	2.74443
CBX8	16	3.73832	0	0	16	2.74443
CCAR2	13	3.03738	3	1.93548	16	2.74443
CCDC136	11	2.57009	5	3.22581	16	2.74443
CCDC170	10	2.33645	6	3.87097	16	2.74443
CCDC28A	16	3.73832	0	0	16	2.74443
CCDC40	13	3.03738	3	1.93548	16	2.74443
CCPG1	12	2.80374	4	2.58065	16	2.74443
CELF4	14	3.27103	2	1.29032	16	2.74443
CEMIP2	12	2.80374	4	2.58065	16	2.74443
CEP70	13	3.03738	3	1.93548	16	2.74443
CEP78	14	3.27103	2	1.29032	16	2.74443
CEP95	11	2.57009	5	3.22581	16	2.74443
CHST10	13	3.03738	3	1.93548	16	2.74443
CILP2	13	3.03738	3	1.93548	16	2.74443
CLCA1	13	3.03738	3	1.93548	16	2.74443
CLCN3	12	2.80374	4	2.58065	16	2.74443
CNGA1	12	2.80374	4	2.58065	16	2.74443
CNR1	13	3.03738	3	1.93548	16	2.74443
COL6A5	12	2.80374	4	2.58065	16	2.74443
CPEB2	13	3.03738	3	1.93548	16	2.74443
CPNE4	8	1.86916	8	5.16129	16	2.74443
CRTC1	16	3.73832	0	0	16	2.74443
CTC1	16	3.73832	0	0	16	2.74443
CTSC	14	3.27103	2	1.29032	16	2.74443
CUL5	12	2.80374	4	2.58065	16	2.74443
CYP11B1	11	2.57009	5	3.22581	16	2.74443
DCAF12L1	14	3.27103	2	1.29032	16	2.74443
DDX23	13	3.03738	3	1.93548	16	2.74443
DDX43	13	3.03738	3	1.93548	16	2.74443
DDX54	15	3.50467	1	0.645161	16	2.74443
DENND4C	12	2.80374	4	2.58065	16	2.74443
DENND6A	15	3.50467	1	0.645161	16	2.74443
DHX16	15	3.50467	1	0.645161	16	2.74443
DIS3	10	2.33645	6	3.87097	16	2.74443
DIS3L2	14	3.27103	2	1.29032	16	2.74443
DNM1	13	3.03738	3	1.93548	16	2.74443
DPP8	13	3.03738	3	1.93548	16	2.74443
E4F1	15	3.50467	1	0.645161	16	2.74443
EEF1AKNMT	15	3.50467	1	0.645161	16	2.74443
EIF4G2	13	3.03738	3	1.93548	16	2.74443
EMC1	13	3.03738	3	1.93548	16	2.74443
ENPP3	10	2.33645	6	3.87097	16	2.74443
EOMES	16	3.73832	0	0	16	2.74443
EPB41L1	14	3.27103	2	1.29032	16	2.74443
EPN1	13	3.03738	3	1.93548	16	2.74443
EPS15	11	2.57009	5	3.22581	16	2.74443
EPX	14	3.27103	2	1.29032	16	2.74443
ESPNL	12	2.80374	4	2.58065	16	2.74443
ESRRG	11	2.57009	5	3.22581	16	2.74443
ESYT3	13	3.03738	3	1.93548	16	2.74443
ETAA1	12	2.80374	4	2.58065	16	2.74443
ETV5	13	3.03738	3	1.93548	16	2.74443
ETV6	14	3.27103	2	1.29032	16	2.74443
F9	14	3.27103	2	1.29032	16	2.74443
FAM114A1	12	2.80374	4	2.58065	16	2.74443
FAM120B	13	3.03738	3	1.93548	16	2.74443
FAM171B	12	2.80374	4	2.58065	16	2.74443
FAM83E	14	3.27103	2	1.29032	16	2.74443
FBXO21	13	3.03738	3	1.93548	16	2.74443
FBXO40	12	2.80374	4	2.58065	16	2.74443
FLRT1	15	3.50467	1	0.645161	16	2.74443
FNBP4	14	3.27103	2	1.29032	16	2.74443
FNDC3B	14	3.27103	2	1.29032	16	2.74443
FURIN	15	3.50467	1	0.645161	16	2.74443
FZD6	13	3.03738	3	1.93548	16	2.74443
GABRA4	14	3.27103	2	1.29032	16	2.74443
GAD1	14	3.27103	2	1.29032	16	2.74443
GALNT14	12	2.80374	4	2.58065	16	2.74443
GBE1	13	3.03738	3	1.93548	16	2.74443
GLG1	16	3.73832	0	0	16	2.74443
GMEB2	14	3.27103	2	1.29032	16	2.74443
GPR101	12	2.80374	4	2.58065	16	2.74443
GPR156	12	2.80374	4	2.58065	16	2.74443
GPRASP2	12	2.80374	4	2.58065	16	2.74443
GTF2IRD1	14	3.27103	2	1.29032	16	2.74443
GTF3C3	12	2.80374	4	2.58065	16	2.74443
GUCY2C	15	3.50467	1	0.645161	16	2.74443
HDC	7	1.63551	9	5.80645	16	2.74443
HECTD2	12	2.80374	4	2.58065	16	2.74443
HHIP	15	3.50467	1	0.645161	16	2.74443
HKDC1	14	3.27103	2	1.29032	16	2.74443
HTR1E	13	3.03738	3	1.93548	16	2.74443
HTR7	14	3.27103	2	1.29032	16	2.74443
IDE	13	3.03738	3	1.93548	16	2.74443
IGDCC3	13	3.03738	3	1.93548	16	2.74443
INPP5F	13	3.03738	3	1.93548	16	2.74443
INTS5	12	2.80374	4	2.58065	16	2.74443
INTS7	13	3.03738	3	1.93548	16	2.74443
IQSEC1	16	3.73832	0	0	16	2.74443
IQSEC3	15	3.50467	1	0.645161	16	2.74443
ISLR2	15	3.50467	1	0.645161	16	2.74443
ITGB6	13	3.03738	3	1.93548	16	2.74443
ITPRID1	12	2.80374	4	2.58065	16	2.74443
JAK2	12	2.80374	4	2.58065	16	2.74443
KHDRBS2	10	2.33645	6	3.87097	16	2.74443
KIAA0408	12	2.80374	4	2.58065	16	2.74443
KIAA1522	12	2.80374	4	2.58065	16	2.74443
KIAA1586	13	3.03738	3	1.93548	16	2.74443
KIF3A	13	3.03738	3	1.93548	16	2.74443
KLKB1	14	3.27103	2	1.29032	16	2.74443
KRT85	13	3.03738	3	1.93548	16	2.74443
KTN1	14	3.27103	2	1.29032	16	2.74443
L1TD1	13	3.03738	3	1.93548	16	2.74443
LAMB3	12	2.80374	4	2.58065	16	2.74443
LARP4	13	3.03738	3	1.93548	16	2.74443
LATS2	13	3.03738	3	1.93548	16	2.74443
LCA5	12	2.80374	4	2.58065	16	2.74443
LEO1	12	2.80374	4	2.58065	16	2.74443
LHX1	14	3.27103	2	1.29032	16	2.74443
LILRB5	10	2.33645	6	3.87097	16	2.74443
LIMA1	13	3.03738	3	1.93548	16	2.74443
LMBRD1	13	3.03738	3	1.93548	16	2.74443
LNX1	14	3.27103	2	1.29032	16	2.74443
LOXL3	14	3.27103	2	1.29032	16	2.74443
LRRC31	12	2.80374	4	2.58065	16	2.74443
LRRC37A3	11	2.57009	5	3.22581	16	2.74443
LRRC49	14	3.27103	2	1.29032	16	2.74443
LRRC66	15	3.50467	1	0.645161	16	2.74443
LRRFIP2	11	2.57009	5	3.22581	16	2.74443
LRRTM1	14	3.27103	2	1.29032	16	2.74443
LSR	12	2.80374	4	2.58065	16	2.74443
MAD1L1	14	3.27103	2	1.29032	16	2.74443
MAG	13	3.03738	3	1.93548	16	2.74443
MAN2C1	14	3.27103	2	1.29032	16	2.74443
MAP3K11	13	3.03738	3	1.93548	16	2.74443
MAP3K9	14	3.27103	2	1.29032	16	2.74443
MAP4	14	3.27103	2	1.29032	16	2.74443
MARVELD2	13	3.03738	3	1.93548	16	2.74443
MCM10	13	3.03738	3	1.93548	16	2.74443
MCPH1	12	2.80374	4	2.58065	16	2.74443
MCTP2	12	2.80374	4	2.58065	16	2.74443
MED23	13	3.03738	3	1.93548	16	2.74443
MEGF10	11	2.57009	5	3.22581	16	2.74443
MEX3B	14	3.27103	2	1.29032	16	2.74443
MLLT10	12	2.80374	4	2.58065	16	2.74443
MLLT6	14	3.27103	2	1.29032	16	2.74443
MMRN1	11	2.57009	5	3.22581	16	2.74443
MN1	16	3.73832	0	0	16	2.74443
MON1B	14	3.27103	2	1.29032	16	2.74443
MRC2	14	3.27103	2	1.29032	16	2.74443
MTF2	12	2.80374	4	2.58065	16	2.74443
MTHFD1L	12	2.80374	4	2.58065	16	2.74443
MTUS1	13	3.03738	3	1.93548	16	2.74443
MXRA8	16	3.73832	0	0	16	2.74443
MYBBP1A	16	3.73832	0	0	16	2.74443
MYBL1	13	3.03738	3	1.93548	16	2.74443
MYBPC1	12	2.80374	4	2.58065	16	2.74443
MYLK3	10	2.33645	6	3.87097	16	2.74443
NCKAP1	12	2.80374	4	2.58065	16	2.74443
NEDD4L	14	3.27103	2	1.29032	16	2.74443
NFRKB	14	3.27103	2	1.29032	16	2.74443
NKAPL	13	3.03738	3	1.93548	16	2.74443
NLGN3	14	3.27103	2	1.29032	16	2.74443
NRDC	14	3.27103	2	1.29032	16	2.74443
NSD3	14	3.27103	2	1.29032	16	2.74443
NTM	11	2.57009	5	3.22581	16	2.74443
NTN4	12	2.80374	4	2.58065	16	2.74443
NTNG2	15	3.50467	1	0.645161	16	2.74443
OR1C1	14	3.27103	2	1.29032	16	2.74443
OR2L3	12	2.80374	4	2.58065	16	2.74443
OR4A15	13	3.03738	3	1.93548	16	2.74443
OR4C13	10	2.33645	6	3.87097	16	2.74443
OR6N1	15	3.50467	1	0.645161	16	2.74443
OTOL1	13	3.03738	3	1.93548	16	2.74443
PAPOLB	10	2.33645	6	3.87097	16	2.74443
PCDHB11	12	2.80374	4	2.58065	16	2.74443
PCDHGC4	13	3.03738	3	1.93548	16	2.74443
PDILT	12	2.80374	4	2.58065	16	2.74443
PDYN	13	3.03738	3	1.93548	16	2.74443
PDZRN3	13	3.03738	3	1.93548	16	2.74443
PHC2	14	3.27103	2	1.29032	16	2.74443
PHLDB1	15	3.50467	1	0.645161	16	2.74443
PHLPP2	14	3.27103	2	1.29032	16	2.74443
PITPNM1	15	3.50467	1	0.645161	16	2.74443
PKD2L1	15	3.50467	1	0.645161	16	2.74443
PKN1	14	3.27103	2	1.29032	16	2.74443
PLA2G4A	12	2.80374	4	2.58065	16	2.74443
PLA2G6	15	3.50467	1	0.645161	16	2.74443
PLCB3	16	3.73832	0	0	16	2.74443
PLCZ1	14	3.27103	2	1.29032	16	2.74443
PLD1	14	3.27103	2	1.29032	16	2.74443
PLEKHM2	14	3.27103	2	1.29032	16	2.74443
PLXDC2	10	2.33645	6	3.87097	16	2.74443
PNPLA5	13	3.03738	3	1.93548	16	2.74443
POLA1	10	2.33645	6	3.87097	16	2.74443
POLM	15	3.50467	1	0.645161	16	2.74443
POLR3A	14	3.27103	2	1.29032	16	2.74443
PPP1R12B	10	2.33645	6	3.87097	16	2.74443
PPP1R16B	13	3.03738	3	1.93548	16	2.74443
PPP2R2C	13	3.03738	3	1.93548	16	2.74443
PPP5C	12	2.80374	4	2.58065	16	2.74443
PRICKLE2	12	2.80374	4	2.58065	16	2.74443
PRKAA2	13	3.03738	3	1.93548	16	2.74443
PRKCH	13	3.03738	3	1.93548	16	2.74443
PRKCI	12	2.80374	4	2.58065	16	2.74443
PRKD3	11	2.57009	5	3.22581	16	2.74443
PROKR1	15	3.50467	1	0.645161	16	2.74443
PROS1	14	3.27103	2	1.29032	16	2.74443
PROX1	13	3.03738	3	1.93548	16	2.74443
PTCHD1	14	3.27103	2	1.29032	16	2.74443
PUS7	14	3.27103	2	1.29032	16	2.74443
PWP1	14	3.27103	2	1.29032	16	2.74443
PWWP3B	11	2.57009	5	3.22581	16	2.74443
QRICH2	14	3.27103	2	1.29032	16	2.74443
RANBP6	11	2.57009	5	3.22581	16	2.74443
RARB	14	3.27103	2	1.29032	16	2.74443
RB1	12	2.80374	4	2.58065	16	2.74443
RBBP7	13	3.03738	3	1.93548	16	2.74443
RBBP8NL	14	3.27103	2	1.29032	16	2.74443
RBM25	14	3.27103	2	1.29032	16	2.74443
RBM26	12	2.80374	4	2.58065	16	2.74443
RDX	13	3.03738	3	1.93548	16	2.74443
RECQL5	13	3.03738	3	1.93548	16	2.74443
RGS20	14	3.27103	2	1.29032	16	2.74443
RNASEL	12	2.80374	4	2.58065	16	2.74443
RPH3A	12	2.80374	4	2.58065	16	2.74443
RPS6KC1	10	2.33645	6	3.87097	16	2.74443
RTEL1	13	3.03738	3	1.93548	16	2.74443
RTKN2	14	3.27103	2	1.29032	16	2.74443
RXRG	13	3.03738	3	1.93548	16	2.74443
SATB2	13	3.03738	3	1.93548	16	2.74443
SCARA5	13	3.03738	3	1.93548	16	2.74443
SECISBP2L	13	3.03738	3	1.93548	16	2.74443
SEMA3G	13	3.03738	3	1.93548	16	2.74443
SEMA4F	12	2.80374	4	2.58065	16	2.74443
SEMG2	14	3.27103	2	1.29032	16	2.74443
SENP5	11	2.57009	5	3.22581	16	2.74443
SHOX	13	3.03738	3	1.93548	16	2.74443
SIX4	12	2.80374	4	2.58065	16	2.74443
SLC12A3	13	3.03738	3	1.93548	16	2.74443
SLC15A2	11	2.57009	5	3.22581	16	2.74443
SLC16A1	14	3.27103	2	1.29032	16	2.74443
SLC16A6	15	3.50467	1	0.645161	16	2.74443
SLC27A5	12	2.80374	4	2.58065	16	2.74443
SLC2A14	12	2.80374	4	2.58065	16	2.74443
SLC30A9	11	2.57009	5	3.22581	16	2.74443
SLC34A2	13	3.03738	3	1.93548	16	2.74443
SLC4A2	12	2.80374	4	2.58065	16	2.74443
SLC4A4	11	2.57009	5	3.22581	16	2.74443
SLC4A5	14	3.27103	2	1.29032	16	2.74443
SLC4A8	13	3.03738	3	1.93548	16	2.74443
SLC5A8	11	2.57009	5	3.22581	16	2.74443
SLC9A4	11	2.57009	5	3.22581	16	2.74443
SLC9A9	13	3.03738	3	1.93548	16	2.74443
SLCO3A1	14	3.27103	2	1.29032	16	2.74443
SLCO4C1	13	3.03738	3	1.93548	16	2.74443
SLK	13	3.03738	3	1.93548	16	2.74443
SMARCAL1	12	2.80374	4	2.58065	16	2.74443
SMG6	13	3.03738	3	1.93548	16	2.74443
SNX19	11	2.57009	5	3.22581	16	2.74443
SORBS1	12	2.80374	4	2.58065	16	2.74443
SPAG5	15	3.50467	1	0.645161	16	2.74443
SPTY2D1	12	2.80374	4	2.58065	16	2.74443
SRGAP2	15	3.50467	1	0.645161	16	2.74443
SSH1	12	2.80374	4	2.58065	16	2.74443
SSTR4	13	3.03738	3	1.93548	16	2.74443
STAMBPL1	14	3.27103	2	1.29032	16	2.74443
STOX1	13	3.03738	3	1.93548	16	2.74443
STRIP2	15	3.50467	1	0.645161	16	2.74443
SUCO	11	2.57009	5	3.22581	16	2.74443
SYMPK	15	3.50467	1	0.645161	16	2.74443
SYNPO	14	3.27103	2	1.29032	16	2.74443
TBC1D22A	13	3.03738	3	1.93548	16	2.74443
TCF12	13	3.03738	3	1.93548	16	2.74443
TGFBR3	12	2.80374	4	2.58065	16	2.74443
TGM2	13	3.03738	3	1.93548	16	2.74443
TGM4	14	3.27103	2	1.29032	16	2.74443
TGM7	12	2.80374	4	2.58065	16	2.74443
THAP12	13	3.03738	3	1.93548	16	2.74443
THOC1	12	2.80374	4	2.58065	16	2.74443
TMC2	14	3.27103	2	1.29032	16	2.74443
TNK2	15	3.50467	1	0.645161	16	2.74443
TNPO3	14	3.27103	2	1.29032	16	2.74443
TNS2	15	3.50467	1	0.645161	16	2.74443
TOP1	11	2.57009	5	3.22581	16	2.74443
TRAK1	14	3.27103	2	1.29032	16	2.74443
TRPM4	14	3.27103	2	1.29032	16	2.74443
TSC22D1	14	3.27103	2	1.29032	16	2.74443
TSGA10	14	3.27103	2	1.29032	16	2.74443
TTI1	13	3.03738	3	1.93548	16	2.74443
TTLL2	15	3.50467	1	0.645161	16	2.74443
TTLL5	16	3.73832	0	0	16	2.74443
TUBGCP6	14	3.27103	2	1.29032	16	2.74443
UBQLN2	13	3.03738	3	1.93548	16	2.74443
UBR1	14	3.27103	2	1.29032	16	2.74443
UNC5B	15	3.50467	1	0.645161	16	2.74443
USP25	11	2.57009	5	3.22581	16	2.74443
USP42	14	3.27103	2	1.29032	16	2.74443
USP54	11	2.57009	5	3.22581	16	2.74443
VARS1	14	3.27103	2	1.29032	16	2.74443
VCPIP1	13	3.03738	3	1.93548	16	2.74443
VEGFC	11	2.57009	5	3.22581	16	2.74443
WDR11	14	3.27103	2	1.29032	16	2.74443
WDR3	16	3.73832	0	0	16	2.74443
WDR6	13	3.03738	3	1.93548	16	2.74443
WDR64	11	2.57009	5	3.22581	16	2.74443
XAB2	14	3.27103	2	1.29032	16	2.74443
XKR3	13	3.03738	3	1.93548	16	2.74443
XKR6	15	3.50467	1	0.645161	16	2.74443
YEATS2	13	3.03738	3	1.93548	16	2.74443
ZBED1	13	3.03738	3	1.93548	16	2.74443
ZBED4	15	3.50467	1	0.645161	16	2.74443
ZFP90	11	2.57009	5	3.22581	16	2.74443
ZFYVE28	16	3.73832	0	0	16	2.74443
ZFYVE9	13	3.03738	3	1.93548	16	2.74443
ZIC1	12	2.80374	4	2.58065	16	2.74443
ZIK1	12	2.80374	4	2.58065	16	2.74443
ZKSCAN2	12	2.80374	4	2.58065	16	2.74443
ZMYM5	12	2.80374	4	2.58065	16	2.74443
ZNF112	12	2.80374	4	2.58065	16	2.74443
ZNF180	12	2.80374	4	2.58065	16	2.74443
ZNF19	12	2.80374	4	2.58065	16	2.74443
ZNF229	12	2.80374	4	2.58065	16	2.74443
ZNF420	12	2.80374	4	2.58065	16	2.74443
ZNF429	11	2.57009	5	3.22581	16	2.74443
ZNF445	13	3.03738	3	1.93548	16	2.74443
ZNF493	11	2.57009	5	3.22581	16	2.74443
ZNF560	11	2.57009	5	3.22581	16	2.74443
ZNF592	14	3.27103	2	1.29032	16	2.74443
ZNF619	15	3.50467	1	0.645161	16	2.74443
ZNF721	12	2.80374	4	2.58065	16	2.74443
ZNF761	13	3.03738	3	1.93548	16	2.74443
ZNF878	11	2.57009	5	3.22581	16	2.74443
ZRANB3	14	3.27103	2	1.29032	16	2.74443
ABCB8	13	3.03738	2	1.29032	15	2.5729
ABCC3	14	3.27103	1	0.645161	15	2.5729
ABCC6	12	2.80374	3	1.93548	15	2.5729
ABCD1	14	3.27103	1	0.645161	15	2.5729
ACSM1	12	2.80374	3	1.93548	15	2.5729
ACSM4	9	2.1028	6	3.87097	15	2.5729
ACSS2	14	3.27103	1	0.645161	15	2.5729
ADAM8	15	3.50467	0	0	15	2.5729
ADAMDEC1	13	3.03738	2	1.29032	15	2.5729
ADAMTS19	12	2.80374	3	1.93548	15	2.5729
ADAMTS8	12	2.80374	3	1.93548	15	2.5729
ADCY3	13	3.03738	2	1.29032	15	2.5729
ADCY4	13	3.03738	2	1.29032	15	2.5729
ADCY6	14	3.27103	1	0.645161	15	2.5729
ADGRA2	12	2.80374	3	1.93548	15	2.5729
ADGRE1	10	2.33645	5	3.22581	15	2.5729
ADGRE2	10	2.33645	5	3.22581	15	2.5729
ADGRF1	10	2.33645	5	3.22581	15	2.5729
AFF1	13	3.03738	2	1.29032	15	2.5729
AFM	9	2.1028	6	3.87097	15	2.5729
AFP	13	3.03738	2	1.29032	15	2.5729
AKAP3	12	2.80374	3	1.93548	15	2.5729
AKAP7	12	2.80374	3	1.93548	15	2.5729
ALDH1L1	10	2.33645	5	3.22581	15	2.5729
ALG8	13	3.03738	2	1.29032	15	2.5729
AMER2	14	3.27103	1	0.645161	15	2.5729
ANGPT4	13	3.03738	2	1.29032	15	2.5729
ANKRD27	14	3.27103	1	0.645161	15	2.5729
ANKS6	12	2.80374	3	1.93548	15	2.5729
ANPEP	14	3.27103	1	0.645161	15	2.5729
AP3B2	13	3.03738	2	1.29032	15	2.5729
APOBR	14	3.27103	1	0.645161	15	2.5729
AQR	11	2.57009	4	2.58065	15	2.5729
ARHGAP17	13	3.03738	2	1.29032	15	2.5729
ARHGAP27	12	2.80374	3	1.93548	15	2.5729
ARHGAP39	14	3.27103	1	0.645161	15	2.5729
ARHGEF12	11	2.57009	4	2.58065	15	2.5729
ARNTL	12	2.80374	3	1.93548	15	2.5729
ARNTL2	13	3.03738	2	1.29032	15	2.5729
ASB5	13	3.03738	2	1.29032	15	2.5729
ASIC5	12	2.80374	3	1.93548	15	2.5729
ATCAY	11	2.57009	4	2.58065	15	2.5729
ATP11B	11	2.57009	4	2.58065	15	2.5729
ATP2A3	14	3.27103	1	0.645161	15	2.5729
ATXN1	12	2.80374	3	1.93548	15	2.5729
AVPR1A	13	3.03738	2	1.29032	15	2.5729
BBS2	12	2.80374	3	1.93548	15	2.5729
BBS9	12	2.80374	3	1.93548	15	2.5729
BCL6	12	2.80374	3	1.93548	15	2.5729
BEND2	13	3.03738	2	1.29032	15	2.5729
BMP10	12	2.80374	3	1.93548	15	2.5729
BRD8	12	2.80374	3	1.93548	15	2.5729
C12orf40	11	2.57009	4	2.58065	15	2.5729
C20orf194	11	2.57009	4	2.58065	15	2.5729
C7	10	2.33645	5	3.22581	15	2.5729
CCDC102B	13	3.03738	2	1.29032	15	2.5729
CCDC116	14	3.27103	1	0.645161	15	2.5729
CCDC18	13	3.03738	2	1.29032	15	2.5729
CCDC85A	12	2.80374	3	1.93548	15	2.5729
CCNB3	10	2.33645	5	3.22581	15	2.5729
CCP110	12	2.80374	3	1.93548	15	2.5729
CCSER2	10	2.33645	5	3.22581	15	2.5729
CD180	13	3.03738	2	1.29032	15	2.5729
CDK13	12	2.80374	3	1.93548	15	2.5729
CDKL5	10	2.33645	5	3.22581	15	2.5729
CEP63	11	2.57009	4	2.58065	15	2.5729
CERS3	9	2.1028	6	3.87097	15	2.5729
CFAP70	13	3.03738	2	1.29032	15	2.5729
CFAP91	10	2.33645	5	3.22581	15	2.5729
CFAP94	13	3.03738	2	1.29032	15	2.5729
CHAF1A	13	3.03738	2	1.29032	15	2.5729
CHST9	10	2.33645	5	3.22581	15	2.5729
CHSY1	15	3.50467	0	0	15	2.5729
CLCA2	12	2.80374	3	1.93548	15	2.5729
CLCN1	12	2.80374	3	1.93548	15	2.5729
CLIP2	15	3.50467	0	0	15	2.5729
CLOCK	13	3.03738	2	1.29032	15	2.5729
COL16A1	14	3.27103	1	0.645161	15	2.5729
COL4A3	12	2.80374	3	1.93548	15	2.5729
CRISPLD1	13	3.03738	2	1.29032	15	2.5729
CRNKL1	11	2.57009	4	2.58065	15	2.5729
CSF1R	15	3.50467	0	0	15	2.5729
CTDP1	13	3.03738	2	1.29032	15	2.5729
CTNNBL1	14	3.27103	1	0.645161	15	2.5729
CUL2	11	2.57009	4	2.58065	15	2.5729
CYP4B1	13	3.03738	2	1.29032	15	2.5729
DAAM1	12	2.80374	3	1.93548	15	2.5729
DCAF6	13	3.03738	2	1.29032	15	2.5729
DDX24	11	2.57009	4	2.58065	15	2.5729
DDX31	12	2.80374	3	1.93548	15	2.5729
DDX42	14	3.27103	1	0.645161	15	2.5729
DENND1C	13	3.03738	2	1.29032	15	2.5729
DENND2B	13	3.03738	2	1.29032	15	2.5729
DISP2	11	2.57009	4	2.58065	15	2.5729
DKK2	13	3.03738	2	1.29032	15	2.5729
DOK5	13	3.03738	2	1.29032	15	2.5729
DPY19L2	13	3.03738	2	1.29032	15	2.5729
DSG1	12	2.80374	3	1.93548	15	2.5729
DSG4	12	2.80374	3	1.93548	15	2.5729
DYRK3	13	3.03738	2	1.29032	15	2.5729
DZANK1	11	2.57009	4	2.58065	15	2.5729
EBF1	14	3.27103	1	0.645161	15	2.5729
EFHC2	12	2.80374	3	1.93548	15	2.5729
EFL1	13	3.03738	2	1.29032	15	2.5729
EHD2	14	3.27103	1	0.645161	15	2.5729
ELF3	11	2.57009	4	2.58065	15	2.5729
ELL	12	2.80374	3	1.93548	15	2.5729
ENPEP	12	2.80374	3	1.93548	15	2.5729
ERCC4	12	2.80374	3	1.93548	15	2.5729
ERF	15	3.50467	0	0	15	2.5729
ERG	13	3.03738	2	1.29032	15	2.5729
ESCO2	13	3.03738	2	1.29032	15	2.5729
EXD3	14	3.27103	1	0.645161	15	2.5729
F13B	10	2.33645	5	3.22581	15	2.5729
F2	14	3.27103	1	0.645161	15	2.5729
FAM120A	11	2.57009	4	2.58065	15	2.5729
FAM13A	12	2.80374	3	1.93548	15	2.5729
FAM151A	14	3.27103	1	0.645161	15	2.5729
FAM83H	14	3.27103	1	0.645161	15	2.5729
FAM9A	13	3.03738	2	1.29032	15	2.5729
FANCI	12	2.80374	3	1.93548	15	2.5729
FBLN2	14	3.27103	1	0.645161	15	2.5729
FER1L5	14	3.27103	1	0.645161	15	2.5729
FGD2	13	3.03738	2	1.29032	15	2.5729
FGFR1	13	3.03738	2	1.29032	15	2.5729
FNBP1	13	3.03738	2	1.29032	15	2.5729
FOXN3	14	3.27103	1	0.645161	15	2.5729
FTSJ3	13	3.03738	2	1.29032	15	2.5729
FUBP1	11	2.57009	4	2.58065	15	2.5729
GALNT2	10	2.33645	5	3.22581	15	2.5729
GARNL3	13	3.03738	2	1.29032	15	2.5729
GBP1	14	3.27103	1	0.645161	15	2.5729
GCNA	14	3.27103	1	0.645161	15	2.5729
GFPT2	13	3.03738	2	1.29032	15	2.5729
GMPS	12	2.80374	3	1.93548	15	2.5729
GPC5	13	3.03738	2	1.29032	15	2.5729
GPC6	13	3.03738	2	1.29032	15	2.5729
GPHN	12	2.80374	3	1.93548	15	2.5729
GPR139	12	2.80374	3	1.93548	15	2.5729
GPR32	11	2.57009	4	2.58065	15	2.5729
GPSM2	14	3.27103	1	0.645161	15	2.5729
GRAMD1B	11	2.57009	4	2.58065	15	2.5729
GRIPAP1	12	2.80374	3	1.93548	15	2.5729
GRM4	12	2.80374	3	1.93548	15	2.5729
GTDC1	12	2.80374	3	1.93548	15	2.5729
GTF2IRD2	13	3.03738	2	1.29032	15	2.5729
GTF3C2	13	3.03738	2	1.29032	15	2.5729
HAPLN1	12	2.80374	3	1.93548	15	2.5729
HAUS6	12	2.80374	3	1.93548	15	2.5729
HDAC5	14	3.27103	1	0.645161	15	2.5729
HIF1A	10	2.33645	5	3.22581	15	2.5729
HIPK1	13	3.03738	2	1.29032	15	2.5729
HSP90B1	12	2.80374	3	1.93548	15	2.5729
HSPA4L	11	2.57009	4	2.58065	15	2.5729
IFFO1	15	3.50467	0	0	15	2.5729
IFT88	12	2.80374	3	1.93548	15	2.5729
IGDCC4	14	3.27103	1	0.645161	15	2.5729
IGF1R	14	3.27103	1	0.645161	15	2.5729
IL12RB2	12	2.80374	3	1.93548	15	2.5729
IL6ST	12	2.80374	3	1.93548	15	2.5729
INPP4B	12	2.80374	3	1.93548	15	2.5729
INTS8	13	3.03738	2	1.29032	15	2.5729
IPO7	14	3.27103	1	0.645161	15	2.5729
IQCE	13	3.03738	2	1.29032	15	2.5729
IQCN	13	3.03738	2	1.29032	15	2.5729
IQGAP1	13	3.03738	2	1.29032	15	2.5729
IQUB	12	2.80374	3	1.93548	15	2.5729
ISL1	13	3.03738	2	1.29032	15	2.5729
ITGAE	13	3.03738	2	1.29032	15	2.5729
ITGB3	12	2.80374	3	1.93548	15	2.5729
JRK	14	3.27103	1	0.645161	15	2.5729
KAT2B	12	2.80374	3	1.93548	15	2.5729
KAT7	9	2.1028	6	3.87097	15	2.5729
KCNA10	10	2.33645	5	3.22581	15	2.5729
KCNA6	12	2.80374	3	1.93548	15	2.5729
KCNH6	13	3.03738	2	1.29032	15	2.5729
KDM2A	15	3.50467	0	0	15	2.5729
KDM5C	13	3.03738	2	1.29032	15	2.5729
KDM6A	14	3.27103	1	0.645161	15	2.5729
KIAA0753	10	2.33645	5	3.22581	15	2.5729
KIF18A	12	2.80374	3	1.93548	15	2.5729
KIF5A	11	2.57009	4	2.58065	15	2.5729
KIF9	11	2.57009	4	2.58065	15	2.5729
KL	10	2.33645	5	3.22581	15	2.5729
KLHL23	10	2.33645	5	3.22581	15	2.5729
KMO	10	2.33645	5	3.22581	15	2.5729
KRT6A	10	2.33645	5	3.22581	15	2.5729
KRT84	10	2.33645	5	3.22581	15	2.5729
L1CAM	12	2.80374	3	1.93548	15	2.5729
L3MBTL3	12	2.80374	3	1.93548	15	2.5729
L3MBTL4	12	2.80374	3	1.93548	15	2.5729
LAMC2	12	2.80374	3	1.93548	15	2.5729
LIG4	11	2.57009	4	2.58065	15	2.5729
LINGO1	15	3.50467	0	0	15	2.5729
LMTK2	12	2.80374	3	1.93548	15	2.5729
LOXL4	14	3.27103	1	0.645161	15	2.5729
LRCH2	11	2.57009	4	2.58065	15	2.5729
LRIG1	14	3.27103	1	0.645161	15	2.5729
LRP10	14	3.27103	1	0.645161	15	2.5729
LRPPRC	12	2.80374	3	1.93548	15	2.5729
LRRC17	12	2.80374	3	1.93548	15	2.5729
LUZP2	11	2.57009	4	2.58065	15	2.5729
LYN	14	3.27103	1	0.645161	15	2.5729
LZTS3	14	3.27103	1	0.645161	15	2.5729
MAEL	11	2.57009	4	2.58065	15	2.5729
MAP3K19	12	2.80374	3	1.93548	15	2.5729
MAPRE3	14	3.27103	1	0.645161	15	2.5729
MAPT	12	2.80374	3	1.93548	15	2.5729
MARK3	12	2.80374	3	1.93548	15	2.5729
MASTL	14	3.27103	1	0.645161	15	2.5729
MBD1	14	3.27103	1	0.645161	15	2.5729
MCM6	12	2.80374	3	1.93548	15	2.5729
MCM7	13	3.03738	2	1.29032	15	2.5729
MCOLN3	12	2.80374	3	1.93548	15	2.5729
MED14	14	3.27103	1	0.645161	15	2.5729
MEPCE	11	2.57009	4	2.58065	15	2.5729
MNDA	8	1.86916	7	4.51613	15	2.5729
MPP2	12	2.80374	3	1.93548	15	2.5729
MTDH	13	3.03738	2	1.29032	15	2.5729
MTR	12	2.80374	3	1.93548	15	2.5729
MYBPC2	13	3.03738	2	1.29032	15	2.5729
MYCBPAP	13	3.03738	2	1.29032	15	2.5729
MYO5B	12	2.80374	3	1.93548	15	2.5729
MYOM3	14	3.27103	1	0.645161	15	2.5729
MYORG	12	2.80374	3	1.93548	15	2.5729
MYRIP	11	2.57009	4	2.58065	15	2.5729
N4BP1	12	2.80374	3	1.93548	15	2.5729
NAALADL2	11	2.57009	4	2.58065	15	2.5729
NAP1L2	13	3.03738	2	1.29032	15	2.5729
NDN	11	2.57009	4	2.58065	15	2.5729
NEUROD4	13	3.03738	2	1.29032	15	2.5729
NFIB	11	2.57009	4	2.58065	15	2.5729
NIBAN1	12	2.80374	3	1.93548	15	2.5729
NISCH	14	3.27103	1	0.645161	15	2.5729
NLRP10	13	3.03738	2	1.29032	15	2.5729
NOL4L	14	3.27103	1	0.645161	15	2.5729
NOX4	12	2.80374	3	1.93548	15	2.5729
NPBWR1	12	2.80374	3	1.93548	15	2.5729
NRP2	12	2.80374	3	1.93548	15	2.5729
NSUN2	12	2.80374	3	1.93548	15	2.5729
NUP107	12	2.80374	3	1.93548	15	2.5729
NUP153	12	2.80374	3	1.93548	15	2.5729
OCRL	11	2.57009	4	2.58065	15	2.5729
OMD	10	2.33645	5	3.22581	15	2.5729
OPTN	13	3.03738	2	1.29032	15	2.5729
OR2B2	11	2.57009	4	2.58065	15	2.5729
OR5D18	12	2.80374	3	1.93548	15	2.5729
OR5R1	13	3.03738	2	1.29032	15	2.5729
OSBPL7	13	3.03738	2	1.29032	15	2.5729
OTUD7A	12	2.80374	3	1.93548	15	2.5729
OXR1	12	2.80374	3	1.93548	15	2.5729
PABPC4	13	3.03738	2	1.29032	15	2.5729
PAH	10	2.33645	5	3.22581	15	2.5729
PALM2AKAP2	12	2.80374	3	1.93548	15	2.5729
PAMR1	11	2.57009	4	2.58065	15	2.5729
PCDHGC3	13	3.03738	2	1.29032	15	2.5729
PCSK7	14	3.27103	1	0.645161	15	2.5729
PDE5A	11	2.57009	4	2.58065	15	2.5729
PDE9A	13	3.03738	2	1.29032	15	2.5729
PDPR	10	2.33645	5	3.22581	15	2.5729
PFAS	14	3.27103	1	0.645161	15	2.5729
PHACTR1	14	3.27103	1	0.645161	15	2.5729
PHACTR2	13	3.03738	2	1.29032	15	2.5729
PHACTR3	11	2.57009	4	2.58065	15	2.5729
PHEX	13	3.03738	2	1.29032	15	2.5729
PHTF1	13	3.03738	2	1.29032	15	2.5729
PIGG	11	2.57009	4	2.58065	15	2.5729
PIWIL2	11	2.57009	4	2.58065	15	2.5729
PKD2L2	12	2.80374	3	1.93548	15	2.5729
PLEKHA7	13	3.03738	2	1.29032	15	2.5729
PLEKHH1	14	3.27103	1	0.645161	15	2.5729
PMS2	10	2.33645	5	3.22581	15	2.5729
PNMA8B	11	2.57009	4	2.58065	15	2.5729
PNPLA6	13	3.03738	2	1.29032	15	2.5729
PNPLA7	13	3.03738	2	1.29032	15	2.5729
POGK	13	3.03738	2	1.29032	15	2.5729
POLN	11	2.57009	4	2.58065	15	2.5729
POU3F4	12	2.80374	3	1.93548	15	2.5729
PPFIBP1	10	2.33645	5	3.22581	15	2.5729
PRICKLE1	11	2.57009	4	2.58065	15	2.5729
PROM1	11	2.57009	4	2.58065	15	2.5729
PRPF6	14	3.27103	1	0.645161	15	2.5729
PTPN21	12	2.80374	3	1.93548	15	2.5729
PYGB	15	3.50467	0	0	15	2.5729
QRFPR	11	2.57009	4	2.58065	15	2.5729
RAB3C	11	2.57009	4	2.58065	15	2.5729
RADX	12	2.80374	3	1.93548	15	2.5729
RASAL2	12	2.80374	3	1.93548	15	2.5729
RC3H1	14	3.27103	1	0.645161	15	2.5729
REPS1	12	2.80374	3	1.93548	15	2.5729
RGL3	12	2.80374	3	1.93548	15	2.5729
RGS9	11	2.57009	4	2.58065	15	2.5729
RHOBTB1	12	2.80374	3	1.93548	15	2.5729
RHOT1	10	2.33645	5	3.22581	15	2.5729
RIN2	13	3.03738	2	1.29032	15	2.5729
RING1	12	2.80374	3	1.93548	15	2.5729
RNF145	11	2.57009	4	2.58065	15	2.5729
RPE65	12	2.80374	3	1.93548	15	2.5729
RPS6KA6	13	3.03738	2	1.29032	15	2.5729
RSPH4A	10	2.33645	5	3.22581	15	2.5729
RTL3	13	3.03738	2	1.29032	15	2.5729
RUNX1	12	2.80374	3	1.93548	15	2.5729
RUSC2	14	3.27103	1	0.645161	15	2.5729
SAP130	14	3.27103	1	0.645161	15	2.5729
SATB1	12	2.80374	3	1.93548	15	2.5729
SCUBE2	13	3.03738	2	1.29032	15	2.5729
SEC14L1	12	2.80374	3	1.93548	15	2.5729
SEC14L5	11	2.57009	4	2.58065	15	2.5729
SEMA4G	13	3.03738	2	1.29032	15	2.5729
SEMA6B	12	2.80374	3	1.93548	15	2.5729
SERPINE3	13	3.03738	2	1.29032	15	2.5729
SFI1	12	2.80374	3	1.93548	15	2.5729
SIN3B	13	3.03738	2	1.29032	15	2.5729
SLC11A1	13	3.03738	2	1.29032	15	2.5729
SLC13A1	12	2.80374	3	1.93548	15	2.5729
SLC15A1	12	2.80374	3	1.93548	15	2.5729
SLC22A16	11	2.57009	4	2.58065	15	2.5729
SLC25A12	13	3.03738	2	1.29032	15	2.5729
SLC26A8	11	2.57009	4	2.58065	15	2.5729
SLC27A1	14	3.27103	1	0.645161	15	2.5729
SLC4A9	11	2.57009	4	2.58065	15	2.5729
SLC5A2	14	3.27103	1	0.645161	15	2.5729
SLC6A1	12	2.80374	3	1.93548	15	2.5729
SLC6A11	12	2.80374	3	1.93548	15	2.5729
SLC6A5	10	2.33645	5	3.22581	15	2.5729
SLC8A3	9	2.1028	6	3.87097	15	2.5729
SLC9A3	15	3.50467	0	0	15	2.5729
SLCO1B1	11	2.57009	4	2.58065	15	2.5729
SMARCC2	11	2.57009	4	2.58065	15	2.5729
SMG7	11	2.57009	4	2.58065	15	2.5729
SNX2	12	2.80374	3	1.93548	15	2.5729
SOX7	12	2.80374	3	1.93548	15	2.5729
SRP68	11	2.57009	4	2.58065	15	2.5729
ST6GALNAC3	11	2.57009	4	2.58065	15	2.5729
ST8SIA3	10	2.33645	5	3.22581	15	2.5729
STAC	13	3.03738	2	1.29032	15	2.5729
STAT2	9	2.1028	6	3.87097	15	2.5729
STK10	13	3.03738	2	1.29032	15	2.5729
SYNPO2L	15	3.50467	0	0	15	2.5729
TARBP2	13	3.03738	2	1.29032	15	2.5729
TASOR	12	2.80374	3	1.93548	15	2.5729
TBC1D10B	14	3.27103	1	0.645161	15	2.5729
TBC1D5	12	2.80374	3	1.93548	15	2.5729
TBC1D8	14	3.27103	1	0.645161	15	2.5729
TBX20	12	2.80374	3	1.93548	15	2.5729
TBX4	13	3.03738	2	1.29032	15	2.5729
TET2	12	2.80374	3	1.93548	15	2.5729
TEX2	14	3.27103	1	0.645161	15	2.5729
TF	11	2.57009	4	2.58065	15	2.5729
TFAP2B	12	2.80374	3	1.93548	15	2.5729
TGFB2	10	2.33645	5	3.22581	15	2.5729
THAP9	10	2.33645	5	3.22581	15	2.5729
THEMIS	12	2.80374	3	1.93548	15	2.5729
THRAP3	11	2.57009	4	2.58065	15	2.5729
TICAM1	15	3.50467	0	0	15	2.5729
TIMP3	14	3.27103	1	0.645161	15	2.5729
TJP3	12	2.80374	3	1.93548	15	2.5729
TLE3	11	2.57009	4	2.58065	15	2.5729
TMEM200A	13	3.03738	2	1.29032	15	2.5729
TMPRSS11A	11	2.57009	4	2.58065	15	2.5729
TMTC3	13	3.03738	2	1.29032	15	2.5729
TOX4	13	3.03738	2	1.29032	15	2.5729
TP53BP2	13	3.03738	2	1.29032	15	2.5729
TP63	12	2.80374	3	1.93548	15	2.5729
TRIM33	12	2.80374	3	1.93548	15	2.5729
TRIM60	13	3.03738	2	1.29032	15	2.5729
TTC14	13	3.03738	2	1.29032	15	2.5729
TTC17	13	3.03738	2	1.29032	15	2.5729
TTLL12	13	3.03738	2	1.29032	15	2.5729
UGT2B15	13	3.03738	2	1.29032	15	2.5729
UGT8	13	3.03738	2	1.29032	15	2.5729
UPF3A	12	2.80374	3	1.93548	15	2.5729
URGCP	12	2.80374	3	1.93548	15	2.5729
USP10	12	2.80374	3	1.93548	15	2.5729
USP32	11	2.57009	4	2.58065	15	2.5729
USP47	12	2.80374	3	1.93548	15	2.5729
USP8	13	3.03738	2	1.29032	15	2.5729
VLDLR	12	2.80374	3	1.93548	15	2.5729
VPS41	14	3.27103	1	0.645161	15	2.5729
VPS52	11	2.57009	4	2.58065	15	2.5729
VRK2	10	2.33645	5	3.22581	15	2.5729
VWA3A	10	2.33645	5	3.22581	15	2.5729
VWA7	14	3.27103	1	0.645161	15	2.5729
WDPCP	11	2.57009	4	2.58065	15	2.5729
WDR13	10	2.33645	5	3.22581	15	2.5729
WIPF1	10	2.33645	5	3.22581	15	2.5729
WWC2	11	2.57009	4	2.58065	15	2.5729
YTHDF3	11	2.57009	4	2.58065	15	2.5729
ZAP70	14	3.27103	1	0.645161	15	2.5729
ZC3H11A	11	2.57009	4	2.58065	15	2.5729
ZHX3	14	3.27103	1	0.645161	15	2.5729
ZMAT1	10	2.33645	5	3.22581	15	2.5729
ZNF107	11	2.57009	4	2.58065	15	2.5729
ZNF256	13	3.03738	2	1.29032	15	2.5729
ZNF326	13	3.03738	2	1.29032	15	2.5729
ZNF331	12	2.80374	3	1.93548	15	2.5729
ZNF345	11	2.57009	4	2.58065	15	2.5729
ZNF354A	10	2.33645	5	3.22581	15	2.5729
ZNF365	13	3.03738	2	1.29032	15	2.5729
ZNF385B	8	1.86916	7	4.51613	15	2.5729
ZNF425	11	2.57009	4	2.58065	15	2.5729
ZNF431	13	3.03738	2	1.29032	15	2.5729
ZNF442	12	2.80374	3	1.93548	15	2.5729
ZNF557	14	3.27103	1	0.645161	15	2.5729
ZNF567	13	3.03738	2	1.29032	15	2.5729
ZNF574	13	3.03738	2	1.29032	15	2.5729
ZNF583	11	2.57009	4	2.58065	15	2.5729
ZNF595	12	2.80374	3	1.93548	15	2.5729
ZNF608	11	2.57009	4	2.58065	15	2.5729
ZNF611	11	2.57009	4	2.58065	15	2.5729
ZNF648	12	2.80374	3	1.93548	15	2.5729
ZNF687	12	2.80374	3	1.93548	15	2.5729
ZNF749	12	2.80374	3	1.93548	15	2.5729
ZNF780A	12	2.80374	3	1.93548	15	2.5729
ZNF827	14	3.27103	1	0.645161	15	2.5729
ABCF3	13	3.03738	1	0.645161	14	2.40137
ABCG4	12	2.80374	2	1.29032	14	2.40137
ABLIM2	13	3.03738	1	0.645161	14	2.40137
ACP7	12	2.80374	2	1.29032	14	2.40137
ACSBG2	9	2.1028	5	3.22581	14	2.40137
ACTN2	9	2.1028	5	3.22581	14	2.40137
ADAM10	13	3.03738	1	0.645161	14	2.40137
ADAM11	13	3.03738	1	0.645161	14	2.40137
ADD2	12	2.80374	2	1.29032	14	2.40137
AGO1	13	3.03738	1	0.645161	14	2.40137
AHI1	10	2.33645	4	2.58065	14	2.40137
AKT3	10	2.33645	4	2.58065	14	2.40137
ALAS2	10	2.33645	4	2.58065	14	2.40137
ALB	10	2.33645	4	2.58065	14	2.40137
ALDH1A2	12	2.80374	2	1.29032	14	2.40137
ALX4	12	2.80374	2	1.29032	14	2.40137
AMER3	10	2.33645	4	2.58065	14	2.40137
AMPD2	14	3.27103	0	0	14	2.40137
ANKRD28	11	2.57009	3	1.93548	14	2.40137
ANO6	12	2.80374	2	1.29032	14	2.40137
ANTXR1	10	2.33645	4	2.58065	14	2.40137
APCDD1L	11	2.57009	3	1.93548	14	2.40137
ARHGAP15	10	2.33645	4	2.58065	14	2.40137
ARHGAP24	12	2.80374	2	1.29032	14	2.40137
ASIC4	10	2.33645	4	2.58065	14	2.40137
ASPH	11	2.57009	3	1.93548	14	2.40137
ATF7IP	11	2.57009	3	1.93548	14	2.40137
ATL1	12	2.80374	2	1.29032	14	2.40137
ATP13A2	12	2.80374	2	1.29032	14	2.40137
ATP2B1	11	2.57009	3	1.93548	14	2.40137
ATP7B	12	2.80374	2	1.29032	14	2.40137
ATXN2	12	2.80374	2	1.29032	14	2.40137
AURKC	9	2.1028	5	3.22581	14	2.40137
AXIN1	12	2.80374	2	1.29032	14	2.40137
BAIAP2L1	12	2.80374	2	1.29032	14	2.40137
BANP	12	2.80374	2	1.29032	14	2.40137
BMPR1B	13	3.03738	1	0.645161	14	2.40137
BRD2	13	3.03738	1	0.645161	14	2.40137
BRF1	12	2.80374	2	1.29032	14	2.40137
C8orf34	11	2.57009	3	1.93548	14	2.40137
CADM2	8	1.86916	6	3.87097	14	2.40137
CAMK1D	12	2.80374	2	1.29032	14	2.40137
CAMK2G	13	3.03738	1	0.645161	14	2.40137
CAMKK2	11	2.57009	3	1.93548	14	2.40137
CAPN5	10	2.33645	4	2.58065	14	2.40137
CARD10	13	3.03738	1	0.645161	14	2.40137
CARMIL2	13	3.03738	1	0.645161	14	2.40137
CBFA2T3	12	2.80374	2	1.29032	14	2.40137
CBY2	10	2.33645	4	2.58065	14	2.40137
CCBE1	11	2.57009	3	1.93548	14	2.40137
CCDC150	11	2.57009	3	1.93548	14	2.40137
CCDC66	10	2.33645	4	2.58065	14	2.40137
CCDC87	12	2.80374	2	1.29032	14	2.40137
CCDC88B	14	3.27103	0	0	14	2.40137
CCDC9B	14	3.27103	0	0	14	2.40137
CD248	13	3.03738	1	0.645161	14	2.40137
CDC73	11	2.57009	3	1.93548	14	2.40137
CDH20	12	2.80374	2	1.29032	14	2.40137
CDH7	13	3.03738	1	0.645161	14	2.40137
CDK14	13	3.03738	1	0.645161	14	2.40137
CEBPZ	13	3.03738	1	0.645161	14	2.40137
CHGB	10	2.33645	4	2.58065	14	2.40137
CHRDL1	10	2.33645	4	2.58065	14	2.40137
CHRNA4	12	2.80374	2	1.29032	14	2.40137
CIZ1	13	3.03738	1	0.645161	14	2.40137
CLEC14A	11	2.57009	3	1.93548	14	2.40137
CLMN	10	2.33645	4	2.58065	14	2.40137
CNGA2	9	2.1028	5	3.22581	14	2.40137
CNNM2	11	2.57009	3	1.93548	14	2.40137
CNTN2	14	3.27103	0	0	14	2.40137
COL25A1	13	3.03738	1	0.645161	14	2.40137
CORO7	12	2.80374	2	1.29032	14	2.40137
CPSF6	13	3.03738	1	0.645161	14	2.40137
CTCFL	11	2.57009	3	1.93548	14	2.40137
CYFIP1	11	2.57009	3	1.93548	14	2.40137
CYP1B1	12	2.80374	2	1.29032	14	2.40137
CYP20A1	13	3.03738	1	0.645161	14	2.40137
DARS2	12	2.80374	2	1.29032	14	2.40137
DCAF5	14	3.27103	0	0	14	2.40137
DCLK3	11	2.57009	3	1.93548	14	2.40137
DCST2	13	3.03738	1	0.645161	14	2.40137
DCT	8	1.86916	6	3.87097	14	2.40137
DDR1	13	3.03738	1	0.645161	14	2.40137
DDX18	12	2.80374	2	1.29032	14	2.40137
DDX50	12	2.80374	2	1.29032	14	2.40137
DEPDC1	11	2.57009	3	1.93548	14	2.40137
DISC1	10	2.33645	4	2.58065	14	2.40137
DLGAP4	10	2.33645	4	2.58065	14	2.40137
DNAI2	13	3.03738	1	0.645161	14	2.40137
DNAJC10	12	2.80374	2	1.29032	14	2.40137
DOC2A	13	3.03738	1	0.645161	14	2.40137
DOT1L	14	3.27103	0	0	14	2.40137
DPYS	11	2.57009	3	1.93548	14	2.40137
DRP2	10	2.33645	4	2.58065	14	2.40137
DSE	10	2.33645	4	2.58065	14	2.40137
DSG2	11	2.57009	3	1.93548	14	2.40137
DSG3	12	2.80374	2	1.29032	14	2.40137
DSTYK	13	3.03738	1	0.645161	14	2.40137
DUSP16	12	2.80374	2	1.29032	14	2.40137
DYTN	9	2.1028	5	3.22581	14	2.40137
ECE1	12	2.80374	2	1.29032	14	2.40137
ECT2	12	2.80374	2	1.29032	14	2.40137
ECT2L	9	2.1028	5	3.22581	14	2.40137
EDIL3	10	2.33645	4	2.58065	14	2.40137
EEF1A2	13	3.03738	1	0.645161	14	2.40137
EEF2	13	3.03738	1	0.645161	14	2.40137
EEF2K	12	2.80374	2	1.29032	14	2.40137
EFR3A	11	2.57009	3	1.93548	14	2.40137
EGF	10	2.33645	4	2.58065	14	2.40137
EHMT1	11	2.57009	3	1.93548	14	2.40137
EIF2A	11	2.57009	3	1.93548	14	2.40137
EIF3B	13	3.03738	1	0.645161	14	2.40137
EIF4ENIF1	14	3.27103	0	0	14	2.40137
ELAPOR1	12	2.80374	2	1.29032	14	2.40137
ELAPOR2	11	2.57009	3	1.93548	14	2.40137
ELL2	11	2.57009	3	1.93548	14	2.40137
EPC2	8	1.86916	6	3.87097	14	2.40137
EPHB4	10	2.33645	4	2.58065	14	2.40137
ERMP1	9	2.1028	5	3.22581	14	2.40137
ETNPPL	12	2.80374	2	1.29032	14	2.40137
EZH2	13	3.03738	1	0.645161	14	2.40137
FADS2	11	2.57009	3	1.93548	14	2.40137
FAM126A	9	2.1028	5	3.22581	14	2.40137
FAM186B	11	2.57009	3	1.93548	14	2.40137
FAM222B	10	2.33645	4	2.58065	14	2.40137
FAM227B	10	2.33645	4	2.58065	14	2.40137
FAM83C	13	3.03738	1	0.645161	14	2.40137
FBXO11	11	2.57009	3	1.93548	14	2.40137
FBXO15	7	1.63551	7	4.51613	14	2.40137
FBXO24	11	2.57009	3	1.93548	14	2.40137
FBXO38	12	2.80374	2	1.29032	14	2.40137
FGF5	7	1.63551	7	4.51613	14	2.40137
FXR2	12	2.80374	2	1.29032	14	2.40137
FYN	13	3.03738	1	0.645161	14	2.40137
FZD3	12	2.80374	2	1.29032	14	2.40137
GAB4	12	2.80374	2	1.29032	14	2.40137
GABRA2	12	2.80374	2	1.29032	14	2.40137
GABRA6	12	2.80374	2	1.29032	14	2.40137
GAD2	11	2.57009	3	1.93548	14	2.40137
GATAD2A	13	3.03738	1	0.645161	14	2.40137
GBP6	12	2.80374	2	1.29032	14	2.40137
GCC1	9	2.1028	5	3.22581	14	2.40137
GCNT4	12	2.80374	2	1.29032	14	2.40137
GK2	10	2.33645	4	2.58065	14	2.40137
GPR162	13	3.03738	1	0.645161	14	2.40137
GPR50	12	2.80374	2	1.29032	14	2.40137
GUCY2D	12	2.80374	2	1.29032	14	2.40137
HACE1	10	2.33645	4	2.58065	14	2.40137
HDAC6	12	2.80374	2	1.29032	14	2.40137
HDGFL2	13	3.03738	1	0.645161	14	2.40137
HERC4	11	2.57009	3	1.93548	14	2.40137
HK2	11	2.57009	3	1.93548	14	2.40137
HLX	12	2.80374	2	1.29032	14	2.40137
HNF1A	14	3.27103	0	0	14	2.40137
HNRNPDL	13	3.03738	1	0.645161	14	2.40137
HRC	13	3.03738	1	0.645161	14	2.40137
HRG	11	2.57009	3	1.93548	14	2.40137
HRH2	12	2.80374	2	1.29032	14	2.40137
HTR1B	12	2.80374	2	1.29032	14	2.40137
ICAM5	9	2.1028	5	3.22581	14	2.40137
IGHM	10	2.33645	4	2.58065	14	2.40137
IKBKE	11	2.57009	3	1.93548	14	2.40137
INO80	13	3.03738	1	0.645161	14	2.40137
INTS4	10	2.33645	4	2.58065	14	2.40137
IRAK3	11	2.57009	3	1.93548	14	2.40137
ITGA1	13	3.03738	1	0.645161	14	2.40137
ITGA9	9	2.1028	5	3.22581	14	2.40137
ITGB1	13	3.03738	1	0.645161	14	2.40137
JAK3	12	2.80374	2	1.29032	14	2.40137
JMJD7-PLA2G4B	13	3.03738	1	0.645161	14	2.40137
KANK2	13	3.03738	1	0.645161	14	2.40137
KANSL3	9	2.1028	5	3.22581	14	2.40137
KCNG2	12	2.80374	2	1.29032	14	2.40137
KCNV1	12	2.80374	2	1.29032	14	2.40137
KHSRP	12	2.80374	2	1.29032	14	2.40137
KIF24	12	2.80374	2	1.29032	14	2.40137
KIF27	10	2.33645	4	2.58065	14	2.40137
KIZ	10	2.33645	4	2.58065	14	2.40137
KLHL24	10	2.33645	4	2.58065	14	2.40137
KRT3	10	2.33645	4	2.58065	14	2.40137
KRT31	13	3.03738	1	0.645161	14	2.40137
KRT34	13	3.03738	1	0.645161	14	2.40137
KRT82	11	2.57009	3	1.93548	14	2.40137
KSR1	14	3.27103	0	0	14	2.40137
LDB3	14	3.27103	0	0	14	2.40137
LEMD3	12	2.80374	2	1.29032	14	2.40137
LIG1	13	3.03738	1	0.645161	14	2.40137
LIMCH1	12	2.80374	2	1.29032	14	2.40137
LMBRD2	12	2.80374	2	1.29032	14	2.40137
LONRF1	12	2.80374	2	1.29032	14	2.40137
LPIN1	8	1.86916	6	3.87097	14	2.40137
LPIN3	13	3.03738	1	0.645161	14	2.40137
LRRFIP1	11	2.57009	3	1.93548	14	2.40137
LZTS1	12	2.80374	2	1.29032	14	2.40137
MACO1	11	2.57009	3	1.93548	14	2.40137
MAGED2	11	2.57009	3	1.93548	14	2.40137
MAK	11	2.57009	3	1.93548	14	2.40137
MAML3	10	2.33645	4	2.58065	14	2.40137
MAN1A1	12	2.80374	2	1.29032	14	2.40137
MAP4K3	9	2.1028	5	3.22581	14	2.40137
MAP7D2	11	2.57009	3	1.93548	14	2.40137
MAPK8IP1	12	2.80374	2	1.29032	14	2.40137
MARCO	12	2.80374	2	1.29032	14	2.40137
MBTPS1	12	2.80374	2	1.29032	14	2.40137
MCOLN1	13	3.03738	1	0.645161	14	2.40137
MED25	13	3.03738	1	0.645161	14	2.40137
MEF2C	12	2.80374	2	1.29032	14	2.40137
MEIOC	11	2.57009	3	1.93548	14	2.40137
MELTF	14	3.27103	0	0	14	2.40137
MFGE8	12	2.80374	2	1.29032	14	2.40137
MIB1	9	2.1028	5	3.22581	14	2.40137
MINDY4	12	2.80374	2	1.29032	14	2.40137
MMP2	10	2.33645	4	2.58065	14	2.40137
MOCOS	11	2.57009	3	1.93548	14	2.40137
MORC3	10	2.33645	4	2.58065	14	2.40137
MORC4	10	2.33645	4	2.58065	14	2.40137
MOV10	13	3.03738	1	0.645161	14	2.40137
MPP4	12	2.80374	2	1.29032	14	2.40137
MRGPRX3	11	2.57009	3	1.93548	14	2.40137
MROH7	12	2.80374	2	1.29032	14	2.40137
MTMR1	10	2.33645	4	2.58065	14	2.40137
MTMR4	14	3.27103	0	0	14	2.40137
MUC5AC	10	2.33645	4	2.58065	14	2.40137
MYEF2	12	2.80374	2	1.29032	14	2.40137
MYO19	12	2.80374	2	1.29032	14	2.40137
MYO1H	10	2.33645	4	2.58065	14	2.40137
N4BP2L2	11	2.57009	3	1.93548	14	2.40137
NAPEPLD	11	2.57009	3	1.93548	14	2.40137
NBN	10	2.33645	4	2.58065	14	2.40137
NDST2	12	2.80374	2	1.29032	14	2.40137
NDUFS1	14	3.27103	0	0	14	2.40137
NEK4	12	2.80374	2	1.29032	14	2.40137
NEK8	11	2.57009	3	1.93548	14	2.40137
NEUROD6	11	2.57009	3	1.93548	14	2.40137
NFE2	11	2.57009	3	1.93548	14	2.40137
NFXL1	13	3.03738	1	0.645161	14	2.40137
NGLY1	10	2.33645	4	2.58065	14	2.40137
NIM1K	11	2.57009	3	1.93548	14	2.40137
NOBOX	13	3.03738	1	0.645161	14	2.40137
NOP2	11	2.57009	3	1.93548	14	2.40137
NPFFR2	10	2.33645	4	2.58065	14	2.40137
NPHP3	13	3.03738	1	0.645161	14	2.40137
NRDE2	12	2.80374	2	1.29032	14	2.40137
NRROS	12	2.80374	2	1.29032	14	2.40137
NSMAF	9	2.1028	5	3.22581	14	2.40137
NTNG1	10	2.33645	4	2.58065	14	2.40137
NVL	11	2.57009	3	1.93548	14	2.40137
ODF2L	12	2.80374	2	1.29032	14	2.40137
OR10A3	9	2.1028	5	3.22581	14	2.40137
OR2A5	10	2.33645	4	2.58065	14	2.40137
OR2T12	13	3.03738	1	0.645161	14	2.40137
OR2T33	11	2.57009	3	1.93548	14	2.40137
OR4C15	11	2.57009	3	1.93548	14	2.40137
OR52A5	11	2.57009	3	1.93548	14	2.40137
OR5D14	13	3.03738	1	0.645161	14	2.40137
OR5H14	11	2.57009	3	1.93548	14	2.40137
OR5I1	12	2.80374	2	1.29032	14	2.40137
OR5M1	10	2.33645	4	2.58065	14	2.40137
OR5T2	14	3.27103	0	0	14	2.40137
OR5W2	11	2.57009	3	1.93548	14	2.40137
OR6C75	12	2.80374	2	1.29032	14	2.40137
OR8H1	11	2.57009	3	1.93548	14	2.40137
OR8H2	12	2.80374	2	1.29032	14	2.40137
OR8J1	10	2.33645	4	2.58065	14	2.40137
OSBPL1A	13	3.03738	1	0.645161	14	2.40137
OTC	10	2.33645	4	2.58065	14	2.40137
OTOP2	13	3.03738	1	0.645161	14	2.40137
PALB2	12	2.80374	2	1.29032	14	2.40137
PAN3	10	2.33645	4	2.58065	14	2.40137
PAQR9	11	2.57009	3	1.93548	14	2.40137
PARP1	13	3.03738	1	0.645161	14	2.40137
PARP4	12	2.80374	2	1.29032	14	2.40137
PARP9	11	2.57009	3	1.93548	14	2.40137
PAX5	12	2.80374	2	1.29032	14	2.40137
PCCA	11	2.57009	3	1.93548	14	2.40137
PCOLCE2	12	2.80374	2	1.29032	14	2.40137
PDE2A	13	3.03738	1	0.645161	14	2.40137
PER1	13	3.03738	1	0.645161	14	2.40137
PEX5L	10	2.33645	4	2.58065	14	2.40137
PHF21A	11	2.57009	3	1.93548	14	2.40137
PIAS1	10	2.33645	4	2.58065	14	2.40137
PIGR	9	2.1028	5	3.22581	14	2.40137
PIK3C2A	10	2.33645	4	2.58065	14	2.40137
PITRM1	10	2.33645	4	2.58065	14	2.40137
PKLR	13	3.03738	1	0.645161	14	2.40137
PKN3	14	3.27103	0	0	14	2.40137
PKP2	10	2.33645	4	2.58065	14	2.40137
PLAG1	10	2.33645	4	2.58065	14	2.40137
PLAT	12	2.80374	2	1.29032	14	2.40137
PLD2	12	2.80374	2	1.29032	14	2.40137
PLOD2	11	2.57009	3	1.93548	14	2.40137
PMS1	12	2.80374	2	1.29032	14	2.40137
PNPT1	10	2.33645	4	2.58065	14	2.40137
POLK	12	2.80374	2	1.29032	14	2.40137
POLR1B	10	2.33645	4	2.58065	14	2.40137
POM121C	10	2.33645	4	2.58065	14	2.40137
POMT2	11	2.57009	3	1.93548	14	2.40137
POU6F2	13	3.03738	1	0.645161	14	2.40137
PPFIA1	9	2.1028	5	3.22581	14	2.40137
PPM1E	11	2.57009	3	1.93548	14	2.40137
PPM1L	11	2.57009	3	1.93548	14	2.40137
PPP2R1A	13	3.03738	1	0.645161	14	2.40137
PRAG1	14	3.27103	0	0	14	2.40137
PRDM4	10	2.33645	4	2.58065	14	2.40137
PRKG2	10	2.33645	4	2.58065	14	2.40137
PROM2	12	2.80374	2	1.29032	14	2.40137
PRRT2	11	2.57009	3	1.93548	14	2.40137
PRX	14	3.27103	0	0	14	2.40137
PSD4	14	3.27103	0	0	14	2.40137
PSMD2	10	2.33645	4	2.58065	14	2.40137
PSPC1	11	2.57009	3	1.93548	14	2.40137
PTH2R	11	2.57009	3	1.93548	14	2.40137
PTK7	12	2.80374	2	1.29032	14	2.40137
PTPN11	9	2.1028	5	3.22581	14	2.40137
PTPRO	11	2.57009	3	1.93548	14	2.40137
PTPRR	11	2.57009	3	1.93548	14	2.40137
PYGM	11	2.57009	3	1.93548	14	2.40137
RAB3GAP2	8	1.86916	6	3.87097	14	2.40137
RAPGEF3	11	2.57009	3	1.93548	14	2.40137
RAPGEF4	12	2.80374	2	1.29032	14	2.40137
RASA3	12	2.80374	2	1.29032	14	2.40137
RBAK	11	2.57009	3	1.93548	14	2.40137
RBM15B	13	3.03738	1	0.645161	14	2.40137
RBM19	13	3.03738	1	0.645161	14	2.40137
RBPJL	12	2.80374	2	1.29032	14	2.40137
RECK	12	2.80374	2	1.29032	14	2.40137
RGL2	12	2.80374	2	1.29032	14	2.40137
RINT1	11	2.57009	3	1.93548	14	2.40137
RIPOR1	12	2.80374	2	1.29032	14	2.40137
RMI1	10	2.33645	4	2.58065	14	2.40137
RNF103	10	2.33645	4	2.58065	14	2.40137
RNF128	12	2.80374	2	1.29032	14	2.40137
RNF180	11	2.57009	3	1.93548	14	2.40137
RORB	14	3.27103	0	0	14	2.40137
RTL5	12	2.80374	2	1.29032	14	2.40137
RUBCN	12	2.80374	2	1.29032	14	2.40137
SARDH	13	3.03738	1	0.645161	14	2.40137
SEC24D	13	3.03738	1	0.645161	14	2.40137
SEC61A1	14	3.27103	0	0	14	2.40137
SEC63	12	2.80374	2	1.29032	14	2.40137
SELE	12	2.80374	2	1.29032	14	2.40137
SEMA3F	12	2.80374	2	1.29032	14	2.40137
SFRP4	10	2.33645	4	2.58065	14	2.40137
SH2D3C	12	2.80374	2	1.29032	14	2.40137
SH3GL3	9	2.1028	5	3.22581	14	2.40137
SH3TC2	13	3.03738	1	0.645161	14	2.40137
SHC1	13	3.03738	1	0.645161	14	2.40137
SHCBP1L	10	2.33645	4	2.58065	14	2.40137
SIPA1	12	2.80374	2	1.29032	14	2.40137
SLC17A6	11	2.57009	3	1.93548	14	2.40137
SLC1A3	10	2.33645	4	2.58065	14	2.40137
SLC26A4	8	1.86916	6	3.87097	14	2.40137
SLC26A9	12	2.80374	2	1.29032	14	2.40137
SLC2A7	10	2.33645	4	2.58065	14	2.40137
SLC45A4	12	2.80374	2	1.29032	14	2.40137
SLC9A1	11	2.57009	3	1.93548	14	2.40137
SLTM	12	2.80374	2	1.29032	14	2.40137
SMARCA5	11	2.57009	3	1.93548	14	2.40137
SMCR8	11	2.57009	3	1.93548	14	2.40137
SMG5	12	2.80374	2	1.29032	14	2.40137
SMO	12	2.80374	2	1.29032	14	2.40137
SMYD1	11	2.57009	3	1.93548	14	2.40137
SPAG6	9	2.1028	5	3.22581	14	2.40137
SPATA17	12	2.80374	2	1.29032	14	2.40137
SPATA5	12	2.80374	2	1.29032	14	2.40137
SRPK1	12	2.80374	2	1.29032	14	2.40137
SRRT	13	3.03738	1	0.645161	14	2.40137
STK32B	11	2.57009	3	1.93548	14	2.40137
SUGP2	12	2.80374	2	1.29032	14	2.40137
SULF2	10	2.33645	4	2.58065	14	2.40137
SUPT20H	10	2.33645	4	2.58065	14	2.40137
SYVN1	13	3.03738	1	0.645161	14	2.40137
TAF1C	14	3.27103	0	0	14	2.40137
TAGAP	7	1.63551	7	4.51613	14	2.40137
TAX1BP1	12	2.80374	2	1.29032	14	2.40137
TBC1D1	13	3.03738	1	0.645161	14	2.40137
TBC1D31	11	2.57009	3	1.93548	14	2.40137
TCERG1L	12	2.80374	2	1.29032	14	2.40137
TCOF1	11	2.57009	3	1.93548	14	2.40137
TDRD7	11	2.57009	3	1.93548	14	2.40137
TENT2	10	2.33645	4	2.58065	14	2.40137
TESPA1	11	2.57009	3	1.93548	14	2.40137
TFAP2C	11	2.57009	3	1.93548	14	2.40137
TFIP11	13	3.03738	1	0.645161	14	2.40137
TGM6	13	3.03738	1	0.645161	14	2.40137
THRB	13	3.03738	1	0.645161	14	2.40137
TLE2	12	2.80374	2	1.29032	14	2.40137
TLL2	12	2.80374	2	1.29032	14	2.40137
TMEM63B	12	2.80374	2	1.29032	14	2.40137
TMEM74	11	2.57009	3	1.93548	14	2.40137
TMOD1	12	2.80374	2	1.29032	14	2.40137
TNFAIP3	11	2.57009	3	1.93548	14	2.40137
TNFRSF19	12	2.80374	2	1.29032	14	2.40137
TNPO2	13	3.03738	1	0.645161	14	2.40137
TRAK2	12	2.80374	2	1.29032	14	2.40137
TRAM1L1	13	3.03738	1	0.645161	14	2.40137
TRAPPC10	14	3.27103	0	0	14	2.40137
TRAPPC11	10	2.33645	4	2.58065	14	2.40137
TRIM45	14	3.27103	0	0	14	2.40137
TRIM51	13	3.03738	1	0.645161	14	2.40137
TRIM67	10	2.33645	4	2.58065	14	2.40137
TRIML2	8	1.86916	6	3.87097	14	2.40137
TRPC1	9	2.1028	5	3.22581	14	2.40137
TRPV2	12	2.80374	2	1.29032	14	2.40137
TTBK2	13	3.03738	1	0.645161	14	2.40137
TTLL4	13	3.03738	1	0.645161	14	2.40137
TVP23A	14	3.27103	0	0	14	2.40137
U2SURP	11	2.57009	3	1.93548	14	2.40137
UBE4A	10	2.33645	4	2.58065	14	2.40137
UBQLN3	11	2.57009	3	1.93548	14	2.40137
UGT3A1	11	2.57009	3	1.93548	14	2.40137
UHRF2	13	3.03738	1	0.645161	14	2.40137
USHBP1	12	2.80374	2	1.29032	14	2.40137
USP20	11	2.57009	3	1.93548	14	2.40137
USP3	13	3.03738	1	0.645161	14	2.40137
USP33	10	2.33645	4	2.58065	14	2.40137
USP40	12	2.80374	2	1.29032	14	2.40137
UTP6	11	2.57009	3	1.93548	14	2.40137
VILL	13	3.03738	1	0.645161	14	2.40137
VIT	12	2.80374	2	1.29032	14	2.40137
VN1R2	12	2.80374	2	1.29032	14	2.40137
VWA3B	10	2.33645	4	2.58065	14	2.40137
VWA5A	12	2.80374	2	1.29032	14	2.40137
WAC	11	2.57009	3	1.93548	14	2.40137
WAPL	9	2.1028	5	3.22581	14	2.40137
WASHC2A	12	2.80374	2	1.29032	14	2.40137
WASHC4	12	2.80374	2	1.29032	14	2.40137
WNT16	14	3.27103	0	0	14	2.40137
WNT9A	14	3.27103	0	0	14	2.40137
WWOX	12	2.80374	2	1.29032	14	2.40137
YTHDF2	11	2.57009	3	1.93548	14	2.40137
ZBTB21	11	2.57009	3	1.93548	14	2.40137
ZBTB24	9	2.1028	5	3.22581	14	2.40137
ZBTB33	14	3.27103	0	0	14	2.40137
ZKSCAN5	12	2.80374	2	1.29032	14	2.40137
ZNF101	10	2.33645	4	2.58065	14	2.40137
ZNF117	10	2.33645	4	2.58065	14	2.40137
ZNF140	10	2.33645	4	2.58065	14	2.40137
ZNF174	13	3.03738	1	0.645161	14	2.40137
ZNF226	11	2.57009	3	1.93548	14	2.40137
ZNF248	11	2.57009	3	1.93548	14	2.40137
ZNF266	10	2.33645	4	2.58065	14	2.40137
ZNF273	11	2.57009	3	1.93548	14	2.40137
ZNF28	12	2.80374	2	1.29032	14	2.40137
ZNF282	11	2.57009	3	1.93548	14	2.40137
ZNF329	12	2.80374	2	1.29032	14	2.40137
ZNF34	12	2.80374	2	1.29032	14	2.40137
ZNF350	11	2.57009	3	1.93548	14	2.40137
ZNF395	10	2.33645	4	2.58065	14	2.40137
ZNF398	12	2.80374	2	1.29032	14	2.40137
ZNF419	12	2.80374	2	1.29032	14	2.40137
ZNF44	10	2.33645	4	2.58065	14	2.40137
ZNF45	13	3.03738	1	0.645161	14	2.40137
ZNF470	8	1.86916	6	3.87097	14	2.40137
ZNF490	9	2.1028	5	3.22581	14	2.40137
ZNF532	11	2.57009	3	1.93548	14	2.40137
ZNF543	11	2.57009	3	1.93548	14	2.40137
ZNF544	8	1.86916	6	3.87097	14	2.40137
ZNF572	11	2.57009	3	1.93548	14	2.40137
ZNF585B	10	2.33645	4	2.58065	14	2.40137
ZNF594	10	2.33645	4	2.58065	14	2.40137
ZNF610	11	2.57009	3	1.93548	14	2.40137
ZNF653	11	2.57009	3	1.93548	14	2.40137
ZNF676	11	2.57009	3	1.93548	14	2.40137
ZNF700	10	2.33645	4	2.58065	14	2.40137
ZNF709	11	2.57009	3	1.93548	14	2.40137
ZNF714	11	2.57009	3	1.93548	14	2.40137
ZNF74	11	2.57009	3	1.93548	14	2.40137
ZNF778	10	2.33645	4	2.58065	14	2.40137
ZNF790	10	2.33645	4	2.58065	14	2.40137
ZNF800	9	2.1028	5	3.22581	14	2.40137
ZNF83	11	2.57009	3	1.93548	14	2.40137
ZNF93	11	2.57009	3	1.93548	14	2.40137
AADACL3	11	2.57009	2	1.29032	13	2.22985
ABCB9	10	2.33645	3	1.93548	13	2.22985
ABLIM3	11	2.57009	2	1.29032	13	2.22985
AC006059.2	9	2.1028	4	2.58065	13	2.22985
ACE2	11	2.57009	2	1.29032	13	2.22985
ACLY	12	2.80374	1	0.645161	13	2.22985
ACSBG1	11	2.57009	2	1.29032	13	2.22985
ACTL7B	10	2.33645	3	1.93548	13	2.22985
ACTN4	12	2.80374	1	0.645161	13	2.22985
ACTRT1	10	2.33645	3	1.93548	13	2.22985
ADAM17	11	2.57009	2	1.29032	13	2.22985
ADCK1	10	2.33645	3	1.93548	13	2.22985
ADRA1A	9	2.1028	4	2.58065	13	2.22985
AGAP3	11	2.57009	2	1.29032	13	2.22985
AGO2	11	2.57009	2	1.29032	13	2.22985
AHRR	13	3.03738	0	0	13	2.22985
AKNA	11	2.57009	2	1.29032	13	2.22985
AKNAD1	11	2.57009	2	1.29032	13	2.22985
ALDH1L2	10	2.33645	3	1.93548	13	2.22985
AMOT	12	2.80374	1	0.645161	13	2.22985
AMPD3	11	2.57009	2	1.29032	13	2.22985
ANGPT2	13	3.03738	0	0	13	2.22985
ANGPTL1	10	2.33645	3	1.93548	13	2.22985
ANGPTL2	12	2.80374	1	0.645161	13	2.22985
ANKFN1	11	2.57009	2	1.29032	13	2.22985
ANKFY1	10	2.33645	3	1.93548	13	2.22985
ANKMY1	10	2.33645	3	1.93548	13	2.22985
ANKRD13A	12	2.80374	1	0.645161	13	2.22985
ANO7	11	2.57009	2	1.29032	13	2.22985
ANOS1	10	2.33645	3	1.93548	13	2.22985
ANTXR2	10	2.33645	3	1.93548	13	2.22985
ANXA13	10	2.33645	3	1.93548	13	2.22985
AOC2	13	3.03738	0	0	13	2.22985
AOC3	11	2.57009	2	1.29032	13	2.22985
AOX1	10	2.33645	3	1.93548	13	2.22985
AP2A1	12	2.80374	1	0.645161	13	2.22985
APBB3	13	3.03738	0	0	13	2.22985
ARHGAP25	9	2.1028	4	2.58065	13	2.22985
ARHGAP4	12	2.80374	1	0.645161	13	2.22985
ARHGAP44	10	2.33645	3	1.93548	13	2.22985
ARHGAP6	11	2.57009	2	1.29032	13	2.22985
ARHGEF28	9	2.1028	4	2.58065	13	2.22985
ARHGEF5	11	2.57009	2	1.29032	13	2.22985
ARHGEF7	11	2.57009	2	1.29032	13	2.22985
ARHGEF9	9	2.1028	4	2.58065	13	2.22985
ARNT2	11	2.57009	2	1.29032	13	2.22985
ATF5	13	3.03738	0	0	13	2.22985
ATP8A1	10	2.33645	3	1.93548	13	2.22985
AVPR1B	10	2.33645	3	1.93548	13	2.22985
BACH1	10	2.33645	3	1.93548	13	2.22985
BAHD1	10	2.33645	3	1.93548	13	2.22985
BARHL1	10	2.33645	3	1.93548	13	2.22985
BARHL2	11	2.57009	2	1.29032	13	2.22985
BBX	12	2.80374	1	0.645161	13	2.22985
BCAM	11	2.57009	2	1.29032	13	2.22985
BEND5	11	2.57009	2	1.29032	13	2.22985
BICRAL	8	1.86916	5	3.22581	13	2.22985
BMP5	9	2.1028	4	2.58065	13	2.22985
BMP7	11	2.57009	2	1.29032	13	2.22985
BPIFB2	11	2.57009	2	1.29032	13	2.22985
BPIFB6	12	2.80374	1	0.645161	13	2.22985
BRCA1	10	2.33645	3	1.93548	13	2.22985
BRDT	8	1.86916	5	3.22581	13	2.22985
C12orf42	10	2.33645	3	1.93548	13	2.22985
C7orf31	11	2.57009	2	1.29032	13	2.22985
C9	10	2.33645	3	1.93548	13	2.22985
CAB39L	10	2.33645	3	1.93548	13	2.22985
CACNB2	10	2.33645	3	1.93548	13	2.22985
CARF	9	2.1028	4	2.58065	13	2.22985
CBL	10	2.33645	3	1.93548	13	2.22985
CC2D1B	12	2.80374	1	0.645161	13	2.22985
CCDC144A	10	2.33645	3	1.93548	13	2.22985
CCDC160	11	2.57009	2	1.29032	13	2.22985
CCDC173	10	2.33645	3	1.93548	13	2.22985
CCDC92	12	2.80374	1	0.645161	13	2.22985
CCDC93	10	2.33645	3	1.93548	13	2.22985
CCR3	11	2.57009	2	1.29032	13	2.22985
CCSER1	8	1.86916	5	3.22581	13	2.22985
CD101	10	2.33645	3	1.93548	13	2.22985
CD4	10	2.33645	3	1.93548	13	2.22985
CDCA7L	11	2.57009	2	1.29032	13	2.22985
CDH17	11	2.57009	2	1.29032	13	2.22985
CEL	11	2.57009	2	1.29032	13	2.22985
CES3	12	2.80374	1	0.645161	13	2.22985
CFAP206	9	2.1028	4	2.58065	13	2.22985
CFAP74	11	2.57009	2	1.29032	13	2.22985
CGN	11	2.57009	2	1.29032	13	2.22985
CHRNB3	8	1.86916	5	3.22581	13	2.22985
CHST1	12	2.80374	1	0.645161	13	2.22985
CHST11	8	1.86916	5	3.22581	13	2.22985
CHST3	10	2.33645	3	1.93548	13	2.22985
CHST4	9	2.1028	4	2.58065	13	2.22985
CHTF18	11	2.57009	2	1.29032	13	2.22985
CHUK	11	2.57009	2	1.29032	13	2.22985
CLCN6	10	2.33645	3	1.93548	13	2.22985
CLEC4F	11	2.57009	2	1.29032	13	2.22985
CLGN	10	2.33645	3	1.93548	13	2.22985
CNOT10	9	2.1028	4	2.58065	13	2.22985
CNOT4	10	2.33645	3	1.93548	13	2.22985
COG6	10	2.33645	3	1.93548	13	2.22985
COLGALT1	12	2.80374	1	0.645161	13	2.22985
COLGALT2	9	2.1028	4	2.58065	13	2.22985
COPB2	10	2.33645	3	1.93548	13	2.22985
CPB2	10	2.33645	3	1.93548	13	2.22985
CPE	8	1.86916	5	3.22581	13	2.22985
CPT1A	9	2.1028	4	2.58065	13	2.22985
CPT1C	9	2.1028	4	2.58065	13	2.22985
CRAT	12	2.80374	1	0.645161	13	2.22985
CRIM1	10	2.33645	3	1.93548	13	2.22985
CRTAC1	9	2.1028	4	2.58065	13	2.22985
CSF2RB	12	2.80374	1	0.645161	13	2.22985
CYP27C1	10	2.33645	3	1.93548	13	2.22985
CYP2A7	10	2.33645	3	1.93548	13	2.22985
DAB2	11	2.57009	2	1.29032	13	2.22985
DACT1	11	2.57009	2	1.29032	13	2.22985
DAGLA	11	2.57009	2	1.29032	13	2.22985
DAO	10	2.33645	3	1.93548	13	2.22985
DAW1	7	1.63551	6	3.87097	13	2.22985
DAXX	10	2.33645	3	1.93548	13	2.22985
DCST1	13	3.03738	0	0	13	2.22985
DDX46	10	2.33645	3	1.93548	13	2.22985
DDX47	13	3.03738	0	0	13	2.22985
DEUP1	11	2.57009	2	1.29032	13	2.22985
DGCR2	12	2.80374	1	0.645161	13	2.22985
DGKA	12	2.80374	1	0.645161	13	2.22985
DMGDH	10	2.33645	3	1.93548	13	2.22985
DMRTB1	10	2.33645	3	1.93548	13	2.22985
DNAAF4	10	2.33645	3	1.93548	13	2.22985
DNAH12	10	2.33645	3	1.93548	13	2.22985
DNTTIP2	12	2.80374	1	0.645161	13	2.22985
DPP3	11	2.57009	2	1.29032	13	2.22985
DPYSL2	10	2.33645	3	1.93548	13	2.22985
DSC1	10	2.33645	3	1.93548	13	2.22985
DTX4	13	3.03738	0	0	13	2.22985
E2F8	13	3.03738	0	0	13	2.22985
EBF2	8	1.86916	5	3.22581	13	2.22985
EDRF1	11	2.57009	2	1.29032	13	2.22985
EFHC1	10	2.33645	3	1.93548	13	2.22985
EFNB3	11	2.57009	2	1.29032	13	2.22985
EGFR	11	2.57009	2	1.29032	13	2.22985
EHHADH	10	2.33645	3	1.93548	13	2.22985
EIF4B	11	2.57009	2	1.29032	13	2.22985
ELAVL4	12	2.80374	1	0.645161	13	2.22985
ELF1	10	2.33645	3	1.93548	13	2.22985
ENOX2	12	2.80374	1	0.645161	13	2.22985
EPB41	12	2.80374	1	0.645161	13	2.22985
EPB41L2	11	2.57009	2	1.29032	13	2.22985
EPB41L4A	9	2.1028	4	2.58065	13	2.22985
EPB41L4B	11	2.57009	2	1.29032	13	2.22985
ERCC3	11	2.57009	2	1.29032	13	2.22985
ESYT2	12	2.80374	1	0.645161	13	2.22985
EXOSC10	13	3.03738	0	0	13	2.22985
EXTL3	10	2.33645	3	1.93548	13	2.22985
FAM133A	9	2.1028	4	2.58065	13	2.22985
FAM71A	10	2.33645	3	1.93548	13	2.22985
FAM78B	12	2.80374	1	0.645161	13	2.22985
FAM91A1	10	2.33645	3	1.93548	13	2.22985
FAP	11	2.57009	2	1.29032	13	2.22985
FARP2	12	2.80374	1	0.645161	13	2.22985
FASTKD1	10	2.33645	3	1.93548	13	2.22985
FBF1	10	2.33645	3	1.93548	13	2.22985
FBXL18	13	3.03738	0	0	13	2.22985
FBXO30	11	2.57009	2	1.29032	13	2.22985
FBXO43	9	2.1028	4	2.58065	13	2.22985
FCHSD1	11	2.57009	2	1.29032	13	2.22985
FCN1	10	2.33645	3	1.93548	13	2.22985
FETUB	13	3.03738	0	0	13	2.22985
FGD4	11	2.57009	2	1.29032	13	2.22985
FIG4	12	2.80374	1	0.645161	13	2.22985
FLII	11	2.57009	2	1.29032	13	2.22985
FLT3	10	2.33645	3	1.93548	13	2.22985
FMO5	10	2.33645	3	1.93548	13	2.22985
FMR1	10	2.33645	3	1.93548	13	2.22985
FNDC3A	11	2.57009	2	1.29032	13	2.22985
FRMD3	11	2.57009	2	1.29032	13	2.22985
FRMD6	10	2.33645	3	1.93548	13	2.22985
FUBP3	12	2.80374	1	0.645161	13	2.22985
FUT9	8	1.86916	5	3.22581	13	2.22985
FZD2	13	3.03738	0	0	13	2.22985
G2E3	11	2.57009	2	1.29032	13	2.22985
GALNT5	8	1.86916	5	3.22581	13	2.22985
GAN	10	2.33645	3	1.93548	13	2.22985
GASK1B	11	2.57009	2	1.29032	13	2.22985
GBA2	12	2.80374	1	0.645161	13	2.22985
GDF2	13	3.03738	0	0	13	2.22985
GGNBP2	10	2.33645	3	1.93548	13	2.22985
GIT2	11	2.57009	2	1.29032	13	2.22985
GNPTAB	11	2.57009	2	1.29032	13	2.22985
GPD2	9	2.1028	4	2.58065	13	2.22985
GPR12	10	2.33645	3	1.93548	13	2.22985
GPR19	11	2.57009	2	1.29032	13	2.22985
GRHL2	10	2.33645	3	1.93548	13	2.22985
GRIN2C	13	3.03738	0	0	13	2.22985
GZF1	13	3.03738	0	0	13	2.22985
HCLS1	11	2.57009	2	1.29032	13	2.22985
HCRTR2	10	2.33645	3	1.93548	13	2.22985
HECA	11	2.57009	2	1.29032	13	2.22985
HEPH	9	2.1028	4	2.58065	13	2.22985
HERC6	11	2.57009	2	1.29032	13	2.22985
HIC2	13	3.03738	0	0	13	2.22985
HID1	11	2.57009	2	1.29032	13	2.22985
HOXC10	9	2.1028	4	2.58065	13	2.22985
HR	10	2.33645	3	1.93548	13	2.22985
HROB	11	2.57009	2	1.29032	13	2.22985
HS3ST4	8	1.86916	5	3.22581	13	2.22985
HTATSF1	11	2.57009	2	1.29032	13	2.22985
HUNK	11	2.57009	2	1.29032	13	2.22985
IARS1	11	2.57009	2	1.29032	13	2.22985
IBSP	9	2.1028	4	2.58065	13	2.22985
IGSF8	11	2.57009	2	1.29032	13	2.22985
IL17RD	9	2.1028	4	2.58065	13	2.22985
IL1RL2	10	2.33645	3	1.93548	13	2.22985
IL4I1	11	2.57009	2	1.29032	13	2.22985
ING1	10	2.33645	3	1.93548	13	2.22985
INTS13	11	2.57009	2	1.29032	13	2.22985
INTU	9	2.1028	4	2.58065	13	2.22985
INVS	11	2.57009	2	1.29032	13	2.22985
IPO9	12	2.80374	1	0.645161	13	2.22985
IQCJ-SCHIP1	11	2.57009	2	1.29032	13	2.22985
IRX6	11	2.57009	2	1.29032	13	2.22985
ITGA2B	10	2.33645	3	1.93548	13	2.22985
ITIH3	8	1.86916	5	3.22581	13	2.22985
ITPKB	11	2.57009	2	1.29032	13	2.22985
ITPRID2	11	2.57009	2	1.29032	13	2.22985
IVNS1ABP	8	1.86916	5	3.22581	13	2.22985
JADE2	11	2.57009	2	1.29032	13	2.22985
KBTBD3	10	2.33645	3	1.93548	13	2.22985
KCNA2	7	1.63551	6	3.87097	13	2.22985
KCND1	12	2.80374	1	0.645161	13	2.22985
KCNQ1	13	3.03738	0	0	13	2.22985
KCNQ4	13	3.03738	0	0	13	2.22985
KIF14	10	2.33645	3	1.93548	13	2.22985
KIF15	11	2.57009	2	1.29032	13	2.22985
KIF18B	12	2.80374	1	0.645161	13	2.22985
KIF6	12	2.80374	1	0.645161	13	2.22985
KLC1	11	2.57009	2	1.29032	13	2.22985
KLC2	13	3.03738	0	0	13	2.22985
KLF3	13	3.03738	0	0	13	2.22985
KLHL10	11	2.57009	2	1.29032	13	2.22985
KLHL14	12	2.80374	1	0.645161	13	2.22985
KLHL25	13	3.03738	0	0	13	2.22985
KLHL32	10	2.33645	3	1.93548	13	2.22985
KLHL40	12	2.80374	1	0.645161	13	2.22985
KRT222	10	2.33645	3	1.93548	13	2.22985
KRT4	13	3.03738	0	0	13	2.22985
KRT74	10	2.33645	3	1.93548	13	2.22985
LANCL2	11	2.57009	2	1.29032	13	2.22985
LILRB3	9	2.1028	4	2.58065	13	2.22985
LIPC	9	2.1028	4	2.58065	13	2.22985
LMOD1	10	2.33645	3	1.93548	13	2.22985
LRCH1	8	1.86916	5	3.22581	13	2.22985
LRIG2	11	2.57009	2	1.29032	13	2.22985
LRRC36	12	2.80374	1	0.645161	13	2.22985
LSM14A	10	2.33645	3	1.93548	13	2.22985
LTBP3	12	2.80374	1	0.645161	13	2.22985
LTF	11	2.57009	2	1.29032	13	2.22985
LUM	10	2.33645	3	1.93548	13	2.22985
LZTS2	13	3.03738	0	0	13	2.22985
MACROH2A2	10	2.33645	3	1.93548	13	2.22985
MAF	13	3.03738	0	0	13	2.22985
MAGEA12	11	2.57009	2	1.29032	13	2.22985
MAGI3	10	2.33645	3	1.93548	13	2.22985
MAP2K1	10	2.33645	3	1.93548	13	2.22985
MAP3K14	12	2.80374	1	0.645161	13	2.22985
MAP3K15	9	2.1028	4	2.58065	13	2.22985
MAP3K2	9	2.1028	4	2.58065	13	2.22985
MAPK10	9	2.1028	4	2.58065	13	2.22985
MASP2	11	2.57009	2	1.29032	13	2.22985
MATK	11	2.57009	2	1.29032	13	2.22985
MATN4	10	2.33645	3	1.93548	13	2.22985
MATR3	11	2.57009	2	1.29032	13	2.22985
MDM1	10	2.33645	3	1.93548	13	2.22985
MFN1	11	2.57009	2	1.29032	13	2.22985
MICAL1	12	2.80374	1	0.645161	13	2.22985
MICALL2	13	3.03738	0	0	13	2.22985
MIGA1	11	2.57009	2	1.29032	13	2.22985
MMP12	11	2.57009	2	1.29032	13	2.22985
MMP13	12	2.80374	1	0.645161	13	2.22985
MMP19	9	2.1028	4	2.58065	13	2.22985
MPHOSPH8	12	2.80374	1	0.645161	13	2.22985
MPL	11	2.57009	2	1.29032	13	2.22985
MROH9	10	2.33645	3	1.93548	13	2.22985
MRTFB	11	2.57009	2	1.29032	13	2.22985
MS4A14	6	1.40187	7	4.51613	13	2.22985
MSL3	11	2.57009	2	1.29032	13	2.22985
MSN	11	2.57009	2	1.29032	13	2.22985
MTA1	13	3.03738	0	0	13	2.22985
MTMR12	9	2.1028	4	2.58065	13	2.22985
MTMR6	12	2.80374	1	0.645161	13	2.22985
MTNR1B	9	2.1028	4	2.58065	13	2.22985
MX1	13	3.03738	0	0	13	2.22985
MYBPH	12	2.80374	1	0.645161	13	2.22985
NEFL	11	2.57009	2	1.29032	13	2.22985
NELFE	11	2.57009	2	1.29032	13	2.22985
NEUROD1	8	1.86916	5	3.22581	13	2.22985
NFATC3	13	3.03738	0	0	13	2.22985
NFE2L3	11	2.57009	2	1.29032	13	2.22985
NFKB1	8	1.86916	5	3.22581	13	2.22985
NHSL2	10	2.33645	3	1.93548	13	2.22985
NKAPD1	11	2.57009	2	1.29032	13	2.22985
NLGN4Y	11	2.57009	2	1.29032	13	2.22985
NME8	8	1.86916	5	3.22581	13	2.22985
NOX3	10	2.33645	3	1.93548	13	2.22985
NPHP1	11	2.57009	2	1.29032	13	2.22985
NPTX2	12	2.80374	1	0.645161	13	2.22985
NPY2R	12	2.80374	1	0.645161	13	2.22985
ODF2	10	2.33645	3	1.93548	13	2.22985
OFD1	9	2.1028	4	2.58065	13	2.22985
OLFML2A	13	3.03738	0	0	13	2.22985
OPA1	10	2.33645	3	1.93548	13	2.22985
OR10H1	10	2.33645	3	1.93548	13	2.22985
OR10Z1	8	1.86916	5	3.22581	13	2.22985
OR13C3	10	2.33645	3	1.93548	13	2.22985
OR2M3	11	2.57009	2	1.29032	13	2.22985
OR2W1	11	2.57009	2	1.29032	13	2.22985
OR4K5	11	2.57009	2	1.29032	13	2.22985
OR4N2	11	2.57009	2	1.29032	13	2.22985
OR52E4	8	1.86916	5	3.22581	13	2.22985
OR5F1	10	2.33645	3	1.93548	13	2.22985
OR5H6	10	2.33645	3	1.93548	13	2.22985
OR5K2	10	2.33645	3	1.93548	13	2.22985
OR7C1	9	2.1028	4	2.58065	13	2.22985
OR7E24	9	2.1028	4	2.58065	13	2.22985
OR8K1	10	2.33645	3	1.93548	13	2.22985
OR9G1	9	2.1028	4	2.58065	13	2.22985
OSBPL3	11	2.57009	2	1.29032	13	2.22985
OSBPL5	13	3.03738	0	0	13	2.22985
OXCT2	10	2.33645	3	1.93548	13	2.22985
P2RY8	12	2.80374	1	0.645161	13	2.22985
PACS2	13	3.03738	0	0	13	2.22985
PADI1	11	2.57009	2	1.29032	13	2.22985
PAK3	9	2.1028	4	2.58065	13	2.22985
PANX2	10	2.33645	3	1.93548	13	2.22985
PAPOLA	10	2.33645	3	1.93548	13	2.22985
PARP6	11	2.57009	2	1.29032	13	2.22985
PARVB	11	2.57009	2	1.29032	13	2.22985
PAX2	10	2.33645	3	1.93548	13	2.22985
PCID2	10	2.33645	3	1.93548	13	2.22985
PDE4A	13	3.03738	0	0	13	2.22985
PDE4B	10	2.33645	3	1.93548	13	2.22985
PDE4D	12	2.80374	1	0.645161	13	2.22985
PDSS1	8	1.86916	5	3.22581	13	2.22985
PGBD4	9	2.1028	4	2.58065	13	2.22985
PGBD5	12	2.80374	1	0.645161	13	2.22985
PGM5	10	2.33645	3	1.93548	13	2.22985
PIK3CD	12	2.80374	1	0.645161	13	2.22985
PIK3R5	12	2.80374	1	0.645161	13	2.22985
PIP4K2A	11	2.57009	2	1.29032	13	2.22985
PIWIL3	9	2.1028	4	2.58065	13	2.22985
PIWIL4	10	2.33645	3	1.93548	13	2.22985
PKP3	12	2.80374	1	0.645161	13	2.22985
PKP4	12	2.80374	1	0.645161	13	2.22985
PLAGL2	11	2.57009	2	1.29032	13	2.22985
PLCB2	11	2.57009	2	1.29032	13	2.22985
PLCD1	10	2.33645	3	1.93548	13	2.22985
PLEKHG6	13	3.03738	0	0	13	2.22985
PML	11	2.57009	2	1.29032	13	2.22985
PNLIP	9	2.1028	4	2.58065	13	2.22985
PNLIPRP3	7	1.63551	6	3.87097	13	2.22985
PNMA8A	11	2.57009	2	1.29032	13	2.22985
POGLUT2	8	1.86916	5	3.22581	13	2.22985
POM121	10	2.33645	3	1.93548	13	2.22985
PON1	11	2.57009	2	1.29032	13	2.22985
POTEA	11	2.57009	2	1.29032	13	2.22985
POTEH	10	2.33645	3	1.93548	13	2.22985
PPIP5K2	10	2.33645	3	1.93548	13	2.22985
PPP1R10	12	2.80374	1	0.645161	13	2.22985
PPP2R2B	12	2.80374	1	0.645161	13	2.22985
PREP	11	2.57009	2	1.29032	13	2.22985
PRKG1	10	2.33645	3	1.93548	13	2.22985
PRL	9	2.1028	4	2.58065	13	2.22985
PRMT2	11	2.57009	2	1.29032	13	2.22985
PRPF3	12	2.80374	1	0.645161	13	2.22985
PRR14	13	3.03738	0	0	13	2.22985
PRSS12	11	2.57009	2	1.29032	13	2.22985
PRSS35	11	2.57009	2	1.29032	13	2.22985
PSG1	9	2.1028	4	2.58065	13	2.22985
PTGS2	10	2.33645	3	1.93548	13	2.22985
PTPN5	10	2.33645	3	1.93548	13	2.22985
PUM3	10	2.33645	3	1.93548	13	2.22985
PUS7L	9	2.1028	4	2.58065	13	2.22985
QRICH1	12	2.80374	1	0.645161	13	2.22985
R3HDM2	11	2.57009	2	1.29032	13	2.22985
RASSF2	10	2.33645	3	1.93548	13	2.22985
RAVER1	13	3.03738	0	0	13	2.22985
RBBP8	11	2.57009	2	1.29032	13	2.22985
RBL1	10	2.33645	3	1.93548	13	2.22985
RBM12B	10	2.33645	3	1.93548	13	2.22985
RBM6	11	2.57009	2	1.29032	13	2.22985
RBMXL2	11	2.57009	2	1.29032	13	2.22985
RCBTB2	11	2.57009	2	1.29032	13	2.22985
RCC2	10	2.33645	3	1.93548	13	2.22985
REXO5	12	2.80374	1	0.645161	13	2.22985
RGS6	12	2.80374	1	0.645161	13	2.22985
RIPK4	12	2.80374	1	0.645161	13	2.22985
RMC1	13	3.03738	0	0	13	2.22985
RNF139	11	2.57009	2	1.29032	13	2.22985
RNF214	10	2.33645	3	1.93548	13	2.22985
RO60	7	1.63551	6	3.87097	13	2.22985
RPS6KA1	10	2.33645	3	1.93548	13	2.22985
RREB1	11	2.57009	2	1.29032	13	2.22985
RRP1B	11	2.57009	2	1.29032	13	2.22985
RSPH10B2	8	1.86916	5	3.22581	13	2.22985
RTN3	10	2.33645	3	1.93548	13	2.22985
RUNX2	11	2.57009	2	1.29032	13	2.22985
S1PR1	10	2.33645	3	1.93548	13	2.22985
S1PR4	11	2.57009	2	1.29032	13	2.22985
SCAI	10	2.33645	3	1.93548	13	2.22985
SCAP	11	2.57009	2	1.29032	13	2.22985
SEMA6C	11	2.57009	2	1.29032	13	2.22985
SERPINB2	11	2.57009	2	1.29032	13	2.22985
SERPINI2	9	2.1028	4	2.58065	13	2.22985
SF1	12	2.80374	1	0.645161	13	2.22985
SH3RF3	11	2.57009	2	1.29032	13	2.22985
SHLD2	12	2.80374	1	0.645161	13	2.22985
SIK2	9	2.1028	4	2.58065	13	2.22985
SIK3	11	2.57009	2	1.29032	13	2.22985
SIMC1	12	2.80374	1	0.645161	13	2.22985
SKIV2L	12	2.80374	1	0.645161	13	2.22985
SLC10A2	9	2.1028	4	2.58065	13	2.22985
SLC12A4	9	2.1028	4	2.58065	13	2.22985
SLC14A2	9	2.1028	4	2.58065	13	2.22985
SLC17A5	11	2.57009	2	1.29032	13	2.22985
SLC18A2	11	2.57009	2	1.29032	13	2.22985
SLC22A10	11	2.57009	2	1.29032	13	2.22985
SLC22A14	10	2.33645	3	1.93548	13	2.22985
SLC23A1	12	2.80374	1	0.645161	13	2.22985
SLC24A1	11	2.57009	2	1.29032	13	2.22985
SLC25A13	11	2.57009	2	1.29032	13	2.22985
SLC35F3	13	3.03738	0	0	13	2.22985
SLC38A9	12	2.80374	1	0.645161	13	2.22985
SLC44A1	11	2.57009	2	1.29032	13	2.22985
SLC44A4	11	2.57009	2	1.29032	13	2.22985
SLC4A1AP	10	2.33645	3	1.93548	13	2.22985
SLC5A4	9	2.1028	4	2.58065	13	2.22985
SLC6A12	9	2.1028	4	2.58065	13	2.22985
SLC6A3	10	2.33645	3	1.93548	13	2.22985
SLC7A2	13	3.03738	0	0	13	2.22985
SLFN12	9	2.1028	4	2.58065	13	2.22985
SMARCB1	11	2.57009	2	1.29032	13	2.22985
SMARCD2	10	2.33645	3	1.93548	13	2.22985
SOBP	11	2.57009	2	1.29032	13	2.22985
SOX10	11	2.57009	2	1.29032	13	2.22985
SOX11	12	2.80374	1	0.645161	13	2.22985
SP3	10	2.33645	3	1.93548	13	2.22985
SPAG1	10	2.33645	3	1.93548	13	2.22985
SPARCL1	13	3.03738	0	0	13	2.22985
SPDL1	10	2.33645	3	1.93548	13	2.22985
SPRY3	10	2.33645	3	1.93548	13	2.22985
SREK1	10	2.33645	3	1.93548	13	2.22985
SRMS	10	2.33645	3	1.93548	13	2.22985
STEAP4	8	1.86916	5	3.22581	13	2.22985
STIM2	10	2.33645	3	1.93548	13	2.22985
STIP1	11	2.57009	2	1.29032	13	2.22985
STK36	11	2.57009	2	1.29032	13	2.22985
SUN2	12	2.80374	1	0.645161	13	2.22985
SUSD5	12	2.80374	1	0.645161	13	2.22985
SV2B	11	2.57009	2	1.29032	13	2.22985
SYN3	12	2.80374	1	0.645161	13	2.22985
TAB3	9	2.1028	4	2.58065	13	2.22985
TAOK1	11	2.57009	2	1.29032	13	2.22985
TBC1D10C	12	2.80374	1	0.645161	13	2.22985
TBC1D14	13	3.03738	0	0	13	2.22985
TBCK	10	2.33645	3	1.93548	13	2.22985
TECPR1	12	2.80374	1	0.645161	13	2.22985
TENT5D	10	2.33645	3	1.93548	13	2.22985
TFEC	11	2.57009	2	1.29032	13	2.22985
TGFBRAP1	10	2.33645	3	1.93548	13	2.22985
THADA	8	1.86916	5	3.22581	13	2.22985
THBS3	11	2.57009	2	1.29032	13	2.22985
THOC5	12	2.80374	1	0.645161	13	2.22985
THSD4	11	2.57009	2	1.29032	13	2.22985
TLR10	10	2.33645	3	1.93548	13	2.22985
TLR5	9	2.1028	4	2.58065	13	2.22985
TM7SF3	11	2.57009	2	1.29032	13	2.22985
TM9SF3	12	2.80374	1	0.645161	13	2.22985
TMEM132A	12	2.80374	1	0.645161	13	2.22985
TMEM87B	9	2.1028	4	2.58065	13	2.22985
TMPRSS11D	11	2.57009	2	1.29032	13	2.22985
TMPRSS9	11	2.57009	2	1.29032	13	2.22985
TNIP3	9	2.1028	4	2.58065	13	2.22985
TRAF7	12	2.80374	1	0.645161	13	2.22985
TRAP1	11	2.57009	2	1.29032	13	2.22985
TRIM22	12	2.80374	1	0.645161	13	2.22985
TRPV3	9	2.1028	4	2.58065	13	2.22985
TSPAN10	11	2.57009	2	1.29032	13	2.22985
TSPAN5	10	2.33645	3	1.93548	13	2.22985
TTC12	11	2.57009	2	1.29032	13	2.22985
TTC29	10	2.33645	3	1.93548	13	2.22985
TTF2	11	2.57009	2	1.29032	13	2.22985
TUBB8	10	2.33645	3	1.93548	13	2.22985
TYK2	12	2.80374	1	0.645161	13	2.22985
TYR	11	2.57009	2	1.29032	13	2.22985
UBAP2L	10	2.33645	3	1.93548	13	2.22985
UBASH3A	11	2.57009	2	1.29032	13	2.22985
UBE2O	12	2.80374	1	0.645161	13	2.22985
UBP1	10	2.33645	3	1.93548	13	2.22985
UBR2	9	2.1028	4	2.58065	13	2.22985
UMOD	11	2.57009	2	1.29032	13	2.22985
UMODL1	7	1.63551	6	3.87097	13	2.22985
URI1	9	2.1028	4	2.58065	13	2.22985
USP1	9	2.1028	4	2.58065	13	2.22985
USP2	11	2.57009	2	1.29032	13	2.22985
USP45	10	2.33645	3	1.93548	13	2.22985
USP53	10	2.33645	3	1.93548	13	2.22985
UXS1	10	2.33645	3	1.93548	13	2.22985
VCL	12	2.80374	1	0.645161	13	2.22985
WDR26	11	2.57009	2	1.29032	13	2.22985
WDR36	11	2.57009	2	1.29032	13	2.22985
WDR55	10	2.33645	3	1.93548	13	2.22985
WDR59	13	3.03738	0	0	13	2.22985
WFS1	12	2.80374	1	0.645161	13	2.22985
WNT1	13	3.03738	0	0	13	2.22985
WNT5A	13	3.03738	0	0	13	2.22985
XPO1	8	1.86916	5	3.22581	13	2.22985
XPO5	12	2.80374	1	0.645161	13	2.22985
ZBTB38	13	3.03738	0	0	13	2.22985
ZBTB5	11	2.57009	2	1.29032	13	2.22985
ZC3HAV1	7	1.63551	6	3.87097	13	2.22985
ZCCHC2	12	2.80374	1	0.645161	13	2.22985
ZCCHC8	10	2.33645	3	1.93548	13	2.22985
ZFP57	10	2.33645	3	1.93548	13	2.22985
ZFP82	10	2.33645	3	1.93548	13	2.22985
ZIC3	12	2.80374	1	0.645161	13	2.22985
ZIM3	7	1.63551	6	3.87097	13	2.22985
ZKSCAN7	11	2.57009	2	1.29032	13	2.22985
ZNF131	10	2.33645	3	1.93548	13	2.22985
ZNF132	10	2.33645	3	1.93548	13	2.22985
ZNF154	8	1.86916	5	3.22581	13	2.22985
ZNF16	12	2.80374	1	0.645161	13	2.22985
ZNF197	8	1.86916	5	3.22581	13	2.22985
ZNF205	12	2.80374	1	0.645161	13	2.22985
ZNF212	10	2.33645	3	1.93548	13	2.22985
ZNF217	9	2.1028	4	2.58065	13	2.22985
ZNF227	12	2.80374	1	0.645161	13	2.22985
ZNF251	9	2.1028	4	2.58065	13	2.22985
ZNF26	12	2.80374	1	0.645161	13	2.22985
ZNF267	9	2.1028	4	2.58065	13	2.22985
ZNF283	10	2.33645	3	1.93548	13	2.22985
ZNF284	9	2.1028	4	2.58065	13	2.22985
ZNF320	11	2.57009	2	1.29032	13	2.22985
ZNF337	11	2.57009	2	1.29032	13	2.22985
ZNF347	9	2.1028	4	2.58065	13	2.22985
ZNF404	12	2.80374	1	0.645161	13	2.22985
ZNF467	10	2.33645	3	1.93548	13	2.22985
ZNF473	10	2.33645	3	1.93548	13	2.22985
ZNF507	11	2.57009	2	1.29032	13	2.22985
ZNF517	11	2.57009	2	1.29032	13	2.22985
ZNF556	8	1.86916	5	3.22581	13	2.22985
ZNF571	10	2.33645	3	1.93548	13	2.22985
ZNF573	10	2.33645	3	1.93548	13	2.22985
ZNF587	9	2.1028	4	2.58065	13	2.22985
ZNF675	10	2.33645	3	1.93548	13	2.22985
ZNF85	9	2.1028	4	2.58065	13	2.22985
ZP4	9	2.1028	4	2.58065	13	2.22985
ZRANB1	11	2.57009	2	1.29032	13	2.22985
ZSCAN1	10	2.33645	3	1.93548	13	2.22985
ZSCAN29	12	2.80374	1	0.645161	13	2.22985
ZSCAN31	12	2.80374	1	0.645161	13	2.22985
ZW10	8	1.86916	5	3.22581	13	2.22985
ABTB1	12	2.80374	0	0	12	2.05832
AC092143.1	7	1.63551	5	3.22581	12	2.05832
ACAD11	11	2.57009	1	0.645161	12	2.05832
ACKR2	7	1.63551	5	3.22581	12	2.05832
ACOT12	11	2.57009	1	0.645161	12	2.05832
ACRBP	10	2.33645	2	1.29032	12	2.05832
ACSM2A	7	1.63551	5	3.22581	12	2.05832
ACTL7A	7	1.63551	5	3.22581	12	2.05832
ADAM19	10	2.33645	2	1.29032	12	2.05832
ADAM22	10	2.33645	2	1.29032	12	2.05832
ADAM28	8	1.86916	4	2.58065	12	2.05832
ADAM32	10	2.33645	2	1.29032	12	2.05832
ADAM9	8	1.86916	4	2.58065	12	2.05832
ADGRE3	10	2.33645	2	1.29032	12	2.05832
ADGRF5	10	2.33645	2	1.29032	12	2.05832
ADGRG3	12	2.80374	0	0	12	2.05832
ADGRG7	8	1.86916	4	2.58065	12	2.05832
ADRB3	8	1.86916	4	2.58065	12	2.05832
AFAP1	9	2.1028	3	1.93548	12	2.05832
AGTR1	9	2.1028	3	1.93548	12	2.05832
AHR	9	2.1028	3	1.93548	12	2.05832
AJAP1	10	2.33645	2	1.29032	12	2.05832
AKR1B1	8	1.86916	4	2.58065	12	2.05832
AKT1	12	2.80374	0	0	12	2.05832
AL121899.2	11	2.57009	1	0.645161	12	2.05832
ALDH16A1	10	2.33645	2	1.29032	12	2.05832
ALDH1B1	10	2.33645	2	1.29032	12	2.05832
ALG10	10	2.33645	2	1.29032	12	2.05832
ALG11	10	2.33645	2	1.29032	12	2.05832
ALOX12B	10	2.33645	2	1.29032	12	2.05832
ALOXE3	10	2.33645	2	1.29032	12	2.05832
AMIGO3	11	2.57009	1	0.645161	12	2.05832
ANGPT1	8	1.86916	4	2.58065	12	2.05832
ANKK1	11	2.57009	1	0.645161	12	2.05832
ANKRD55	10	2.33645	2	1.29032	12	2.05832
ANO8	12	2.80374	0	0	12	2.05832
AOC1	12	2.80374	0	0	12	2.05832
AP1G2	11	2.57009	1	0.645161	12	2.05832
AP1M1	11	2.57009	1	0.645161	12	2.05832
AP2B1	11	2.57009	1	0.645161	12	2.05832
ARC	10	2.33645	2	1.29032	12	2.05832
ARHGAP45	12	2.80374	0	0	12	2.05832
ARHGAP9	10	2.33645	2	1.29032	12	2.05832
ARHGEF2	10	2.33645	2	1.29032	12	2.05832
ARHGEF25	12	2.80374	0	0	12	2.05832
ARID4B	9	2.1028	3	1.93548	12	2.05832
ARMH4	7	1.63551	5	3.22581	12	2.05832
ARSF	10	2.33645	2	1.29032	12	2.05832
ARV1	11	2.57009	1	0.645161	12	2.05832
ASAH2	9	2.1028	3	1.93548	12	2.05832
ASB18	11	2.57009	1	0.645161	12	2.05832
ASMTL	9	2.1028	3	1.93548	12	2.05832
ASZ1	9	2.1028	3	1.93548	12	2.05832
ATF6	10	2.33645	2	1.29032	12	2.05832
ATG9A	7	1.63551	5	3.22581	12	2.05832
ATIC	12	2.80374	0	0	12	2.05832
ATN1	10	2.33645	2	1.29032	12	2.05832
ATP13A4	9	2.1028	3	1.93548	12	2.05832
ATP6V0D2	10	2.33645	2	1.29032	12	2.05832
ATXN3L	8	1.86916	4	2.58065	12	2.05832
BARD1	10	2.33645	2	1.29032	12	2.05832
BBS12	10	2.33645	2	1.29032	12	2.05832
BCO2	11	2.57009	1	0.645161	12	2.05832
BEST3	8	1.86916	4	2.58065	12	2.05832
BICD1	9	2.1028	3	1.93548	12	2.05832
BLK	10	2.33645	2	1.29032	12	2.05832
BMP2	10	2.33645	2	1.29032	12	2.05832
BMP3	9	2.1028	3	1.93548	12	2.05832
BPIFB1	12	2.80374	0	0	12	2.05832
C10orf71	11	2.57009	1	0.645161	12	2.05832
C12orf4	9	2.1028	3	1.93548	12	2.05832
C19orf44	9	2.1028	3	1.93548	12	2.05832
C1orf112	10	2.33645	2	1.29032	12	2.05832
C2orf78	9	2.1028	3	1.93548	12	2.05832
C8A	8	1.86916	4	2.58065	12	2.05832
CACNA2D2	12	2.80374	0	0	12	2.05832
CACNB4	9	2.1028	3	1.93548	12	2.05832
CADM3	10	2.33645	2	1.29032	12	2.05832
CAPRIN1	10	2.33645	2	1.29032	12	2.05832
CARNMT1	10	2.33645	2	1.29032	12	2.05832
CBLL2	9	2.1028	3	1.93548	12	2.05832
CCDC14	11	2.57009	1	0.645161	12	2.05832
CCDC186	11	2.57009	1	0.645161	12	2.05832
CCDC62	12	2.80374	0	0	12	2.05832
CCDC7	7	1.63551	5	3.22581	12	2.05832
CCER1	9	2.1028	3	1.93548	12	2.05832
CCNL1	10	2.33645	2	1.29032	12	2.05832
CCNT2	8	1.86916	4	2.58065	12	2.05832
CD5L	8	1.86916	4	2.58065	12	2.05832
CDC20B	9	2.1028	3	1.93548	12	2.05832
CDC5L	11	2.57009	1	0.645161	12	2.05832
CDC7	10	2.33645	2	1.29032	12	2.05832
CDCA2	9	2.1028	3	1.93548	12	2.05832
CDHR5	11	2.57009	1	0.645161	12	2.05832
CDK11B	11	2.57009	1	0.645161	12	2.05832
CDR2	10	2.33645	2	1.29032	12	2.05832
CEP89	8	1.86916	4	2.58065	12	2.05832
CES1	9	2.1028	3	1.93548	12	2.05832
CES5A	9	2.1028	3	1.93548	12	2.05832
CFHR5	7	1.63551	5	3.22581	12	2.05832
CHERP	11	2.57009	1	0.645161	12	2.05832
CHRNA6	7	1.63551	5	3.22581	12	2.05832
CIP2A	8	1.86916	4	2.58065	12	2.05832
CMKLR1	6	1.40187	6	3.87097	12	2.05832
CMTR1	8	1.86916	4	2.58065	12	2.05832
COG2	9	2.1028	3	1.93548	12	2.05832
COG4	10	2.33645	2	1.29032	12	2.05832
COL23A1	11	2.57009	1	0.645161	12	2.05832
COL9A2	12	2.80374	0	0	12	2.05832
COPS6	9	2.1028	3	1.93548	12	2.05832
CORO2B	10	2.33645	2	1.29032	12	2.05832
CPEB1	9	2.1028	3	1.93548	12	2.05832
CPEB4	10	2.33645	2	1.29032	12	2.05832
CPLANE1	10	2.33645	2	1.29032	12	2.05832
CPNE8	11	2.57009	1	0.645161	12	2.05832
CRACDL	12	2.80374	0	0	12	2.05832
CRAMP1	11	2.57009	1	0.645161	12	2.05832
CSE1L	11	2.57009	1	0.645161	12	2.05832
CSNK1G3	10	2.33645	2	1.29032	12	2.05832
CSNK2A2	11	2.57009	1	0.645161	12	2.05832
CSRNP3	10	2.33645	2	1.29032	12	2.05832
CTAGE1	10	2.33645	2	1.29032	12	2.05832
CUL3	12	2.80374	0	0	12	2.05832
CUL4B	11	2.57009	1	0.645161	12	2.05832
CWC22	9	2.1028	3	1.93548	12	2.05832
CYP2A13	10	2.33645	2	1.29032	12	2.05832
CYP4F12	11	2.57009	1	0.645161	12	2.05832
CYP4F3	11	2.57009	1	0.645161	12	2.05832
CYP7A1	11	2.57009	1	0.645161	12	2.05832
DACH1	9	2.1028	3	1.93548	12	2.05832
DBF4B	12	2.80374	0	0	12	2.05832
DCAF4L1	12	2.80374	0	0	12	2.05832
DCAF8L1	11	2.57009	1	0.645161	12	2.05832
DCP2	7	1.63551	5	3.22581	12	2.05832
DCSTAMP	7	1.63551	5	3.22581	12	2.05832
DDX11	11	2.57009	1	0.645161	12	2.05832
DGKK	8	1.86916	4	2.58065	12	2.05832
DHTKD1	9	2.1028	3	1.93548	12	2.05832
DHX35	10	2.33645	2	1.29032	12	2.05832
DHX37	11	2.57009	1	0.645161	12	2.05832
DLX5	9	2.1028	3	1.93548	12	2.05832
DNA2	12	2.80374	0	0	12	2.05832
DNAAF1	11	2.57009	1	0.645161	12	2.05832
DNAAF3	11	2.57009	1	0.645161	12	2.05832
DNAJC28	9	2.1028	3	1.93548	12	2.05832
DNTT	9	2.1028	3	1.93548	12	2.05832
DPP4	12	2.80374	0	0	12	2.05832
DPY19L4	8	1.86916	4	2.58065	12	2.05832
DPYSL4	10	2.33645	2	1.29032	12	2.05832
DPYSL5	11	2.57009	1	0.645161	12	2.05832
DRC1	10	2.33645	2	1.29032	12	2.05832
DSC2	10	2.33645	2	1.29032	12	2.05832
DSC3	9	2.1028	3	1.93548	12	2.05832
DUSP22	10	2.33645	2	1.29032	12	2.05832
DYNC1I2	11	2.57009	1	0.645161	12	2.05832
DYRK1A	8	1.86916	4	2.58065	12	2.05832
DYRK1B	10	2.33645	2	1.29032	12	2.05832
EDEM3	9	2.1028	3	1.93548	12	2.05832
EGR3	11	2.57009	1	0.645161	12	2.05832
ELAVL3	10	2.33645	2	1.29032	12	2.05832
ELF4	10	2.33645	2	1.29032	12	2.05832
ELFN2	11	2.57009	1	0.645161	12	2.05832
EMILIN2	8	1.86916	4	2.58065	12	2.05832
ENPP1	10	2.33645	2	1.29032	12	2.05832
EPHA8	10	2.33645	2	1.29032	12	2.05832
EPHB3	10	2.33645	2	1.29032	12	2.05832
ERAP1	7	1.63551	5	3.22581	12	2.05832
ERC1	9	2.1028	3	1.93548	12	2.05832
EXO1	11	2.57009	1	0.645161	12	2.05832
EYA1	10	2.33645	2	1.29032	12	2.05832
FAHD2B	12	2.80374	0	0	12	2.05832
FAM160A2	11	2.57009	1	0.645161	12	2.05832
FAM160B1	8	1.86916	4	2.58065	12	2.05832
FAM169A	10	2.33645	2	1.29032	12	2.05832
FAM20A	10	2.33645	2	1.29032	12	2.05832
FAM81B	10	2.33645	2	1.29032	12	2.05832
FARSB	10	2.33645	2	1.29032	12	2.05832
FBLN7	8	1.86916	4	2.58065	12	2.05832
FBXL20	11	2.57009	1	0.645161	12	2.05832
FBXW11	10	2.33645	2	1.29032	12	2.05832
FCAMR	10	2.33645	2	1.29032	12	2.05832
FEZF2	11	2.57009	1	0.645161	12	2.05832
FHL5	8	1.86916	4	2.58065	12	2.05832
FKBP10	11	2.57009	1	0.645161	12	2.05832
FLRT3	10	2.33645	2	1.29032	12	2.05832
FLVCR2	9	2.1028	3	1.93548	12	2.05832
FMNL2	7	1.63551	5	3.22581	12	2.05832
FMO3	11	2.57009	1	0.645161	12	2.05832
FMO4	9	2.1028	3	1.93548	12	2.05832
FNIP2	10	2.33645	2	1.29032	12	2.05832
FOXM1	10	2.33645	2	1.29032	12	2.05832
FOXO4	11	2.57009	1	0.645161	12	2.05832
FSCN3	10	2.33645	2	1.29032	12	2.05832
FTO	11	2.57009	1	0.645161	12	2.05832
FUT1	11	2.57009	1	0.645161	12	2.05832
FZD7	12	2.80374	0	0	12	2.05832
GABPA	9	2.1028	3	1.93548	12	2.05832
GABRB1	9	2.1028	3	1.93548	12	2.05832
GABRR3	9	2.1028	3	1.93548	12	2.05832
GAS2L1	11	2.57009	1	0.645161	12	2.05832
GBP7	8	1.86916	4	2.58065	12	2.05832
GCNT2	10	2.33645	2	1.29032	12	2.05832
GDF6	10	2.33645	2	1.29032	12	2.05832
GGA2	11	2.57009	1	0.645161	12	2.05832
GGCX	10	2.33645	2	1.29032	12	2.05832
GJD2	9	2.1028	3	1.93548	12	2.05832
GLB1L3	8	1.86916	4	2.58065	12	2.05832
GLE1	10	2.33645	2	1.29032	12	2.05832
GLP1R	8	1.86916	4	2.58065	12	2.05832
GLT8D1	11	2.57009	1	0.645161	12	2.05832
GNB4	12	2.80374	0	0	12	2.05832
GOLGA2	10	2.33645	2	1.29032	12	2.05832
GOLGA5	10	2.33645	2	1.29032	12	2.05832
GOT1L1	12	2.80374	0	0	12	2.05832
GP6	9	2.1028	3	1.93548	12	2.05832
GPAT3	9	2.1028	3	1.93548	12	2.05832
GPC3	9	2.1028	3	1.93548	12	2.05832
GPR161	7	1.63551	5	3.22581	12	2.05832
GRK3	8	1.86916	4	2.58065	12	2.05832
GSK3B	10	2.33645	2	1.29032	12	2.05832
GSTCD	8	1.86916	4	2.58065	12	2.05832
GYS1	10	2.33645	2	1.29032	12	2.05832
GZMA	8	1.86916	4	2.58065	12	2.05832
HAO1	10	2.33645	2	1.29032	12	2.05832
HAS1	11	2.57009	1	0.645161	12	2.05832
HAUS3	10	2.33645	2	1.29032	12	2.05832
HDAC7	10	2.33645	2	1.29032	12	2.05832
HEPACAM2	10	2.33645	2	1.29032	12	2.05832
HHIPL2	12	2.80374	0	0	12	2.05832
HIP1	9	2.1028	3	1.93548	12	2.05832
HK1	11	2.57009	1	0.645161	12	2.05832
HLTF	8	1.86916	4	2.58065	12	2.05832
HMG20A	9	2.1028	3	1.93548	12	2.05832
HMMR	9	2.1028	3	1.93548	12	2.05832
HNRNPA3	10	2.33645	2	1.29032	12	2.05832
HNRNPUL1	10	2.33645	2	1.29032	12	2.05832
HPSE	11	2.57009	1	0.645161	12	2.05832
HS6ST3	12	2.80374	0	0	12	2.05832
HSPA8	8	1.86916	4	2.58065	12	2.05832
HTR3E	8	1.86916	4	2.58065	12	2.05832
HYOU1	9	2.1028	3	1.93548	12	2.05832
IDH2	10	2.33645	2	1.29032	12	2.05832
IFIT2	10	2.33645	2	1.29032	12	2.05832
IGFALS	10	2.33645	2	1.29032	12	2.05832
IGFN1	9	2.1028	3	1.93548	12	2.05832
IGHG2	10	2.33645	2	1.29032	12	2.05832
IL17RC	9	2.1028	3	1.93548	12	2.05832
IL1R2	8	1.86916	4	2.58065	12	2.05832
IL1RAP	8	1.86916	4	2.58065	12	2.05832
IL2RG	10	2.33645	2	1.29032	12	2.05832
IL31RA	9	2.1028	3	1.93548	12	2.05832
IL3RA	8	1.86916	4	2.58065	12	2.05832
ILDR1	11	2.57009	1	0.645161	12	2.05832
ILDR2	9	2.1028	3	1.93548	12	2.05832
ILF3	10	2.33645	2	1.29032	12	2.05832
INA	9	2.1028	3	1.93548	12	2.05832
INSC	10	2.33645	2	1.29032	12	2.05832
INTS6	8	1.86916	4	2.58065	12	2.05832
INTS6L	11	2.57009	1	0.645161	12	2.05832
IPO13	11	2.57009	1	0.645161	12	2.05832
IPO5	11	2.57009	1	0.645161	12	2.05832
IRF2	11	2.57009	1	0.645161	12	2.05832
JRKL	10	2.33645	2	1.29032	12	2.05832
KANK4	11	2.57009	1	0.645161	12	2.05832
KCNC1	8	1.86916	4	2.58065	12	2.05832
KCNF1	11	2.57009	1	0.645161	12	2.05832
KCNG4	11	2.57009	1	0.645161	12	2.05832
KCNJ4	11	2.57009	1	0.645161	12	2.05832
KCTD18	10	2.33645	2	1.29032	12	2.05832
KDM7A	11	2.57009	1	0.645161	12	2.05832
KIF11	8	1.86916	4	2.58065	12	2.05832
KIF19	8	1.86916	4	2.58065	12	2.05832
KIF1C	12	2.80374	0	0	12	2.05832
KIF2C	9	2.1028	3	1.93548	12	2.05832
KIRREL1	10	2.33645	2	1.29032	12	2.05832
KLF17	10	2.33645	2	1.29032	12	2.05832
KLHL13	9	2.1028	3	1.93548	12	2.05832
KLHL22	11	2.57009	1	0.645161	12	2.05832
KNOP1	12	2.80374	0	0	12	2.05832
KRIT1	9	2.1028	3	1.93548	12	2.05832
KRT37	9	2.1028	3	1.93548	12	2.05832
KRT39	10	2.33645	2	1.29032	12	2.05832
KRT40	10	2.33645	2	1.29032	12	2.05832
KRT6C	10	2.33645	2	1.29032	12	2.05832
KRT71	12	2.80374	0	0	12	2.05832
KRT75	12	2.80374	0	0	12	2.05832
KRT79	10	2.33645	2	1.29032	12	2.05832
KRT9	8	1.86916	4	2.58065	12	2.05832
LARP1B	8	1.86916	4	2.58065	12	2.05832
LARP7	10	2.33645	2	1.29032	12	2.05832
LBR	9	2.1028	3	1.93548	12	2.05832
LCA5L	8	1.86916	4	2.58065	12	2.05832
LCP1	10	2.33645	2	1.29032	12	2.05832
LCP2	11	2.57009	1	0.645161	12	2.05832
LDLRAP1	11	2.57009	1	0.645161	12	2.05832
LETM1	12	2.80374	0	0	12	2.05832
LGR5	10	2.33645	2	1.29032	12	2.05832
LILRB2	10	2.33645	2	1.29032	12	2.05832
LIMK1	11	2.57009	1	0.645161	12	2.05832
LIMK2	9	2.1028	3	1.93548	12	2.05832
LINS1	10	2.33645	2	1.29032	12	2.05832
LMF2	11	2.57009	1	0.645161	12	2.05832
LNX2	9	2.1028	3	1.93548	12	2.05832
LRIT1	10	2.33645	2	1.29032	12	2.05832
LRRIQ4	9	2.1028	3	1.93548	12	2.05832
MAB21L2	12	2.80374	0	0	12	2.05832
MAGEB6B	10	2.33645	2	1.29032	12	2.05832
MAMDC2	8	1.86916	4	2.58065	12	2.05832
MAML1	10	2.33645	2	1.29032	12	2.05832
MATN2	9	2.1028	3	1.93548	12	2.05832
MBD4	11	2.57009	1	0.645161	12	2.05832
MCCC1	9	2.1028	3	1.93548	12	2.05832
MED24	8	1.86916	4	2.58065	12	2.05832
MELK	11	2.57009	1	0.645161	12	2.05832
MEPE	9	2.1028	3	1.93548	12	2.05832
MERTK	9	2.1028	3	1.93548	12	2.05832
METTL16	8	1.86916	4	2.58065	12	2.05832
MGAT1	9	2.1028	3	1.93548	12	2.05832
MGRN1	10	2.33645	2	1.29032	12	2.05832
MIGA2	10	2.33645	2	1.29032	12	2.05832
MIOS	8	1.86916	4	2.58065	12	2.05832
MORC2	9	2.1028	3	1.93548	12	2.05832
MPEG1	8	1.86916	4	2.58065	12	2.05832
MPHOSPH9	10	2.33645	2	1.29032	12	2.05832
MRE11	8	1.86916	4	2.58065	12	2.05832
MSH4	8	1.86916	4	2.58065	12	2.05832
MTBP	9	2.1028	3	1.93548	12	2.05832
MTIF2	9	2.1028	3	1.93548	12	2.05832
MTMR3	10	2.33645	2	1.29032	12	2.05832
MTO1	12	2.80374	0	0	12	2.05832
MYCN	10	2.33645	2	1.29032	12	2.05832
MYO1D	9	2.1028	3	1.93548	12	2.05832
NAA35	9	2.1028	3	1.93548	12	2.05832
NCAPG2	10	2.33645	2	1.29032	12	2.05832
NDC1	9	2.1028	3	1.93548	12	2.05832
NDUFA10	11	2.57009	1	0.645161	12	2.05832
NECTIN1	9	2.1028	3	1.93548	12	2.05832
NEDD1	9	2.1028	3	1.93548	12	2.05832
NF2	10	2.33645	2	1.29032	12	2.05832
NFIA	8	1.86916	4	2.58065	12	2.05832
NFX1	9	2.1028	3	1.93548	12	2.05832
NHLRC3	11	2.57009	1	0.645161	12	2.05832
NIBAN2	12	2.80374	0	0	12	2.05832
NIBAN3	10	2.33645	2	1.29032	12	2.05832
NKX6-1	8	1.86916	4	2.58065	12	2.05832
NONO	11	2.57009	1	0.645161	12	2.05832
NOP14	7	1.63551	5	3.22581	12	2.05832
NPY5R	6	1.40187	6	3.87097	12	2.05832
NR5A2	10	2.33645	2	1.29032	12	2.05832
NRBP1	12	2.80374	0	0	12	2.05832
NT5C1A	9	2.1028	3	1.93548	12	2.05832
NT5C1B	11	2.57009	1	0.645161	12	2.05832
NTSR1	8	1.86916	4	2.58065	12	2.05832
NUB1	10	2.33645	2	1.29032	12	2.05832
NUP93	11	2.57009	1	0.645161	12	2.05832
OGT	9	2.1028	3	1.93548	12	2.05832
OR10AG1	10	2.33645	2	1.29032	12	2.05832
OR10G7	9	2.1028	3	1.93548	12	2.05832
OR10H5	9	2.1028	3	1.93548	12	2.05832
OR2L8	7	1.63551	5	3.22581	12	2.05832
OR2M5	8	1.86916	4	2.58065	12	2.05832
OR2T6	10	2.33645	2	1.29032	12	2.05832
OR4A16	11	2.57009	1	0.645161	12	2.05832
OR4C6	10	2.33645	2	1.29032	12	2.05832
OR4D10	10	2.33645	2	1.29032	12	2.05832
OR4K1	11	2.57009	1	0.645161	12	2.05832
OR4M1	11	2.57009	1	0.645161	12	2.05832
OR4P4	11	2.57009	1	0.645161	12	2.05832
OR51B4	7	1.63551	5	3.22581	12	2.05832
OR51M1	7	1.63551	5	3.22581	12	2.05832
OR51S1	8	1.86916	4	2.58065	12	2.05832
OR52D1	10	2.33645	2	1.29032	12	2.05832
OR5K3	10	2.33645	2	1.29032	12	2.05832
OR6K6	9	2.1028	3	1.93548	12	2.05832
OR6N2	9	2.1028	3	1.93548	12	2.05832
OR9A4	9	2.1028	3	1.93548	12	2.05832
ORC1	11	2.57009	1	0.645161	12	2.05832
OSBPL10	10	2.33645	2	1.29032	12	2.05832
OTOP1	9	2.1028	3	1.93548	12	2.05832
OTOP3	9	2.1028	3	1.93548	12	2.05832
PACSIN1	10	2.33645	2	1.29032	12	2.05832
PALMD	9	2.1028	3	1.93548	12	2.05832
PANK4	11	2.57009	1	0.645161	12	2.05832
PARP8	8	1.86916	4	2.58065	12	2.05832
PCDH1	11	2.57009	1	0.645161	12	2.05832
PDCD6IP	8	1.86916	4	2.58065	12	2.05832
PDE3B	9	2.1028	3	1.93548	12	2.05832
PDE6C	9	2.1028	3	1.93548	12	2.05832
PDGFD	9	2.1028	3	1.93548	12	2.05832
PDIA3	9	2.1028	3	1.93548	12	2.05832
PDLIM5	9	2.1028	3	1.93548	12	2.05832
PDXDC1	10	2.33645	2	1.29032	12	2.05832
PFKFB1	9	2.1028	3	1.93548	12	2.05832
PGM1	11	2.57009	1	0.645161	12	2.05832
PHAX	10	2.33645	2	1.29032	12	2.05832
PIAS4	12	2.80374	0	0	12	2.05832
PIBF1	10	2.33645	2	1.29032	12	2.05832
PICALM	10	2.33645	2	1.29032	12	2.05832
PIEZO2	10	2.33645	2	1.29032	12	2.05832
PIK3R4	9	2.1028	3	1.93548	12	2.05832
PITPNM2	11	2.57009	1	0.645161	12	2.05832
PLCH2	11	2.57009	1	0.645161	12	2.05832
PLEKHA4	10	2.33645	2	1.29032	12	2.05832
PLPPR5	11	2.57009	1	0.645161	12	2.05832
PLS3	8	1.86916	4	2.58065	12	2.05832
PM20D1	10	2.33645	2	1.29032	12	2.05832
POLG	11	2.57009	1	0.645161	12	2.05832
POLH	11	2.57009	1	0.645161	12	2.05832
POLI	10	2.33645	2	1.29032	12	2.05832
POU2F1	10	2.33645	2	1.29032	12	2.05832
PPARGC1B	9	2.1028	3	1.93548	12	2.05832
PPAT	8	1.86916	4	2.58065	12	2.05832
PPEF1	10	2.33645	2	1.29032	12	2.05832
PPEF2	8	1.86916	4	2.58065	12	2.05832
PPFIA3	11	2.57009	1	0.645161	12	2.05832
PPIG	10	2.33645	2	1.29032	12	2.05832
PPP1R12C	11	2.57009	1	0.645161	12	2.05832
PPP4R1	11	2.57009	1	0.645161	12	2.05832
PRAMEF1	10	2.33645	2	1.29032	12	2.05832
PRKCSH	10	2.33645	2	1.29032	12	2.05832
PRORP	11	2.57009	1	0.645161	12	2.05832
PRPF38B	9	2.1028	3	1.93548	12	2.05832
PRRT3	10	2.33645	2	1.29032	12	2.05832
PSD3	8	1.86916	4	2.58065	12	2.05832
PSMA8	8	1.86916	4	2.58065	12	2.05832
PTGFR	9	2.1028	3	1.93548	12	2.05832
PTOV1	12	2.80374	0	0	12	2.05832
PTPN1	10	2.33645	2	1.29032	12	2.05832
PTPRJ	10	2.33645	2	1.29032	12	2.05832
PURG	10	2.33645	2	1.29032	12	2.05832
PYGL	8	1.86916	4	2.58065	12	2.05832
QKI	11	2.57009	1	0.645161	12	2.05832
R3HCC1L	7	1.63551	5	3.22581	12	2.05832
RAB11FIP2	10	2.33645	2	1.29032	12	2.05832
RAD17	10	2.33645	2	1.29032	12	2.05832
RAD21	9	2.1028	3	1.93548	12	2.05832
RAF1	10	2.33645	2	1.29032	12	2.05832
RANBP10	12	2.80374	0	0	12	2.05832
RANBP3L	8	1.86916	4	2.58065	12	2.05832
RARS2	9	2.1028	3	1.93548	12	2.05832
RASAL1	10	2.33645	2	1.29032	12	2.05832
RBM12	8	1.86916	4	2.58065	12	2.05832
RBM43	8	1.86916	4	2.58065	12	2.05832
RFX4	9	2.1028	3	1.93548	12	2.05832
RHAG	8	1.86916	4	2.58065	12	2.05832
RHBDF2	11	2.57009	1	0.645161	12	2.05832
RIC1	9	2.1028	3	1.93548	12	2.05832
RIMKLB	9	2.1028	3	1.93548	12	2.05832
RIPOR3	8	1.86916	4	2.58065	12	2.05832
RNF150	10	2.33645	2	1.29032	12	2.05832
RNF31	12	2.80374	0	0	12	2.05832
RPAP2	9	2.1028	3	1.93548	12	2.05832
RRP12	12	2.80374	0	0	12	2.05832
RTKN	9	2.1028	3	1.93548	12	2.05832
RUFY2	6	1.40187	6	3.87097	12	2.05832
RUFY3	10	2.33645	2	1.29032	12	2.05832
SAMD4A	10	2.33645	2	1.29032	12	2.05832
SAMHD1	10	2.33645	2	1.29032	12	2.05832
SCFD1	11	2.57009	1	0.645161	12	2.05832
SCNN1G	9	2.1028	3	1.93548	12	2.05832
SCYL2	9	2.1028	3	1.93548	12	2.05832
SEC24A	8	1.86916	4	2.58065	12	2.05832
SEC24C	10	2.33645	2	1.29032	12	2.05832
SEMA4D	11	2.57009	1	0.645161	12	2.05832
SERAC1	11	2.57009	1	0.645161	12	2.05832
SERPINB8	10	2.33645	2	1.29032	12	2.05832
SESTD1	9	2.1028	3	1.93548	12	2.05832
SGCZ	11	2.57009	1	0.645161	12	2.05832
SIDT1	9	2.1028	3	1.93548	12	2.05832
SIRT1	9	2.1028	3	1.93548	12	2.05832
SIX5	11	2.57009	1	0.645161	12	2.05832
SKIDA1	11	2.57009	1	0.645161	12	2.05832
SLAIN1	11	2.57009	1	0.645161	12	2.05832
SLC1A1	9	2.1028	3	1.93548	12	2.05832
SLC22A6	10	2.33645	2	1.29032	12	2.05832
SLC22A7	11	2.57009	1	0.645161	12	2.05832
SLC23A2	10	2.33645	2	1.29032	12	2.05832
SLC25A31	11	2.57009	1	0.645161	12	2.05832
SLC30A8	9	2.1028	3	1.93548	12	2.05832
SLC39A12	11	2.57009	1	0.645161	12	2.05832
SLC43A3	10	2.33645	2	1.29032	12	2.05832
SLC45A1	10	2.33645	2	1.29032	12	2.05832
SLC5A3	10	2.33645	2	1.29032	12	2.05832
SLC6A13	10	2.33645	2	1.29032	12	2.05832
SLC7A3	9	2.1028	3	1.93548	12	2.05832
SLC9A7	9	2.1028	3	1.93548	12	2.05832
SLCO4A1	11	2.57009	1	0.645161	12	2.05832
SLF2	9	2.1028	3	1.93548	12	2.05832
SMG8	9	2.1028	3	1.93548	12	2.05832
SMOX	11	2.57009	1	0.645161	12	2.05832
SMURF1	10	2.33645	2	1.29032	12	2.05832
SNCAIP	9	2.1028	3	1.93548	12	2.05832
SNRK	9	2.1028	3	1.93548	12	2.05832
SNTG2	7	1.63551	5	3.22581	12	2.05832
SNX1	10	2.33645	2	1.29032	12	2.05832
SNX18	11	2.57009	1	0.645161	12	2.05832
SNX33	11	2.57009	1	0.645161	12	2.05832
SORT1	8	1.86916	4	2.58065	12	2.05832
SP100	10	2.33645	2	1.29032	12	2.05832
SPATA20	10	2.33645	2	1.29032	12	2.05832
SPECC1L	12	2.80374	0	0	12	2.05832
SPG7	12	2.80374	0	0	12	2.05832
SPIDR	11	2.57009	1	0.645161	12	2.05832
SPPL2C	11	2.57009	1	0.645161	12	2.05832
SPTLC3	8	1.86916	4	2.58065	12	2.05832
SREBF1	11	2.57009	1	0.645161	12	2.05832
SREBF2	11	2.57009	1	0.645161	12	2.05832
SREK1IP1	7	1.63551	5	3.22581	12	2.05832
SRP72	9	2.1028	3	1.93548	12	2.05832
SSBP4	9	2.1028	3	1.93548	12	2.05832
STAG2	11	2.57009	1	0.645161	12	2.05832
STARD13	12	2.80374	0	0	12	2.05832
STAU2	11	2.57009	1	0.645161	12	2.05832
STIL	9	2.1028	3	1.93548	12	2.05832
STON2	10	2.33645	2	1.29032	12	2.05832
STRN3	10	2.33645	2	1.29032	12	2.05832
STT3A	9	2.1028	3	1.93548	12	2.05832
STXBP1	9	2.1028	3	1.93548	12	2.05832
STXBP5	8	1.86916	4	2.58065	12	2.05832
SUCLA2	8	1.86916	4	2.58065	12	2.05832
SYT3	11	2.57009	1	0.645161	12	2.05832
SYT4	8	1.86916	4	2.58065	12	2.05832
SYTL5	10	2.33645	2	1.29032	12	2.05832
TAB2	10	2.33645	2	1.29032	12	2.05832
TAF4B	11	2.57009	1	0.645161	12	2.05832
TAF5	10	2.33645	2	1.29032	12	2.05832
TAS1R1	11	2.57009	1	0.645161	12	2.05832
TAS1R3	11	2.57009	1	0.645161	12	2.05832
TBC1D17	11	2.57009	1	0.645161	12	2.05832
TBK1	11	2.57009	1	0.645161	12	2.05832
TBL1XR1	11	2.57009	1	0.645161	12	2.05832
TBXAS1	9	2.1028	3	1.93548	12	2.05832
TCF3	11	2.57009	1	0.645161	12	2.05832
TCF7	11	2.57009	1	0.645161	12	2.05832
TCHP	10	2.33645	2	1.29032	12	2.05832
TDO2	8	1.86916	4	2.58065	12	2.05832
TDRD1	8	1.86916	4	2.58065	12	2.05832
TEKT3	10	2.33645	2	1.29032	12	2.05832
TFR2	9	2.1028	3	1.93548	12	2.05832
TKTL2	10	2.33645	2	1.29032	12	2.05832
TMC4	10	2.33645	2	1.29032	12	2.05832
TMCO3	11	2.57009	1	0.645161	12	2.05832
TMEM181	9	2.1028	3	1.93548	12	2.05832
TMEM260	7	1.63551	5	3.22581	12	2.05832
TMEM63C	12	2.80374	0	0	12	2.05832
TMPRSS12	10	2.33645	2	1.29032	12	2.05832
TOX	10	2.33645	2	1.29032	12	2.05832
TP73	12	2.80374	0	0	12	2.05832
TREH	11	2.57009	1	0.645161	12	2.05832
TRIM2	11	2.57009	1	0.645161	12	2.05832
TRIM35	11	2.57009	1	0.645161	12	2.05832
TRIM6	10	2.33645	2	1.29032	12	2.05832
TRIP4	10	2.33645	2	1.29032	12	2.05832
TRPC4AP	9	2.1028	3	1.93548	12	2.05832
TSHR	10	2.33645	2	1.29032	12	2.05832
TSPYL5	9	2.1028	3	1.93548	12	2.05832
TSPYL6	10	2.33645	2	1.29032	12	2.05832
TTC16	10	2.33645	2	1.29032	12	2.05832
TTC30B	8	1.86916	4	2.58065	12	2.05832
TTC39C	10	2.33645	2	1.29032	12	2.05832
TUBA3E	9	2.1028	3	1.93548	12	2.05832
TXNDC2	8	1.86916	4	2.58065	12	2.05832
TXNRD1	10	2.33645	2	1.29032	12	2.05832
TYW1	11	2.57009	1	0.645161	12	2.05832
UBASH3B	10	2.33645	2	1.29032	12	2.05832
UBQLNL	8	1.86916	4	2.58065	12	2.05832
UBXN4	12	2.80374	0	0	12	2.05832
UGP2	11	2.57009	1	0.645161	12	2.05832
UGT2A1	10	2.33645	2	1.29032	12	2.05832
UGT2A3	8	1.86916	4	2.58065	12	2.05832
UNK	11	2.57009	1	0.645161	12	2.05832
USP13	9	2.1028	3	1.93548	12	2.05832
USP38	10	2.33645	2	1.29032	12	2.05832
USP5	11	2.57009	1	0.645161	12	2.05832
USP6NL	11	2.57009	1	0.645161	12	2.05832
UST	10	2.33645	2	1.29032	12	2.05832
VANGL1	11	2.57009	1	0.645161	12	2.05832
VANGL2	11	2.57009	1	0.645161	12	2.05832
VMP1	10	2.33645	2	1.29032	12	2.05832
VPS54	9	2.1028	3	1.93548	12	2.05832
WDCP	9	2.1028	3	1.93548	12	2.05832
WDR81	10	2.33645	2	1.29032	12	2.05832
XPNPEP3	10	2.33645	2	1.29032	12	2.05832
XRN2	9	2.1028	3	1.93548	12	2.05832
YIF1A	10	2.33645	2	1.29032	12	2.05832
YY1AP1	8	1.86916	4	2.58065	12	2.05832
ZBP1	8	1.86916	4	2.58065	12	2.05832
ZBTB11	9	2.1028	3	1.93548	12	2.05832
ZBTB22	11	2.57009	1	0.645161	12	2.05832
ZBTB4	12	2.80374	0	0	12	2.05832
ZC3H12A	9	2.1028	3	1.93548	12	2.05832
ZC3H12B	9	2.1028	3	1.93548	12	2.05832
ZC3H7A	8	1.86916	4	2.58065	12	2.05832
ZC3H7B	9	2.1028	3	1.93548	12	2.05832
ZCCHC14	10	2.33645	2	1.29032	12	2.05832
ZDHHC5	10	2.33645	2	1.29032	12	2.05832
ZFP2	9	2.1028	3	1.93548	12	2.05832
ZFP37	9	2.1028	3	1.93548	12	2.05832
ZFP64	10	2.33645	2	1.29032	12	2.05832
ZFPM1	9	2.1028	3	1.93548	12	2.05832
ZMYND11	11	2.57009	1	0.645161	12	2.05832
ZNF14	9	2.1028	3	1.93548	12	2.05832
ZNF175	9	2.1028	3	1.93548	12	2.05832
ZNF20	10	2.33645	2	1.29032	12	2.05832
ZNF214	10	2.33645	2	1.29032	12	2.05832
ZNF234	10	2.33645	2	1.29032	12	2.05832
ZNF33B	8	1.86916	4	2.58065	12	2.05832
ZNF385A	10	2.33645	2	1.29032	12	2.05832
ZNF432	9	2.1028	3	1.93548	12	2.05832
ZNF484	10	2.33645	2	1.29032	12	2.05832
ZNF491	8	1.86916	4	2.58065	12	2.05832
ZNF529	9	2.1028	3	1.93548	12	2.05832
ZNF530	10	2.33645	2	1.29032	12	2.05832
ZNF549	9	2.1028	3	1.93548	12	2.05832
ZNF559	11	2.57009	1	0.645161	12	2.05832
ZNF564	10	2.33645	2	1.29032	12	2.05832
ZNF597	11	2.57009	1	0.645161	12	2.05832
ZNF600	10	2.33645	2	1.29032	12	2.05832
ZNF614	10	2.33645	2	1.29032	12	2.05832
ZNF665	7	1.63551	5	3.22581	12	2.05832
ZNF668	11	2.57009	1	0.645161	12	2.05832
ZNF671	7	1.63551	5	3.22581	12	2.05832
ZNF692	10	2.33645	2	1.29032	12	2.05832
ZNF699	11	2.57009	1	0.645161	12	2.05832
ZNF746	11	2.57009	1	0.645161	12	2.05832
ZNF777	11	2.57009	1	0.645161	12	2.05832
ZNF791	11	2.57009	1	0.645161	12	2.05832
ZNF829	8	1.86916	4	2.58065	12	2.05832
ZNF84	9	2.1028	3	1.93548	12	2.05832
ZNHIT6	9	2.1028	3	1.93548	12	2.05832
ZNRF3	12	2.80374	0	0	12	2.05832
ZSWIM2	7	1.63551	5	3.22581	12	2.05832
ZSWIM4	9	2.1028	3	1.93548	12	2.05832
ZSWIM5	11	2.57009	1	0.645161	12	2.05832
ZZZ3	10	2.33645	2	1.29032	12	2.05832
AADACL4	9	2.1028	2	1.29032	11	1.88679
AARS1	9	2.1028	2	1.29032	11	1.88679
ABCB6	6	1.40187	5	3.22581	11	1.88679
ABI3	8	1.86916	3	1.93548	11	1.88679
AC098582.1	8	1.86916	3	1.93548	11	1.88679
ACTR3B	9	2.1028	2	1.29032	11	1.88679
ADA2	11	2.57009	0	0	11	1.88679
ADAM15	9	2.1028	2	1.29032	11	1.88679
ADAMTS15	10	2.33645	1	0.645161	11	1.88679
ADGRF3	8	1.86916	3	1.93548	11	1.88679
ADGRF4	9	2.1028	2	1.29032	11	1.88679
ADORA1	9	2.1028	2	1.29032	11	1.88679
ADRA1D	9	2.1028	2	1.29032	11	1.88679
AFAP1L1	6	1.40187	5	3.22581	11	1.88679
AFTPH	8	1.86916	3	1.93548	11	1.88679
AGBL2	7	1.63551	4	2.58065	11	1.88679
AIFM1	9	2.1028	2	1.29032	11	1.88679
AIM2	10	2.33645	1	0.645161	11	1.88679
AK7	9	2.1028	2	1.29032	11	1.88679
ALAS1	7	1.63551	4	2.58065	11	1.88679
ALDH1A1	9	2.1028	2	1.29032	11	1.88679
ALPL	10	2.33645	1	0.645161	11	1.88679
AMBN	8	1.86916	3	1.93548	11	1.88679
AMY2A	6	1.40187	5	3.22581	11	1.88679
ANLN	7	1.63551	4	2.58065	11	1.88679
ANO10	9	2.1028	2	1.29032	11	1.88679
AP4E1	8	1.86916	3	1.93548	11	1.88679
APBB1IP	9	2.1028	2	1.29032	11	1.88679
APLF	6	1.40187	5	3.22581	11	1.88679
APOBEC4	8	1.86916	3	1.93548	11	1.88679
AQP7	9	2.1028	2	1.29032	11	1.88679
ARFIP1	9	2.1028	2	1.29032	11	1.88679
ARHGAP10	9	2.1028	2	1.29032	11	1.88679
ARHGAP18	8	1.86916	3	1.93548	11	1.88679
ARHGEF3	10	2.33645	1	0.645161	11	1.88679
ARMC2	9	2.1028	2	1.29032	11	1.88679
ARMCX1	11	2.57009	0	0	11	1.88679
ARMCX5	8	1.86916	3	1.93548	11	1.88679
ARSB	11	2.57009	0	0	11	1.88679
ARSG	11	2.57009	0	0	11	1.88679
ASAP3	8	1.86916	3	1.93548	11	1.88679
ASB15	10	2.33645	1	0.645161	11	1.88679
ASIC3	10	2.33645	1	0.645161	11	1.88679
ATG4D	9	2.1028	2	1.29032	11	1.88679
ATP1B4	8	1.86916	3	1.93548	11	1.88679
ATXN7	11	2.57009	0	0	11	1.88679
B3GAT1	10	2.33645	1	0.645161	11	1.88679
BABAM2	9	2.1028	2	1.29032	11	1.88679
BACE2	9	2.1028	2	1.29032	11	1.88679
BAG6	9	2.1028	2	1.29032	11	1.88679
BCAR3	9	2.1028	2	1.29032	11	1.88679
BICD2	11	2.57009	0	0	11	1.88679
BIRC3	6	1.40187	5	3.22581	11	1.88679
BMPR1A	9	2.1028	2	1.29032	11	1.88679
BRD7	9	2.1028	2	1.29032	11	1.88679
BRSK2	10	2.33645	1	0.645161	11	1.88679
BSX	9	2.1028	2	1.29032	11	1.88679
BTN2A2	9	2.1028	2	1.29032	11	1.88679
BTRC	9	2.1028	2	1.29032	11	1.88679
BZW1	10	2.33645	1	0.645161	11	1.88679
C11orf87	9	2.1028	2	1.29032	11	1.88679
C2CD6	8	1.86916	3	1.93548	11	1.88679
C3AR1	6	1.40187	5	3.22581	11	1.88679
C4orf50	10	2.33645	1	0.645161	11	1.88679
CA6	10	2.33645	1	0.645161	11	1.88679
CABS1	9	2.1028	2	1.29032	11	1.88679
CACNG7	8	1.86916	3	1.93548	11	1.88679
CAPN15	9	2.1028	2	1.29032	11	1.88679
CAPN2	8	1.86916	3	1.93548	11	1.88679
CAPN3	9	2.1028	2	1.29032	11	1.88679
CAPN6	10	2.33645	1	0.645161	11	1.88679
CAPN7	10	2.33645	1	0.645161	11	1.88679
CAPS2	9	2.1028	2	1.29032	11	1.88679
CARNS1	9	2.1028	2	1.29032	11	1.88679
CARS1	10	2.33645	1	0.645161	11	1.88679
CASK	10	2.33645	1	0.645161	11	1.88679
CCDC138	8	1.86916	3	1.93548	11	1.88679
CCDC146	7	1.63551	4	2.58065	11	1.88679
CCDC148	10	2.33645	1	0.645161	11	1.88679
CCDC151	10	2.33645	1	0.645161	11	1.88679
CCDC174	9	2.1028	2	1.29032	11	1.88679
CCDC181	9	2.1028	2	1.29032	11	1.88679
CCDC191	7	1.63551	4	2.58065	11	1.88679
CCDC30	8	1.86916	3	1.93548	11	1.88679
CCDC82	8	1.86916	3	1.93548	11	1.88679
CCDC9	10	2.33645	1	0.645161	11	1.88679
CCNT1	11	2.57009	0	0	11	1.88679
CCR1	9	2.1028	2	1.29032	11	1.88679
CCT6A	8	1.86916	3	1.93548	11	1.88679
CD207	8	1.86916	3	1.93548	11	1.88679
CDC25B	11	2.57009	0	0	11	1.88679
CDC27	9	2.1028	2	1.29032	11	1.88679
CDK1	8	1.86916	3	1.93548	11	1.88679
CENPU	8	1.86916	3	1.93548	11	1.88679
CEP131	11	2.57009	0	0	11	1.88679
CEP41	8	1.86916	3	1.93548	11	1.88679
CERKL	10	2.33645	1	0.645161	11	1.88679
CERT1	7	1.63551	4	2.58065	11	1.88679
CFHR4	9	2.1028	2	1.29032	11	1.88679
CGAS	7	1.63551	4	2.58065	11	1.88679
CHIT1	9	2.1028	2	1.29032	11	1.88679
CHRNB2	10	2.33645	1	0.645161	11	1.88679
CHSY3	10	2.33645	1	0.645161	11	1.88679
CIAO3	10	2.33645	1	0.645161	11	1.88679
CIB3	9	2.1028	2	1.29032	11	1.88679
CLASRP	11	2.57009	0	0	11	1.88679
CLDN10	10	2.33645	1	0.645161	11	1.88679
CLEC18B	9	2.1028	2	1.29032	11	1.88679
CLIP3	11	2.57009	0	0	11	1.88679
CLK3	9	2.1028	2	1.29032	11	1.88679
CLMP	10	2.33645	1	0.645161	11	1.88679
CLNK	9	2.1028	2	1.29032	11	1.88679
CNTROB	10	2.33645	1	0.645161	11	1.88679
COG1	11	2.57009	0	0	11	1.88679
COG5	8	1.86916	3	1.93548	11	1.88679
COL13A1	9	2.1028	2	1.29032	11	1.88679
COL8A1	11	2.57009	0	0	11	1.88679
COMP	10	2.33645	1	0.645161	11	1.88679
CPA1	9	2.1028	2	1.29032	11	1.88679
CPA5	9	2.1028	2	1.29032	11	1.88679
CPSF2	10	2.33645	1	0.645161	11	1.88679
CPT1B	10	2.33645	1	0.645161	11	1.88679
CRYBG2	11	2.57009	0	0	11	1.88679
CRYZ	9	2.1028	2	1.29032	11	1.88679
CSGALNACT2	9	2.1028	2	1.29032	11	1.88679
CSTF2T	8	1.86916	3	1.93548	11	1.88679
CSTF3	10	2.33645	1	0.645161	11	1.88679
CTSF	7	1.63551	4	2.58065	11	1.88679
CWC27	10	2.33645	1	0.645161	11	1.88679
CWF19L1	8	1.86916	3	1.93548	11	1.88679
CYP2A6	8	1.86916	3	1.93548	11	1.88679
CYP2C19	10	2.33645	1	0.645161	11	1.88679
CYP2C8	7	1.63551	4	2.58065	11	1.88679
CYP2D6	10	2.33645	1	0.645161	11	1.88679
CYP4F22	8	1.86916	3	1.93548	11	1.88679
DAG1	8	1.86916	3	1.93548	11	1.88679
DDB1	8	1.86916	3	1.93548	11	1.88679
DDHD2	7	1.63551	4	2.58065	11	1.88679
DENND1A	7	1.63551	4	2.58065	11	1.88679
DES	9	2.1028	2	1.29032	11	1.88679
DGCR8	10	2.33645	1	0.645161	11	1.88679
DGKE	8	1.86916	3	1.93548	11	1.88679
DLG3	9	2.1028	2	1.29032	11	1.88679
DMP1	9	2.1028	2	1.29032	11	1.88679
DNAH6	7	1.63551	4	2.58065	11	1.88679
DNAJB8	10	2.33645	1	0.645161	11	1.88679
DNAJC16	9	2.1028	2	1.29032	11	1.88679
DNAJC7	8	1.86916	3	1.93548	11	1.88679
DNMT3A	8	1.86916	3	1.93548	11	1.88679
DOK1	10	2.33645	1	0.645161	11	1.88679
DPP9	9	2.1028	2	1.29032	11	1.88679
DRC7	10	2.33645	1	0.645161	11	1.88679
ECEL1	11	2.57009	0	0	11	1.88679
EDEM1	9	2.1028	2	1.29032	11	1.88679
EEPD1	7	1.63551	4	2.58065	11	1.88679
EGFL6	8	1.86916	3	1.93548	11	1.88679
ELAVL2	9	2.1028	2	1.29032	11	1.88679
ENG	11	2.57009	0	0	11	1.88679
ENPP5	8	1.86916	3	1.93548	11	1.88679
ENTHD1	9	2.1028	2	1.29032	11	1.88679
EPHB2	11	2.57009	0	0	11	1.88679
EPHX1	11	2.57009	0	0	11	1.88679
EPS8L2	11	2.57009	0	0	11	1.88679
EPS8L3	8	1.86916	3	1.93548	11	1.88679
EPSTI1	9	2.1028	2	1.29032	11	1.88679
ERCC2	10	2.33645	1	0.645161	11	1.88679
ERICH1	10	2.33645	1	0.645161	11	1.88679
ESR2	9	2.1028	2	1.29032	11	1.88679
ESX1	8	1.86916	3	1.93548	11	1.88679
EZHIP	8	1.86916	3	1.93548	11	1.88679
F2R	10	2.33645	1	0.645161	11	1.88679
FAM110B	10	2.33645	1	0.645161	11	1.88679
FAM120C	9	2.1028	2	1.29032	11	1.88679
FAM13B	6	1.40187	5	3.22581	11	1.88679
FAM155A	7	1.63551	4	2.58065	11	1.88679
FAM161A	9	2.1028	2	1.29032	11	1.88679
FAM161B	9	2.1028	2	1.29032	11	1.88679
FAM170A	10	2.33645	1	0.645161	11	1.88679
FAM217A	9	2.1028	2	1.29032	11	1.88679
FAM90A1	7	1.63551	4	2.58065	11	1.88679
FBLN1	10	2.33645	1	0.645161	11	1.88679
FBXL13	8	1.86916	3	1.93548	11	1.88679
FBXO31	8	1.86916	3	1.93548	11	1.88679
FBXO5	9	2.1028	2	1.29032	11	1.88679
FERMT2	10	2.33645	1	0.645161	11	1.88679
FEZF1	8	1.86916	3	1.93548	11	1.88679
FFAR3	9	2.1028	2	1.29032	11	1.88679
FGF14	9	2.1028	2	1.29032	11	1.88679
FIBCD1	9	2.1028	2	1.29032	11	1.88679
FKBP6	9	2.1028	2	1.29032	11	1.88679
FMNL1	9	2.1028	2	1.29032	11	1.88679
FMR1NB	9	2.1028	2	1.29032	11	1.88679
FOXD4L4	10	2.33645	1	0.645161	11	1.88679
FOXD4L5	10	2.33645	1	0.645161	11	1.88679
FOXN2	8	1.86916	3	1.93548	11	1.88679
FOXP1	10	2.33645	1	0.645161	11	1.88679
FPGT	9	2.1028	2	1.29032	11	1.88679
FRK	10	2.33645	1	0.645161	11	1.88679
FSD2	9	2.1028	2	1.29032	11	1.88679
GABRA3	9	2.1028	2	1.29032	11	1.88679
GABRR1	8	1.86916	3	1.93548	11	1.88679
GABRR2	9	2.1028	2	1.29032	11	1.88679
GAL3ST4	9	2.1028	2	1.29032	11	1.88679
GALNT15	8	1.86916	3	1.93548	11	1.88679
GALNT3	11	2.57009	0	0	11	1.88679
GALNT7	7	1.63551	4	2.58065	11	1.88679
GALNT9	8	1.86916	3	1.93548	11	1.88679
GANC	8	1.86916	3	1.93548	11	1.88679
GAREM1	10	2.33645	1	0.645161	11	1.88679
GATA2	8	1.86916	3	1.93548	11	1.88679
GBP5	8	1.86916	3	1.93548	11	1.88679
GCDH	9	2.1028	2	1.29032	11	1.88679
GCLC	10	2.33645	1	0.645161	11	1.88679
GDF10	10	2.33645	1	0.645161	11	1.88679
GFM1	11	2.57009	0	0	11	1.88679
GHR	8	1.86916	3	1.93548	11	1.88679
GIMAP1	11	2.57009	0	0	11	1.88679
GIMAP7	7	1.63551	4	2.58065	11	1.88679
GJA1	8	1.86916	3	1.93548	11	1.88679
GJC1	9	2.1028	2	1.29032	11	1.88679
GLCE	8	1.86916	3	1.93548	11	1.88679
GLRA3	9	2.1028	2	1.29032	11	1.88679
GLT6D1	9	2.1028	2	1.29032	11	1.88679
GNB1L	10	2.33645	1	0.645161	11	1.88679
GNG12	11	2.57009	0	0	11	1.88679
GOLGA1	11	2.57009	0	0	11	1.88679
GORASP2	9	2.1028	2	1.29032	11	1.88679
GP5	10	2.33645	1	0.645161	11	1.88679
GPR174	5	1.16822	6	3.87097	11	1.88679
GPR22	10	2.33645	1	0.645161	11	1.88679
GPR26	11	2.57009	0	0	11	1.88679
GPR87	8	1.86916	3	1.93548	11	1.88679
GPRC6A	9	2.1028	2	1.29032	11	1.88679
GRAMD1C	8	1.86916	3	1.93548	11	1.88679
GRIN1	10	2.33645	1	0.645161	11	1.88679
GSAP	10	2.33645	1	0.645161	11	1.88679
GXYLT1	8	1.86916	3	1.93548	11	1.88679
HADHB	9	2.1028	2	1.29032	11	1.88679
HEATR3	9	2.1028	2	1.29032	11	1.88679
HELLS	9	2.1028	2	1.29032	11	1.88679
HLCS	9	2.1028	2	1.29032	11	1.88679
HNRNPK	9	2.1028	2	1.29032	11	1.88679
HNRNPUL2	10	2.33645	1	0.645161	11	1.88679
HOMEZ	10	2.33645	1	0.645161	11	1.88679
HOOK3	8	1.86916	3	1.93548	11	1.88679
HOXD12	9	2.1028	2	1.29032	11	1.88679
HPS3	8	1.86916	3	1.93548	11	1.88679
HS3ST3B1	8	1.86916	3	1.93548	11	1.88679
HSPA6	9	2.1028	2	1.29032	11	1.88679
HTR3A	8	1.86916	3	1.93548	11	1.88679
HTR5A	8	1.86916	3	1.93548	11	1.88679
ICA1	9	2.1028	2	1.29032	11	1.88679
ICE2	8	1.86916	3	1.93548	11	1.88679
IFT74	9	2.1028	2	1.29032	11	1.88679
IFT81	9	2.1028	2	1.29032	11	1.88679
IGSF11	8	1.86916	3	1.93548	11	1.88679
IGSF22	10	2.33645	1	0.645161	11	1.88679
IGSF5	8	1.86916	3	1.93548	11	1.88679
IKBKB	8	1.86916	3	1.93548	11	1.88679
IKZF1	10	2.33645	1	0.645161	11	1.88679
IKZF2	10	2.33645	1	0.645161	11	1.88679
IKZF4	10	2.33645	1	0.645161	11	1.88679
IL13RA2	8	1.86916	3	1.93548	11	1.88679
IL1R1	9	2.1028	2	1.29032	11	1.88679
ILVBL	8	1.86916	3	1.93548	11	1.88679
IMMT	9	2.1028	2	1.29032	11	1.88679
INHA	9	2.1028	2	1.29032	11	1.88679
INO80D	10	2.33645	1	0.645161	11	1.88679
INSM2	10	2.33645	1	0.645161	11	1.88679
IPO4	11	2.57009	0	0	11	1.88679
IREB2	7	1.63551	4	2.58065	11	1.88679
JAM3	11	2.57009	0	0	11	1.88679
JPH1	10	2.33645	1	0.645161	11	1.88679
KATNB1	9	2.1028	2	1.29032	11	1.88679
KCNK10	9	2.1028	2	1.29032	11	1.88679
KCNK13	10	2.33645	1	0.645161	11	1.88679
KCNK18	9	2.1028	2	1.29032	11	1.88679
KCNS3	10	2.33645	1	0.645161	11	1.88679
KIF12	11	2.57009	0	0	11	1.88679
KIF20A	11	2.57009	0	0	11	1.88679
KIF3C	9	2.1028	2	1.29032	11	1.88679
KIF7	9	2.1028	2	1.29032	11	1.88679
KIFAP3	9	2.1028	2	1.29032	11	1.88679
KLHL11	10	2.33645	1	0.645161	11	1.88679
KLHL20	8	1.86916	3	1.93548	11	1.88679
KLHL30	10	2.33645	1	0.645161	11	1.88679
KLHL36	10	2.33645	1	0.645161	11	1.88679
KLHL38	8	1.86916	3	1.93548	11	1.88679
KLHL41	7	1.63551	4	2.58065	11	1.88679
KLRK1	10	2.33645	1	0.645161	11	1.88679
KNG1	9	2.1028	2	1.29032	11	1.88679
KPNA3	8	1.86916	3	1.93548	11	1.88679
KPNA6	8	1.86916	3	1.93548	11	1.88679
KRT1	10	2.33645	1	0.645161	11	1.88679
KRT2	9	2.1028	2	1.29032	11	1.88679
KRT33A	11	2.57009	0	0	11	1.88679
KRT5	9	2.1028	2	1.29032	11	1.88679
L3MBTL1	9	2.1028	2	1.29032	11	1.88679
LILRA5	10	2.33645	1	0.645161	11	1.88679
LIPI	10	2.33645	1	0.645161	11	1.88679
LIPT1	8	1.86916	3	1.93548	11	1.88679
LLGL2	9	2.1028	2	1.29032	11	1.88679
LMCD1	10	2.33645	1	0.645161	11	1.88679
LMNB1	7	1.63551	4	2.58065	11	1.88679
LPAR4	8	1.86916	3	1.93548	11	1.88679
LPO	9	2.1028	2	1.29032	11	1.88679
LRIT2	8	1.86916	3	1.93548	11	1.88679
LRP3	11	2.57009	0	0	11	1.88679
LRRC1	9	2.1028	2	1.29032	11	1.88679
LRRTM2	7	1.63551	4	2.58065	11	1.88679
LRRTM3	9	2.1028	2	1.29032	11	1.88679
LUC7L3	8	1.86916	3	1.93548	11	1.88679
LYAR	9	2.1028	2	1.29032	11	1.88679
MAB21L1	9	2.1028	2	1.29032	11	1.88679
MAGEB2	9	2.1028	2	1.29032	11	1.88679
MAGEC2	8	1.86916	3	1.93548	11	1.88679
MAGED1	10	2.33645	1	0.645161	11	1.88679
MAGEE2	7	1.63551	4	2.58065	11	1.88679
MALT1	9	2.1028	2	1.29032	11	1.88679
MAN2A2	10	2.33645	1	0.645161	11	1.88679
MAN2B1	10	2.33645	1	0.645161	11	1.88679
MAP3K6	10	2.33645	1	0.645161	11	1.88679
MAP4K1	9	2.1028	2	1.29032	11	1.88679
MAPK6	9	2.1028	2	1.29032	11	1.88679
MAPK8	7	1.63551	4	2.58065	11	1.88679
MARCHF4	11	2.57009	0	0	11	1.88679
MAT2B	8	1.86916	3	1.93548	11	1.88679
MBOAT2	7	1.63551	4	2.58065	11	1.88679
MCCC2	10	2.33645	1	0.645161	11	1.88679
MCHR1	8	1.86916	3	1.93548	11	1.88679
MDH1B	7	1.63551	4	2.58065	11	1.88679
MEP1B	9	2.1028	2	1.29032	11	1.88679
METTL25	7	1.63551	4	2.58065	11	1.88679
MFSD1	7	1.63551	4	2.58065	11	1.88679
MKLN1	7	1.63551	4	2.58065	11	1.88679
MLIP	9	2.1028	2	1.29032	11	1.88679
MLLT1	10	2.33645	1	0.645161	11	1.88679
MMP26	8	1.86916	3	1.93548	11	1.88679
MMP3	9	2.1028	2	1.29032	11	1.88679
MMRN2	10	2.33645	1	0.645161	11	1.88679
MMUT	8	1.86916	3	1.93548	11	1.88679
MNS1	8	1.86916	3	1.93548	11	1.88679
MPP6	7	1.63551	4	2.58065	11	1.88679
MR1	9	2.1028	2	1.29032	11	1.88679
MROH8	8	1.86916	3	1.93548	11	1.88679
MTHFSD	9	2.1028	2	1.29032	11	1.88679
MTM1	9	2.1028	2	1.29032	11	1.88679
MTSS1	9	2.1028	2	1.29032	11	1.88679
MYF6	10	2.33645	1	0.645161	11	1.88679
MYNN	6	1.40187	5	3.22581	11	1.88679
MYSM1	7	1.63551	4	2.58065	11	1.88679
NAT10	10	2.33645	1	0.645161	11	1.88679
NCAN	10	2.33645	1	0.645161	11	1.88679
NDE1	11	2.57009	0	0	11	1.88679
NEBL	6	1.40187	5	3.22581	11	1.88679
NEPRO	9	2.1028	2	1.29032	11	1.88679
NIPA2	8	1.86916	3	1.93548	11	1.88679
NLN	9	2.1028	2	1.29032	11	1.88679
NOC2L	6	1.40187	5	3.22581	11	1.88679
NOC4L	11	2.57009	0	0	11	1.88679
NOP58	9	2.1028	2	1.29032	11	1.88679
NR1D2	9	2.1028	2	1.29032	11	1.88679
NR2C2	10	2.33645	1	0.645161	11	1.88679
NR2E1	10	2.33645	1	0.645161	11	1.88679
NR4A3	8	1.86916	3	1.93548	11	1.88679
NRP1	9	2.1028	2	1.29032	11	1.88679
NT5C2	9	2.1028	2	1.29032	11	1.88679
NUDCD1	7	1.63551	4	2.58065	11	1.88679
NUDT7	9	2.1028	2	1.29032	11	1.88679
NUF2	10	2.33645	1	0.645161	11	1.88679
NUFIP1	9	2.1028	2	1.29032	11	1.88679
NXF1	8	1.86916	3	1.93548	11	1.88679
OAS3	9	2.1028	2	1.29032	11	1.88679
OLFML1	9	2.1028	2	1.29032	11	1.88679
OPRD1	11	2.57009	0	0	11	1.88679
OPRK1	9	2.1028	2	1.29032	11	1.88679
OPRM1	10	2.33645	1	0.645161	11	1.88679
OR10G9	9	2.1028	2	1.29032	11	1.88679
OR11H1	10	2.33645	1	0.645161	11	1.88679
OR13C8	8	1.86916	3	1.93548	11	1.88679
OR14A16	10	2.33645	1	0.645161	11	1.88679
OR14C36	7	1.63551	4	2.58065	11	1.88679
OR2H1	6	1.40187	5	3.22581	11	1.88679
OR2Y1	10	2.33645	1	0.645161	11	1.88679
OR4A47	8	1.86916	3	1.93548	11	1.88679
OR4C16	10	2.33645	1	0.645161	11	1.88679
OR4K15	10	2.33645	1	0.645161	11	1.88679
OR4Q3	9	2.1028	2	1.29032	11	1.88679
OR51E1	10	2.33645	1	0.645161	11	1.88679
OR51E2	9	2.1028	2	1.29032	11	1.88679
OR56A4	7	1.63551	4	2.58065	11	1.88679
OR5B3	9	2.1028	2	1.29032	11	1.88679
OR6K3	9	2.1028	2	1.29032	11	1.88679
OR8K3	7	1.63551	4	2.58065	11	1.88679
OR9Q2	11	2.57009	0	0	11	1.88679
ORC3	10	2.33645	1	0.645161	11	1.88679
OSBPL11	8	1.86916	3	1.93548	11	1.88679
OSBPL2	9	2.1028	2	1.29032	11	1.88679
OSBPL8	9	2.1028	2	1.29032	11	1.88679
OSR2	10	2.33645	1	0.645161	11	1.88679
OTUD6A	11	2.57009	0	0	11	1.88679
OTX2	9	2.1028	2	1.29032	11	1.88679
PABPC1	10	2.33645	1	0.645161	11	1.88679
PADI6	9	2.1028	2	1.29032	11	1.88679
PAK4	10	2.33645	1	0.645161	11	1.88679
PALLD	7	1.63551	4	2.58065	11	1.88679
PARP15	9	2.1028	2	1.29032	11	1.88679
PAX1	10	2.33645	1	0.645161	11	1.88679
PCIF1	7	1.63551	4	2.58065	11	1.88679
PCNX4	8	1.86916	3	1.93548	11	1.88679
PDE1A	8	1.86916	3	1.93548	11	1.88679
PDE8A	11	2.57009	0	0	11	1.88679
PDZD7	9	2.1028	2	1.29032	11	1.88679
PFKFB2	8	1.86916	3	1.93548	11	1.88679
PGK2	7	1.63551	4	2.58065	11	1.88679
PHACTR4	10	2.33645	1	0.645161	11	1.88679
PHC3	9	2.1028	2	1.29032	11	1.88679
PHF12	9	2.1028	2	1.29032	11	1.88679
PHF20	9	2.1028	2	1.29032	11	1.88679
PHF23	11	2.57009	0	0	11	1.88679
PHF24	8	1.86916	3	1.93548	11	1.88679
PHKA1	9	2.1028	2	1.29032	11	1.88679
PI15	9	2.1028	2	1.29032	11	1.88679
PIAS3	11	2.57009	0	0	11	1.88679
PIK3C3	9	2.1028	2	1.29032	11	1.88679
PIK3CB	8	1.86916	3	1.93548	11	1.88679
PIK3R2	11	2.57009	0	0	11	1.88679
PKP1	9	2.1028	2	1.29032	11	1.88679
PLA1A	9	2.1028	2	1.29032	11	1.88679
PLD5	7	1.63551	4	2.58065	11	1.88679
PLEK	9	2.1028	2	1.29032	11	1.88679
PLEKHM3	9	2.1028	2	1.29032	11	1.88679
PLK4	9	2.1028	2	1.29032	11	1.88679
PLS1	8	1.86916	3	1.93548	11	1.88679
PLTP	10	2.33645	1	0.645161	11	1.88679
POLDIP3	9	2.1028	2	1.29032	11	1.88679
POMT1	11	2.57009	0	0	11	1.88679
POR	11	2.57009	0	0	11	1.88679
POT1	10	2.33645	1	0.645161	11	1.88679
PPHLN1	8	1.86916	3	1.93548	11	1.88679
PPP1R12A	8	1.86916	3	1.93548	11	1.88679
PPP1R3F	10	2.33645	1	0.645161	11	1.88679
PPP3CB	8	1.86916	3	1.93548	11	1.88679
PPP4R3A	7	1.63551	4	2.58065	11	1.88679
PPP4R3B	6	1.40187	5	3.22581	11	1.88679
PRAMEF19	7	1.63551	4	2.58065	11	1.88679
PRKCD	10	2.33645	1	0.645161	11	1.88679
PRKD2	11	2.57009	0	0	11	1.88679
PRKRA	8	1.86916	3	1.93548	11	1.88679
PRLHR	10	2.33645	1	0.645161	11	1.88679
PRMT3	8	1.86916	3	1.93548	11	1.88679
PROSER1	10	2.33645	1	0.645161	11	1.88679
PRPF40A	9	2.1028	2	1.29032	11	1.88679
PTDSS1	8	1.86916	3	1.93548	11	1.88679
PTHLH	7	1.63551	4	2.58065	11	1.88679
PUM2	10	2.33645	1	0.645161	11	1.88679
PUS10	9	2.1028	2	1.29032	11	1.88679
PUS3	8	1.86916	3	1.93548	11	1.88679
QARS1	11	2.57009	0	0	11	1.88679
RAB11FIP4	8	1.86916	3	1.93548	11	1.88679
RAB34	9	2.1028	2	1.29032	11	1.88679
RAB6B	9	2.1028	2	1.29032	11	1.88679
RABGGTA	10	2.33645	1	0.645161	11	1.88679
RAD54B	9	2.1028	2	1.29032	11	1.88679
RAE1	9	2.1028	2	1.29032	11	1.88679
RALGDS	10	2.33645	1	0.645161	11	1.88679
RANBP9	8	1.86916	3	1.93548	11	1.88679
RAP1GDS1	8	1.86916	3	1.93548	11	1.88679
RAPGEF5	9	2.1028	2	1.29032	11	1.88679
RBM28	10	2.33645	1	0.645161	11	1.88679
RBM42	10	2.33645	1	0.645161	11	1.88679
RBM48	9	2.1028	2	1.29032	11	1.88679
RC3H2	9	2.1028	2	1.29032	11	1.88679
REL	9	2.1028	2	1.29032	11	1.88679
RFX2	9	2.1028	2	1.29032	11	1.88679
RGMB	9	2.1028	2	1.29032	11	1.88679
RGS7	9	2.1028	2	1.29032	11	1.88679
RHBG	11	2.57009	0	0	11	1.88679
RHOBTB3	9	2.1028	2	1.29032	11	1.88679
RHPN1	9	2.1028	2	1.29032	11	1.88679
RIN3	9	2.1028	2	1.29032	11	1.88679
RIOK1	9	2.1028	2	1.29032	11	1.88679
RNF113B	7	1.63551	4	2.58065	11	1.88679
RNF148	8	1.86916	3	1.93548	11	1.88679
RNF165	9	2.1028	2	1.29032	11	1.88679
RNF169	9	2.1028	2	1.29032	11	1.88679
RNF220	10	2.33645	1	0.645161	11	1.88679
RNF25	10	2.33645	1	0.645161	11	1.88679
RPAP1	8	1.86916	3	1.93548	11	1.88679
RPS6KA4	10	2.33645	1	0.645161	11	1.88679
RSPH6A	9	2.1028	2	1.29032	11	1.88679
RSPO2	8	1.86916	3	1.93548	11	1.88679
RSPO3	9	2.1028	2	1.29032	11	1.88679
RTCB	10	2.33645	1	0.645161	11	1.88679
RTP1	10	2.33645	1	0.645161	11	1.88679
RUBCNL	7	1.63551	4	2.58065	11	1.88679
RUFY1	9	2.1028	2	1.29032	11	1.88679
RXFP1	9	2.1028	2	1.29032	11	1.88679
RXRA	11	2.57009	0	0	11	1.88679
RYK	9	2.1028	2	1.29032	11	1.88679
SART3	9	2.1028	2	1.29032	11	1.88679
SASS6	9	2.1028	2	1.29032	11	1.88679
SCEL	9	2.1028	2	1.29032	11	1.88679
SCFD2	9	2.1028	2	1.29032	11	1.88679
SCLT1	10	2.33645	1	0.645161	11	1.88679
SCML2	9	2.1028	2	1.29032	11	1.88679
SCYL3	10	2.33645	1	0.645161	11	1.88679
SDSL	11	2.57009	0	0	11	1.88679
SEC23A	7	1.63551	4	2.58065	11	1.88679
SEC23IP	9	2.1028	2	1.29032	11	1.88679
SEC31B	8	1.86916	3	1.93548	11	1.88679
SEMA4A	9	2.1028	2	1.29032	11	1.88679
SERPINE2	9	2.1028	2	1.29032	11	1.88679
SETD3	8	1.86916	3	1.93548	11	1.88679
SEZ6	9	2.1028	2	1.29032	11	1.88679
SF3B3	9	2.1028	2	1.29032	11	1.88679
SFPQ	9	2.1028	2	1.29032	11	1.88679
SGIP1	8	1.86916	3	1.93548	11	1.88679
SGPP1	7	1.63551	4	2.58065	11	1.88679
SHOC2	8	1.86916	3	1.93548	11	1.88679
SIDT2	10	2.33645	1	0.645161	11	1.88679
SIGLEC11	9	2.1028	2	1.29032	11	1.88679
SIGLEC5	9	2.1028	2	1.29032	11	1.88679
SIGLEC6	8	1.86916	3	1.93548	11	1.88679
SIGLEC9	9	2.1028	2	1.29032	11	1.88679
SIRPB1	10	2.33645	1	0.645161	11	1.88679
SLC16A10	7	1.63551	4	2.58065	11	1.88679
SLC17A9	8	1.86916	3	1.93548	11	1.88679
SLC1A7	10	2.33645	1	0.645161	11	1.88679
SLC20A2	8	1.86916	3	1.93548	11	1.88679
SLC22A15	7	1.63551	4	2.58065	11	1.88679
SLC26A2	7	1.63551	4	2.58065	11	1.88679
SLC27A3	9	2.1028	2	1.29032	11	1.88679
SLC28A3	8	1.86916	3	1.93548	11	1.88679
SLC2A13	10	2.33645	1	0.645161	11	1.88679
SLC2A3	10	2.33645	1	0.645161	11	1.88679
SLC2A9	9	2.1028	2	1.29032	11	1.88679
SLC35G2	8	1.86916	3	1.93548	11	1.88679
SLC38A1	8	1.86916	3	1.93548	11	1.88679
SLC46A3	9	2.1028	2	1.29032	11	1.88679
SLC49A3	11	2.57009	0	0	11	1.88679
SLC5A6	9	2.1028	2	1.29032	11	1.88679
SLC6A16	7	1.63551	4	2.58065	11	1.88679
SLC7A10	10	2.33645	1	0.645161	11	1.88679
SLC7A11	9	2.1028	2	1.29032	11	1.88679
SLC8B1	10	2.33645	1	0.645161	11	1.88679
SLC9A2	9	2.1028	2	1.29032	11	1.88679
SLC9A5	11	2.57009	0	0	11	1.88679
SLCO1A2	9	2.1028	2	1.29032	11	1.88679
SLCO1C1	7	1.63551	4	2.58065	11	1.88679
SMARCC1	9	2.1028	2	1.29032	11	1.88679
SMC3	8	1.86916	3	1.93548	11	1.88679
SMPD1	11	2.57009	0	0	11	1.88679
SMPD4	11	2.57009	0	0	11	1.88679
SNW1	9	2.1028	2	1.29032	11	1.88679
SNX14	9	2.1028	2	1.29032	11	1.88679
SNX31	8	1.86916	3	1.93548	11	1.88679
SOX17	10	2.33645	1	0.645161	11	1.88679
SP140L	8	1.86916	3	1.93548	11	1.88679
SPAM1	5	1.16822	6	3.87097	11	1.88679
SPATA16	11	2.57009	0	0	11	1.88679
SPATA31A3	7	1.63551	4	2.58065	11	1.88679
SPATC1	9	2.1028	2	1.29032	11	1.88679
SPICE1	9	2.1028	2	1.29032	11	1.88679
SPOPL	9	2.1028	2	1.29032	11	1.88679
SPTLC2	10	2.33645	1	0.645161	11	1.88679
SRPK2	8	1.86916	3	1.93548	11	1.88679
SRPX	10	2.33645	1	0.645161	11	1.88679
SSBP3	10	2.33645	1	0.645161	11	1.88679
ST14	9	2.1028	2	1.29032	11	1.88679
ST6GALNAC5	7	1.63551	4	2.58065	11	1.88679
STAT4	8	1.86916	3	1.93548	11	1.88679
STAT5A	9	2.1028	2	1.29032	11	1.88679
STAU1	7	1.63551	4	2.58065	11	1.88679
STK33	8	1.86916	3	1.93548	11	1.88679
STT3B	8	1.86916	3	1.93548	11	1.88679
SUSD1	8	1.86916	3	1.93548	11	1.88679
SUSD4	9	2.1028	2	1.29032	11	1.88679
SYDE1	8	1.86916	3	1.93548	11	1.88679
SYNCRIP	9	2.1028	2	1.29032	11	1.88679
SYT5	10	2.33645	1	0.645161	11	1.88679
SYT9	8	1.86916	3	1.93548	11	1.88679
SYTL1	7	1.63551	4	2.58065	11	1.88679
TAAR9	9	2.1028	2	1.29032	11	1.88679
TACC3	10	2.33645	1	0.645161	11	1.88679
TADA3	9	2.1028	2	1.29032	11	1.88679
TAF7L	7	1.63551	4	2.58065	11	1.88679
TAS2R10	6	1.40187	5	3.22581	11	1.88679
TATDN2	7	1.63551	4	2.58065	11	1.88679
TBC1D16	11	2.57009	0	0	11	1.88679
TBC1D23	9	2.1028	2	1.29032	11	1.88679
TBCD	8	1.86916	3	1.93548	11	1.88679
TBR1	10	2.33645	1	0.645161	11	1.88679
TBX15	8	1.86916	3	1.93548	11	1.88679
TBX2	10	2.33645	1	0.645161	11	1.88679
TEKT5	9	2.1028	2	1.29032	11	1.88679
TENT4B	10	2.33645	1	0.645161	11	1.88679
TESK2	8	1.86916	3	1.93548	11	1.88679
TEX47	11	2.57009	0	0	11	1.88679
THBS4	9	2.1028	2	1.29032	11	1.88679
TIAL1	10	2.33645	1	0.645161	11	1.88679
TKFC	10	2.33645	1	0.645161	11	1.88679
TLE1	11	2.57009	0	0	11	1.88679
TLR2	6	1.40187	5	3.22581	11	1.88679
TLR4	8	1.86916	3	1.93548	11	1.88679
TLR6	6	1.40187	5	3.22581	11	1.88679
TM9SF2	10	2.33645	1	0.645161	11	1.88679
TMC1	10	2.33645	1	0.645161	11	1.88679
TMCC3	9	2.1028	2	1.29032	11	1.88679
TMCO6	11	2.57009	0	0	11	1.88679
TMEFF1	5	1.16822	6	3.87097	11	1.88679
TMEM104	10	2.33645	1	0.645161	11	1.88679
TMEM108	9	2.1028	2	1.29032	11	1.88679
TMEM200C	10	2.33645	1	0.645161	11	1.88679
TMEM60	11	2.57009	0	0	11	1.88679
TMEM63A	9	2.1028	2	1.29032	11	1.88679
TMPRSS6	9	2.1028	2	1.29032	11	1.88679
TNS4	10	2.33645	1	0.645161	11	1.88679
TPCN1	11	2.57009	0	0	11	1.88679
TPX2	10	2.33645	1	0.645161	11	1.88679
TRAF3	9	2.1028	2	1.29032	11	1.88679
TRAIP	11	2.57009	0	0	11	1.88679
TRIM17	11	2.57009	0	0	11	1.88679
TRIM29	10	2.33645	1	0.645161	11	1.88679
TRIM41	8	1.86916	3	1.93548	11	1.88679
TRIM56	10	2.33645	1	0.645161	11	1.88679
TRIM69	6	1.40187	5	3.22581	11	1.88679
TRIP6	10	2.33645	1	0.645161	11	1.88679
TRPV1	10	2.33645	1	0.645161	11	1.88679
TRPV4	7	1.63551	4	2.58065	11	1.88679
TSPEAR	8	1.86916	3	1.93548	11	1.88679
TSPYL2	8	1.86916	3	1.93548	11	1.88679
TTC13	10	2.33645	1	0.645161	11	1.88679
TTC30A	11	2.57009	0	0	11	1.88679
TTC7A	10	2.33645	1	0.645161	11	1.88679
TTLL8	11	2.57009	0	0	11	1.88679
TUBB4A	10	2.33645	1	0.645161	11	1.88679
TXK	8	1.86916	3	1.93548	11	1.88679
TXLNA	10	2.33645	1	0.645161	11	1.88679
TXNRD2	9	2.1028	2	1.29032	11	1.88679
UGDH	10	2.33645	1	0.645161	11	1.88679
UGT2B10	7	1.63551	4	2.58065	11	1.88679
UGT2B11	9	2.1028	2	1.29032	11	1.88679
UGT2B4	9	2.1028	2	1.29032	11	1.88679
USH1G	9	2.1028	2	1.29032	11	1.88679
USP11	9	2.1028	2	1.29032	11	1.88679
USP17L2	9	2.1028	2	1.29032	11	1.88679
USP9Y	8	1.86916	3	1.93548	11	1.88679
UTP25	8	1.86916	3	1.93548	11	1.88679
VAT1L	6	1.40187	5	3.22581	11	1.88679
VEZT	9	2.1028	2	1.29032	11	1.88679
VNN1	9	2.1028	2	1.29032	11	1.88679
VPS16	11	2.57009	0	0	11	1.88679
VPS53	10	2.33645	1	0.645161	11	1.88679
VSTM2A	8	1.86916	3	1.93548	11	1.88679
VWA2	8	1.86916	3	1.93548	11	1.88679
VWCE	11	2.57009	0	0	11	1.88679
WASHC5	9	2.1028	2	1.29032	11	1.88679
WBP4	10	2.33645	1	0.645161	11	1.88679
WDR45	10	2.33645	1	0.645161	11	1.88679
WDR5	11	2.57009	0	0	11	1.88679
WDR70	8	1.86916	3	1.93548	11	1.88679
WDR75	10	2.33645	1	0.645161	11	1.88679
WEE2	6	1.40187	5	3.22581	11	1.88679
WHAMM	9	2.1028	2	1.29032	11	1.88679
WIPF3	10	2.33645	1	0.645161	11	1.88679
WNT2	4	0.934579	7	4.51613	11	1.88679
WRAP53	10	2.33645	1	0.645161	11	1.88679
XKR7	10	2.33645	1	0.645161	11	1.88679
XPO7	10	2.33645	1	0.645161	11	1.88679
XRCC6	9	2.1028	2	1.29032	11	1.88679
YME1L1	9	2.1028	2	1.29032	11	1.88679
ZBTB49	9	2.1028	2	1.29032	11	1.88679
ZC3H3	11	2.57009	0	0	11	1.88679
ZER1	11	2.57009	0	0	11	1.88679
ZFP3	8	1.86916	3	1.93548	11	1.88679
ZFP30	10	2.33645	1	0.645161	11	1.88679
ZFP42	10	2.33645	1	0.645161	11	1.88679
ZMAT3	7	1.63551	4	2.58065	11	1.88679
ZMIZ1	9	2.1028	2	1.29032	11	1.88679
ZMYND15	9	2.1028	2	1.29032	11	1.88679
ZNF100	7	1.63551	4	2.58065	11	1.88679
ZNF135	11	2.57009	0	0	11	1.88679
ZNF157	6	1.40187	5	3.22581	11	1.88679
ZNF211	10	2.33645	1	0.645161	11	1.88679
ZNF221	10	2.33645	1	0.645161	11	1.88679
ZNF254	7	1.63551	4	2.58065	11	1.88679
ZNF264	9	2.1028	2	1.29032	11	1.88679
ZNF286A	7	1.63551	4	2.58065	11	1.88679
ZNF311	8	1.86916	3	1.93548	11	1.88679
ZNF317	9	2.1028	2	1.29032	11	1.88679
ZNF354B	8	1.86916	3	1.93548	11	1.88679
ZNF384	10	2.33645	1	0.645161	11	1.88679
ZNF415	7	1.63551	4	2.58065	11	1.88679
ZNF417	10	2.33645	1	0.645161	11	1.88679
ZNF430	8	1.86916	3	1.93548	11	1.88679
ZNF439	7	1.63551	4	2.58065	11	1.88679
ZNF510	9	2.1028	2	1.29032	11	1.88679
ZNF562	9	2.1028	2	1.29032	11	1.88679
ZNF570	7	1.63551	4	2.58065	11	1.88679
ZNF577	8	1.86916	3	1.93548	11	1.88679
ZNF605	8	1.86916	3	1.93548	11	1.88679
ZNF606	9	2.1028	2	1.29032	11	1.88679
ZNF618	9	2.1028	2	1.29032	11	1.88679
ZNF625	8	1.86916	3	1.93548	11	1.88679
ZNF628	9	2.1028	2	1.29032	11	1.88679
ZNF652	9	2.1028	2	1.29032	11	1.88679
ZNF660	9	2.1028	2	1.29032	11	1.88679
ZNF680	10	2.33645	1	0.645161	11	1.88679
ZNF689	9	2.1028	2	1.29032	11	1.88679
ZNF701	9	2.1028	2	1.29032	11	1.88679
ZNF704	9	2.1028	2	1.29032	11	1.88679
ZNF773	9	2.1028	2	1.29032	11	1.88679
ZNF775	10	2.33645	1	0.645161	11	1.88679
ZNF780B	9	2.1028	2	1.29032	11	1.88679
ZNF813	9	2.1028	2	1.29032	11	1.88679
ZP2	9	2.1028	2	1.29032	11	1.88679
ZSCAN5B	9	2.1028	2	1.29032	11	1.88679
ZYG11B	11	2.57009	0	0	11	1.88679
AACS	8	1.86916	2	1.29032	10	1.71527
AADAC	8	1.86916	2	1.29032	10	1.71527
AADACL2	8	1.86916	2	1.29032	10	1.71527
AAK1	9	2.1028	1	0.645161	10	1.71527
ABCD4	8	1.86916	2	1.29032	10	1.71527
ABCG1	8	1.86916	2	1.29032	10	1.71527
AC013489.1	9	2.1028	1	0.645161	10	1.71527
ACAD9	7	1.63551	3	1.93548	10	1.71527
ACAP3	9	2.1028	1	0.645161	10	1.71527
ACOX3	7	1.63551	3	1.93548	10	1.71527
ACOXL	6	1.40187	4	2.58065	10	1.71527
ACSF3	8	1.86916	2	1.29032	10	1.71527
ACSM5	7	1.63551	3	1.93548	10	1.71527
ACTB	8	1.86916	2	1.29032	10	1.71527
ACTR1B	10	2.33645	0	0	10	1.71527
ADAM33	9	2.1028	1	0.645161	10	1.71527
ADD1	9	2.1028	1	0.645161	10	1.71527
ADGRA1	10	2.33645	0	0	10	1.71527
ADSL	10	2.33645	0	0	10	1.71527
ADSS1	10	2.33645	0	0	10	1.71527
AGTR2	7	1.63551	3	1.93548	10	1.71527
AHCYL1	6	1.40187	4	2.58065	10	1.71527
AHCYL2	8	1.86916	2	1.29032	10	1.71527
AL645922.1	8	1.86916	2	1.29032	10	1.71527
ALDH18A1	10	2.33645	0	0	10	1.71527
ALDH3A1	10	2.33645	0	0	10	1.71527
ALDH4A1	9	2.1028	1	0.645161	10	1.71527
ALG10B	8	1.86916	2	1.29032	10	1.71527
ALLC	6	1.40187	4	2.58065	10	1.71527
ALOX15B	9	2.1028	1	0.645161	10	1.71527
ALPI	10	2.33645	0	0	10	1.71527
AMHR2	8	1.86916	2	1.29032	10	1.71527
AMIGO2	8	1.86916	2	1.29032	10	1.71527
AMZ1	8	1.86916	2	1.29032	10	1.71527
ANAPC2	10	2.33645	0	0	10	1.71527
ANGEL1	9	2.1028	1	0.645161	10	1.71527
ANKLE2	9	2.1028	1	0.645161	10	1.71527
ANKRD6	10	2.33645	0	0	10	1.71527
ANO1	8	1.86916	2	1.29032	10	1.71527
AP002512.3	7	1.63551	3	1.93548	10	1.71527
AP002748.5	9	2.1028	1	0.645161	10	1.71527
AP1G1	9	2.1028	1	0.645161	10	1.71527
AP1S1	9	2.1028	1	0.645161	10	1.71527
APC2	10	2.33645	0	0	10	1.71527
APLNR	7	1.63551	3	1.93548	10	1.71527
APMAP	10	2.33645	0	0	10	1.71527
ARHGAP19	8	1.86916	2	1.29032	10	1.71527
ARHGEF4	8	1.86916	2	1.29032	10	1.71527
ARID5A	9	2.1028	1	0.645161	10	1.71527
ARSA	8	1.86916	2	1.29032	10	1.71527
ARSL	9	2.1028	1	0.645161	10	1.71527
ART5	10	2.33645	0	0	10	1.71527
ASTE1	6	1.40187	4	2.58065	10	1.71527
ATAT1	8	1.86916	2	1.29032	10	1.71527
ATP13A1	10	2.33645	0	0	10	1.71527
ATPSCKMT	7	1.63551	3	1.93548	10	1.71527
B3GNT2	8	1.86916	2	1.29032	10	1.71527
B4GALT3	7	1.63551	3	1.93548	10	1.71527
BAIAP3	9	2.1028	1	0.645161	10	1.71527
BBS7	8	1.86916	2	1.29032	10	1.71527
BCAT1	7	1.63551	3	1.93548	10	1.71527
BLZF1	7	1.63551	3	1.93548	10	1.71527
BMERB1	8	1.86916	2	1.29032	10	1.71527
BMP2K	8	1.86916	2	1.29032	10	1.71527
BNIP5	9	2.1028	1	0.645161	10	1.71527
BPIFB4	8	1.86916	2	1.29032	10	1.71527
BTBD16	6	1.40187	4	2.58065	10	1.71527
BTK	8	1.86916	2	1.29032	10	1.71527
C4BPA	4	0.934579	6	3.87097	10	1.71527
C5orf34	6	1.40187	4	2.58065	10	1.71527
C9orf131	9	2.1028	1	0.645161	10	1.71527
C9orf43	6	1.40187	4	2.58065	10	1.71527
CABYR	8	1.86916	2	1.29032	10	1.71527
CACNB1	9	2.1028	1	0.645161	10	1.71527
CACNG2	9	2.1028	1	0.645161	10	1.71527
CAPSL	7	1.63551	3	1.93548	10	1.71527
CASP4	8	1.86916	2	1.29032	10	1.71527
CATSPER3	9	2.1028	1	0.645161	10	1.71527
CATSPER4	8	1.86916	2	1.29032	10	1.71527
CAVIN1	9	2.1028	1	0.645161	10	1.71527
CAVIN2	8	1.86916	2	1.29032	10	1.71527
CAVIN4	8	1.86916	2	1.29032	10	1.71527
CBX6	9	2.1028	1	0.645161	10	1.71527
CC2D2B	6	1.40187	4	2.58065	10	1.71527
CCDC105	8	1.86916	2	1.29032	10	1.71527
CCDC112	7	1.63551	3	1.93548	10	1.71527
CCDC120	10	2.33645	0	0	10	1.71527
CCDC125	8	1.86916	2	1.29032	10	1.71527
CCDC157	7	1.63551	3	1.93548	10	1.71527
CCDC8	9	2.1028	1	0.645161	10	1.71527
CCDC96	9	2.1028	1	0.645161	10	1.71527
CCKAR	7	1.63551	3	1.93548	10	1.71527
CCR7	8	1.86916	2	1.29032	10	1.71527
CCT6B	7	1.63551	3	1.93548	10	1.71527
CD2AP	8	1.86916	2	1.29032	10	1.71527
CD2BP2	10	2.33645	0	0	10	1.71527
CD96	10	2.33645	0	0	10	1.71527
CDC16	8	1.86916	2	1.29032	10	1.71527
CDC23	10	2.33645	0	0	10	1.71527
CDC25C	7	1.63551	3	1.93548	10	1.71527
CDH5	8	1.86916	2	1.29032	10	1.71527
CDHR1	9	2.1028	1	0.645161	10	1.71527
CDK16	8	1.86916	2	1.29032	10	1.71527
CDK8	6	1.40187	4	2.58065	10	1.71527
CDKL2	8	1.86916	2	1.29032	10	1.71527
CELF2	10	2.33645	0	0	10	1.71527
CEP57	7	1.63551	3	1.93548	10	1.71527
CEP97	8	1.86916	2	1.29032	10	1.71527
CFAP20DC	9	2.1028	1	0.645161	10	1.71527
CFAP77	9	2.1028	1	0.645161	10	1.71527
CHD1L	8	1.86916	2	1.29032	10	1.71527
CHEK1	8	1.86916	2	1.29032	10	1.71527
CHML	6	1.40187	4	2.58065	10	1.71527
CHPF	8	1.86916	2	1.29032	10	1.71527
CHRDL2	9	2.1028	1	0.645161	10	1.71527
CHRNA3	7	1.63551	3	1.93548	10	1.71527
CHRNB1	9	2.1028	1	0.645161	10	1.71527
CHST6	9	2.1028	1	0.645161	10	1.71527
CLCN7	10	2.33645	0	0	10	1.71527
CLDN18	9	2.1028	1	0.645161	10	1.71527
CLEC4D	8	1.86916	2	1.29032	10	1.71527
CLINT1	7	1.63551	3	1.93548	10	1.71527
CLK1	7	1.63551	3	1.93548	10	1.71527
CLPTM1	9	2.1028	1	0.645161	10	1.71527
CMAS	6	1.40187	4	2.58065	10	1.71527
CNDP2	9	2.1028	1	0.645161	10	1.71527
CNGA4	10	2.33645	0	0	10	1.71527
CNOT3	8	1.86916	2	1.29032	10	1.71527
COL9A3	9	2.1028	1	0.645161	10	1.71527
COLQ	9	2.1028	1	0.645161	10	1.71527
COP1	8	1.86916	2	1.29032	10	1.71527
COPS2	8	1.86916	2	1.29032	10	1.71527
COQ8A	7	1.63551	3	1.93548	10	1.71527
COX10	9	2.1028	1	0.645161	10	1.71527
CPEB3	7	1.63551	3	1.93548	10	1.71527
CPNE2	9	2.1028	1	0.645161	10	1.71527
CREB3	8	1.86916	2	1.29032	10	1.71527
CREB5	8	1.86916	2	1.29032	10	1.71527
CRHR2	7	1.63551	3	1.93548	10	1.71527
CRISP1	7	1.63551	3	1.93548	10	1.71527
CRPPA	7	1.63551	3	1.93548	10	1.71527
CRY1	6	1.40187	4	2.58065	10	1.71527
CRYGA	10	2.33645	0	0	10	1.71527
CSNK1D	9	2.1028	1	0.645161	10	1.71527
CSNK1E	10	2.33645	0	0	10	1.71527
CSRNP1	8	1.86916	2	1.29032	10	1.71527
CX3CR1	9	2.1028	1	0.645161	10	1.71527
CXCR2	8	1.86916	2	1.29032	10	1.71527
CXorf66	9	2.1028	1	0.645161	10	1.71527
CYP1A1	7	1.63551	3	1.93548	10	1.71527
CYP26A1	8	1.86916	2	1.29032	10	1.71527
CYP26B1	8	1.86916	2	1.29032	10	1.71527
CYP2F1	10	2.33645	0	0	10	1.71527
CYP2R1	9	2.1028	1	0.645161	10	1.71527
CYP3A7	9	2.1028	1	0.645161	10	1.71527
CYP4A22	10	2.33645	0	0	10	1.71527
DAPK3	5	1.16822	5	3.22581	10	1.71527
DBF4	9	2.1028	1	0.645161	10	1.71527
DBH	9	2.1028	1	0.645161	10	1.71527
DBT	10	2.33645	0	0	10	1.71527
DCAF11	8	1.86916	2	1.29032	10	1.71527
DCBLD2	8	1.86916	2	1.29032	10	1.71527
DCDC2	7	1.63551	3	1.93548	10	1.71527
DCLRE1A	7	1.63551	3	1.93548	10	1.71527
DDIAS	8	1.86916	2	1.29032	10	1.71527
DDX4	6	1.40187	4	2.58065	10	1.71527
DDX55	8	1.86916	2	1.29032	10	1.71527
DHODH	9	2.1028	1	0.645161	10	1.71527
DHX33	8	1.86916	2	1.29032	10	1.71527
DKK4	7	1.63551	3	1.93548	10	1.71527
DLD	9	2.1028	1	0.645161	10	1.71527
DLG1	10	2.33645	0	0	10	1.71527
DLG4	8	1.86916	2	1.29032	10	1.71527
DMRT3	7	1.63551	3	1.93548	10	1.71527
DNAJC11	8	1.86916	2	1.29032	10	1.71527
DNAJC21	8	1.86916	2	1.29032	10	1.71527
DNAJC3	8	1.86916	2	1.29032	10	1.71527
DNAJC6	7	1.63551	3	1.93548	10	1.71527
DNM1L	9	2.1028	1	0.645161	10	1.71527
DOK7	10	2.33645	0	0	10	1.71527
DPEP2	9	2.1028	1	0.645161	10	1.71527
DSTN	9	2.1028	1	0.645161	10	1.71527
DTL	9	2.1028	1	0.645161	10	1.71527
DYM	10	2.33645	0	0	10	1.71527
EDAR	7	1.63551	3	1.93548	10	1.71527
EFTUD2	8	1.86916	2	1.29032	10	1.71527
EHBP1L1	9	2.1028	1	0.645161	10	1.71527
EHD1	5	1.16822	5	3.22581	10	1.71527
EHD4	10	2.33645	0	0	10	1.71527
EID3	7	1.63551	3	1.93548	10	1.71527
EIF2B5	8	1.86916	2	1.29032	10	1.71527
EIF3J	8	1.86916	2	1.29032	10	1.71527
ELK3	10	2.33645	0	0	10	1.71527
ELL3	8	1.86916	2	1.29032	10	1.71527
ELOA	10	2.33645	0	0	10	1.71527
ELOVL2	10	2.33645	0	0	10	1.71527
ELP2	8	1.86916	2	1.29032	10	1.71527
EMID1	10	2.33645	0	0	10	1.71527
EML3	10	2.33645	0	0	10	1.71527
EPC1	9	2.1028	1	0.645161	10	1.71527
ERAP2	7	1.63551	3	1.93548	10	1.71527
ERRFI1	9	2.1028	1	0.645161	10	1.71527
ESYT1	10	2.33645	0	0	10	1.71527
EVX2	8	1.86916	2	1.29032	10	1.71527
EXOC2	10	2.33645	0	0	10	1.71527
EXOC3	10	2.33645	0	0	10	1.71527
EXOC8	6	1.40187	4	2.58065	10	1.71527
F11	8	1.86916	2	1.29032	10	1.71527
FAAP100	8	1.86916	2	1.29032	10	1.71527
FAF1	10	2.33645	0	0	10	1.71527
FAM111B	8	1.86916	2	1.29032	10	1.71527
FAM124A	8	1.86916	2	1.29032	10	1.71527
FAM160B2	10	2.33645	0	0	10	1.71527
FAM83G	10	2.33645	0	0	10	1.71527
FAM98A	9	2.1028	1	0.645161	10	1.71527
FAR2	8	1.86916	2	1.29032	10	1.71527
FBP2	8	1.86916	2	1.29032	10	1.71527
FBXL5	8	1.86916	2	1.29032	10	1.71527
FBXO41	9	2.1028	1	0.645161	10	1.71527
FBXO42	8	1.86916	2	1.29032	10	1.71527
FBXO47	5	1.16822	5	3.22581	10	1.71527
FCHO1	9	2.1028	1	0.645161	10	1.71527
FCN2	9	2.1028	1	0.645161	10	1.71527
FEZ1	6	1.40187	4	2.58065	10	1.71527
FGD3	10	2.33645	0	0	10	1.71527
FGF12	7	1.63551	3	1.93548	10	1.71527
FGF23	7	1.63551	3	1.93548	10	1.71527
FIP1L1	9	2.1028	1	0.645161	10	1.71527
FKTN	8	1.86916	2	1.29032	10	1.71527
FLI1	7	1.63551	3	1.93548	10	1.71527
FMN1	6	1.40187	4	2.58065	10	1.71527
FMO1	10	2.33645	0	0	10	1.71527
FMO2	8	1.86916	2	1.29032	10	1.71527
FOXP4	7	1.63551	3	1.93548	10	1.71527
FOXRED2	9	2.1028	1	0.645161	10	1.71527
FRRS1L	7	1.63551	3	1.93548	10	1.71527
FRS3	9	2.1028	1	0.645161	10	1.71527
FSD1	7	1.63551	3	1.93548	10	1.71527
FTMT	9	2.1028	1	0.645161	10	1.71527
FUT8	7	1.63551	3	1.93548	10	1.71527
FZD9	7	1.63551	3	1.93548	10	1.71527
G6PD	9	2.1028	1	0.645161	10	1.71527
GAB1	9	2.1028	1	0.645161	10	1.71527
GALNT11	9	2.1028	1	0.645161	10	1.71527
GALR1	8	1.86916	2	1.29032	10	1.71527
GARRE1	9	2.1028	1	0.645161	10	1.71527
GAS2L2	7	1.63551	3	1.93548	10	1.71527
GAS2L3	7	1.63551	3	1.93548	10	1.71527
GATA1	9	2.1028	1	0.645161	10	1.71527
GBP3	7	1.63551	3	1.93548	10	1.71527
GCK	8	1.86916	2	1.29032	10	1.71527
GCNT1	8	1.86916	2	1.29032	10	1.71527
GDAP2	9	2.1028	1	0.645161	10	1.71527
GDPD2	9	2.1028	1	0.645161	10	1.71527
GEMIN4	10	2.33645	0	0	10	1.71527
GFPT1	7	1.63551	3	1.93548	10	1.71527
GFRA2	9	2.1028	1	0.645161	10	1.71527
GJB3	10	2.33645	0	0	10	1.71527
GLB1	8	1.86916	2	1.29032	10	1.71527
GLIPR1	7	1.63551	3	1.93548	10	1.71527
GLRX3	9	2.1028	1	0.645161	10	1.71527
GMIP	8	1.86916	2	1.29032	10	1.71527
GML	9	2.1028	1	0.645161	10	1.71527
GMPPA	8	1.86916	2	1.29032	10	1.71527
GNA14	9	2.1028	1	0.645161	10	1.71527
GNAO1	10	2.33645	0	0	10	1.71527
GNAQ	9	2.1028	1	0.645161	10	1.71527
GNAZ	8	1.86916	2	1.29032	10	1.71527
GNRHR	8	1.86916	2	1.29032	10	1.71527
GORASP1	8	1.86916	2	1.29032	10	1.71527
GPBP1	10	2.33645	0	0	10	1.71527
GPC4	9	2.1028	1	0.645161	10	1.71527
GPM6A	7	1.63551	3	1.93548	10	1.71527
GPR155	8	1.86916	2	1.29032	10	1.71527
GPR171	8	1.86916	2	1.29032	10	1.71527
GPR6	6	1.40187	4	2.58065	10	1.71527
GRAMD1A	7	1.63551	3	1.93548	10	1.71527
GREM2	9	2.1028	1	0.645161	10	1.71527
GRIN2D	10	2.33645	0	0	10	1.71527
GRK5	9	2.1028	1	0.645161	10	1.71527
GRK6	9	2.1028	1	0.645161	10	1.71527
GRN	10	2.33645	0	0	10	1.71527
GRXCR1	7	1.63551	3	1.93548	10	1.71527
GSDMC	7	1.63551	3	1.93548	10	1.71527
GSPT2	9	2.1028	1	0.645161	10	1.71527
GTF2F1	7	1.63551	3	1.93548	10	1.71527
H1-2	9	2.1028	1	0.645161	10	1.71527
HADHA	8	1.86916	2	1.29032	10	1.71527
HASPIN	10	2.33645	0	0	10	1.71527
HAVCR2	7	1.63551	3	1.93548	10	1.71527
HDGF	10	2.33645	0	0	10	1.71527
HEATR9	7	1.63551	3	1.93548	10	1.71527
HECTD3	9	2.1028	1	0.645161	10	1.71527
HIPK3	8	1.86916	2	1.29032	10	1.71527
HJV	8	1.86916	2	1.29032	10	1.71527
HLA-C	10	2.33645	0	0	10	1.71527
HLF	7	1.63551	3	1.93548	10	1.71527
HMGCR	7	1.63551	3	1.93548	10	1.71527
HMX2	9	2.1028	1	0.645161	10	1.71527
HNF1B	8	1.86916	2	1.29032	10	1.71527
HNF4A	6	1.40187	4	2.58065	10	1.71527
HNRNPAB	6	1.40187	4	2.58065	10	1.71527
HOOK2	10	2.33645	0	0	10	1.71527
HOXB3	8	1.86916	2	1.29032	10	1.71527
HPS1	10	2.33645	0	0	10	1.71527
HS3ST2	7	1.63551	3	1.93548	10	1.71527
HS6ST2	10	2.33645	0	0	10	1.71527
HSD17B2	7	1.63551	3	1.93548	10	1.71527
HSD3B1	8	1.86916	2	1.29032	10	1.71527
HTR2A	6	1.40187	4	2.58065	10	1.71527
HTR3B	9	2.1028	1	0.645161	10	1.71527
HTRA1	9	2.1028	1	0.645161	10	1.71527
HYAL4	5	1.16822	5	3.22581	10	1.71527
IFIT1	7	1.63551	3	1.93548	10	1.71527
IGF2	9	2.1028	1	0.645161	10	1.71527
IGHE	10	2.33645	0	0	10	1.71527
IHH	9	2.1028	1	0.645161	10	1.71527
IHO1	7	1.63551	3	1.93548	10	1.71527
IL17RA	10	2.33645	0	0	10	1.71527
IL20RA	7	1.63551	3	1.93548	10	1.71527
IL5RA	7	1.63551	3	1.93548	10	1.71527
IMPDH2	7	1.63551	3	1.93548	10	1.71527
INCENP	9	2.1028	1	0.645161	10	1.71527
INO80E	10	2.33645	0	0	10	1.71527
INSL6	9	2.1028	1	0.645161	10	1.71527
INSYN2A	8	1.86916	2	1.29032	10	1.71527
IP6K3	6	1.40187	4	2.58065	10	1.71527
IQCB1	6	1.40187	4	2.58065	10	1.71527
IRX3	7	1.63551	3	1.93548	10	1.71527
IRX5	10	2.33645	0	0	10	1.71527
ISG20L2	9	2.1028	1	0.645161	10	1.71527
ISLR	8	1.86916	2	1.29032	10	1.71527
ITCH	9	2.1028	1	0.645161	10	1.71527
ITGA2	8	1.86916	2	1.29032	10	1.71527
ITGBL1	5	1.16822	5	3.22581	10	1.71527
JAML	7	1.63551	3	1.93548	10	1.71527
JMY	8	1.86916	2	1.29032	10	1.71527
JPH2	8	1.86916	2	1.29032	10	1.71527
KATNAL1	7	1.63551	3	1.93548	10	1.71527
KBTBD12	8	1.86916	2	1.29032	10	1.71527
KBTBD8	6	1.40187	4	2.58065	10	1.71527
KCNAB3	8	1.86916	2	1.29032	10	1.71527
KCNJ1	7	1.63551	3	1.93548	10	1.71527
KCNJ2	8	1.86916	2	1.29032	10	1.71527
KCNK9	9	2.1028	1	0.645161	10	1.71527
KCNN2	10	2.33645	0	0	10	1.71527
KCNS1	8	1.86916	2	1.29032	10	1.71527
KCTD16	7	1.63551	3	1.93548	10	1.71527
KDM1B	8	1.86916	2	1.29032	10	1.71527
KDM3A	7	1.63551	3	1.93548	10	1.71527
KDM4C	8	1.86916	2	1.29032	10	1.71527
KERA	9	2.1028	1	0.645161	10	1.71527
KIAA1841	6	1.40187	4	2.58065	10	1.71527
KIAA1958	9	2.1028	1	0.645161	10	1.71527
KIF23	9	2.1028	1	0.645161	10	1.71527
KIFC1	9	2.1028	1	0.645161	10	1.71527
KIR2DL1	7	1.63551	3	1.93548	10	1.71527
KIR3DL2	6	1.40187	4	2.58065	10	1.71527
KIR3DL3	9	2.1028	1	0.645161	10	1.71527
KLF8	9	2.1028	1	0.645161	10	1.71527
KLHL3	8	1.86916	2	1.29032	10	1.71527
KLHL31	7	1.63551	3	1.93548	10	1.71527
KLHL7	7	1.63551	3	1.93548	10	1.71527
KPNA4	8	1.86916	2	1.29032	10	1.71527
KRI1	9	2.1028	1	0.645161	10	1.71527
KRR1	7	1.63551	3	1.93548	10	1.71527
KRT10	9	2.1028	1	0.645161	10	1.71527
KRT33B	8	1.86916	2	1.29032	10	1.71527
KRTAP24-1	5	1.16822	5	3.22581	10	1.71527
KYAT3	7	1.63551	3	1.93548	10	1.71527
LACTB	5	1.16822	5	3.22581	10	1.71527
LCMT2	9	2.1028	1	0.645161	10	1.71527
LDHAL6B	8	1.86916	2	1.29032	10	1.71527
LDLRAD3	9	2.1028	1	0.645161	10	1.71527
LDOC1	9	2.1028	1	0.645161	10	1.71527
LEF1	10	2.33645	0	0	10	1.71527
LGALS4	9	2.1028	1	0.645161	10	1.71527
LGI1	8	1.86916	2	1.29032	10	1.71527
LGSN	9	2.1028	1	0.645161	10	1.71527
LHX9	8	1.86916	2	1.29032	10	1.71527
LILRA4	8	1.86916	2	1.29032	10	1.71527
LIX1	6	1.40187	4	2.58065	10	1.71527
LMAN1	7	1.63551	3	1.93548	10	1.71527
LMNTD1	7	1.63551	3	1.93548	10	1.71527
LMOD2	7	1.63551	3	1.93548	10	1.71527
LONP1	8	1.86916	2	1.29032	10	1.71527
LONP2	7	1.63551	3	1.93548	10	1.71527
LONRF3	8	1.86916	2	1.29032	10	1.71527
LPCAT1	10	2.33645	0	0	10	1.71527
LPCAT4	9	2.1028	1	0.645161	10	1.71527
LPIN2	7	1.63551	3	1.93548	10	1.71527
LRIF1	7	1.63551	3	1.93548	10	1.71527
LRRC18	8	1.86916	2	1.29032	10	1.71527
LRRC30	6	1.40187	4	2.58065	10	1.71527
LRRC37B	5	1.16822	5	3.22581	10	1.71527
LRRC40	7	1.63551	3	1.93548	10	1.71527
LRRC4B	10	2.33645	0	0	10	1.71527
LRRC8A	7	1.63551	3	1.93548	10	1.71527
LRRC8C	7	1.63551	3	1.93548	10	1.71527
LRRC8E	8	1.86916	2	1.29032	10	1.71527
LSP1	9	2.1028	1	0.645161	10	1.71527
LSS	9	2.1028	1	0.645161	10	1.71527
MACROD2	9	2.1028	1	0.645161	10	1.71527
MAGEB4	9	2.1028	1	0.645161	10	1.71527
MAN1A2	8	1.86916	2	1.29032	10	1.71527
MAN2B2	8	1.86916	2	1.29032	10	1.71527
MAP4K5	9	2.1028	1	0.645161	10	1.71527
MAP6	8	1.86916	2	1.29032	10	1.71527
MARCHF6	7	1.63551	3	1.93548	10	1.71527
MARCHF7	8	1.86916	2	1.29032	10	1.71527
MAU2	9	2.1028	1	0.645161	10	1.71527
MBOAT1	8	1.86916	2	1.29032	10	1.71527
MCMDC2	7	1.63551	3	1.93548	10	1.71527
ME2	10	2.33645	0	0	10	1.71527
MEAK7	8	1.86916	2	1.29032	10	1.71527
MED16	10	2.33645	0	0	10	1.71527
MEP1A	9	2.1028	1	0.645161	10	1.71527
METTL6	8	1.86916	2	1.29032	10	1.71527
MFAP3L	8	1.86916	2	1.29032	10	1.71527
MFSD2A	9	2.1028	1	0.645161	10	1.71527
MIB2	10	2.33645	0	0	10	1.71527
MMD2	9	2.1028	1	0.645161	10	1.71527
MMEL1	9	2.1028	1	0.645161	10	1.71527
MMP10	8	1.86916	2	1.29032	10	1.71527
MOG	8	1.86916	2	1.29032	10	1.71527
MPHOSPH10	10	2.33645	0	0	10	1.71527
MPP3	8	1.86916	2	1.29032	10	1.71527
MRAP2	8	1.86916	2	1.29032	10	1.71527
MRGPRX2	8	1.86916	2	1.29032	10	1.71527
MRPL39	8	1.86916	2	1.29032	10	1.71527
MSC	8	1.86916	2	1.29032	10	1.71527
MSL2	8	1.86916	2	1.29032	10	1.71527
MTMR11	9	2.1028	1	0.645161	10	1.71527
MTMR7	8	1.86916	2	1.29032	10	1.71527
MTPAP	8	1.86916	2	1.29032	10	1.71527
MTRR	9	2.1028	1	0.645161	10	1.71527
MX2	8	1.86916	2	1.29032	10	1.71527
MYBL2	9	2.1028	1	0.645161	10	1.71527
MYO1C	10	2.33645	0	0	10	1.71527
MYPOP	10	2.33645	0	0	10	1.71527
MYRF	8	1.86916	2	1.29032	10	1.71527
MZF1	9	2.1028	1	0.645161	10	1.71527
NADSYN1	10	2.33645	0	0	10	1.71527
NAF1	5	1.16822	5	3.22581	10	1.71527
NASP	9	2.1028	1	0.645161	10	1.71527
NCOA4	9	2.1028	1	0.645161	10	1.71527
NCSTN	10	2.33645	0	0	10	1.71527
NEIL1	10	2.33645	0	0	10	1.71527
NEK3	8	1.86916	2	1.29032	10	1.71527
NET1	7	1.63551	3	1.93548	10	1.71527
NMT1	8	1.86916	2	1.29032	10	1.71527
NOC3L	8	1.86916	2	1.29032	10	1.71527
NOD1	8	1.86916	2	1.29032	10	1.71527
NOP56	6	1.40187	4	2.58065	10	1.71527
NOX5	9	2.1028	1	0.645161	10	1.71527
NPSR1	8	1.86916	2	1.29032	10	1.71527
NR1D1	9	2.1028	1	0.645161	10	1.71527
NR1H3	10	2.33645	0	0	10	1.71527
NR1H4	8	1.86916	2	1.29032	10	1.71527
NSFL1C	8	1.86916	2	1.29032	10	1.71527
NT5DC3	8	1.86916	2	1.29032	10	1.71527
NTN1	8	1.86916	2	1.29032	10	1.71527
NTRK1	10	2.33645	0	0	10	1.71527
NUMB	10	2.33645	0	0	10	1.71527
NUP88	6	1.40187	4	2.58065	10	1.71527
NYX	8	1.86916	2	1.29032	10	1.71527
OBI1	8	1.86916	2	1.29032	10	1.71527
ODF3L2	7	1.63551	3	1.93548	10	1.71527
OGFRL1	8	1.86916	2	1.29032	10	1.71527
OOEP	9	2.1028	1	0.645161	10	1.71527
OR10T2	5	1.16822	5	3.22581	10	1.71527
OR12D2	8	1.86916	2	1.29032	10	1.71527
OR13C4	8	1.86916	2	1.29032	10	1.71527
OR13D1	8	1.86916	2	1.29032	10	1.71527
OR13F1	7	1.63551	3	1.93548	10	1.71527
OR14K1	8	1.86916	2	1.29032	10	1.71527
OR1A2	9	2.1028	1	0.645161	10	1.71527
OR1G1	5	1.16822	5	3.22581	10	1.71527
OR1L1	8	1.86916	2	1.29032	10	1.71527
OR2G6	8	1.86916	2	1.29032	10	1.71527
OR2L2	8	1.86916	2	1.29032	10	1.71527
OR2W3	10	2.33645	0	0	10	1.71527
OR4C46	9	2.1028	1	0.645161	10	1.71527
OR4D5	8	1.86916	2	1.29032	10	1.71527
OR4S1	7	1.63551	3	1.93548	10	1.71527
OR4X1	9	2.1028	1	0.645161	10	1.71527
OR51B2	5	1.16822	5	3.22581	10	1.71527
OR51V1	9	2.1028	1	0.645161	10	1.71527
OR5L2	9	2.1028	1	0.645161	10	1.71527
OR5M3	8	1.86916	2	1.29032	10	1.71527
OR5M8	7	1.63551	3	1.93548	10	1.71527
OR6C68	8	1.86916	2	1.29032	10	1.71527
OR6M1	5	1.16822	5	3.22581	10	1.71527
OR6T1	10	2.33645	0	0	10	1.71527
OR8H3	6	1.40187	4	2.58065	10	1.71527
OVGP1	8	1.86916	2	1.29032	10	1.71527
OXA1L	7	1.63551	3	1.93548	10	1.71527
OXSM	6	1.40187	4	2.58065	10	1.71527
P2RY13	9	2.1028	1	0.645161	10	1.71527
P2RY4	10	2.33645	0	0	10	1.71527
P3H2	8	1.86916	2	1.29032	10	1.71527
P4HB	10	2.33645	0	0	10	1.71527
PACRG	8	1.86916	2	1.29032	10	1.71527
PACS1	6	1.40187	4	2.58065	10	1.71527
PADI3	9	2.1028	1	0.645161	10	1.71527
PAF1	9	2.1028	1	0.645161	10	1.71527
PAK1	9	2.1028	1	0.645161	10	1.71527
PANK1	10	2.33645	0	0	10	1.71527
PARP10	10	2.33645	0	0	10	1.71527
PARPBP	9	2.1028	1	0.645161	10	1.71527
PBXIP1	10	2.33645	0	0	10	1.71527
PCED1B	6	1.40187	4	2.58065	10	1.71527
PCGF2	9	2.1028	1	0.645161	10	1.71527
PCMTD1	8	1.86916	2	1.29032	10	1.71527
PCSK6	7	1.63551	3	1.93548	10	1.71527
PCYT1B	7	1.63551	3	1.93548	10	1.71527
PDE6B	8	1.86916	2	1.29032	10	1.71527
PDE7A	8	1.86916	2	1.29032	10	1.71527
PDIA5	10	2.33645	0	0	10	1.71527
PELI3	9	2.1028	1	0.645161	10	1.71527
PER2	8	1.86916	2	1.29032	10	1.71527
PEX6	10	2.33645	0	0	10	1.71527
PGAP1	8	1.86916	2	1.29032	10	1.71527
PGAP4	10	2.33645	0	0	10	1.71527
PGAP6	8	1.86916	2	1.29032	10	1.71527
PGBD1	7	1.63551	3	1.93548	10	1.71527
PHF1	9	2.1028	1	0.645161	10	1.71527
PHOX2B	8	1.86916	2	1.29032	10	1.71527
PHTF2	7	1.63551	3	1.93548	10	1.71527
PIGB	8	1.86916	2	1.29032	10	1.71527
PINK1	10	2.33645	0	0	10	1.71527
PIPOX	9	2.1028	1	0.645161	10	1.71527
PKD1L2	7	1.63551	3	1.93548	10	1.71527
PKNOX2	6	1.40187	4	2.58065	10	1.71527
PLA2G4D	8	1.86916	2	1.29032	10	1.71527
PLA2G4F	8	1.86916	2	1.29032	10	1.71527
PLA2G7	8	1.86916	2	1.29032	10	1.71527
PLEKHA2	9	2.1028	1	0.645161	10	1.71527
PLEKHG3	9	2.1028	1	0.645161	10	1.71527
PLEKHH3	9	2.1028	1	0.645161	10	1.71527
PMFBP1	6	1.40187	4	2.58065	10	1.71527
POF1B	9	2.1028	1	0.645161	10	1.71527
POMGNT1	10	2.33645	0	0	10	1.71527
PON3	9	2.1028	1	0.645161	10	1.71527
PPARA	8	1.86916	2	1.29032	10	1.71527
PPIL4	10	2.33645	0	0	10	1.71527
PPM1A	7	1.63551	3	1.93548	10	1.71527
PPM1D	8	1.86916	2	1.29032	10	1.71527
PPP2R2A	8	1.86916	2	1.29032	10	1.71527
PPP2R3B	10	2.33645	0	0	10	1.71527
PPP3CA	9	2.1028	1	0.645161	10	1.71527
PRAMEF12	7	1.63551	3	1.93548	10	1.71527
PRAMEF18	10	2.33645	0	0	10	1.71527
PRDM14	9	2.1028	1	0.645161	10	1.71527
PRKACG	8	1.86916	2	1.29032	10	1.71527
PRLR	8	1.86916	2	1.29032	10	1.71527
PRMT7	9	2.1028	1	0.645161	10	1.71527
PRR23B	10	2.33645	0	0	10	1.71527
PSG7	9	2.1028	1	0.645161	10	1.71527
PTER	9	2.1028	1	0.645161	10	1.71527
PTGS1	8	1.86916	2	1.29032	10	1.71527
PTPRE	9	2.1028	1	0.645161	10	1.71527
PWWP3A	10	2.33645	0	0	10	1.71527
QRSL1	8	1.86916	2	1.29032	10	1.71527
RABGEF1	9	2.1028	1	0.645161	10	1.71527
RABGGTB	7	1.63551	3	1.93548	10	1.71527
RAD18	8	1.86916	2	1.29032	10	1.71527
RALBP1	7	1.63551	3	1.93548	10	1.71527
RANBP3	9	2.1028	1	0.645161	10	1.71527
RASGEF1B	7	1.63551	3	1.93548	10	1.71527
RASGRP1	6	1.40187	4	2.58065	10	1.71527
RBMS3	9	2.1028	1	0.645161	10	1.71527
RBSN	6	1.40187	4	2.58065	10	1.71527
RCOR3	10	2.33645	0	0	10	1.71527
RELA	9	2.1028	1	0.645161	10	1.71527
REM1	8	1.86916	2	1.29032	10	1.71527
RGL1	5	1.16822	5	3.22581	10	1.71527
RGS14	10	2.33645	0	0	10	1.71527
RIPOR2	7	1.63551	3	1.93548	10	1.71527
RIT2	9	2.1028	1	0.645161	10	1.71527
RNF168	8	1.86916	2	1.29032	10	1.71527
RNF19A	8	1.86916	2	1.29032	10	1.71527
RNF8	10	2.33645	0	0	10	1.71527
RPA1	10	2.33645	0	0	10	1.71527
RPS6KA3	6	1.40187	4	2.58065	10	1.71527
RPS6KA5	7	1.63551	3	1.93548	10	1.71527
RSBN1	8	1.86916	2	1.29032	10	1.71527
RSBN1L	6	1.40187	4	2.58065	10	1.71527
RTF1	7	1.63551	3	1.93548	10	1.71527
RTL1	8	1.86916	2	1.29032	10	1.71527
RTP5	9	2.1028	1	0.645161	10	1.71527
RUVBL1	8	1.86916	2	1.29032	10	1.71527
RWDD2B	7	1.63551	3	1.93548	10	1.71527
S1PR5	9	2.1028	1	0.645161	10	1.71527
SAXO2	8	1.86916	2	1.29032	10	1.71527
SC5D	7	1.63551	3	1.93548	10	1.71527
SCARB2	9	2.1028	1	0.645161	10	1.71527
SCG3	9	2.1028	1	0.645161	10	1.71527
SCML4	6	1.40187	4	2.58065	10	1.71527
SCNN1B	9	2.1028	1	0.645161	10	1.71527
SCUBE1	9	2.1028	1	0.645161	10	1.71527
SEC16B	9	2.1028	1	0.645161	10	1.71527
SELL	7	1.63551	3	1.93548	10	1.71527
SEMA4B	7	1.63551	3	1.93548	10	1.71527
SEPTIN4	5	1.16822	5	3.22581	10	1.71527
SERPINB10	8	1.86916	2	1.29032	10	1.71527
SERPINB13	6	1.40187	4	2.58065	10	1.71527
SERPINB7	8	1.86916	2	1.29032	10	1.71527
SERPINE1	8	1.86916	2	1.29032	10	1.71527
SF3B4	10	2.33645	0	0	10	1.71527
SGCD	10	2.33645	0	0	10	1.71527
SGCE	8	1.86916	2	1.29032	10	1.71527
SH3BP2	10	2.33645	0	0	10	1.71527
SH3KBP1	8	1.86916	2	1.29032	10	1.71527
SHE	7	1.63551	3	1.93548	10	1.71527
SHKBP1	10	2.33645	0	0	10	1.71527
SHTN1	8	1.86916	2	1.29032	10	1.71527
SIGLEC7	6	1.40187	4	2.58065	10	1.71527
SIRPA	9	2.1028	1	0.645161	10	1.71527
SKA3	8	1.86916	2	1.29032	10	1.71527
SLC11A2	9	2.1028	1	0.645161	10	1.71527
SLC14A1	6	1.40187	4	2.58065	10	1.71527
SLC16A12	7	1.63551	3	1.93548	10	1.71527
SLC17A1	9	2.1028	1	0.645161	10	1.71527
SLC17A8	8	1.86916	2	1.29032	10	1.71527
SLC18A1	9	2.1028	1	0.645161	10	1.71527
SLC22A13	8	1.86916	2	1.29032	10	1.71527
SLC22A2	8	1.86916	2	1.29032	10	1.71527
SLC22A3	8	1.86916	2	1.29032	10	1.71527
SLC24A4	9	2.1028	1	0.645161	10	1.71527
SLC27A2	9	2.1028	1	0.645161	10	1.71527
SLC28A1	8	1.86916	2	1.29032	10	1.71527
SLC2A10	8	1.86916	2	1.29032	10	1.71527
SLC2A2	9	2.1028	1	0.645161	10	1.71527
SLC2A4	9	2.1028	1	0.645161	10	1.71527
SLC37A2	6	1.40187	4	2.58065	10	1.71527
SLC38A6	8	1.86916	2	1.29032	10	1.71527
SLC39A7	8	1.86916	2	1.29032	10	1.71527
SLC44A2	9	2.1028	1	0.645161	10	1.71527
SLC45A2	8	1.86916	2	1.29032	10	1.71527
SLC6A17	8	1.86916	2	1.29032	10	1.71527
SLC9A8	8	1.86916	2	1.29032	10	1.71527
SLMAP	9	2.1028	1	0.645161	10	1.71527
SMARCD1	6	1.40187	4	2.58065	10	1.71527
SMOC1	8	1.86916	2	1.29032	10	1.71527
SNAP47	8	1.86916	2	1.29032	10	1.71527
SNAPC1	10	2.33645	0	0	10	1.71527
SNX15	9	2.1028	1	0.645161	10	1.71527
SOX13	10	2.33645	0	0	10	1.71527
SPANXN2	8	1.86916	2	1.29032	10	1.71527
SPARC	8	1.86916	2	1.29032	10	1.71527
SPEM2	8	1.86916	2	1.29032	10	1.71527
SPOCD1	8	1.86916	2	1.29032	10	1.71527
SPTLC1	9	2.1028	1	0.645161	10	1.71527
SRBD1	8	1.86916	2	1.29032	10	1.71527
SRPK3	8	1.86916	2	1.29032	10	1.71527
SSRP1	9	2.1028	1	0.645161	10	1.71527
STK39	9	2.1028	1	0.645161	10	1.71527
STK4	10	2.33645	0	0	10	1.71527
STRA8	8	1.86916	2	1.29032	10	1.71527
STRBP	7	1.63551	3	1.93548	10	1.71527
STRN	8	1.86916	2	1.29032	10	1.71527
STX11	9	2.1028	1	0.645161	10	1.71527
STXBP3	10	2.33645	0	0	10	1.71527
SULT6B1	9	2.1028	1	0.645161	10	1.71527
SUN1	9	2.1028	1	0.645161	10	1.71527
SUN3	6	1.40187	4	2.58065	10	1.71527
SUPT20HL1	6	1.40187	4	2.58065	10	1.71527
SUPT20HL2	8	1.86916	2	1.29032	10	1.71527
SYBU	7	1.63551	3	1.93548	10	1.71527
SYK	6	1.40187	4	2.58065	10	1.71527
SYN1	6	1.40187	4	2.58065	10	1.71527
SYT12	9	2.1028	1	0.645161	10	1.71527
SYT14	8	1.86916	2	1.29032	10	1.71527
TAAR6	7	1.63551	3	1.93548	10	1.71527
TACC1	8	1.86916	2	1.29032	10	1.71527
TAF6L	9	2.1028	1	0.645161	10	1.71527
TAP1	8	1.86916	2	1.29032	10	1.71527
TARBP1	6	1.40187	4	2.58065	10	1.71527
TARS1	7	1.63551	3	1.93548	10	1.71527
TAS2R1	8	1.86916	2	1.29032	10	1.71527
TBC1D12	8	1.86916	2	1.29032	10	1.71527
TBC1D15	8	1.86916	2	1.29032	10	1.71527
TBC1D2	8	1.86916	2	1.29032	10	1.71527
TBCCD1	6	1.40187	4	2.58065	10	1.71527
TBRG4	8	1.86916	2	1.29032	10	1.71527
TBX22	9	2.1028	1	0.645161	10	1.71527
TCHHL1	7	1.63551	3	1.93548	10	1.71527
TCP11	9	2.1028	1	0.645161	10	1.71527
TDRKH	8	1.86916	2	1.29032	10	1.71527
TDRP	7	1.63551	3	1.93548	10	1.71527
TELO2	9	2.1028	1	0.645161	10	1.71527
TFDP1	9	2.1028	1	0.645161	10	1.71527
TFE3	10	2.33645	0	0	10	1.71527
TFRC	8	1.86916	2	1.29032	10	1.71527
TGM1	10	2.33645	0	0	10	1.71527
THNSL1	8	1.86916	2	1.29032	10	1.71527
THYN1	9	2.1028	1	0.645161	10	1.71527
TIGD2	9	2.1028	1	0.645161	10	1.71527
TIGD7	8	1.86916	2	1.29032	10	1.71527
TINAG	9	2.1028	1	0.645161	10	1.71527
TLCD3B	9	2.1028	1	0.645161	10	1.71527
TLK1	9	2.1028	1	0.645161	10	1.71527
TLK2	9	2.1028	1	0.645161	10	1.71527
TMCC1	9	2.1028	1	0.645161	10	1.71527
TMCC2	10	2.33645	0	0	10	1.71527
TMEFF2	7	1.63551	3	1.93548	10	1.71527
TMEM117	7	1.63551	3	1.93548	10	1.71527
TMEM175	8	1.86916	2	1.29032	10	1.71527
TMEM26	10	2.33645	0	0	10	1.71527
TMEM39A	10	2.33645	0	0	10	1.71527
TMPRSS11B	7	1.63551	3	1.93548	10	1.71527
TMPRSS7	7	1.63551	3	1.93548	10	1.71527
TMTC4	9	2.1028	1	0.645161	10	1.71527
TMX3	7	1.63551	3	1.93548	10	1.71527
TNFRSF10A	10	2.33645	0	0	10	1.71527
TNFRSF11B	8	1.86916	2	1.29032	10	1.71527
TNK1	9	2.1028	1	0.645161	10	1.71527
TOP3B	9	2.1028	1	0.645161	10	1.71527
TRABD	8	1.86916	2	1.29032	10	1.71527
TRAF2	10	2.33645	0	0	10	1.71527
TRAF3IP2	5	1.16822	5	3.22581	10	1.71527
TRAM1	8	1.86916	2	1.29032	10	1.71527
TRIB2	7	1.63551	3	1.93548	10	1.71527
TRIM23	8	1.86916	2	1.29032	10	1.71527
TRIM4	9	2.1028	1	0.645161	10	1.71527
TRIM49	8	1.86916	2	1.29032	10	1.71527
TRIM50	8	1.86916	2	1.29032	10	1.71527
TRIM54	9	2.1028	1	0.645161	10	1.71527
TRMT12	9	2.1028	1	0.645161	10	1.71527
TSBP1	8	1.86916	2	1.29032	10	1.71527
TSKS	8	1.86916	2	1.29032	10	1.71527
TSNAXIP1	6	1.40187	4	2.58065	10	1.71527
TSPYL4	8	1.86916	2	1.29032	10	1.71527
TTC23L	10	2.33645	0	0	10	1.71527
TTC27	7	1.63551	3	1.93548	10	1.71527
TTC39A	10	2.33645	0	0	10	1.71527
TTC7B	8	1.86916	2	1.29032	10	1.71527
TTLL9	9	2.1028	1	0.645161	10	1.71527
TUBB2A	8	1.86916	2	1.29032	10	1.71527
TULP1	9	2.1028	1	0.645161	10	1.71527
TUT1	9	2.1028	1	0.645161	10	1.71527
TWNK	9	2.1028	1	0.645161	10	1.71527
TYRO3	7	1.63551	3	1.93548	10	1.71527
UBA7	8	1.86916	2	1.29032	10	1.71527
UBAP2	7	1.63551	3	1.93548	10	1.71527
UBQLN1	8	1.86916	2	1.29032	10	1.71527
UBXN7	8	1.86916	2	1.29032	10	1.71527
UHRF1	8	1.86916	2	1.29032	10	1.71527
UNC13D	9	2.1028	1	0.645161	10	1.71527
UNKL	8	1.86916	2	1.29032	10	1.71527
USP4	10	2.33645	0	0	10	1.71527
USPL1	8	1.86916	2	1.29032	10	1.71527
UTP14C	7	1.63551	3	1.93548	10	1.71527
VAV2	8	1.86916	2	1.29032	10	1.71527
VCP	10	2.33645	0	0	10	1.71527
VGLL3	7	1.63551	3	1.93548	10	1.71527
VIL1	8	1.86916	2	1.29032	10	1.71527
VIPR2	9	2.1028	1	0.645161	10	1.71527
VN1R5	7	1.63551	3	1.93548	10	1.71527
VPS18	10	2.33645	0	0	10	1.71527
VPS33B	9	2.1028	1	0.645161	10	1.71527
VPS35L	8	1.86916	2	1.29032	10	1.71527
WDR1	9	2.1028	1	0.645161	10	1.71527
WDR91	9	2.1028	1	0.645161	10	1.71527
WFIKKN2	7	1.63551	3	1.93548	10	1.71527
WT1	7	1.63551	3	1.93548	10	1.71527
XIAP	9	2.1028	1	0.645161	10	1.71527
XK	10	2.33645	0	0	10	1.71527
XPOT	9	2.1028	1	0.645161	10	1.71527
XRCC4	9	2.1028	1	0.645161	10	1.71527
ZBTB18	7	1.63551	3	1.93548	10	1.71527
ZBTB7B	10	2.33645	0	0	10	1.71527
ZDHHC14	10	2.33645	0	0	10	1.71527
ZFP36L1	10	2.33645	0	0	10	1.71527
ZFX	8	1.86916	2	1.29032	10	1.71527
ZNF10	9	2.1028	1	0.645161	10	1.71527
ZNF133	10	2.33645	0	0	10	1.71527
ZNF134	10	2.33645	0	0	10	1.71527
ZNF136	7	1.63551	3	1.93548	10	1.71527
ZNF141	9	2.1028	1	0.645161	10	1.71527
ZNF160	6	1.40187	4	2.58065	10	1.71527
ZNF189	8	1.86916	2	1.29032	10	1.71527
ZNF224	8	1.86916	2	1.29032	10	1.71527
ZNF235	8	1.86916	2	1.29032	10	1.71527
ZNF24	7	1.63551	3	1.93548	10	1.71527
ZNF280A	8	1.86916	2	1.29032	10	1.71527
ZNF280C	5	1.16822	5	3.22581	10	1.71527
ZNF281	7	1.63551	3	1.93548	10	1.71527
ZNF285	6	1.40187	4	2.58065	10	1.71527
ZNF287	8	1.86916	2	1.29032	10	1.71527
ZNF30	9	2.1028	1	0.645161	10	1.71527
ZNF300	8	1.86916	2	1.29032	10	1.71527
ZNF330	8	1.86916	2	1.29032	10	1.71527
ZNF333	7	1.63551	3	1.93548	10	1.71527
ZNF391	7	1.63551	3	1.93548	10	1.71527
ZNF480	9	2.1028	1	0.645161	10	1.71527
ZNF496	8	1.86916	2	1.29032	10	1.71527
ZNF513	10	2.33645	0	0	10	1.71527
ZNF514	8	1.86916	2	1.29032	10	1.71527
ZNF526	9	2.1028	1	0.645161	10	1.71527
ZNF534	7	1.63551	3	1.93548	10	1.71527
ZNF548	8	1.86916	2	1.29032	10	1.71527
ZNF554	8	1.86916	2	1.29032	10	1.71527
ZNF586	8	1.86916	2	1.29032	10	1.71527
ZNF599	8	1.86916	2	1.29032	10	1.71527
ZNF623	8	1.86916	2	1.29032	10	1.71527
ZNF624	8	1.86916	2	1.29032	10	1.71527
ZNF649	8	1.86916	2	1.29032	10	1.71527
ZNF654	8	1.86916	2	1.29032	10	1.71527
ZNF678	8	1.86916	2	1.29032	10	1.71527
ZNF750	8	1.86916	2	1.29032	10	1.71527
ZNF763	9	2.1028	1	0.645161	10	1.71527
ZNF765	6	1.40187	4	2.58065	10	1.71527
ZNF768	8	1.86916	2	1.29032	10	1.71527
ZNF772	7	1.63551	3	1.93548	10	1.71527
ZNF782	7	1.63551	3	1.93548	10	1.71527
ZNF839	7	1.63551	3	1.93548	10	1.71527
ZNF846	6	1.40187	4	2.58065	10	1.71527
ZNF92	7	1.63551	3	1.93548	10	1.71527
ZPBP	6	1.40187	4	2.58065	10	1.71527
ZRANB2	8	1.86916	2	1.29032	10	1.71527
ZSCAN18	7	1.63551	3	1.93548	10	1.71527
ZSCAN2	7	1.63551	3	1.93548	10	1.71527
ZSCAN4	8	1.86916	2	1.29032	10	1.71527
ZSCAN5A	7	1.63551	3	1.93548	10	1.71527
ABAT	8	1.86916	1	0.645161	9	1.54374
ABCB10	7	1.63551	2	1.29032	9	1.54374
ABCB7	8	1.86916	1	0.645161	9	1.54374
ABCG5	8	1.86916	1	0.645161	9	1.54374
ABCG8	7	1.63551	2	1.29032	9	1.54374
ABT1	8	1.86916	1	0.645161	9	1.54374
ABTB2	9	2.1028	0	0	9	1.54374
AC090517.4	7	1.63551	2	1.29032	9	1.54374
ACADL	6	1.40187	3	1.93548	9	1.54374
ACADM	4	0.934579	5	3.22581	9	1.54374
ACAP2	7	1.63551	2	1.29032	9	1.54374
ACO1	8	1.86916	1	0.645161	9	1.54374
ACOT7	9	2.1028	0	0	9	1.54374
ACSL1	9	2.1028	0	0	9	1.54374
ACSL5	9	2.1028	0	0	9	1.54374
ACSM2B	8	1.86916	1	0.645161	9	1.54374
ACTBL2	8	1.86916	1	0.645161	9	1.54374
ACTG2	8	1.86916	1	0.645161	9	1.54374
ACTL6A	8	1.86916	1	0.645161	9	1.54374
ACTL6B	9	2.1028	0	0	9	1.54374
ACTRT2	8	1.86916	1	0.645161	9	1.54374
ACVR1C	6	1.40187	3	1.93548	9	1.54374
ADHFE1	8	1.86916	1	0.645161	9	1.54374
ADRB2	7	1.63551	2	1.29032	9	1.54374
AFAP1L2	9	2.1028	0	0	9	1.54374
AFG3L2	7	1.63551	2	1.29032	9	1.54374
AGBL4	8	1.86916	1	0.645161	9	1.54374
AGFG1	9	2.1028	0	0	9	1.54374
AGMAT	4	0.934579	5	3.22581	9	1.54374
AGPAT4	7	1.63551	2	1.29032	9	1.54374
AGXT2	7	1.63551	2	1.29032	9	1.54374
AHSG	8	1.86916	1	0.645161	9	1.54374
AJM1	8	1.86916	1	0.645161	9	1.54374
AKAP8	9	2.1028	0	0	9	1.54374
ALDH6A1	7	1.63551	2	1.29032	9	1.54374
ALDH8A1	9	2.1028	0	0	9	1.54374
ALPP	9	2.1028	0	0	9	1.54374
AMIGO1	7	1.63551	2	1.29032	9	1.54374
AMMECR1L	8	1.86916	1	0.645161	9	1.54374
AMY2B	4	0.934579	5	3.22581	9	1.54374
ANAPC5	7	1.63551	2	1.29032	9	1.54374
ANGPTL5	8	1.86916	1	0.645161	9	1.54374
ANKEF1	7	1.63551	2	1.29032	9	1.54374
ANKLE1	7	1.63551	2	1.29032	9	1.54374
ANKMY2	8	1.86916	1	0.645161	9	1.54374
ANKRD24	8	1.86916	1	0.645161	9	1.54374
ANKRD34A	9	2.1028	0	0	9	1.54374
ANKZF1	6	1.40187	3	1.93548	9	1.54374
ANO9	8	1.86916	1	0.645161	9	1.54374
ANXA1	5	1.16822	4	2.58065	9	1.54374
AP2M1	8	1.86916	1	0.645161	9	1.54374
AP3M2	6	1.40187	3	1.93548	9	1.54374
AP4B1	9	2.1028	0	0	9	1.54374
APCDD1	7	1.63551	2	1.29032	9	1.54374
APEH	8	1.86916	1	0.645161	9	1.54374
APOA4	8	1.86916	1	0.645161	9	1.54374
APOA5	8	1.86916	1	0.645161	9	1.54374
APOBEC3G	5	1.16822	4	2.58065	9	1.54374
ARFGAP3	8	1.86916	1	0.645161	9	1.54374
ARHGAP12	7	1.63551	2	1.29032	9	1.54374
ARHGAP26	5	1.16822	4	2.58065	9	1.54374
ARL13B	9	2.1028	0	0	9	1.54374
ARMCX2	6	1.40187	3	1.93548	9	1.54374
ARMH3	9	2.1028	0	0	9	1.54374
ARMT1	8	1.86916	1	0.645161	9	1.54374
ARRDC3	6	1.40187	3	1.93548	9	1.54374
ARSD	9	2.1028	0	0	9	1.54374
ASB11	8	1.86916	1	0.645161	9	1.54374
ASB2	8	1.86916	1	0.645161	9	1.54374
ASCC2	9	2.1028	0	0	9	1.54374
ASH2L	7	1.63551	2	1.29032	9	1.54374
ASPN	7	1.63551	2	1.29032	9	1.54374
ATE1	6	1.40187	3	1.93548	9	1.54374
ATOH1	7	1.63551	2	1.29032	9	1.54374
ATP5F1A	6	1.40187	3	1.93548	9	1.54374
AWAT2	7	1.63551	2	1.29032	9	1.54374
B3GLCT	7	1.63551	2	1.29032	9	1.54374
B4GALNT2	6	1.40187	3	1.93548	9	1.54374
B4GAT1	8	1.86916	1	0.645161	9	1.54374
BAG3	8	1.86916	1	0.645161	9	1.54374
BCAN	8	1.86916	1	0.645161	9	1.54374
BCKDK	8	1.86916	1	0.645161	9	1.54374
BCL11B	8	1.86916	1	0.645161	9	1.54374
BCL6B	8	1.86916	1	0.645161	9	1.54374
BEND4	8	1.86916	1	0.645161	9	1.54374
BEST1	9	2.1028	0	0	9	1.54374
BGN	7	1.63551	2	1.29032	9	1.54374
BMP4	7	1.63551	2	1.29032	9	1.54374
BOP1	8	1.86916	1	0.645161	9	1.54374
BRF2	8	1.86916	1	0.645161	9	1.54374
BTBD10	7	1.63551	2	1.29032	9	1.54374
BTN1A1	7	1.63551	2	1.29032	9	1.54374
BTN2A1	9	2.1028	0	0	9	1.54374
BTN3A3	7	1.63551	2	1.29032	9	1.54374
BTNL3	7	1.63551	2	1.29032	9	1.54374
BTNL8	8	1.86916	1	0.645161	9	1.54374
C12orf50	7	1.63551	2	1.29032	9	1.54374
C17orf97	8	1.86916	1	0.645161	9	1.54374
C1RL	7	1.63551	2	1.29032	9	1.54374
C1orf127	8	1.86916	1	0.645161	9	1.54374
C1orf141	7	1.63551	2	1.29032	9	1.54374
C21orf58	9	2.1028	0	0	9	1.54374
C2CD2	6	1.40187	3	1.93548	9	1.54374
C2orf42	6	1.40187	3	1.93548	9	1.54374
CA2	7	1.63551	2	1.29032	9	1.54374
CA3	7	1.63551	2	1.29032	9	1.54374
CACNG5	9	2.1028	0	0	9	1.54374
CACTIN	8	1.86916	1	0.645161	9	1.54374
CACUL1	9	2.1028	0	0	9	1.54374
CALR3	8	1.86916	1	0.645161	9	1.54374
CAMK2B	7	1.63551	2	1.29032	9	1.54374
CAMKV	9	2.1028	0	0	9	1.54374
CAPN10	8	1.86916	1	0.645161	9	1.54374
CARD14	7	1.63551	2	1.29032	9	1.54374
CASQ2	7	1.63551	2	1.29032	9	1.54374
CBFA2T2	9	2.1028	0	0	9	1.54374
CBLIF	7	1.63551	2	1.29032	9	1.54374
CCDC168	7	1.63551	2	1.29032	9	1.54374
CCDC172	7	1.63551	2	1.29032	9	1.54374
CCDC34	8	1.86916	1	0.645161	9	1.54374
CCDC38	8	1.86916	1	0.645161	9	1.54374
CCDC50	5	1.16822	4	2.58065	9	1.54374
CCDC57	9	2.1028	0	0	9	1.54374
CCDC6	8	1.86916	1	0.645161	9	1.54374
CCDC77	7	1.63551	2	1.29032	9	1.54374
CCDC81	5	1.16822	4	2.58065	9	1.54374
CCIN	6	1.40187	3	1.93548	9	1.54374
CCNF	8	1.86916	1	0.645161	9	1.54374
CCR5	8	1.86916	1	0.645161	9	1.54374
CCZ1	8	1.86916	1	0.645161	9	1.54374
CD19	9	2.1028	0	0	9	1.54374
CD200R1	7	1.63551	2	1.29032	9	1.54374
CD244	8	1.86916	1	0.645161	9	1.54374
CD276	9	2.1028	0	0	9	1.54374
CD300LG	8	1.86916	1	0.645161	9	1.54374
CD40	5	1.16822	4	2.58065	9	1.54374
CD70	8	1.86916	1	0.645161	9	1.54374
CDC25A	9	2.1028	0	0	9	1.54374
CDC40	7	1.63551	2	1.29032	9	1.54374
CDC45	7	1.63551	2	1.29032	9	1.54374
CDH24	8	1.86916	1	0.645161	9	1.54374
CDH26	7	1.63551	2	1.29032	9	1.54374
CDKL4	7	1.63551	2	1.29032	9	1.54374
CDRT15	8	1.86916	1	0.645161	9	1.54374
CEACAM18	8	1.86916	1	0.645161	9	1.54374
CEACAM5	6	1.40187	3	1.93548	9	1.54374
CENPI	9	2.1028	0	0	9	1.54374
CEP55	8	1.86916	1	0.645161	9	1.54374
CEP68	7	1.63551	2	1.29032	9	1.54374
CEP72	8	1.86916	1	0.645161	9	1.54374
CER1	7	1.63551	2	1.29032	9	1.54374
CETP	8	1.86916	1	0.645161	9	1.54374
CFAP57	7	1.63551	2	1.29032	9	1.54374
CHAMP1	5	1.16822	4	2.58065	9	1.54374
CHFR	7	1.63551	2	1.29032	9	1.54374
CHIA	9	2.1028	0	0	9	1.54374
CHPF2	9	2.1028	0	0	9	1.54374
CHRM4	8	1.86916	1	0.645161	9	1.54374
CHRNA1	7	1.63551	2	1.29032	9	1.54374
CHRNA2	8	1.86916	1	0.645161	9	1.54374
CHRNA5	8	1.86916	1	0.645161	9	1.54374
CHRND	9	2.1028	0	0	9	1.54374
CHST5	9	2.1028	0	0	9	1.54374
CKAP2L	6	1.40187	3	1.93548	9	1.54374
CKMT2	6	1.40187	3	1.93548	9	1.54374
CLCC1	7	1.63551	2	1.29032	9	1.54374
CLCN5	7	1.63551	2	1.29032	9	1.54374
CLDN8	7	1.63551	2	1.29032	9	1.54374
CLEC4C	7	1.63551	2	1.29032	9	1.54374
CLIC6	8	1.86916	1	0.645161	9	1.54374
CLU	9	2.1028	0	0	9	1.54374
CLUAP1	8	1.86916	1	0.645161	9	1.54374
CMIP	7	1.63551	2	1.29032	9	1.54374
CMTR2	7	1.63551	2	1.29032	9	1.54374
CNN1	7	1.63551	2	1.29032	9	1.54374
CNOT11	9	2.1028	0	0	9	1.54374
CNOT7	8	1.86916	1	0.645161	9	1.54374
CNOT9	9	2.1028	0	0	9	1.54374
CNTFR	8	1.86916	1	0.645161	9	1.54374
CPB1	5	1.16822	4	2.58065	9	1.54374
CPNE3	5	1.16822	4	2.58065	9	1.54374
CPNE9	8	1.86916	1	0.645161	9	1.54374
CPO	7	1.63551	2	1.29032	9	1.54374
CRBN	6	1.40187	3	1.93548	9	1.54374
CREB3L1	8	1.86916	1	0.645161	9	1.54374
CRTC2	6	1.40187	3	1.93548	9	1.54374
CSAD	6	1.40187	3	1.93548	9	1.54374
CSPG5	8	1.86916	1	0.645161	9	1.54374
CST1	8	1.86916	1	0.645161	9	1.54374
CTBP1	8	1.86916	1	0.645161	9	1.54374
CXADR	6	1.40187	3	1.93548	9	1.54374
CXCR1	7	1.63551	2	1.29032	9	1.54374
CXCR4	7	1.63551	2	1.29032	9	1.54374
CXorf58	6	1.40187	3	1.93548	9	1.54374
CYB5R4	6	1.40187	3	1.93548	9	1.54374
CYC1	9	2.1028	0	0	9	1.54374
CYP11A1	6	1.40187	3	1.93548	9	1.54374
CYP11B2	9	2.1028	0	0	9	1.54374
CYP19A1	6	1.40187	3	1.93548	9	1.54374
CYP1A2	9	2.1028	0	0	9	1.54374
CYP27B1	8	1.86916	1	0.645161	9	1.54374
CYP2W1	6	1.40187	3	1.93548	9	1.54374
CYP3A43	5	1.16822	4	2.58065	9	1.54374
CYP4A11	7	1.63551	2	1.29032	9	1.54374
CYP4F2	8	1.86916	1	0.645161	9	1.54374
CYP8B1	9	2.1028	0	0	9	1.54374
DBN1	7	1.63551	2	1.29032	9	1.54374
DBR1	8	1.86916	1	0.645161	9	1.54374
DCLRE1C	7	1.63551	2	1.29032	9	1.54374
DCN	6	1.40187	3	1.93548	9	1.54374
DCTN2	8	1.86916	1	0.645161	9	1.54374
DDX1	8	1.86916	1	0.645161	9	1.54374
DDX10	7	1.63551	2	1.29032	9	1.54374
DDX19A	8	1.86916	1	0.645161	9	1.54374
DDX39B	7	1.63551	2	1.29032	9	1.54374
DEAF1	8	1.86916	1	0.645161	9	1.54374
DENND2D	5	1.16822	4	2.58065	9	1.54374
DEPDC7	7	1.63551	2	1.29032	9	1.54374
DGKG	9	2.1028	0	0	9	1.54374
DHX40	8	1.86916	1	0.645161	9	1.54374
DHX58	8	1.86916	1	0.645161	9	1.54374
DKK1	7	1.63551	2	1.29032	9	1.54374
DLGAP5	7	1.63551	2	1.29032	9	1.54374
DMTN	8	1.86916	1	0.645161	9	1.54374
DNAJA1	8	1.86916	1	0.645161	9	1.54374
DNAJB7	8	1.86916	1	0.645161	9	1.54374
DNAJC2	5	1.16822	4	2.58065	9	1.54374
DNAJC5B	6	1.40187	3	1.93548	9	1.54374
DNPEP	6	1.40187	3	1.93548	9	1.54374
DOK6	7	1.63551	2	1.29032	9	1.54374
DPF2	6	1.40187	3	1.93548	9	1.54374
DPPA2	6	1.40187	3	1.93548	9	1.54374
DPY19L1	5	1.16822	4	2.58065	9	1.54374
DPY19L3	5	1.16822	4	2.58065	9	1.54374
DPYSL3	8	1.86916	1	0.645161	9	1.54374
DRD1	9	2.1028	0	0	9	1.54374
DUXA	8	1.86916	1	0.645161	9	1.54374
DVL3	6	1.40187	3	1.93548	9	1.54374
DYNC1LI1	8	1.86916	1	0.645161	9	1.54374
DYNC2LI1	7	1.63551	2	1.29032	9	1.54374
DYRK4	8	1.86916	1	0.645161	9	1.54374
E2F5	7	1.63551	2	1.29032	9	1.54374
ECSIT	7	1.63551	2	1.29032	9	1.54374
EDEM2	9	2.1028	0	0	9	1.54374
EDNRA	8	1.86916	1	0.645161	9	1.54374
EFCAB12	7	1.63551	2	1.29032	9	1.54374
EFCAB3	6	1.40187	3	1.93548	9	1.54374
EFCAB7	9	2.1028	0	0	9	1.54374
EIF3E	8	1.86916	1	0.645161	9	1.54374
ELF5	7	1.63551	2	1.29032	9	1.54374
EMB	7	1.63551	2	1.29032	9	1.54374
EME1	9	2.1028	0	0	9	1.54374
EML2	8	1.86916	1	0.645161	9	1.54374
ENOX1	8	1.86916	1	0.645161	9	1.54374
ENTPD3	9	2.1028	0	0	9	1.54374
ENTPD8	7	1.63551	2	1.29032	9	1.54374
ENTR1	9	2.1028	0	0	9	1.54374
EPHA1	7	1.63551	2	1.29032	9	1.54374
EPHX4	7	1.63551	2	1.29032	9	1.54374
EPS15L1	8	1.86916	1	0.645161	9	1.54374
ERMARD	7	1.63551	2	1.29032	9	1.54374
ERMN	8	1.86916	1	0.645161	9	1.54374
ESRRB	6	1.40187	3	1.93548	9	1.54374
EVI5L	8	1.86916	1	0.645161	9	1.54374
EWSR1	8	1.86916	1	0.645161	9	1.54374
EXOC3L2	7	1.63551	2	1.29032	9	1.54374
F7	8	1.86916	1	0.645161	9	1.54374
FADS3	8	1.86916	1	0.645161	9	1.54374
FAM102A	9	2.1028	0	0	9	1.54374
FAM171A1	8	1.86916	1	0.645161	9	1.54374
FAM181A	7	1.63551	2	1.29032	9	1.54374
FAM189B	8	1.86916	1	0.645161	9	1.54374
FAM234B	6	1.40187	3	1.93548	9	1.54374
FAM83D	7	1.63551	2	1.29032	9	1.54374
FAM9B	7	1.63551	2	1.29032	9	1.54374
FANCC	8	1.86916	1	0.645161	9	1.54374
FANCL	8	1.86916	1	0.645161	9	1.54374
FARS2	6	1.40187	3	1.93548	9	1.54374
FARSA	8	1.86916	1	0.645161	9	1.54374
FASTKD2	7	1.63551	2	1.29032	9	1.54374
FBL	9	2.1028	0	0	9	1.54374
FBXL19	8	1.86916	1	0.645161	9	1.54374
FBXL3	8	1.86916	1	0.645161	9	1.54374
FBXL4	5	1.16822	4	2.58065	9	1.54374
FCRL1	8	1.86916	1	0.645161	9	1.54374
FCRL4	7	1.63551	2	1.29032	9	1.54374
FERMT3	6	1.40187	3	1.93548	9	1.54374
FES	8	1.86916	1	0.645161	9	1.54374
FGF10	8	1.86916	1	0.645161	9	1.54374
FGL1	6	1.40187	3	1.93548	9	1.54374
FIGNL1	8	1.86916	1	0.645161	9	1.54374
FIZ1	9	2.1028	0	0	9	1.54374
FKBPL	6	1.40187	3	1.93548	9	1.54374
FMOD	8	1.86916	1	0.645161	9	1.54374
FOXL1	6	1.40187	3	1.93548	9	1.54374
FOXO1	7	1.63551	2	1.29032	9	1.54374
FOXO3	6	1.40187	3	1.93548	9	1.54374
FOXS1	7	1.63551	2	1.29032	9	1.54374
FPR1	6	1.40187	3	1.93548	9	1.54374
FSCN2	8	1.86916	1	0.645161	9	1.54374
FSIP1	6	1.40187	3	1.93548	9	1.54374
FSTL1	7	1.63551	2	1.29032	9	1.54374
FUT2	8	1.86916	1	0.645161	9	1.54374
FZD1	7	1.63551	2	1.29032	9	1.54374
GABRE	9	2.1028	0	0	9	1.54374
GALNT10	8	1.86916	1	0.645161	9	1.54374
GALNT6	7	1.63551	2	1.29032	9	1.54374
GAP43	6	1.40187	3	1.93548	9	1.54374
GAS7	8	1.86916	1	0.645161	9	1.54374
GATAD2B	8	1.86916	1	0.645161	9	1.54374
GATB	8	1.86916	1	0.645161	9	1.54374
GCM2	6	1.40187	3	1.93548	9	1.54374
GDF3	7	1.63551	2	1.29032	9	1.54374
GEM	8	1.86916	1	0.645161	9	1.54374
GEN1	7	1.63551	2	1.29032	9	1.54374
GFM2	6	1.40187	3	1.93548	9	1.54374
GGA3	8	1.86916	1	0.645161	9	1.54374
GIMAP4	6	1.40187	3	1.93548	9	1.54374
GIPC3	9	2.1028	0	0	9	1.54374
GJB1	9	2.1028	0	0	9	1.54374
GLRA1	7	1.63551	2	1.29032	9	1.54374
GMEB1	6	1.40187	3	1.93548	9	1.54374
GNAT1	9	2.1028	0	0	9	1.54374
GNL1	7	1.63551	2	1.29032	9	1.54374
GNL2	8	1.86916	1	0.645161	9	1.54374
GOLIM4	6	1.40187	3	1.93548	9	1.54374
GOT1	6	1.40187	3	1.93548	9	1.54374
GP1BA	9	2.1028	0	0	9	1.54374
GPBP1L1	7	1.63551	2	1.29032	9	1.54374
GPC1	9	2.1028	0	0	9	1.54374
GPC2	9	2.1028	0	0	9	1.54374
GPCPD1	8	1.86916	1	0.645161	9	1.54374
GPNMB	8	1.86916	1	0.645161	9	1.54374
GPR141	8	1.86916	1	0.645161	9	1.54374
GPR142	8	1.86916	1	0.645161	9	1.54374
GPR15	7	1.63551	2	1.29032	9	1.54374
GPR160	8	1.86916	1	0.645161	9	1.54374
GPR180	8	1.86916	1	0.645161	9	1.54374
GPR20	9	2.1028	0	0	9	1.54374
GPR37L1	8	1.86916	1	0.645161	9	1.54374
GPRC5C	6	1.40187	3	1.93548	9	1.54374
GPRIN3	7	1.63551	2	1.29032	9	1.54374
GPT	8	1.86916	1	0.645161	9	1.54374
GRAMD4	8	1.86916	1	0.645161	9	1.54374
GRK2	8	1.86916	1	0.645161	9	1.54374
GSK3A	7	1.63551	2	1.29032	9	1.54374
GTF2IRD2B	7	1.63551	2	1.29032	9	1.54374
GTPBP3	8	1.86916	1	0.645161	9	1.54374
GUSB	8	1.86916	1	0.645161	9	1.54374
GZMK	8	1.86916	1	0.645161	9	1.54374
HAS2	7	1.63551	2	1.29032	9	1.54374
HAUS5	9	2.1028	0	0	9	1.54374
HCN3	6	1.40187	3	1.93548	9	1.54374
HDGFL1	8	1.86916	1	0.645161	9	1.54374
HEATR6	8	1.86916	1	0.645161	9	1.54374
HESX1	8	1.86916	1	0.645161	9	1.54374
HEXB	6	1.40187	3	1.93548	9	1.54374
HGS	8	1.86916	1	0.645161	9	1.54374
HGSNAT	8	1.86916	1	0.645161	9	1.54374
HHAT	8	1.86916	1	0.645161	9	1.54374
HJURP	8	1.86916	1	0.645161	9	1.54374
HLA-G	7	1.63551	2	1.29032	9	1.54374
HNRNPF	6	1.40187	3	1.93548	9	1.54374
HNRNPH1	6	1.40187	3	1.93548	9	1.54374
HNRNPM	8	1.86916	1	0.645161	9	1.54374
HOOK1	8	1.86916	1	0.645161	9	1.54374
HORMAD1	7	1.63551	2	1.29032	9	1.54374
HOXA6	6	1.40187	3	1.93548	9	1.54374
HOXD1	6	1.40187	3	1.93548	9	1.54374
HOXD10	7	1.63551	2	1.29032	9	1.54374
HOXD4	8	1.86916	1	0.645161	9	1.54374
HPS5	7	1.63551	2	1.29032	9	1.54374
HS3ST5	6	1.40187	3	1.93548	9	1.54374
HS6ST1	7	1.63551	2	1.29032	9	1.54374
HSP90AA1	7	1.63551	2	1.29032	9	1.54374
HSPA4	5	1.16822	4	2.58065	9	1.54374
HSPH1	8	1.86916	1	0.645161	9	1.54374
HTR1F	9	2.1028	0	0	9	1.54374
HTR2B	8	1.86916	1	0.645161	9	1.54374
HTRA3	9	2.1028	0	0	9	1.54374
HVCN1	7	1.63551	2	1.29032	9	1.54374
IDO2	7	1.63551	2	1.29032	9	1.54374
IFI44L	5	1.16822	4	2.58065	9	1.54374
IFIT1B	5	1.16822	4	2.58065	9	1.54374
IFRD2	8	1.86916	1	0.645161	9	1.54374
IGBP1P2	6	1.40187	3	1.93548	9	1.54374
IGF2BP3	8	1.86916	1	0.645161	9	1.54374
IGHG1	9	2.1028	0	0	9	1.54374
IGHG3	6	1.40187	3	1.93548	9	1.54374
IGHMBP2	7	1.63551	2	1.29032	9	1.54374
IGHV3-20	6	1.40187	3	1.93548	9	1.54374
IGSF21	8	1.86916	1	0.645161	9	1.54374
IKZF3	6	1.40187	3	1.93548	9	1.54374
IL17RB	8	1.86916	1	0.645161	9	1.54374
IL26	7	1.63551	2	1.29032	9	1.54374
INAVA	9	2.1028	0	0	9	1.54374
INPP5A	9	2.1028	0	0	9	1.54374
INPP5J	9	2.1028	0	0	9	1.54374
INTS10	7	1.63551	2	1.29032	9	1.54374
INTS11	8	1.86916	1	0.645161	9	1.54374
INTS3	8	1.86916	1	0.645161	9	1.54374
IP6K2	8	1.86916	1	0.645161	9	1.54374
IRAK2	9	2.1028	0	0	9	1.54374
IRAK4	8	1.86916	1	0.645161	9	1.54374
IRS2	9	2.1028	0	0	9	1.54374
ISYNA1	9	2.1028	0	0	9	1.54374
ITPRIP	9	2.1028	0	0	9	1.54374
IWS1	8	1.86916	1	0.645161	9	1.54374
KANSL2	7	1.63551	2	1.29032	9	1.54374
KBTBD4	7	1.63551	2	1.29032	9	1.54374
KCNIP1	7	1.63551	2	1.29032	9	1.54374
KCNJ16	9	2.1028	0	0	9	1.54374
KCNK2	7	1.63551	2	1.29032	9	1.54374
KCNN1	7	1.63551	2	1.29032	9	1.54374
KCTD20	5	1.16822	4	2.58065	9	1.54374
KHNYN	9	2.1028	0	0	9	1.54374
KIAA0895	7	1.63551	2	1.29032	9	1.54374
KIFC2	9	2.1028	0	0	9	1.54374
KLB	8	1.86916	1	0.645161	9	1.54374
KLC4	7	1.63551	2	1.29032	9	1.54374
KLHDC8B	8	1.86916	1	0.645161	9	1.54374
KLHL26	8	1.86916	1	0.645161	9	1.54374
KLHL8	6	1.40187	3	1.93548	9	1.54374
KLK4	8	1.86916	1	0.645161	9	1.54374
KPNA1	8	1.86916	1	0.645161	9	1.54374
KRBA1	7	1.63551	2	1.29032	9	1.54374
KRT17	8	1.86916	1	0.645161	9	1.54374
KRT27	6	1.40187	3	1.93548	9	1.54374
KRT28	8	1.86916	1	0.645161	9	1.54374
KRT32	8	1.86916	1	0.645161	9	1.54374
KRT38	6	1.40187	3	1.93548	9	1.54374
KRT76	7	1.63551	2	1.29032	9	1.54374
KRT78	5	1.16822	4	2.58065	9	1.54374
L3MBTL2	9	2.1028	0	0	9	1.54374
LAD1	6	1.40187	3	1.93548	9	1.54374
LCTL	7	1.63551	2	1.29032	9	1.54374
LDB1	7	1.63551	2	1.29032	9	1.54374
LDLR	8	1.86916	1	0.645161	9	1.54374
LGR6	8	1.86916	1	0.645161	9	1.54374
LHPP	7	1.63551	2	1.29032	9	1.54374
LIAS	6	1.40187	3	1.93548	9	1.54374
LILRA1	6	1.40187	3	1.93548	9	1.54374
LINGO4	6	1.40187	3	1.93548	9	1.54374
LMF1	8	1.86916	1	0.645161	9	1.54374
LMOD3	7	1.63551	2	1.29032	9	1.54374
LMX1A	8	1.86916	1	0.645161	9	1.54374
LNPK	6	1.40187	3	1.93548	9	1.54374
LPAR1	6	1.40187	3	1.93548	9	1.54374
LPL	8	1.86916	1	0.645161	9	1.54374
LRFN4	8	1.86916	1	0.645161	9	1.54374
LRRC15	6	1.40187	3	1.93548	9	1.54374
LRRC43	7	1.63551	2	1.29032	9	1.54374
LRRC71	9	2.1028	0	0	9	1.54374
LRRC8D	6	1.40187	3	1.93548	9	1.54374
LRTM1	7	1.63551	2	1.29032	9	1.54374
LSAMP	9	2.1028	0	0	9	1.54374
LTK	8	1.86916	1	0.645161	9	1.54374
MAGEB6	5	1.16822	4	2.58065	9	1.54374
MAML2	7	1.63551	2	1.29032	9	1.54374
MAN1B1	8	1.86916	1	0.645161	9	1.54374
MAN1C1	7	1.63551	2	1.29032	9	1.54374
MANBA	7	1.63551	2	1.29032	9	1.54374
MANEAL	9	2.1028	0	0	9	1.54374
MAP2K2	8	1.86916	1	0.645161	9	1.54374
MAP3K7	7	1.63551	2	1.29032	9	1.54374
MAT1A	7	1.63551	2	1.29032	9	1.54374
MC3R	8	1.86916	1	0.645161	9	1.54374
MDM4	7	1.63551	2	1.29032	9	1.54374
MEF2A	8	1.86916	1	0.645161	9	1.54374
METAP2	7	1.63551	2	1.29032	9	1.54374
METTL3	8	1.86916	1	0.645161	9	1.54374
MFN2	9	2.1028	0	0	9	1.54374
MFSD11	7	1.63551	2	1.29032	9	1.54374
MFSD5	9	2.1028	0	0	9	1.54374
MFSD6	7	1.63551	2	1.29032	9	1.54374
MGAT4B	8	1.86916	1	0.645161	9	1.54374
MINPP1	6	1.40187	3	1.93548	9	1.54374
MIPEP	7	1.63551	2	1.29032	9	1.54374
MLLT3	7	1.63551	2	1.29032	9	1.54374
MMP11	7	1.63551	2	1.29032	9	1.54374
MMP15	8	1.86916	1	0.645161	9	1.54374
MMP21	7	1.63551	2	1.29032	9	1.54374
MMP7	7	1.63551	2	1.29032	9	1.54374
MOK	8	1.86916	1	0.645161	9	1.54374
MOXD1	7	1.63551	2	1.29032	9	1.54374
MPP1	9	2.1028	0	0	9	1.54374
MSLN	9	2.1028	0	0	9	1.54374
MSLNL	9	2.1028	0	0	9	1.54374
MST1	8	1.86916	1	0.645161	9	1.54374
MTHFD1	9	2.1028	0	0	9	1.54374
MTMR10	6	1.40187	3	1.93548	9	1.54374
MTMR2	8	1.86916	1	0.645161	9	1.54374
MTMR8	5	1.16822	4	2.58065	9	1.54374
MTMR9	8	1.86916	1	0.645161	9	1.54374
MTX3	9	2.1028	0	0	9	1.54374
MUC13	8	1.86916	1	0.645161	9	1.54374
MUC20	9	2.1028	0	0	9	1.54374
MUC21	9	2.1028	0	0	9	1.54374
MUL1	8	1.86916	1	0.645161	9	1.54374
MYC	8	1.86916	1	0.645161	9	1.54374
MYCT1	7	1.63551	2	1.29032	9	1.54374
MYF5	6	1.40187	3	1.93548	9	1.54374
MYOD1	8	1.86916	1	0.645161	9	1.54374
MYOZ1	5	1.16822	4	2.58065	9	1.54374
NADK	8	1.86916	1	0.645161	9	1.54374
NAGPA	9	2.1028	0	0	9	1.54374
NAIF1	7	1.63551	2	1.29032	9	1.54374
NAP1L1	5	1.16822	4	2.58065	9	1.54374
NAXD	7	1.63551	2	1.29032	9	1.54374
NBPF11	9	2.1028	0	0	9	1.54374
NBR1	8	1.86916	1	0.645161	9	1.54374
NCAPH	9	2.1028	0	0	9	1.54374
NCDN	6	1.40187	3	1.93548	9	1.54374
NCOA7	8	1.86916	1	0.645161	9	1.54374
NDOR1	8	1.86916	1	0.645161	9	1.54374
NECAB3	8	1.86916	1	0.645161	9	1.54374
NEFH	6	1.40187	3	1.93548	9	1.54374
NELFB	7	1.63551	2	1.29032	9	1.54374
NETO2	7	1.63551	2	1.29032	9	1.54374
NEU1	6	1.40187	3	1.93548	9	1.54374
NFIC	8	1.86916	1	0.645161	9	1.54374
NFIL3	7	1.63551	2	1.29032	9	1.54374
NHLRC2	9	2.1028	0	0	9	1.54374
NKX2-2	9	2.1028	0	0	9	1.54374
NLRP6	8	1.86916	1	0.645161	9	1.54374
NMD3	8	1.86916	1	0.645161	9	1.54374
NOLC1	9	2.1028	0	0	9	1.54374
NOP9	9	2.1028	0	0	9	1.54374
NPAS2	8	1.86916	1	0.645161	9	1.54374
NPR3	9	2.1028	0	0	9	1.54374
NR5A1	8	1.86916	1	0.645161	9	1.54374
NSF	7	1.63551	2	1.29032	9	1.54374
NSL1	7	1.63551	2	1.29032	9	1.54374
NSRP1	9	2.1028	0	0	9	1.54374
NTAN1	8	1.86916	1	0.645161	9	1.54374
NUP160	8	1.86916	1	0.645161	9	1.54374
NUP42	8	1.86916	1	0.645161	9	1.54374
NXPE4	6	1.40187	3	1.93548	9	1.54374
OLAH	8	1.86916	1	0.645161	9	1.54374
OLFM3	5	1.16822	4	2.58065	9	1.54374
OLFM4	9	2.1028	0	0	9	1.54374
OLFML3	7	1.63551	2	1.29032	9	1.54374
ONECUT2	9	2.1028	0	0	9	1.54374
OPN4	8	1.86916	1	0.645161	9	1.54374
OPRL1	9	2.1028	0	0	9	1.54374
OR10A6	7	1.63551	2	1.29032	9	1.54374
OR10C1	8	1.86916	1	0.645161	9	1.54374
OR10J1	9	2.1028	0	0	9	1.54374
OR10J3	8	1.86916	1	0.645161	9	1.54374
OR10J5	8	1.86916	1	0.645161	9	1.54374
OR10P1	7	1.63551	2	1.29032	9	1.54374
OR1J1	9	2.1028	0	0	9	1.54374
OR2A14	6	1.40187	3	1.93548	9	1.54374
OR2B11	6	1.40187	3	1.93548	9	1.54374
OR2T10	8	1.86916	1	0.645161	9	1.54374
OR2T2	7	1.63551	2	1.29032	9	1.54374
OR2T27	7	1.63551	2	1.29032	9	1.54374
OR3A1	8	1.86916	1	0.645161	9	1.54374
OR4K2	8	1.86916	1	0.645161	9	1.54374
OR51A4	8	1.86916	1	0.645161	9	1.54374
OR51A7	7	1.63551	2	1.29032	9	1.54374
OR51B5	8	1.86916	1	0.645161	9	1.54374
OR51I2	6	1.40187	3	1.93548	9	1.54374
OR51T1	7	1.63551	2	1.29032	9	1.54374
OR52H1	7	1.63551	2	1.29032	9	1.54374
OR52I2	7	1.63551	2	1.29032	9	1.54374
OR52J3	8	1.86916	1	0.645161	9	1.54374
OR56A1	6	1.40187	3	1.93548	9	1.54374
OR56A3	8	1.86916	1	0.645161	9	1.54374
OR5AR1	9	2.1028	0	0	9	1.54374
OR5AS1	8	1.86916	1	0.645161	9	1.54374
OR5D16	7	1.63551	2	1.29032	9	1.54374
OR5H1	8	1.86916	1	0.645161	9	1.54374
OR6C65	7	1.63551	2	1.29032	9	1.54374
OR6F1	8	1.86916	1	0.645161	9	1.54374
OR7G2	7	1.63551	2	1.29032	9	1.54374
OR8G2P	8	1.86916	1	0.645161	9	1.54374
ORC5	7	1.63551	2	1.29032	9	1.54374
OSBPL9	7	1.63551	2	1.29032	9	1.54374
OSCP1	9	2.1028	0	0	9	1.54374
OSGEPL1	8	1.86916	1	0.645161	9	1.54374
OTUD6B	6	1.40187	3	1.93548	9	1.54374
OVCH2	6	1.40187	3	1.93548	9	1.54374
OXER1	7	1.63551	2	1.29032	9	1.54374
OXSR1	7	1.63551	2	1.29032	9	1.54374
P2RY10	7	1.63551	2	1.29032	9	1.54374
PABPC1L	8	1.86916	1	0.645161	9	1.54374
PACSIN2	8	1.86916	1	0.645161	9	1.54374
PAK2	7	1.63551	2	1.29032	9	1.54374
PAX4	6	1.40187	3	1.93548	9	1.54374
PAX7	7	1.63551	2	1.29032	9	1.54374
PBX2	7	1.63551	2	1.29032	9	1.54374
PCSK2	7	1.63551	2	1.29032	9	1.54374
PCSK4	9	2.1028	0	0	9	1.54374
PDE7B	7	1.63551	2	1.29032	9	1.54374
PDIA2	9	2.1028	0	0	9	1.54374
PDK2	8	1.86916	1	0.645161	9	1.54374
PDLIM1	9	2.1028	0	0	9	1.54374
PDP1	4	0.934579	5	3.22581	9	1.54374
PFKL	9	2.1028	0	0	9	1.54374
PGLYRP4	8	1.86916	1	0.645161	9	1.54374
PHF10	6	1.40187	3	1.93548	9	1.54374
PHF8	8	1.86916	1	0.645161	9	1.54374
PHYHIPL	6	1.40187	3	1.93548	9	1.54374
PIANP	7	1.63551	2	1.29032	9	1.54374
PIGK	7	1.63551	2	1.29032	9	1.54374
PIH1D1	6	1.40187	3	1.93548	9	1.54374
PIK3AP1	8	1.86916	1	0.645161	9	1.54374
PIP4P2	7	1.63551	2	1.29032	9	1.54374
PIP5K1A	7	1.63551	2	1.29032	9	1.54374
PLA2G4C	6	1.40187	3	1.93548	9	1.54374
PLA2G4E	8	1.86916	1	0.645161	9	1.54374
PLCD3	6	1.40187	3	1.93548	9	1.54374
PLEKHG4	8	1.86916	1	0.645161	9	1.54374
PLEKHG5	7	1.63551	2	1.29032	9	1.54374
PLK2	7	1.63551	2	1.29032	9	1.54374
PLOD1	9	2.1028	0	0	9	1.54374
PNPLA3	8	1.86916	1	0.645161	9	1.54374
PODXL	9	2.1028	0	0	9	1.54374
POFUT2	9	2.1028	0	0	9	1.54374
POLD3	7	1.63551	2	1.29032	9	1.54374
POTED	7	1.63551	2	1.29032	9	1.54374
POU1F1	6	1.40187	3	1.93548	9	1.54374
PPAN-P2RY11	7	1.63551	2	1.29032	9	1.54374
PPP1R18	8	1.86916	1	0.645161	9	1.54374
PPP1R32	8	1.86916	1	0.645161	9	1.54374
PPP1R36	8	1.86916	1	0.645161	9	1.54374
PPP2R5A	9	2.1028	0	0	9	1.54374
PRAME	7	1.63551	2	1.29032	9	1.54374
PRAMEF14	8	1.86916	1	0.645161	9	1.54374
PRAMEF2	8	1.86916	1	0.645161	9	1.54374
PRCC	9	2.1028	0	0	9	1.54374
PRDM13	8	1.86916	1	0.645161	9	1.54374
PRF1	8	1.86916	1	0.645161	9	1.54374
PRICKLE3	5	1.16822	4	2.58065	9	1.54374
PRIMPOL	8	1.86916	1	0.645161	9	1.54374
PRKAG2	6	1.40187	3	1.93548	9	1.54374
PRMT8	6	1.40187	3	1.93548	9	1.54374
PRMT9	7	1.63551	2	1.29032	9	1.54374
PROKR2	7	1.63551	2	1.29032	9	1.54374
PROSER3	8	1.86916	1	0.645161	9	1.54374
PRRG3	9	2.1028	0	0	9	1.54374
PSAP	8	1.86916	1	0.645161	9	1.54374
PSEN2	8	1.86916	1	0.645161	9	1.54374
PSG2	8	1.86916	1	0.645161	9	1.54374
PSG8	8	1.86916	1	0.645161	9	1.54374
PSKH2	9	2.1028	0	0	9	1.54374
PSMC5	5	1.16822	4	2.58065	9	1.54374
PTCD1	8	1.86916	1	0.645161	9	1.54374
PTPN6	9	2.1028	0	0	9	1.54374
PTPN9	8	1.86916	1	0.645161	9	1.54374
PTPRA	5	1.16822	4	2.58065	9	1.54374
PYGO2	9	2.1028	0	0	9	1.54374
QSOX1	8	1.86916	1	0.645161	9	1.54374
QSOX2	9	2.1028	0	0	9	1.54374
RAB3GAP1	6	1.40187	3	1.93548	9	1.54374
RABL6	7	1.63551	2	1.29032	9	1.54374
RAG2	7	1.63551	2	1.29032	9	1.54374
RAI2	7	1.63551	2	1.29032	9	1.54374
RALGPS2	6	1.40187	3	1.93548	9	1.54374
RALYL	8	1.86916	1	0.645161	9	1.54374
RARA	8	1.86916	1	0.645161	9	1.54374
RARG	8	1.86916	1	0.645161	9	1.54374
RASGEF1A	6	1.40187	3	1.93548	9	1.54374
RASSF9	6	1.40187	3	1.93548	9	1.54374
RBM14	6	1.40187	3	1.93548	9	1.54374
RBM45	7	1.63551	2	1.29032	9	1.54374
RBM47	8	1.86916	1	0.645161	9	1.54374
RCN3	9	2.1028	0	0	9	1.54374
RECQL	8	1.86916	1	0.645161	9	1.54374
RECQL4	9	2.1028	0	0	9	1.54374
RFTN2	5	1.16822	4	2.58065	9	1.54374
RGL4	7	1.63551	2	1.29032	9	1.54374
RGS2	5	1.16822	4	2.58065	9	1.54374
RGS21	9	2.1028	0	0	9	1.54374
RHOA	7	1.63551	2	1.29032	9	1.54374
RNF112	9	2.1028	0	0	9	1.54374
ROPN1B	9	2.1028	0	0	9	1.54374
RP2	5	1.16822	4	2.58065	9	1.54374
RPL3L	8	1.86916	1	0.645161	9	1.54374
RRAGB	9	2.1028	0	0	9	1.54374
RRNAD1	9	2.1028	0	0	9	1.54374
RRP9	7	1.63551	2	1.29032	9	1.54374
RSAD2	6	1.40187	3	1.93548	9	1.54374
SAG	6	1.40187	3	1.93548	9	1.54374
SAMD14	8	1.86916	1	0.645161	9	1.54374
SAMD3	8	1.86916	1	0.645161	9	1.54374
SAMD7	8	1.86916	1	0.645161	9	1.54374
SAMSN1	6	1.40187	3	1.93548	9	1.54374
SASH3	9	2.1028	0	0	9	1.54374
SATL1	8	1.86916	1	0.645161	9	1.54374
SCIN	8	1.86916	1	0.645161	9	1.54374
SCRN1	7	1.63551	2	1.29032	9	1.54374
SCYL1	8	1.86916	1	0.645161	9	1.54374
SDC2	5	1.16822	4	2.58065	9	1.54374
SEC14L3	8	1.86916	1	0.645161	9	1.54374
SEC14L4	9	2.1028	0	0	9	1.54374
SERPINA10	8	1.86916	1	0.645161	9	1.54374
SERPINA12	8	1.86916	1	0.645161	9	1.54374
SERPINA7	6	1.40187	3	1.93548	9	1.54374
SERPINB12	7	1.63551	2	1.29032	9	1.54374
SESN3	7	1.63551	2	1.29032	9	1.54374
SF3A1	8	1.86916	1	0.645161	9	1.54374
SF3B2	8	1.86916	1	0.645161	9	1.54374
SFMBT1	8	1.86916	1	0.645161	9	1.54374
SFXN2	8	1.86916	1	0.645161	9	1.54374
SGCB	5	1.16822	4	2.58065	9	1.54374
SGCG	7	1.63551	2	1.29032	9	1.54374
SGSM3	8	1.86916	1	0.645161	9	1.54374
SH3D21	9	2.1028	0	0	9	1.54374
SH3RF1	7	1.63551	2	1.29032	9	1.54374
SHCBP1	8	1.86916	1	0.645161	9	1.54374
SHQ1	5	1.16822	4	2.58065	9	1.54374
SIAE	6	1.40187	3	1.93548	9	1.54374
SIAH3	6	1.40187	3	1.93548	9	1.54374
SIRT4	8	1.86916	1	0.645161	9	1.54374
SKOR1	8	1.86916	1	0.645161	9	1.54374
SLAMF1	7	1.63551	2	1.29032	9	1.54374
SLC10A5	6	1.40187	3	1.93548	9	1.54374
SLC13A2	8	1.86916	1	0.645161	9	1.54374
SLC13A4	7	1.63551	2	1.29032	9	1.54374
SLC17A4	6	1.40187	3	1.93548	9	1.54374
SLC17A7	8	1.86916	1	0.645161	9	1.54374
SLC23A3	7	1.63551	2	1.29032	9	1.54374
SLC25A17	7	1.63551	2	1.29032	9	1.54374
SLC25A2	8	1.86916	1	0.645161	9	1.54374
SLC25A23	9	2.1028	0	0	9	1.54374
SLC25A28	8	1.86916	1	0.645161	9	1.54374
SLC25A32	7	1.63551	2	1.29032	9	1.54374
SLC26A11	7	1.63551	2	1.29032	9	1.54374
SLC28A2	8	1.86916	1	0.645161	9	1.54374
SLC29A4	7	1.63551	2	1.29032	9	1.54374
SLC2A5	8	1.86916	1	0.645161	9	1.54374
SLC2A8	8	1.86916	1	0.645161	9	1.54374
SLC34A1	9	2.1028	0	0	9	1.54374
SLC35F4	4	0.934579	5	3.22581	9	1.54374
SLC35G3	8	1.86916	1	0.645161	9	1.54374
SLC37A1	8	1.86916	1	0.645161	9	1.54374
SLC38A10	9	2.1028	0	0	9	1.54374
SLC38A11	7	1.63551	2	1.29032	9	1.54374
SLC39A5	8	1.86916	1	0.645161	9	1.54374
SLC41A3	8	1.86916	1	0.645161	9	1.54374
SLC45A3	9	2.1028	0	0	9	1.54374
SLC5A10	7	1.63551	2	1.29032	9	1.54374
SLC5A12	7	1.63551	2	1.29032	9	1.54374
SLC6A4	8	1.86916	1	0.645161	9	1.54374
SLC7A1	9	2.1028	0	0	9	1.54374
SLC7A9	7	1.63551	2	1.29032	9	1.54374
SLC9B1	7	1.63551	2	1.29032	9	1.54374
SLF1	7	1.63551	2	1.29032	9	1.54374
SLFNL1	9	2.1028	0	0	9	1.54374
SLU7	7	1.63551	2	1.29032	9	1.54374
SMAD9	7	1.63551	2	1.29032	9	1.54374
SMARCD3	7	1.63551	2	1.29032	9	1.54374
SMC6	6	1.40187	3	1.93548	9	1.54374
SNIP1	9	2.1028	0	0	9	1.54374
SNRPN	8	1.86916	1	0.645161	9	1.54374
SNX27	8	1.86916	1	0.645161	9	1.54374
SNX32	8	1.86916	1	0.645161	9	1.54374
SOCS6	8	1.86916	1	0.645161	9	1.54374
SP4	8	1.86916	1	0.645161	9	1.54374
SPATA1	7	1.63551	2	1.29032	9	1.54374
SPATS2	8	1.86916	1	0.645161	9	1.54374
SPIN1	8	1.86916	1	0.645161	9	1.54374
SPRED1	8	1.86916	1	0.645161	9	1.54374
SPRED2	8	1.86916	1	0.645161	9	1.54374
SRL	9	2.1028	0	0	9	1.54374
SRSF11	7	1.63551	2	1.29032	9	1.54374
SRSF4	7	1.63551	2	1.29032	9	1.54374
SRSF5	6	1.40187	3	1.93548	9	1.54374
SRSF6	8	1.86916	1	0.645161	9	1.54374
SRSF7	8	1.86916	1	0.645161	9	1.54374
SSTR1	8	1.86916	1	0.645161	9	1.54374
SSX2IP	7	1.63551	2	1.29032	9	1.54374
ST3GAL6	7	1.63551	2	1.29032	9	1.54374
ST8SIA1	9	2.1028	0	0	9	1.54374
ST8SIA5	7	1.63551	2	1.29032	9	1.54374
STEAP2	8	1.86916	1	0.645161	9	1.54374
STK11IP	6	1.40187	3	1.93548	9	1.54374
STK24	8	1.86916	1	0.645161	9	1.54374
STKLD1	6	1.40187	3	1.93548	9	1.54374
STRIP1	9	2.1028	0	0	9	1.54374
STXBP2	7	1.63551	2	1.29032	9	1.54374
STXBP4	6	1.40187	3	1.93548	9	1.54374
SULT1E1	6	1.40187	3	1.93548	9	1.54374
SUOX	7	1.63551	2	1.29032	9	1.54374
SUZ12	5	1.16822	4	2.58065	9	1.54374
SYPL2	6	1.40187	3	1.93548	9	1.54374
SYT10	4	0.934579	5	3.22581	9	1.54374
SYT6	5	1.16822	4	2.58065	9	1.54374
SYTL2	6	1.40187	3	1.93548	9	1.54374
TAAR5	7	1.63551	2	1.29032	9	1.54374
TAF15	8	1.86916	1	0.645161	9	1.54374
TANGO6	8	1.86916	1	0.645161	9	1.54374
TAS2R38	6	1.40187	3	1.93548	9	1.54374
TASP1	6	1.40187	3	1.93548	9	1.54374
TAT	8	1.86916	1	0.645161	9	1.54374
TBC1D10A	9	2.1028	0	0	9	1.54374
TBC1D2B	8	1.86916	1	0.645161	9	1.54374
TBL1X	9	2.1028	0	0	9	1.54374
TBL2	8	1.86916	1	0.645161	9	1.54374
TCAIM	7	1.63551	2	1.29032	9	1.54374
TCEA2	8	1.86916	1	0.645161	9	1.54374
TCEANC	7	1.63551	2	1.29032	9	1.54374
TCFL5	8	1.86916	1	0.645161	9	1.54374
TCTN2	6	1.40187	3	1.93548	9	1.54374
TCTN3	5	1.16822	4	2.58065	9	1.54374
TDRD15	7	1.63551	2	1.29032	9	1.54374
TEC	6	1.40187	3	1.93548	9	1.54374
TEPSIN	9	2.1028	0	0	9	1.54374
TEX13A	5	1.16822	4	2.58065	9	1.54374
TFB1M	6	1.40187	3	1.93548	9	1.54374
TFPI	7	1.63551	2	1.29032	9	1.54374
TGIF2LX	7	1.63551	2	1.29032	9	1.54374
TGS1	7	1.63551	2	1.29032	9	1.54374
THOP1	8	1.86916	1	0.645161	9	1.54374
THSD1	7	1.63551	2	1.29032	9	1.54374
TIGD3	7	1.63551	2	1.29032	9	1.54374
TIMD4	8	1.86916	1	0.645161	9	1.54374
TINAGL1	7	1.63551	2	1.29032	9	1.54374
TLX1	5	1.16822	4	2.58065	9	1.54374
TM4SF4	8	1.86916	1	0.645161	9	1.54374
TMC6	9	2.1028	0	0	9	1.54374
TMEM130	6	1.40187	3	1.93548	9	1.54374
TMEM161B	8	1.86916	1	0.645161	9	1.54374
TMEM185A	6	1.40187	3	1.93548	9	1.54374
TMEM25	8	1.86916	1	0.645161	9	1.54374
TMEM67	8	1.86916	1	0.645161	9	1.54374
TMEM79	7	1.63551	2	1.29032	9	1.54374
TMPRSS2	8	1.86916	1	0.645161	9	1.54374
TMPRSS3	7	1.63551	2	1.29032	9	1.54374
TNFRSF21	8	1.86916	1	0.645161	9	1.54374
TNFRSF8	9	2.1028	0	0	9	1.54374
TNFSF13B	7	1.63551	2	1.29032	9	1.54374
TOMM70	9	2.1028	0	0	9	1.54374
TOP1MT	8	1.86916	1	0.645161	9	1.54374
TOX3	9	2.1028	0	0	9	1.54374
TPH2	8	1.86916	1	0.645161	9	1.54374
TPMT	6	1.40187	3	1.93548	9	1.54374
TPP1	9	2.1028	0	0	9	1.54374
TPSD1	9	2.1028	0	0	9	1.54374
TRAF5	8	1.86916	1	0.645161	9	1.54374
TRIL	7	1.63551	2	1.29032	9	1.54374
TRIM25	7	1.63551	2	1.29032	9	1.54374
TRIM32	8	1.86916	1	0.645161	9	1.54374
TRIM58	7	1.63551	2	1.29032	9	1.54374
TRIM6-TRIM34	9	2.1028	0	0	9	1.54374
TRMT1L	7	1.63551	2	1.29032	9	1.54374
TRMT6	9	2.1028	0	0	9	1.54374
TRMU	7	1.63551	2	1.29032	9	1.54374
TRPM5	8	1.86916	1	0.645161	9	1.54374
TRUB1	8	1.86916	1	0.645161	9	1.54374
TSPAN19	6	1.40187	3	1.93548	9	1.54374
TSR1	5	1.16822	4	2.58065	9	1.54374
TTC6	6	1.40187	3	1.93548	9	1.54374
TTLL1	7	1.63551	2	1.29032	9	1.54374
TTLL3	9	2.1028	0	0	9	1.54374
TTLL6	7	1.63551	2	1.29032	9	1.54374
TTYH3	7	1.63551	2	1.29032	9	1.54374
TUBA4A	7	1.63551	2	1.29032	9	1.54374
TUBAL3	7	1.63551	2	1.29032	9	1.54374
TUBGCP4	9	2.1028	0	0	9	1.54374
TUFM	9	2.1028	0	0	9	1.54374
TXNDC11	8	1.86916	1	0.645161	9	1.54374
UBA1	7	1.63551	2	1.29032	9	1.54374
UBE2NL	6	1.40187	3	1.93548	9	1.54374
UBE2Q1	7	1.63551	2	1.29032	9	1.54374
UBTF	8	1.86916	1	0.645161	9	1.54374
UGT1A9	6	1.40187	3	1.93548	9	1.54374
UNC5CL	8	1.86916	1	0.645161	9	1.54374
UPK1B	7	1.63551	2	1.29032	9	1.54374
USH1C	7	1.63551	2	1.29032	9	1.54374
USO1	7	1.63551	2	1.29032	9	1.54374
USP16	8	1.86916	1	0.645161	9	1.54374
USP36	9	2.1028	0	0	9	1.54374
UTP14A	8	1.86916	1	0.645161	9	1.54374
UVRAG	7	1.63551	2	1.29032	9	1.54374
UVSSA	9	2.1028	0	0	9	1.54374
VASN	8	1.86916	1	0.645161	9	1.54374
VGLL4	8	1.86916	1	0.645161	9	1.54374
VPS37B	9	2.1028	0	0	9	1.54374
VPS45	8	1.86916	1	0.645161	9	1.54374
VRK1	7	1.63551	2	1.29032	9	1.54374
WARS2	7	1.63551	2	1.29032	9	1.54374
WASF1	5	1.16822	4	2.58065	9	1.54374
WDR37	7	1.63551	2	1.29032	9	1.54374
WDR5B	6	1.40187	3	1.93548	9	1.54374
WDR93	6	1.40187	3	1.93548	9	1.54374
WDSUB1	6	1.40187	3	1.93548	9	1.54374
WIPI2	8	1.86916	1	0.645161	9	1.54374
WNT11	9	2.1028	0	0	9	1.54374
WNT3A	8	1.86916	1	0.645161	9	1.54374
WSCD1	7	1.63551	2	1.29032	9	1.54374
XCR1	5	1.16822	4	2.58065	9	1.54374
XYLT1	7	1.63551	2	1.29032	9	1.54374
YARS2	7	1.63551	2	1.29032	9	1.54374
ZADH2	6	1.40187	3	1.93548	9	1.54374
ZBED8	7	1.63551	2	1.29032	9	1.54374
ZBTB26	9	2.1028	0	0	9	1.54374
ZBTB48	8	1.86916	1	0.645161	9	1.54374
ZC2HC1C	8	1.86916	1	0.645161	9	1.54374
ZC3H15	6	1.40187	3	1.93548	9	1.54374
ZC3HC1	6	1.40187	3	1.93548	9	1.54374
ZCCHC12	9	2.1028	0	0	9	1.54374
ZDHHC15	7	1.63551	2	1.29032	9	1.54374
ZDHHC17	7	1.63551	2	1.29032	9	1.54374
ZFAND4	6	1.40187	3	1.93548	9	1.54374
ZFYVE1	7	1.63551	2	1.29032	9	1.54374
ZHX1	6	1.40187	3	1.93548	9	1.54374
ZMAT4	8	1.86916	1	0.645161	9	1.54374
ZMIZ2	8	1.86916	1	0.645161	9	1.54374
ZNF121	6	1.40187	3	1.93548	9	1.54374
ZNF17	8	1.86916	1	0.645161	9	1.54374
ZNF181	6	1.40187	3	1.93548	9	1.54374
ZNF23	4	0.934579	5	3.22581	9	1.54374
ZNF233	6	1.40187	3	1.93548	9	1.54374
ZNF275	9	2.1028	0	0	9	1.54374
ZNF280B	8	1.86916	1	0.645161	9	1.54374
ZNF408	8	1.86916	1	0.645161	9	1.54374
ZNF41	6	1.40187	3	1.93548	9	1.54374
ZNF438	8	1.86916	1	0.645161	9	1.54374
ZNF440	6	1.40187	3	1.93548	9	1.54374
ZNF449	7	1.63551	2	1.29032	9	1.54374
ZNF460	7	1.63551	2	1.29032	9	1.54374
ZNF502	7	1.63551	2	1.29032	9	1.54374
ZNF563	6	1.40187	3	1.93548	9	1.54374
ZNF622	7	1.63551	2	1.29032	9	1.54374
ZNF669	7	1.63551	2	1.29032	9	1.54374
ZNF683	9	2.1028	0	0	9	1.54374
ZNF718	7	1.63551	2	1.29032	9	1.54374
ZNF766	7	1.63551	2	1.29032	9	1.54374
ZNF776	8	1.86916	1	0.645161	9	1.54374
ZNF786	7	1.63551	2	1.29032	9	1.54374
ZNF789	7	1.63551	2	1.29032	9	1.54374
ZNF816	7	1.63551	2	1.29032	9	1.54374
ZNF821	6	1.40187	3	1.93548	9	1.54374
ZNF875	7	1.63551	2	1.29032	9	1.54374
ZSWIM3	6	1.40187	3	1.93548	9	1.54374
ZUP1	6	1.40187	3	1.93548	9	1.54374
ZXDB	8	1.86916	1	0.645161	9	1.54374
A4GALT	8	1.86916	0	0	8	1.37221
A4GNT	4	0.934579	4	2.58065	8	1.37221
ABCE1	6	1.40187	2	1.29032	8	1.37221
ABCF1	6	1.40187	2	1.29032	8	1.37221
ABHD16A	7	1.63551	1	0.645161	8	1.37221
ABHD18	8	1.86916	0	0	8	1.37221
ABLIM1	5	1.16822	3	1.93548	8	1.37221
AC008397.2	8	1.86916	0	0	8	1.37221
AC126283.2	5	1.16822	3	1.93548	8	1.37221
ACBD5	6	1.40187	2	1.29032	8	1.37221
ACER1	7	1.63551	1	0.645161	8	1.37221
ACKR4	5	1.16822	3	1.93548	8	1.37221
ACMSD	6	1.40187	2	1.29032	8	1.37221
ACO2	8	1.86916	0	0	8	1.37221
ACOX1	8	1.86916	0	0	8	1.37221
ACP2	8	1.86916	0	0	8	1.37221
ACSL4	7	1.63551	1	0.645161	8	1.37221
ACSL6	7	1.63551	1	0.645161	8	1.37221
ACSM3	6	1.40187	2	1.29032	8	1.37221
ACTR5	6	1.40187	2	1.29032	8	1.37221
ACVR1	6	1.40187	2	1.29032	8	1.37221
ADCYAP1R1	5	1.16822	3	1.93548	8	1.37221
ADGRF2	5	1.16822	3	1.93548	8	1.37221
ADH1C	6	1.40187	2	1.29032	8	1.37221
ADORA2A	6	1.40187	2	1.29032	8	1.37221
AGMO	7	1.63551	1	0.645161	8	1.37221
AGPAT1	8	1.86916	0	0	8	1.37221
AHCY	7	1.63551	1	0.645161	8	1.37221
AICDA	6	1.40187	2	1.29032	8	1.37221
AIDA	8	1.86916	0	0	8	1.37221
AIFM3	8	1.86916	0	0	8	1.37221
AKAP17A	6	1.40187	2	1.29032	8	1.37221
AKR1B15	6	1.40187	2	1.29032	8	1.37221
ALCAM	8	1.86916	0	0	8	1.37221
ALDOB	8	1.86916	0	0	8	1.37221
ALG5	6	1.40187	2	1.29032	8	1.37221
AMACR	6	1.40187	2	1.29032	8	1.37221
ANAPC4	4	0.934579	4	2.58065	8	1.37221
ANAPC7	7	1.63551	1	0.645161	8	1.37221
ANKRD1	5	1.16822	3	1.93548	8	1.37221
ANKRD36B	5	1.16822	3	1.93548	8	1.37221
ANKRD53	7	1.63551	1	0.645161	8	1.37221
ANXA7	5	1.16822	3	1.93548	8	1.37221
AOPEP	7	1.63551	1	0.645161	8	1.37221
APBA3	7	1.63551	1	0.645161	8	1.37221
API5	6	1.40187	2	1.29032	8	1.37221
APOBEC1	8	1.86916	0	0	8	1.37221
AQP2	6	1.40187	2	1.29032	8	1.37221
AQP9	5	1.16822	3	1.93548	8	1.37221
ARFGAP2	6	1.40187	2	1.29032	8	1.37221
ARHGEF19	6	1.40187	2	1.29032	8	1.37221
ARHGEF37	8	1.86916	0	0	8	1.37221
ARID3C	5	1.16822	3	1.93548	8	1.37221
ARL11	7	1.63551	1	0.645161	8	1.37221
ARL14EP	7	1.63551	1	0.645161	8	1.37221
ARMC5	7	1.63551	1	0.645161	8	1.37221
ARMC8	5	1.16822	3	1.93548	8	1.37221
ARMC9	6	1.40187	2	1.29032	8	1.37221
ARSI	6	1.40187	2	1.29032	8	1.37221
ART1	8	1.86916	0	0	8	1.37221
ASAH1	7	1.63551	1	0.645161	8	1.37221
ASB17	6	1.40187	2	1.29032	8	1.37221
ASB3	7	1.63551	1	0.645161	8	1.37221
ASB7	6	1.40187	2	1.29032	8	1.37221
ASIC1	7	1.63551	1	0.645161	8	1.37221
ASPG	8	1.86916	0	0	8	1.37221
ASTL	6	1.40187	2	1.29032	8	1.37221
ATAD3A	7	1.63551	1	0.645161	8	1.37221
ATF6B	7	1.63551	1	0.645161	8	1.37221
ATF7IP2	6	1.40187	2	1.29032	8	1.37221
ATG5	7	1.63551	1	0.645161	8	1.37221
ATP1B2	7	1.63551	1	0.645161	8	1.37221
ATP5F1C	5	1.16822	3	1.93548	8	1.37221
ATP6AP2	5	1.16822	3	1.93548	8	1.37221
ATP6V0A1	6	1.40187	2	1.29032	8	1.37221
ATP6V0A2	4	0.934579	4	2.58065	8	1.37221
ATP6V1H	5	1.16822	3	1.93548	8	1.37221
ATXN7L3	6	1.40187	2	1.29032	8	1.37221
AVPR2	7	1.63551	1	0.645161	8	1.37221
AWAT1	6	1.40187	2	1.29032	8	1.37221
B3GALNT1	6	1.40187	2	1.29032	8	1.37221
B3GALT2	7	1.63551	1	0.645161	8	1.37221
B3GNT7	6	1.40187	2	1.29032	8	1.37221
BAP1	6	1.40187	2	1.29032	8	1.37221
BBOX1	6	1.40187	2	1.29032	8	1.37221
BEST2	7	1.63551	1	0.645161	8	1.37221
BEST4	7	1.63551	1	0.645161	8	1.37221
BFSP1	6	1.40187	2	1.29032	8	1.37221
BFSP2	6	1.40187	2	1.29032	8	1.37221
BHLHE22	7	1.63551	1	0.645161	8	1.37221
BIRC2	5	1.16822	3	1.93548	8	1.37221
BLMH	5	1.16822	3	1.93548	8	1.37221
BPIFA3	6	1.40187	2	1.29032	8	1.37221
BPIFC	5	1.16822	3	1.93548	8	1.37221
BRS3	7	1.63551	1	0.645161	8	1.37221
BTBD3	8	1.86916	0	0	8	1.37221
BTBD8	6	1.40187	2	1.29032	8	1.37221
BTNL9	8	1.86916	0	0	8	1.37221
BUB1B	5	1.16822	3	1.93548	8	1.37221
C1GALT1C1L	6	1.40187	2	1.29032	8	1.37221
C1QTNF3	7	1.63551	1	0.645161	8	1.37221
C1orf100	7	1.63551	1	0.645161	8	1.37221
C1orf87	6	1.40187	2	1.29032	8	1.37221
C1orf94	7	1.63551	1	0.645161	8	1.37221
C22orf23	7	1.63551	1	0.645161	8	1.37221
C6orf15	7	1.63551	1	0.645161	8	1.37221
C7orf33	5	1.16822	3	1.93548	8	1.37221
C9orf72	5	1.16822	3	1.93548	8	1.37221
CA8	6	1.40187	2	1.29032	8	1.37221
CABP4	8	1.86916	0	0	8	1.37221
CALCR	6	1.40187	2	1.29032	8	1.37221
CALHM1	5	1.16822	3	1.93548	8	1.37221
CALHM5	7	1.63551	1	0.645161	8	1.37221
CAMK2D	7	1.63551	1	0.645161	8	1.37221
CAMK4	6	1.40187	2	1.29032	8	1.37221
CAPN12	8	1.86916	0	0	8	1.37221
CAPZA3	5	1.16822	3	1.93548	8	1.37221
CAPZB	7	1.63551	1	0.645161	8	1.37221
CARD9	7	1.63551	1	0.645161	8	1.37221
CASP7	6	1.40187	2	1.29032	8	1.37221
CAST	6	1.40187	2	1.29032	8	1.37221
CATSPER2	5	1.16822	3	1.93548	8	1.37221
CBLN3	7	1.63551	1	0.645161	8	1.37221
CBX1	6	1.40187	2	1.29032	8	1.37221
CBX3	6	1.40187	2	1.29032	8	1.37221
CCDC185	5	1.16822	3	1.93548	8	1.37221
CCDC27	7	1.63551	1	0.645161	8	1.37221
CCDC42	7	1.63551	1	0.645161	8	1.37221
CCDC60	7	1.63551	1	0.645161	8	1.37221
CCDC74B	7	1.63551	1	0.645161	8	1.37221
CCDC78	6	1.40187	2	1.29032	8	1.37221
CCM2	6	1.40187	2	1.29032	8	1.37221
CCN6	7	1.63551	1	0.645161	8	1.37221
CCNK	7	1.63551	1	0.645161	8	1.37221
CCNL2	8	1.86916	0	0	8	1.37221
CCR2	5	1.16822	3	1.93548	8	1.37221
CCT3	6	1.40187	2	1.29032	8	1.37221
CCT4	6	1.40187	2	1.29032	8	1.37221
CD200R1L	7	1.63551	1	0.645161	8	1.37221
CD34	6	1.40187	2	1.29032	8	1.37221
CD40LG	7	1.63551	1	0.645161	8	1.37221
CD84	6	1.40187	2	1.29032	8	1.37221
CDADC1	6	1.40187	2	1.29032	8	1.37221
CDK19	7	1.63551	1	0.645161	8	1.37221
CDK20	6	1.40187	2	1.29032	8	1.37221
CDKL3	6	1.40187	2	1.29032	8	1.37221
CDNF	7	1.63551	1	0.645161	8	1.37221
CDR2L	7	1.63551	1	0.645161	8	1.37221
CDS2	7	1.63551	1	0.645161	8	1.37221
CDX2	8	1.86916	0	0	8	1.37221
CELF3	7	1.63551	1	0.645161	8	1.37221
CENPN	7	1.63551	1	0.645161	8	1.37221
CERS6	5	1.16822	3	1.93548	8	1.37221
CETN1	4	0.934579	4	2.58065	8	1.37221
CFAP221	5	1.16822	3	1.93548	8	1.37221
CFAP53	7	1.63551	1	0.645161	8	1.37221
CFAP97	5	1.16822	3	1.93548	8	1.37221
CFHR2	6	1.40187	2	1.29032	8	1.37221
CH25H	7	1.63551	1	0.645161	8	1.37221
CHEK2	7	1.63551	1	0.645161	8	1.37221
CHGA	6	1.40187	2	1.29032	8	1.37221
CHI3L2	6	1.40187	2	1.29032	8	1.37221
CHN1	6	1.40187	2	1.29032	8	1.37221
CHRM5	7	1.63551	1	0.645161	8	1.37221
CHRNG	7	1.63551	1	0.645161	8	1.37221
CHST8	7	1.63551	1	0.645161	8	1.37221
CIR1	8	1.86916	0	0	8	1.37221
CKM	7	1.63551	1	0.645161	8	1.37221
CLCNKA	8	1.86916	0	0	8	1.37221
CLCNKB	8	1.86916	0	0	8	1.37221
CLEC2B	5	1.16822	3	1.93548	8	1.37221
CLPB	7	1.63551	1	0.645161	8	1.37221
CLYBL	7	1.63551	1	0.645161	8	1.37221
CMTM5	6	1.40187	2	1.29032	8	1.37221
CNKSR3	7	1.63551	1	0.645161	8	1.37221
CNOT6	6	1.40187	2	1.29032	8	1.37221
CNOT8	5	1.16822	3	1.93548	8	1.37221
CNPPD1	5	1.16822	3	1.93548	8	1.37221
CNST	7	1.63551	1	0.645161	8	1.37221
COG7	6	1.40187	2	1.29032	8	1.37221
COG8	7	1.63551	1	0.645161	8	1.37221
COL8A2	7	1.63551	1	0.645161	8	1.37221
COPG1	7	1.63551	1	0.645161	8	1.37221
COPS3	6	1.40187	2	1.29032	8	1.37221
COQ2	7	1.63551	1	0.645161	8	1.37221
COQ8B	7	1.63551	1	0.645161	8	1.37221
COQ9	7	1.63551	1	0.645161	8	1.37221
CORO1C	6	1.40187	2	1.29032	8	1.37221
COX18	4	0.934579	4	2.58065	8	1.37221
CPSF7	6	1.40187	2	1.29032	8	1.37221
CR1L	7	1.63551	1	0.645161	8	1.37221
CREBRF	6	1.40187	2	1.29032	8	1.37221
CRISPLD2	6	1.40187	2	1.29032	8	1.37221
CRNN	8	1.86916	0	0	8	1.37221
CROT	5	1.16822	3	1.93548	8	1.37221
CRX	4	0.934579	4	2.58065	8	1.37221
CRY2	8	1.86916	0	0	8	1.37221
CRYBB1	5	1.16822	3	1.93548	8	1.37221
CSGALNACT1	6	1.40187	2	1.29032	8	1.37221
CSK	6	1.40187	2	1.29032	8	1.37221
CSNK1G2	7	1.63551	1	0.645161	8	1.37221
CSNK2A1	8	1.86916	0	0	8	1.37221
CTAGE6	4	0.934579	4	2.58065	8	1.37221
CTIF	6	1.40187	2	1.29032	8	1.37221
CTPS1	6	1.40187	2	1.29032	8	1.37221
CTPS2	7	1.63551	1	0.645161	8	1.37221
CTSH	7	1.63551	1	0.645161	8	1.37221
CUZD1	6	1.40187	2	1.29032	8	1.37221
CWH43	6	1.40187	2	1.29032	8	1.37221
CXCR5	6	1.40187	2	1.29032	8	1.37221
CYP17A1	8	1.86916	0	0	8	1.37221
CYP24A1	7	1.63551	1	0.645161	8	1.37221
CYP2E1	5	1.16822	3	1.93548	8	1.37221
CYP3A4	7	1.63551	1	0.645161	8	1.37221
CYP46A1	8	1.86916	0	0	8	1.37221
CYP4F11	5	1.16822	3	1.93548	8	1.37221
CYP4F8	7	1.63551	1	0.645161	8	1.37221
CYP4V2	7	1.63551	1	0.645161	8	1.37221
CYTH3	6	1.40187	2	1.29032	8	1.37221
DAPP1	7	1.63551	1	0.645161	8	1.37221
DAZAP1	8	1.86916	0	0	8	1.37221
DCAF12	7	1.63551	1	0.645161	8	1.37221
DCAF13	6	1.40187	2	1.29032	8	1.37221
DCAF7	7	1.63551	1	0.645161	8	1.37221
DCAKD	7	1.63551	1	0.645161	8	1.37221
DCPS	6	1.40187	2	1.29032	8	1.37221
DDX20	6	1.40187	2	1.29032	8	1.37221
DDX6	7	1.63551	1	0.645161	8	1.37221
DELE1	8	1.86916	0	0	8	1.37221
DEPTOR	5	1.16822	3	1.93548	8	1.37221
DERA	5	1.16822	3	1.93548	8	1.37221
DHRS7C	5	1.16822	3	1.93548	8	1.37221
DHX32	5	1.16822	3	1.93548	8	1.37221
DIO3	7	1.63551	1	0.645161	8	1.37221
DIPK2B	7	1.63551	1	0.645161	8	1.37221
DIRAS2	7	1.63551	1	0.645161	8	1.37221
DMBX1	7	1.63551	1	0.645161	8	1.37221
DMPK	8	1.86916	0	0	8	1.37221
DMRT2	7	1.63551	1	0.645161	8	1.37221
DMTF1	5	1.16822	3	1.93548	8	1.37221
DNAJA3	6	1.40187	2	1.29032	8	1.37221
DNAJA4	8	1.86916	0	0	8	1.37221
DNAJB13	7	1.63551	1	0.645161	8	1.37221
DNAJB5	7	1.63551	1	0.645161	8	1.37221
DNAJC1	8	1.86916	0	0	8	1.37221
DNAJC22	8	1.86916	0	0	8	1.37221
DOLK	7	1.63551	1	0.645161	8	1.37221
DPAGT1	6	1.40187	2	1.29032	8	1.37221
DPF3	5	1.16822	3	1.93548	8	1.37221
DPH5	5	1.16822	3	1.93548	8	1.37221
DTNB	7	1.63551	1	0.645161	8	1.37221
DTWD1	5	1.16822	3	1.93548	8	1.37221
DTWD2	8	1.86916	0	0	8	1.37221
DTX3L	6	1.40187	2	1.29032	8	1.37221
DVL1	7	1.63551	1	0.645161	8	1.37221
EDN3	7	1.63551	1	0.645161	8	1.37221
EFHD1	6	1.40187	2	1.29032	8	1.37221
EFNB1	8	1.86916	0	0	8	1.37221
EIF3D	7	1.63551	1	0.645161	8	1.37221
EIF4A2	7	1.63551	1	0.645161	8	1.37221
ELAC2	7	1.63551	1	0.645161	8	1.37221
ELAVL1	6	1.40187	2	1.29032	8	1.37221
ELK1	7	1.63551	1	0.645161	8	1.37221
ELMOD1	6	1.40187	2	1.29032	8	1.37221
ELN	7	1.63551	1	0.645161	8	1.37221
EMC7	7	1.63551	1	0.645161	8	1.37221
EMD	5	1.16822	3	1.93548	8	1.37221
EML6	6	1.40187	2	1.29032	8	1.37221
EN1	7	1.63551	1	0.645161	8	1.37221
ENAH	7	1.63551	1	0.645161	8	1.37221
ENGASE	8	1.86916	0	0	8	1.37221
ENKUR	6	1.40187	2	1.29032	8	1.37221
ENPP4	6	1.40187	2	1.29032	8	1.37221
ENPP6	5	1.16822	3	1.93548	8	1.37221
ENTPD2	7	1.63551	1	0.645161	8	1.37221
EOGT	6	1.40187	2	1.29032	8	1.37221
EPAS1	8	1.86916	0	0	8	1.37221
EPB42	7	1.63551	1	0.645161	8	1.37221
EPM2AIP1	6	1.40187	2	1.29032	8	1.37221
EPN2	7	1.63551	1	0.645161	8	1.37221
ERGIC3	7	1.63551	1	0.645161	8	1.37221
ERLIN2	7	1.63551	1	0.645161	8	1.37221
ERN1	7	1.63551	1	0.645161	8	1.37221
ERP27	5	1.16822	3	1.93548	8	1.37221
ERVFRD-1	5	1.16822	3	1.93548	8	1.37221
ESM1	7	1.63551	1	0.645161	8	1.37221
ESRP2	5	1.16822	3	1.93548	8	1.37221
ETS1	3	0.700935	5	3.22581	8	1.37221
ETS2	7	1.63551	1	0.645161	8	1.37221
EVL	8	1.86916	0	0	8	1.37221
EXD1	7	1.63551	1	0.645161	8	1.37221
EXOC3L4	8	1.86916	0	0	8	1.37221
EXOC5	7	1.63551	1	0.645161	8	1.37221
EXTL1	6	1.40187	2	1.29032	8	1.37221
EYA2	6	1.40187	2	1.29032	8	1.37221
EZH1	6	1.40187	2	1.29032	8	1.37221
F10	6	1.40187	2	1.29032	8	1.37221
FAAH2	5	1.16822	3	1.93548	8	1.37221
FAHD2A	6	1.40187	2	1.29032	8	1.37221
FAM107B	5	1.16822	3	1.93548	8	1.37221
FAM114A2	5	1.16822	3	1.93548	8	1.37221
FAM155B	6	1.40187	2	1.29032	8	1.37221
FAM186A	6	1.40187	2	1.29032	8	1.37221
FAM189A2	6	1.40187	2	1.29032	8	1.37221
FAM199X	8	1.86916	0	0	8	1.37221
FAM200A	8	1.86916	0	0	8	1.37221
FAM217B	5	1.16822	3	1.93548	8	1.37221
FAM50B	6	1.40187	2	1.29032	8	1.37221
FAR1	6	1.40187	2	1.29032	8	1.37221
FBXL17	6	1.40187	2	1.29032	8	1.37221
FBXL2	7	1.63551	1	0.645161	8	1.37221
FBXO22	7	1.63551	1	0.645161	8	1.37221
FBXO28	6	1.40187	2	1.29032	8	1.37221
FBXO48	6	1.40187	2	1.29032	8	1.37221
FBXW5	8	1.86916	0	0	8	1.37221
FCHSD2	6	1.40187	2	1.29032	8	1.37221
FCRL2	5	1.16822	3	1.93548	8	1.37221
FDPS	8	1.86916	0	0	8	1.37221
FEM1A	8	1.86916	0	0	8	1.37221
FEM1B	5	1.16822	3	1.93548	8	1.37221
FGFRL1	7	1.63551	1	0.645161	8	1.37221
FKBP8	6	1.40187	2	1.29032	8	1.37221
FLOT1	8	1.86916	0	0	8	1.37221
FLYWCH1	8	1.86916	0	0	8	1.37221
FNTB	5	1.16822	3	1.93548	8	1.37221
FOLR3	7	1.63551	1	0.645161	8	1.37221
FOXD4L1	7	1.63551	1	0.645161	8	1.37221
FOXN1	8	1.86916	0	0	8	1.37221
FOXR1	6	1.40187	2	1.29032	8	1.37221
FOXRED1	8	1.86916	0	0	8	1.37221
FPR3	5	1.16822	3	1.93548	8	1.37221
FUT11	6	1.40187	2	1.29032	8	1.37221
G3BP2	6	1.40187	2	1.29032	8	1.37221
GAB3	8	1.86916	0	0	8	1.37221
GAL3ST2	7	1.63551	1	0.645161	8	1.37221
GALK2	7	1.63551	1	0.645161	8	1.37221
GALNS	7	1.63551	1	0.645161	8	1.37221
GALNT12	5	1.16822	3	1.93548	8	1.37221
GALNT16	4	0.934579	4	2.58065	8	1.37221
GALNT18	6	1.40187	2	1.29032	8	1.37221
GALT	7	1.63551	1	0.645161	8	1.37221
GAS6	8	1.86916	0	0	8	1.37221
GBA3	7	1.63551	1	0.645161	8	1.37221
GBP4	6	1.40187	2	1.29032	8	1.37221
GCAT	6	1.40187	2	1.29032	8	1.37221
GCM1	6	1.40187	2	1.29032	8	1.37221
GDAP1	7	1.63551	1	0.645161	8	1.37221
GDF9	7	1.63551	1	0.645161	8	1.37221
GDPD4	7	1.63551	1	0.645161	8	1.37221
GGT7	6	1.40187	2	1.29032	8	1.37221
GHSR	8	1.86916	0	0	8	1.37221
GIN1	7	1.63551	1	0.645161	8	1.37221
GJA3	7	1.63551	1	0.645161	8	1.37221
GJA9	7	1.63551	1	0.645161	8	1.37221
GK5	5	1.16822	3	1.93548	8	1.37221
GLA	7	1.63551	1	0.645161	8	1.37221
GLP2R	5	1.16822	3	1.93548	8	1.37221
GLRA4	5	1.16822	3	1.93548	8	1.37221
GLYR1	8	1.86916	0	0	8	1.37221
GMPR	6	1.40187	2	1.29032	8	1.37221
GNA12	7	1.63551	1	0.645161	8	1.37221
GNE	7	1.63551	1	0.645161	8	1.37221
GOLM1	7	1.63551	1	0.645161	8	1.37221
GPAM	6	1.40187	2	1.29032	8	1.37221
GPR137B	6	1.40187	2	1.29032	8	1.37221
GPR3	8	1.86916	0	0	8	1.37221
GPR31	5	1.16822	3	1.93548	8	1.37221
GPR34	7	1.63551	1	0.645161	8	1.37221
GPR45	6	1.40187	2	1.29032	8	1.37221
GPR75	5	1.16822	3	1.93548	8	1.37221
GPR78	8	1.86916	0	0	8	1.37221
GPRIN1	8	1.86916	0	0	8	1.37221
GRB7	7	1.63551	1	0.645161	8	1.37221
GRIN3B	8	1.86916	0	0	8	1.37221
GRK4	8	1.86916	0	0	8	1.37221
GRSF1	7	1.63551	1	0.645161	8	1.37221
GSTZ1	6	1.40187	2	1.29032	8	1.37221
GSX2	8	1.86916	0	0	8	1.37221
GTF2E1	7	1.63551	1	0.645161	8	1.37221
GTF2H1	6	1.40187	2	1.29032	8	1.37221
GTPBP4	5	1.16822	3	1.93548	8	1.37221
GTPBP8	4	0.934579	4	2.58065	8	1.37221
H1-3	7	1.63551	1	0.645161	8	1.37221
H1-5	4	0.934579	4	2.58065	8	1.37221
H2AC20	6	1.40187	2	1.29032	8	1.37221
H6PD	7	1.63551	1	0.645161	8	1.37221
HABP2	6	1.40187	2	1.29032	8	1.37221
HAGHL	8	1.86916	0	0	8	1.37221
HAL	7	1.63551	1	0.645161	8	1.37221
HAP1	6	1.40187	2	1.29032	8	1.37221
HAPLN4	8	1.86916	0	0	8	1.37221
HAVCR1	6	1.40187	2	1.29032	8	1.37221
HCK	8	1.86916	0	0	8	1.37221
HCN2	8	1.86916	0	0	8	1.37221
HDAC2	6	1.40187	2	1.29032	8	1.37221
HEMGN	4	0.934579	4	2.58065	8	1.37221
HEXIM2	6	1.40187	2	1.29032	8	1.37221
HFE	5	1.16822	3	1.93548	8	1.37221
HHATL	3	0.700935	5	3.22581	8	1.37221
HIRIP3	8	1.86916	0	0	8	1.37221
HLA-DPA1	7	1.63551	1	0.645161	8	1.37221
HLA-DQA2	5	1.16822	3	1.93548	8	1.37221
HLA-DRA	8	1.86916	0	0	8	1.37221
HMGCLL1	6	1.40187	2	1.29032	8	1.37221
HMGCS2	7	1.63551	1	0.645161	8	1.37221
HNRNPD	7	1.63551	1	0.645161	8	1.37221
HOXA1	7	1.63551	1	0.645161	8	1.37221
HOXA3	6	1.40187	2	1.29032	8	1.37221
HOXD9	4	0.934579	4	2.58065	8	1.37221
HP	6	1.40187	2	1.29032	8	1.37221
HPS6	8	1.86916	0	0	8	1.37221
HSD17B14	6	1.40187	2	1.29032	8	1.37221
HSF2	7	1.63551	1	0.645161	8	1.37221
HSP90AB1	6	1.40187	2	1.29032	8	1.37221
HSPA5	6	1.40187	2	1.29032	8	1.37221
HSPD1	5	1.16822	3	1.93548	8	1.37221
ICA1L	6	1.40187	2	1.29032	8	1.37221
IDH1	7	1.63551	1	0.645161	8	1.37221
IDH3G	8	1.86916	0	0	8	1.37221
IDO1	6	1.40187	2	1.29032	8	1.37221
IFNAR1	7	1.63551	1	0.645161	8	1.37221
IFNLR1	7	1.63551	1	0.645161	8	1.37221
IGF2BP2	5	1.16822	3	1.93548	8	1.37221
IGHG4	6	1.40187	2	1.29032	8	1.37221
IGHV3OR16-8	7	1.63551	1	0.645161	8	1.37221
IK	7	1.63551	1	0.645161	8	1.37221
IKBIP	7	1.63551	1	0.645161	8	1.37221
IL10RB	6	1.40187	2	1.29032	8	1.37221
IL27RA	6	1.40187	2	1.29032	8	1.37221
IL6	6	1.40187	2	1.29032	8	1.37221
INPP5B	6	1.40187	2	1.29032	8	1.37221
INPP5E	8	1.86916	0	0	8	1.37221
IPPK	7	1.63551	1	0.645161	8	1.37221
IRGQ	7	1.63551	1	0.645161	8	1.37221
ITGB5	7	1.63551	1	0.645161	8	1.37221
ITPKC	7	1.63551	1	0.645161	8	1.37221
JADE3	5	1.16822	3	1.93548	8	1.37221
JPT2	7	1.63551	1	0.645161	8	1.37221
KAT2A	6	1.40187	2	1.29032	8	1.37221
KATNAL2	5	1.16822	3	1.93548	8	1.37221
KATNBL1	6	1.40187	2	1.29032	8	1.37221
KCNAB1	6	1.40187	2	1.29032	8	1.37221
KCNC4	4	0.934579	4	2.58065	8	1.37221
KCNE5	7	1.63551	1	0.645161	8	1.37221
KCNJ10	8	1.86916	0	0	8	1.37221
KCNJ12	8	1.86916	0	0	8	1.37221
KCNJ13	4	0.934579	4	2.58065	8	1.37221
KCNJ5	8	1.86916	0	0	8	1.37221
KCNJ6	3	0.700935	5	3.22581	8	1.37221
KCNK1	6	1.40187	2	1.29032	8	1.37221
KCNK5	5	1.16822	3	1.93548	8	1.37221
KCNMB2	7	1.63551	1	0.645161	8	1.37221
KCNRG	6	1.40187	2	1.29032	8	1.37221
KDM4D	7	1.63551	1	0.645161	8	1.37221
KHDRBS3	8	1.86916	0	0	8	1.37221
KIAA1614	6	1.40187	2	1.29032	8	1.37221
KIF22	6	1.40187	2	1.29032	8	1.37221
KIF2A	7	1.63551	1	0.645161	8	1.37221
KIFBP	8	1.86916	0	0	8	1.37221
KLF5	6	1.40187	2	1.29032	8	1.37221
KLHDC7A	5	1.16822	3	1.93548	8	1.37221
KLHDC9	8	1.86916	0	0	8	1.37221
KLHL18	7	1.63551	1	0.645161	8	1.37221
KLHL28	5	1.16822	3	1.93548	8	1.37221
KLK12	5	1.16822	3	1.93548	8	1.37221
KLK13	7	1.63551	1	0.645161	8	1.37221
KRT12	7	1.63551	1	0.645161	8	1.37221
KRT15	6	1.40187	2	1.29032	8	1.37221
KRT35	5	1.16822	3	1.93548	8	1.37221
KRT6B	8	1.86916	0	0	8	1.37221
KRTAP10-6	8	1.86916	0	0	8	1.37221
KRTAP10-7	7	1.63551	1	0.645161	8	1.37221
KRTAP27-1	8	1.86916	0	0	8	1.37221
KRTAP6-2	6	1.40187	2	1.29032	8	1.37221
KYNU	5	1.16822	3	1.93548	8	1.37221
LAMP1	7	1.63551	1	0.645161	8	1.37221
LANCL1	6	1.40187	2	1.29032	8	1.37221
LAP3	6	1.40187	2	1.29032	8	1.37221
LAS1L	5	1.16822	3	1.93548	8	1.37221
LDB2	6	1.40187	2	1.29032	8	1.37221
LDHAL6A	5	1.16822	3	1.93548	8	1.37221
LEXM	5	1.16822	3	1.93548	8	1.37221
LGI2	5	1.16822	3	1.93548	8	1.37221
LHX5	8	1.86916	0	0	8	1.37221
LHX6	8	1.86916	0	0	8	1.37221
LIMD1	8	1.86916	0	0	8	1.37221
LIN54	6	1.40187	2	1.29032	8	1.37221
LMBR1L	8	1.86916	0	0	8	1.37221
LMX1B	8	1.86916	0	0	8	1.37221
LOX	7	1.63551	1	0.645161	8	1.37221
LPAR3	7	1.63551	1	0.645161	8	1.37221
LPAR6	6	1.40187	2	1.29032	8	1.37221
LRCH3	7	1.63551	1	0.645161	8	1.37221
LRFN3	8	1.86916	0	0	8	1.37221
LRP2BP	8	1.86916	0	0	8	1.37221
LRP8	3	0.700935	5	3.22581	8	1.37221
LRRC28	7	1.63551	1	0.645161	8	1.37221
LRRC32	8	1.86916	0	0	8	1.37221
LRRC47	8	1.86916	0	0	8	1.37221
LRRC52	6	1.40187	2	1.29032	8	1.37221
LRRC56	8	1.86916	0	0	8	1.37221
LRRC74A	7	1.63551	1	0.645161	8	1.37221
LTBR	7	1.63551	1	0.645161	8	1.37221
LTV1	5	1.16822	3	1.93548	8	1.37221
LUC7L2	5	1.16822	3	1.93548	8	1.37221
LUZP4	7	1.63551	1	0.645161	8	1.37221
LY9	6	1.40187	2	1.29032	8	1.37221
MAEA	8	1.86916	0	0	8	1.37221
MAGEA1	5	1.16822	3	1.93548	8	1.37221
MAGEA11	7	1.63551	1	0.645161	8	1.37221
MAGEB3	5	1.16822	3	1.93548	8	1.37221
MAGIX	6	1.40187	2	1.29032	8	1.37221
MAP2K3	7	1.63551	1	0.645161	8	1.37221
MAP2K6	6	1.40187	2	1.29032	8	1.37221
MAP3K20	6	1.40187	2	1.29032	8	1.37221
MAP4K2	7	1.63551	1	0.645161	8	1.37221
MAPK7	8	1.86916	0	0	8	1.37221
MAPK9	6	1.40187	2	1.29032	8	1.37221
MARS2	7	1.63551	1	0.645161	8	1.37221
MARVELD3	7	1.63551	1	0.645161	8	1.37221
MATN1	6	1.40187	2	1.29032	8	1.37221
MBNL1	6	1.40187	2	1.29032	8	1.37221
MBNL2	6	1.40187	2	1.29032	8	1.37221
MCM8	5	1.16822	3	1.93548	8	1.37221
MCM9	5	1.16822	3	1.93548	8	1.37221
MCMBP	7	1.63551	1	0.645161	8	1.37221
MECP2	7	1.63551	1	0.645161	8	1.37221
MED26	7	1.63551	1	0.645161	8	1.37221
MEIS3	7	1.63551	1	0.645161	8	1.37221
MEMO1	4	0.934579	4	2.58065	8	1.37221
MEN1	6	1.40187	2	1.29032	8	1.37221
METTL22	8	1.86916	0	0	8	1.37221
MEX3A	5	1.16822	3	1.93548	8	1.37221
MEX3C	7	1.63551	1	0.645161	8	1.37221
MFAP5	8	1.86916	0	0	8	1.37221
MFHAS1	7	1.63551	1	0.645161	8	1.37221
MFSD12	7	1.63551	1	0.645161	8	1.37221
MFSD13A	7	1.63551	1	0.645161	8	1.37221
MFSD14B	7	1.63551	1	0.645161	8	1.37221
MFSD2B	8	1.86916	0	0	8	1.37221
MFSD8	7	1.63551	1	0.645161	8	1.37221
MICALL1	8	1.86916	0	0	8	1.37221
MID2	8	1.86916	0	0	8	1.37221
MIEF2	8	1.86916	0	0	8	1.37221
MKS1	6	1.40187	2	1.29032	8	1.37221
MKX	8	1.86916	0	0	8	1.37221
MLC1	7	1.63551	1	0.645161	8	1.37221
MLNR	6	1.40187	2	1.29032	8	1.37221
MLXIPL	8	1.86916	0	0	8	1.37221
MMAA	6	1.40187	2	1.29032	8	1.37221
MMP25	7	1.63551	1	0.645161	8	1.37221
MMP27	7	1.63551	1	0.645161	8	1.37221
MNT	6	1.40187	2	1.29032	8	1.37221
MOCS3	7	1.63551	1	0.645161	8	1.37221
MPPED2	6	1.40187	2	1.29032	8	1.37221
MS4A1	7	1.63551	1	0.645161	8	1.37221
MSH5	7	1.63551	1	0.645161	8	1.37221
MSI1	8	1.86916	0	0	8	1.37221
MSR1	6	1.40187	2	1.29032	8	1.37221
MTHFD2L	8	1.86916	0	0	8	1.37221
MUTYH	4	0.934579	4	2.58065	8	1.37221
MXD3	8	1.86916	0	0	8	1.37221
MYB	4	0.934579	4	2.58065	8	1.37221
MYOC	5	1.16822	3	1.93548	8	1.37221
MYOG	6	1.40187	2	1.29032	8	1.37221
MYOT	6	1.40187	2	1.29032	8	1.37221
MYOZ2	7	1.63551	1	0.645161	8	1.37221
NAAA	7	1.63551	1	0.645161	8	1.37221
NAB1	8	1.86916	0	0	8	1.37221
NAB2	7	1.63551	1	0.645161	8	1.37221
NACC1	8	1.86916	0	0	8	1.37221
NACC2	8	1.86916	0	0	8	1.37221
NAE1	4	0.934579	4	2.58065	8	1.37221
NARS2	6	1.40187	2	1.29032	8	1.37221
NBPF3	6	1.40187	2	1.29032	8	1.37221
NCAPH2	6	1.40187	2	1.29032	8	1.37221
NCEH1	6	1.40187	2	1.29032	8	1.37221
NCK2	6	1.40187	2	1.29032	8	1.37221
NDC80	8	1.86916	0	0	8	1.37221
NDNF	7	1.63551	1	0.645161	8	1.37221
NDST1	8	1.86916	0	0	8	1.37221
NDUFA9	7	1.63551	1	0.645161	8	1.37221
NDUFS2	5	1.16822	3	1.93548	8	1.37221
NECAB1	7	1.63551	1	0.645161	8	1.37221
NECTIN3	6	1.40187	2	1.29032	8	1.37221
NEK11	5	1.16822	3	1.93548	8	1.37221
NELFA	7	1.63551	1	0.645161	8	1.37221
NFE2L2	6	1.40187	2	1.29032	8	1.37221
NFKB2	6	1.40187	2	1.29032	8	1.37221
NGFR	6	1.40187	2	1.29032	8	1.37221
NIFK	7	1.63551	1	0.645161	8	1.37221
NIPAL3	7	1.63551	1	0.645161	8	1.37221
NKAP	6	1.40187	2	1.29032	8	1.37221
NKRF	7	1.63551	1	0.645161	8	1.37221
NKX6-2	7	1.63551	1	0.645161	8	1.37221
NLE1	7	1.63551	1	0.645161	8	1.37221
NME9	6	1.40187	2	1.29032	8	1.37221
NOSIP	7	1.63551	1	0.645161	8	1.37221
NOSTRIN	6	1.40187	2	1.29032	8	1.37221
NOXRED1	7	1.63551	1	0.645161	8	1.37221
NPHS2	6	1.40187	2	1.29032	8	1.37221
NPLOC4	6	1.40187	2	1.29032	8	1.37221
NPRL3	7	1.63551	1	0.645161	8	1.37221
NR2C1	7	1.63551	1	0.645161	8	1.37221
NR2F2	8	1.86916	0	0	8	1.37221
NR3C1	6	1.40187	2	1.29032	8	1.37221
NRF1	5	1.16822	3	1.93548	8	1.37221
NTSR2	7	1.63551	1	0.645161	8	1.37221
NUAK2	7	1.63551	1	0.645161	8	1.37221
NUDT12	6	1.40187	2	1.29032	8	1.37221
NUDT13	6	1.40187	2	1.29032	8	1.37221
NUP54	7	1.63551	1	0.645161	8	1.37221
NUTM2F	7	1.63551	1	0.645161	8	1.37221
NXF3	6	1.40187	2	1.29032	8	1.37221
NXN	6	1.40187	2	1.29032	8	1.37221
NXPE3	4	0.934579	4	2.58065	8	1.37221
NXPH2	6	1.40187	2	1.29032	8	1.37221
OGA	7	1.63551	1	0.645161	8	1.37221
OIT3	6	1.40187	2	1.29032	8	1.37221
OLIG3	6	1.40187	2	1.29032	8	1.37221
ONECUT1	8	1.86916	0	0	8	1.37221
OR10R2	7	1.63551	1	0.645161	8	1.37221
OR10S1	7	1.63551	1	0.645161	8	1.37221
OR14I1	6	1.40187	2	1.29032	8	1.37221
OR1B1	5	1.16822	3	1.93548	8	1.37221
OR1E2	6	1.40187	2	1.29032	8	1.37221
OR1J2	5	1.16822	3	1.93548	8	1.37221
OR1L3	7	1.63551	1	0.645161	8	1.37221
OR1L8	6	1.40187	2	1.29032	8	1.37221
OR1M1	5	1.16822	3	1.93548	8	1.37221
OR2A7	3	0.700935	5	3.22581	8	1.37221
OR2AT4	7	1.63551	1	0.645161	8	1.37221
OR2B6	8	1.86916	0	0	8	1.37221
OR2D2	8	1.86916	0	0	8	1.37221
OR2G3	7	1.63551	1	0.645161	8	1.37221
OR2J3	6	1.40187	2	1.29032	8	1.37221
OR2T4	5	1.16822	3	1.93548	8	1.37221
OR2T8	7	1.63551	1	0.645161	8	1.37221
OR51Q1	7	1.63551	1	0.645161	8	1.37221
OR52L1	6	1.40187	2	1.29032	8	1.37221
OR5AN1	7	1.63551	1	0.645161	8	1.37221
OR5AP2	7	1.63551	1	0.645161	8	1.37221
OR5B12	5	1.16822	3	1.93548	8	1.37221
OR5B2	6	1.40187	2	1.29032	8	1.37221
OR5D13	6	1.40187	2	1.29032	8	1.37221
OR5H2	6	1.40187	2	1.29032	8	1.37221
OR5T3	5	1.16822	3	1.93548	8	1.37221
OR5V1	6	1.40187	2	1.29032	8	1.37221
OR6B3	7	1.63551	1	0.645161	8	1.37221
OR6C70	7	1.63551	1	0.645161	8	1.37221
OR6Q1	6	1.40187	2	1.29032	8	1.37221
OR6S1	5	1.16822	3	1.93548	8	1.37221
OR6Y1	5	1.16822	3	1.93548	8	1.37221
OR7A5	5	1.16822	3	1.93548	8	1.37221
OR7D2	6	1.40187	2	1.29032	8	1.37221
OR8I2	6	1.40187	2	1.29032	8	1.37221
OR8K5	6	1.40187	2	1.29032	8	1.37221
OR9G4	4	0.934579	4	2.58065	8	1.37221
OR9K2	7	1.63551	1	0.645161	8	1.37221
OSBP	8	1.86916	0	0	8	1.37221
OSGIN2	5	1.16822	3	1.93548	8	1.37221
OSM	8	1.86916	0	0	8	1.37221
OTULIN	6	1.40187	2	1.29032	8	1.37221
P2RX1	7	1.63551	1	0.645161	8	1.37221
P2RX2	6	1.40187	2	1.29032	8	1.37221
P2RX7	7	1.63551	1	0.645161	8	1.37221
P2RY14	5	1.16822	3	1.93548	8	1.37221
P3H1	6	1.40187	2	1.29032	8	1.37221
PACC1	5	1.16822	3	1.93548	8	1.37221
PAK6	7	1.63551	1	0.645161	8	1.37221
PALD1	6	1.40187	2	1.29032	8	1.37221
PARD6G	7	1.63551	1	0.645161	8	1.37221
PARN	7	1.63551	1	0.645161	8	1.37221
PARP3	8	1.86916	0	0	8	1.37221
PATZ1	6	1.40187	2	1.29032	8	1.37221
PCGF1	8	1.86916	0	0	8	1.37221
PCK1	4	0.934579	4	2.58065	8	1.37221
PCSK9	7	1.63551	1	0.645161	8	1.37221
PDCD4	5	1.16822	3	1.93548	8	1.37221
PDK1	5	1.16822	3	1.93548	8	1.37221
PDLIM2	6	1.40187	2	1.29032	8	1.37221
PDZD3	6	1.40187	2	1.29032	8	1.37221
PEX2	7	1.63551	1	0.645161	8	1.37221
PGLYRP2	6	1.40187	2	1.29032	8	1.37221
PGS1	7	1.63551	1	0.645161	8	1.37221
PHF13	7	1.63551	1	0.645161	8	1.37221
PHF7	8	1.86916	0	0	8	1.37221
PHLDA1	5	1.16822	3	1.93548	8	1.37221
PI4KB	8	1.86916	0	0	8	1.37221
PIAS2	5	1.16822	3	1.93548	8	1.37221
PIDD1	8	1.86916	0	0	8	1.37221
PIK3R3	6	1.40187	2	1.29032	8	1.37221
PIP4K2B	6	1.40187	2	1.29032	8	1.37221
PKNOX1	4	0.934579	4	2.58065	8	1.37221
PLA2G3	8	1.86916	0	0	8	1.37221
PLAA	5	1.16822	3	1.93548	8	1.37221
PLCD4	7	1.63551	1	0.645161	8	1.37221
PLCXD1	7	1.63551	1	0.645161	8	1.37221
PLCXD3	7	1.63551	1	0.645161	8	1.37221
PLD3	7	1.63551	1	0.645161	8	1.37221
PLEKHA3	5	1.16822	3	1.93548	8	1.37221
PLEKHN1	8	1.86916	0	0	8	1.37221
PLSCR4	6	1.40187	2	1.29032	8	1.37221
PLVAP	7	1.63551	1	0.645161	8	1.37221
PMEPA1	7	1.63551	1	0.645161	8	1.37221
PNMA1	4	0.934579	4	2.58065	8	1.37221
PNMT	8	1.86916	0	0	8	1.37221
POC1B	5	1.16822	3	1.93548	8	1.37221
POLR1E	5	1.16822	3	1.93548	8	1.37221
POMGNT2	8	1.86916	0	0	8	1.37221
PON2	6	1.40187	2	1.29032	8	1.37221
POU2F2	6	1.40187	2	1.29032	8	1.37221
POU4F3	6	1.40187	2	1.29032	8	1.37221
PPARD	6	1.40187	2	1.29032	8	1.37221
PPCS	6	1.40187	2	1.29032	8	1.37221
PPIE	8	1.86916	0	0	8	1.37221
PPP1R13L	8	1.86916	0	0	8	1.37221
PPP1R15A	5	1.16822	3	1.93548	8	1.37221
PPP1R15B	6	1.40187	2	1.29032	8	1.37221
PPP1R2	5	1.16822	3	1.93548	8	1.37221
PPP1R3C	6	1.40187	2	1.29032	8	1.37221
PPP2R5E	8	1.86916	0	0	8	1.37221
PPP6C	5	1.16822	3	1.93548	8	1.37221
PPWD1	7	1.63551	1	0.645161	8	1.37221
PRAMEF7	8	1.86916	0	0	8	1.37221
PRAMEF8	7	1.63551	1	0.645161	8	1.37221
PRDM7	7	1.63551	1	0.645161	8	1.37221
PRELP	6	1.40187	2	1.29032	8	1.37221
PRG3	7	1.63551	1	0.645161	8	1.37221
PRKAA1	8	1.86916	0	0	8	1.37221
PRKAG1	7	1.63551	1	0.645161	8	1.37221
PRKCQ	7	1.63551	1	0.645161	8	1.37221
PRKCZ	6	1.40187	2	1.29032	8	1.37221
PRKN	6	1.40187	2	1.29032	8	1.37221
PROC	7	1.63551	1	0.645161	8	1.37221
PROCA1	6	1.40187	2	1.29032	8	1.37221
PRPF18	7	1.63551	1	0.645161	8	1.37221
PRPF31	8	1.86916	0	0	8	1.37221
PRPF38A	5	1.16822	3	1.93548	8	1.37221
PRPSAP1	5	1.16822	3	1.93548	8	1.37221
PRR14L	6	1.40187	2	1.29032	8	1.37221
PRSS54	6	1.40187	2	1.29032	8	1.37221
PRXL2A	5	1.16822	3	1.93548	8	1.37221
PSAPL1	8	1.86916	0	0	8	1.37221
PSG4	6	1.40187	2	1.29032	8	1.37221
PSG6	6	1.40187	2	1.29032	8	1.37221
PSG9	7	1.63551	1	0.645161	8	1.37221
PSMB8	4	0.934579	4	2.58065	8	1.37221
PSMC6	7	1.63551	1	0.645161	8	1.37221
PSMD11	7	1.63551	1	0.645161	8	1.37221
PSMD12	6	1.40187	2	1.29032	8	1.37221
PSMD5	7	1.63551	1	0.645161	8	1.37221
PSTK	7	1.63551	1	0.645161	8	1.37221
PSTPIP2	6	1.40187	2	1.29032	8	1.37221
PTCD2	6	1.40187	2	1.29032	8	1.37221
PTH1R	8	1.86916	0	0	8	1.37221
PXK	5	1.16822	3	1.93548	8	1.37221
PXN	7	1.63551	1	0.645161	8	1.37221
PYGO1	6	1.40187	2	1.29032	8	1.37221
PYROXD1	4	0.934579	4	2.58065	8	1.37221
QTRT2	6	1.40187	2	1.29032	8	1.37221
RAB3IP	6	1.40187	2	1.29032	8	1.37221
RAB40C	8	1.86916	0	0	8	1.37221
RAD51AP1	6	1.40187	2	1.29032	8	1.37221
RAD54L	7	1.63551	1	0.645161	8	1.37221
RAN	6	1.40187	2	1.29032	8	1.37221
RANGAP1	8	1.86916	0	0	8	1.37221
RASIP1	7	1.63551	1	0.645161	8	1.37221
RASSF5	6	1.40187	2	1.29032	8	1.37221
RAVER2	7	1.63551	1	0.645161	8	1.37221
RBM4	5	1.16822	3	1.93548	8	1.37221
RBM5	5	1.16822	3	1.93548	8	1.37221
RBMS1	7	1.63551	1	0.645161	8	1.37221
RBPJ	5	1.16822	3	1.93548	8	1.37221
RCOR2	6	1.40187	2	1.29032	8	1.37221
RCSD1	6	1.40187	2	1.29032	8	1.37221
RD3	7	1.63551	1	0.645161	8	1.37221
RDH16	6	1.40187	2	1.29032	8	1.37221
RELB	8	1.86916	0	0	8	1.37221
REN	7	1.63551	1	0.645161	8	1.37221
RETREG1	7	1.63551	1	0.645161	8	1.37221
RETSAT	6	1.40187	2	1.29032	8	1.37221
REXO1	7	1.63551	1	0.645161	8	1.37221
RFC4	7	1.63551	1	0.645161	8	1.37221
RFC5	6	1.40187	2	1.29032	8	1.37221
RGP1	7	1.63551	1	0.645161	8	1.37221
RGS4	6	1.40187	2	1.29032	8	1.37221
RHBDL3	5	1.16822	3	1.93548	8	1.37221
RHOBTB2	5	1.16822	3	1.93548	8	1.37221
RHPN2	7	1.63551	1	0.645161	8	1.37221
RIBC2	3	0.700935	5	3.22581	8	1.37221
RIC3	8	1.86916	0	0	8	1.37221
RIC8B	5	1.16822	3	1.93548	8	1.37221
RIN1	6	1.40187	2	1.29032	8	1.37221
RINL	7	1.63551	1	0.645161	8	1.37221
RIPK1	8	1.86916	0	0	8	1.37221
RNF10	6	1.40187	2	1.29032	8	1.37221
RNF133	6	1.40187	2	1.29032	8	1.37221
RNF39	7	1.63551	1	0.645161	8	1.37221
RNF44	8	1.86916	0	0	8	1.37221
RNMT	5	1.16822	3	1.93548	8	1.37221
RORC	6	1.40187	2	1.29032	8	1.37221
RPAP3	5	1.16822	3	1.93548	8	1.37221
RPGR	7	1.63551	1	0.645161	8	1.37221
RPL5	6	1.40187	2	1.29032	8	1.37221
RPN1	7	1.63551	1	0.645161	8	1.37221
RPTN	6	1.40187	2	1.29032	8	1.37221
RPUSD4	8	1.86916	0	0	8	1.37221
RRM1	6	1.40187	2	1.29032	8	1.37221
RRN3	7	1.63551	1	0.645161	8	1.37221
RTCA	7	1.63551	1	0.645161	8	1.37221
RTL8A	7	1.63551	1	0.645161	8	1.37221
RUNDC3B	7	1.63551	1	0.645161	8	1.37221
RUVBL2	6	1.40187	2	1.29032	8	1.37221
RXRB	6	1.40187	2	1.29032	8	1.37221
SAMD4B	7	1.63551	1	0.645161	8	1.37221
SBSN	8	1.86916	0	0	8	1.37221
SCRN3	6	1.40187	2	1.29032	8	1.37221
SDAD1	8	1.86916	0	0	8	1.37221
SDS	8	1.86916	0	0	8	1.37221
SEL1L	6	1.40187	2	1.29032	8	1.37221
SELENOO	7	1.63551	1	0.645161	8	1.37221
SEMA3B	8	1.86916	0	0	8	1.37221
SEMA4C	8	1.86916	0	0	8	1.37221
SEPTIN6	6	1.40187	2	1.29032	8	1.37221
SEPTIN8	5	1.16822	3	1.93548	8	1.37221
SERPINA11	6	1.40187	2	1.29032	8	1.37221
SERPINA4	5	1.16822	3	1.93548	8	1.37221
SERPINA5	7	1.63551	1	0.645161	8	1.37221
SESN2	8	1.86916	0	0	8	1.37221
SETDB2	6	1.40187	2	1.29032	8	1.37221
SETMAR	6	1.40187	2	1.29032	8	1.37221
SFTPB	4	0.934579	4	2.58065	8	1.37221
SGK1	7	1.63551	1	0.645161	8	1.37221
SGK2	4	0.934579	4	2.58065	8	1.37221
SGMS2	6	1.40187	2	1.29032	8	1.37221
SH2D3A	8	1.86916	0	0	8	1.37221
SH3BP5	7	1.63551	1	0.645161	8	1.37221
SH3GLB2	6	1.40187	2	1.29032	8	1.37221
SH3YL1	4	0.934579	4	2.58065	8	1.37221
SHC4	6	1.40187	2	1.29032	8	1.37221
SHMT1	7	1.63551	1	0.645161	8	1.37221
SIGLEC12	5	1.16822	3	1.93548	8	1.37221
SIGLEC14	7	1.63551	1	0.645161	8	1.37221
SIX1	7	1.63551	1	0.645161	8	1.37221
SKAP1	7	1.63551	1	0.645161	8	1.37221
SKIL	5	1.16822	3	1.93548	8	1.37221
SLA	8	1.86916	0	0	8	1.37221
SLC10A4	7	1.63551	1	0.645161	8	1.37221
SLC10A6	6	1.40187	2	1.29032	8	1.37221
SLC16A13	8	1.86916	0	0	8	1.37221
SLC16A14	7	1.63551	1	0.645161	8	1.37221
SLC16A9	7	1.63551	1	0.645161	8	1.37221
SLC17A2	6	1.40187	2	1.29032	8	1.37221
SLC17A3	7	1.63551	1	0.645161	8	1.37221
SLC18B1	6	1.40187	2	1.29032	8	1.37221
SLC19A2	7	1.63551	1	0.645161	8	1.37221
SLC1A2	5	1.16822	3	1.93548	8	1.37221
SLC22A11	6	1.40187	2	1.29032	8	1.37221
SLC22A4	7	1.63551	1	0.645161	8	1.37221
SLC25A14	6	1.40187	2	1.29032	8	1.37221
SLC25A3	7	1.63551	1	0.645161	8	1.37221
SLC25A37	5	1.16822	3	1.93548	8	1.37221
SLC2A6	7	1.63551	1	0.645161	8	1.37221
SLC30A10	5	1.16822	3	1.93548	8	1.37221
SLC30A3	6	1.40187	2	1.29032	8	1.37221
SLC35C2	7	1.63551	1	0.645161	8	1.37221
SLC35F5	5	1.16822	3	1.93548	8	1.37221
SLC35G5	6	1.40187	2	1.29032	8	1.37221
SLC36A1	7	1.63551	1	0.645161	8	1.37221
SLC38A3	7	1.63551	1	0.645161	8	1.37221
SLC38A4	8	1.86916	0	0	8	1.37221
SLC47A1	6	1.40187	2	1.29032	8	1.37221
SLC5A7	6	1.40187	2	1.29032	8	1.37221
SLC66A1	8	1.86916	0	0	8	1.37221
SLC6A20	8	1.86916	0	0	8	1.37221
SLC7A4	8	1.86916	0	0	8	1.37221
SLCO2B1	7	1.63551	1	0.645161	8	1.37221
SMAD1	7	1.63551	1	0.645161	8	1.37221
SMOC2	7	1.63551	1	0.645161	8	1.37221
SMPD2	8	1.86916	0	0	8	1.37221
SMPD3	7	1.63551	1	0.645161	8	1.37221
SMTNL1	6	1.40187	2	1.29032	8	1.37221
SMUG1	6	1.40187	2	1.29032	8	1.37221
SNRNP70	6	1.40187	2	1.29032	8	1.37221
SNX9	6	1.40187	2	1.29032	8	1.37221
SP2	7	1.63551	1	0.645161	8	1.37221
SP6	7	1.63551	1	0.645161	8	1.37221
SPANXD	8	1.86916	0	0	8	1.37221
SPANXN3	7	1.63551	1	0.645161	8	1.37221
SPAST	6	1.40187	2	1.29032	8	1.37221
SPATA22	5	1.16822	3	1.93548	8	1.37221
SPATA9	6	1.40187	2	1.29032	8	1.37221
SPATC1L	6	1.40187	2	1.29032	8	1.37221
SPEM1	8	1.86916	0	0	8	1.37221
SPHK2	7	1.63551	1	0.645161	8	1.37221
SPI1	7	1.63551	1	0.645161	8	1.37221
SPIRE2	7	1.63551	1	0.645161	8	1.37221
SPNS2	7	1.63551	1	0.645161	8	1.37221
SPOUT1	8	1.86916	0	0	8	1.37221
SPRR3	7	1.63551	1	0.645161	8	1.37221
SPRY1	6	1.40187	2	1.29032	8	1.37221
SQLE	5	1.16822	3	1.93548	8	1.37221
SRPRA	5	1.16822	3	1.93548	8	1.37221
SSUH2	6	1.40187	2	1.29032	8	1.37221
ST6GALNAC2	7	1.63551	1	0.645161	8	1.37221
ST7	5	1.16822	3	1.93548	8	1.37221
STAC2	7	1.63551	1	0.645161	8	1.37221
STAT3	8	1.86916	0	0	8	1.37221
STAT6	8	1.86916	0	0	8	1.37221
STC2	8	1.86916	0	0	8	1.37221
STIM1	6	1.40187	2	1.29032	8	1.37221
STK3	8	1.86916	0	0	8	1.37221
STK38	6	1.40187	2	1.29032	8	1.37221
STK40	6	1.40187	2	1.29032	8	1.37221
STRADA	8	1.86916	0	0	8	1.37221
STRN4	7	1.63551	1	0.645161	8	1.37221
STX19	6	1.40187	2	1.29032	8	1.37221
STX5	6	1.40187	2	1.29032	8	1.37221
STX8	5	1.16822	3	1.93548	8	1.37221
STYK1	6	1.40187	2	1.29032	8	1.37221
SUCNR1	4	0.934579	4	2.58065	8	1.37221
SUGP1	8	1.86916	0	0	8	1.37221
SULT1B1	6	1.40187	2	1.29032	8	1.37221
SUN5	7	1.63551	1	0.645161	8	1.37221
SUPT3H	8	1.86916	0	0	8	1.37221
SYN2	7	1.63551	1	0.645161	8	1.37221
SYNE4	8	1.86916	0	0	8	1.37221
SYT1	8	1.86916	0	0	8	1.37221
SYT2	6	1.40187	2	1.29032	8	1.37221
SYTL3	6	1.40187	2	1.29032	8	1.37221
SYTL4	7	1.63551	1	0.645161	8	1.37221
TAB1	8	1.86916	0	0	8	1.37221
TAF1D	8	1.86916	0	0	8	1.37221
TAFA1	6	1.40187	2	1.29032	8	1.37221
TANK	6	1.40187	2	1.29032	8	1.37221
TARS2	7	1.63551	1	0.645161	8	1.37221
TARS3	7	1.63551	1	0.645161	8	1.37221
TAS2R13	8	1.86916	0	0	8	1.37221
TAS2R14	4	0.934579	4	2.58065	8	1.37221
TAS2R19	6	1.40187	2	1.29032	8	1.37221
TAS2R30	6	1.40187	2	1.29032	8	1.37221
TAS2R39	5	1.16822	3	1.93548	8	1.37221
TAS2R42	8	1.86916	0	0	8	1.37221
TAS2R50	5	1.16822	3	1.93548	8	1.37221
TBC1D19	7	1.63551	1	0.645161	8	1.37221
TBC1D20	6	1.40187	2	1.29032	8	1.37221
TBC1D24	8	1.86916	0	0	8	1.37221
TBX19	6	1.40187	2	1.29032	8	1.37221
TCF19	7	1.63551	1	0.645161	8	1.37221
TCIRG1	8	1.86916	0	0	8	1.37221
TDG	7	1.63551	1	0.645161	8	1.37221
TEFM	6	1.40187	2	1.29032	8	1.37221
TEKT1	5	1.16822	3	1.93548	8	1.37221
TEKT4	7	1.63551	1	0.645161	8	1.37221
TENT4A	6	1.40187	2	1.29032	8	1.37221
TEX13B	7	1.63551	1	0.645161	8	1.37221
TFDP3	6	1.40187	2	1.29032	8	1.37221
TFG	7	1.63551	1	0.645161	8	1.37221
TFPI2	7	1.63551	1	0.645161	8	1.37221
THEMIS2	7	1.63551	1	0.645161	8	1.37221
TLR1	7	1.63551	1	0.645161	8	1.37221
TLX2	7	1.63551	1	0.645161	8	1.37221
TMA16	6	1.40187	2	1.29032	8	1.37221
TMBIM4	7	1.63551	1	0.645161	8	1.37221
TMEM135	6	1.40187	2	1.29032	8	1.37221
TMEM145	7	1.63551	1	0.645161	8	1.37221
TMEM178A	6	1.40187	2	1.29032	8	1.37221
TMEM214	6	1.40187	2	1.29032	8	1.37221
TMEM237	4	0.934579	4	2.58065	8	1.37221
TMEM255A	6	1.40187	2	1.29032	8	1.37221
TMEM41A	7	1.63551	1	0.645161	8	1.37221
TMEM44	8	1.86916	0	0	8	1.37221
TMEM52B	6	1.40187	2	1.29032	8	1.37221
TMEM64	6	1.40187	2	1.29032	8	1.37221
TMEM8B	8	1.86916	0	0	8	1.37221
TMOD2	8	1.86916	0	0	8	1.37221
TMOD4	7	1.63551	1	0.645161	8	1.37221
TMPRSS11E	5	1.16822	3	1.93548	8	1.37221
TMPRSS13	7	1.63551	1	0.645161	8	1.37221
TNFAIP2	7	1.63551	1	0.645161	8	1.37221
TNFRSF11A	6	1.40187	2	1.29032	8	1.37221
TNIP1	8	1.86916	0	0	8	1.37221
TNNT2	8	1.86916	0	0	8	1.37221
TONSL	7	1.63551	1	0.645161	8	1.37221
TOR1AIP1	6	1.40187	2	1.29032	8	1.37221
TPCN2	8	1.86916	0	0	8	1.37221
TPM3	6	1.40187	2	1.29032	8	1.37221
TPRX1	6	1.40187	2	1.29032	8	1.37221
TPST2	8	1.86916	0	0	8	1.37221
TRAF1	6	1.40187	2	1.29032	8	1.37221
TRAF3IP1	8	1.86916	0	0	8	1.37221
TRAF3IP3	7	1.63551	1	0.645161	8	1.37221
TRHR	6	1.40187	2	1.29032	8	1.37221
TRIB1	6	1.40187	2	1.29032	8	1.37221
TRIM15	8	1.86916	0	0	8	1.37221
TRIM39	7	1.63551	1	0.645161	8	1.37221
TRIM43	6	1.40187	2	1.29032	8	1.37221
TRIM62	6	1.40187	2	1.29032	8	1.37221
TRIML1	7	1.63551	1	0.645161	8	1.37221
TRMT10A	7	1.63551	1	0.645161	8	1.37221
TRMT13	6	1.40187	2	1.29032	8	1.37221
TRMT9B	6	1.40187	2	1.29032	8	1.37221
TRNT1	5	1.16822	3	1.93548	8	1.37221
TROAP	7	1.63551	1	0.645161	8	1.37221
TSFM	6	1.40187	2	1.29032	8	1.37221
TSPAN7	7	1.63551	1	0.645161	8	1.37221
TTYH2	8	1.86916	0	0	8	1.37221
TUBA1B	6	1.40187	2	1.29032	8	1.37221
TUBA3D	7	1.63551	1	0.645161	8	1.37221
TUBE1	7	1.63551	1	0.645161	8	1.37221
TUBG2	7	1.63551	1	0.645161	8	1.37221
UBA2	6	1.40187	2	1.29032	8	1.37221
UBE2E2	6	1.40187	2	1.29032	8	1.37221
UBQLN4	7	1.63551	1	0.645161	8	1.37221
UBR7	5	1.16822	3	1.93548	8	1.37221
UBXN6	7	1.63551	1	0.645161	8	1.37221
UFL1	6	1.40187	2	1.29032	8	1.37221
UGT1A4	7	1.63551	1	0.645161	8	1.37221
UGT1A6	7	1.63551	1	0.645161	8	1.37221
UGT1A7	8	1.86916	0	0	8	1.37221
UGT2B28	5	1.16822	3	1.93548	8	1.37221
UGT2B7	6	1.40187	2	1.29032	8	1.37221
ULBP2	7	1.63551	1	0.645161	8	1.37221
UNC45A	7	1.63551	1	0.645161	8	1.37221
UPB1	5	1.16822	3	1.93548	8	1.37221
UROS	6	1.40187	2	1.29032	8	1.37221
USP21	7	1.63551	1	0.645161	8	1.37221
USP30	5	1.16822	3	1.93548	8	1.37221
VAC14	7	1.63551	1	0.645161	8	1.37221
VN1R1	6	1.40187	2	1.29032	8	1.37221
VPS37C	8	1.86916	0	0	8	1.37221
VPS4A	7	1.63551	1	0.645161	8	1.37221
VSIG10	8	1.86916	0	0	8	1.37221
VSIR	8	1.86916	0	0	8	1.37221
VWC2L	6	1.40187	2	1.29032	8	1.37221
WARS1	6	1.40187	2	1.29032	8	1.37221
WDFY2	5	1.16822	3	1.93548	8	1.37221
WDFY4	6	1.40187	2	1.29032	8	1.37221
WDR41	7	1.63551	1	0.645161	8	1.37221
WDR44	6	1.40187	2	1.29032	8	1.37221
WDR87	6	1.40187	2	1.29032	8	1.37221
WIPF2	8	1.86916	0	0	8	1.37221
WNT10B	7	1.63551	1	0.645161	8	1.37221
WNT3	7	1.63551	1	0.645161	8	1.37221
WNT7A	8	1.86916	0	0	8	1.37221
XPNPEP1	6	1.40187	2	1.29032	8	1.37221
XPNPEP2	6	1.40187	2	1.29032	8	1.37221
XRCC2	8	1.86916	0	0	8	1.37221
XRRA1	5	1.16822	3	1.93548	8	1.37221
YES1	7	1.63551	1	0.645161	8	1.37221
ZACN	8	1.86916	0	0	8	1.37221
ZBTB6	7	1.63551	1	0.645161	8	1.37221
ZBTB7A	7	1.63551	1	0.645161	8	1.37221
ZC3H14	4	0.934579	4	2.58065	8	1.37221
ZCCHC7	7	1.63551	1	0.645161	8	1.37221
ZCRB1	8	1.86916	0	0	8	1.37221
ZCWPW1	6	1.40187	2	1.29032	8	1.37221
ZCWPW2	6	1.40187	2	1.29032	8	1.37221
ZDHHC16	7	1.63551	1	0.645161	8	1.37221
ZDHHC2	6	1.40187	2	1.29032	8	1.37221
ZDHHC4	6	1.40187	2	1.29032	8	1.37221
ZGPAT	8	1.86916	0	0	8	1.37221
ZMPSTE24	6	1.40187	2	1.29032	8	1.37221
ZNF12	4	0.934579	4	2.58065	8	1.37221
ZNF124	8	1.86916	0	0	8	1.37221
ZNF18	7	1.63551	1	0.645161	8	1.37221
ZNF182	5	1.16822	3	1.93548	8	1.37221
ZNF185	8	1.86916	0	0	8	1.37221
ZNF215	5	1.16822	3	1.93548	8	1.37221
ZNF219	8	1.86916	0	0	8	1.37221
ZNF22	6	1.40187	2	1.29032	8	1.37221
ZNF223	7	1.63551	1	0.645161	8	1.37221
ZNF277	6	1.40187	2	1.29032	8	1.37221
ZNF3	5	1.16822	3	1.93548	8	1.37221
ZNF302	7	1.63551	1	0.645161	8	1.37221
ZNF319	8	1.86916	0	0	8	1.37221
ZNF35	8	1.86916	0	0	8	1.37221
ZNF362	6	1.40187	2	1.29032	8	1.37221
ZNF426	5	1.16822	3	1.93548	8	1.37221
ZNF433	8	1.86916	0	0	8	1.37221
ZNF461	6	1.40187	2	1.29032	8	1.37221
ZNF486	7	1.63551	1	0.645161	8	1.37221
ZNF497	8	1.86916	0	0	8	1.37221
ZNF506	5	1.16822	3	1.93548	8	1.37221
ZNF519	7	1.63551	1	0.645161	8	1.37221
ZNF547	6	1.40187	2	1.29032	8	1.37221
ZNF551	6	1.40187	2	1.29032	8	1.37221
ZNF57	7	1.63551	1	0.645161	8	1.37221
ZNF672	6	1.40187	2	1.29032	8	1.37221
ZNF674	6	1.40187	2	1.29032	8	1.37221
ZNF708	6	1.40187	2	1.29032	8	1.37221
ZNF71	7	1.63551	1	0.645161	8	1.37221
ZNF75D	4	0.934579	4	2.58065	8	1.37221
ZNF770	6	1.40187	2	1.29032	8	1.37221
ZNF785	7	1.63551	1	0.645161	8	1.37221
ZNF792	6	1.40187	2	1.29032	8	1.37221
ZNF81	5	1.16822	3	1.93548	8	1.37221
ZNF823	4	0.934579	4	2.58065	8	1.37221
ZNRF4	6	1.40187	2	1.29032	8	1.37221
ZP1	6	1.40187	2	1.29032	8	1.37221
ZSCAN25	5	1.16822	3	1.93548	8	1.37221
A1BG	7	1.63551	0	0	7	1.20069
AAAS	7	1.63551	0	0	7	1.20069
ABHD2	5	1.16822	2	1.29032	7	1.20069
ABRAXAS1	5	1.16822	2	1.29032	7	1.20069
AC097636.1	6	1.40187	1	0.645161	7	1.20069
AC127029.3	5	1.16822	2	1.29032	7	1.20069
ACAA1	7	1.63551	0	0	7	1.20069
ACADS	5	1.16822	2	1.29032	7	1.20069
ACADSB	7	1.63551	0	0	7	1.20069
ACADVL	5	1.16822	2	1.29032	7	1.20069
ACBD3	4	0.934579	3	1.93548	7	1.20069
ACCS	4	0.934579	3	1.93548	7	1.20069
ACHE	5	1.16822	2	1.29032	7	1.20069
ACSL3	5	1.16822	2	1.29032	7	1.20069
ACTR6	6	1.40187	1	0.645161	7	1.20069
ACTR8	4	0.934579	3	1.93548	7	1.20069
ACVRL1	7	1.63551	0	0	7	1.20069
ADAD2	6	1.40187	1	0.645161	7	1.20069
ADAT1	7	1.63551	0	0	7	1.20069
ADCK2	7	1.63551	0	0	7	1.20069
ADCK5	7	1.63551	0	0	7	1.20069
ADCYAP1	5	1.16822	2	1.29032	7	1.20069
ADGRG5	6	1.40187	1	0.645161	7	1.20069
ADH1B	5	1.16822	2	1.29032	7	1.20069
ADH5	4	0.934579	3	1.93548	7	1.20069
ADIPOQ	5	1.16822	2	1.29032	7	1.20069
ADIPOR2	6	1.40187	1	0.645161	7	1.20069
ADRA2B	7	1.63551	0	0	7	1.20069
AGA	5	1.16822	2	1.29032	7	1.20069
AGPAT5	5	1.16822	2	1.29032	7	1.20069
AGT	6	1.40187	1	0.645161	7	1.20069
AKAP8L	6	1.40187	1	0.645161	7	1.20069
AL441992.2	6	1.40187	1	0.645161	7	1.20069
ALDH2	6	1.40187	1	0.645161	7	1.20069
ALDH3B2	5	1.16822	2	1.29032	7	1.20069
ALG6	6	1.40187	1	0.645161	7	1.20069
ALOX12	5	1.16822	2	1.29032	7	1.20069
ANKDD1A	6	1.40187	1	0.645161	7	1.20069
ANKRD33	7	1.63551	0	0	7	1.20069
ANKRD45	5	1.16822	2	1.29032	7	1.20069
ANKRD49	6	1.40187	1	0.645161	7	1.20069
ANXA11	7	1.63551	0	0	7	1.20069
ANXA8	6	1.40187	1	0.645161	7	1.20069
AP1M2	7	1.63551	0	0	7	1.20069
APBB2	7	1.63551	0	0	7	1.20069
APLP2	5	1.16822	2	1.29032	7	1.20069
APOD	6	1.40187	1	0.645161	7	1.20069
APPL2	6	1.40187	1	0.645161	7	1.20069
AQP8	6	1.40187	1	0.645161	7	1.20069
ARHGDIB	7	1.63551	0	0	7	1.20069
ARL2BP	5	1.16822	2	1.29032	7	1.20069
ART3	6	1.40187	1	0.645161	7	1.20069
ASB12	2	0.46729	5	3.22581	7	1.20069
ASB14	6	1.40187	1	0.645161	7	1.20069
ASMT	7	1.63551	0	0	7	1.20069
ASPHD2	6	1.40187	1	0.645161	7	1.20069
ASPRV1	7	1.63551	0	0	7	1.20069
ASPSCR1	5	1.16822	2	1.29032	7	1.20069
ATAD1	6	1.40187	1	0.645161	7	1.20069
ATF7	6	1.40187	1	0.645161	7	1.20069
ATG10	5	1.16822	2	1.29032	7	1.20069
ATG16L1	6	1.40187	1	0.645161	7	1.20069
ATG4C	4	0.934579	3	1.93548	7	1.20069
ATP5F1B	6	1.40187	1	0.645161	7	1.20069
ATP6V0D1	5	1.16822	2	1.29032	7	1.20069
ATP6V1C2	6	1.40187	1	0.645161	7	1.20069
ATRIP	6	1.40187	1	0.645161	7	1.20069
ATXN10	4	0.934579	3	1.93548	7	1.20069
ATXN7L1	6	1.40187	1	0.645161	7	1.20069
ATXN7L2	7	1.63551	0	0	7	1.20069
B3GALT4	6	1.40187	1	0.645161	7	1.20069
B4GALT1	6	1.40187	1	0.645161	7	1.20069
B4GALT5	7	1.63551	0	0	7	1.20069
B4GALT6	6	1.40187	1	0.645161	7	1.20069
BACE1	6	1.40187	1	0.645161	7	1.20069
BASP1	6	1.40187	1	0.645161	7	1.20069
BBS10	4	0.934579	3	1.93548	7	1.20069
BCAR1	7	1.63551	0	0	7	1.20069
BCKDHB	6	1.40187	1	0.645161	7	1.20069
BCL10	6	1.40187	1	0.645161	7	1.20069
BCL2L14	5	1.16822	2	1.29032	7	1.20069
BCL3	7	1.63551	0	0	7	1.20069
BDKRB2	4	0.934579	3	1.93548	7	1.20069
BFAR	7	1.63551	0	0	7	1.20069
BHLHE41	5	1.16822	2	1.29032	7	1.20069
BHMT	5	1.16822	2	1.29032	7	1.20069
BHMT2	6	1.40187	1	0.645161	7	1.20069
BIN1	6	1.40187	1	0.645161	7	1.20069
BIN3	7	1.63551	0	0	7	1.20069
BPI	4	0.934579	3	1.93548	7	1.20069
BPIFB3	4	0.934579	3	1.93548	7	1.20069
BRMS1	7	1.63551	0	0	7	1.20069
BTBD1	4	0.934579	3	1.93548	7	1.20069
BTBD2	7	1.63551	0	0	7	1.20069
BTG4	5	1.16822	2	1.29032	7	1.20069
BTN3A2	4	0.934579	3	1.93548	7	1.20069
BVES	2	0.46729	5	3.22581	7	1.20069
C11orf42	5	1.16822	2	1.29032	7	1.20069
C11orf65	4	0.934579	3	1.93548	7	1.20069
C11orf80	6	1.40187	1	0.645161	7	1.20069
C12orf56	4	0.934579	3	1.93548	7	1.20069
C12orf66	6	1.40187	1	0.645161	7	1.20069
C17orf98	6	1.40187	1	0.645161	7	1.20069
C19orf18	4	0.934579	3	1.93548	7	1.20069
C1QL2	7	1.63551	0	0	7	1.20069
C20orf85	6	1.40187	1	0.645161	7	1.20069
C2orf80	5	1.16822	2	1.29032	7	1.20069
C3orf38	5	1.16822	2	1.29032	7	1.20069
C5AR1	5	1.16822	2	1.29032	7	1.20069
C5orf22	6	1.40187	1	0.645161	7	1.20069
C7orf50	7	1.63551	0	0	7	1.20069
C8orf74	6	1.40187	1	0.645161	7	1.20069
CA14	6	1.40187	1	0.645161	7	1.20069
CA9	7	1.63551	0	0	7	1.20069
CABP2	7	1.63551	0	0	7	1.20069
CACNG1	7	1.63551	0	0	7	1.20069
CADM4	5	1.16822	2	1.29032	7	1.20069
CAGE1	5	1.16822	2	1.29032	7	1.20069
CALCRL	5	1.16822	2	1.29032	7	1.20069
CALN1	6	1.40187	1	0.645161	7	1.20069
CAMK1	5	1.16822	2	1.29032	7	1.20069
CAMK1G	6	1.40187	1	0.645161	7	1.20069
CAMK2A	5	1.16822	2	1.29032	7	1.20069
CAPN9	6	1.40187	1	0.645161	7	1.20069
CARS2	7	1.63551	0	0	7	1.20069
CASP1	6	1.40187	1	0.645161	7	1.20069
CAT	5	1.16822	2	1.29032	7	1.20069
CBLL1	5	1.16822	2	1.29032	7	1.20069
CBLN2	7	1.63551	0	0	7	1.20069
CBLN4	6	1.40187	1	0.645161	7	1.20069
CCDC117	4	0.934579	3	1.93548	7	1.20069
CCDC17	7	1.63551	0	0	7	1.20069
CCDC198	6	1.40187	1	0.645161	7	1.20069
CCDC22	6	1.40187	1	0.645161	7	1.20069
CCDC3	4	0.934579	3	1.93548	7	1.20069
CCDC54	6	1.40187	1	0.645161	7	1.20069
CCDC59	7	1.63551	0	0	7	1.20069
CCL14	6	1.40187	1	0.645161	7	1.20069
CCM2L	7	1.63551	0	0	7	1.20069
CCN4	7	1.63551	0	0	7	1.20069
CCN5	5	1.16822	2	1.29032	7	1.20069
CCNB1	7	1.63551	0	0	7	1.20069
CD14	6	1.40187	1	0.645161	7	1.20069
CD2	6	1.40187	1	0.645161	7	1.20069
CD28	6	1.40187	1	0.645161	7	1.20069
CDC14B	5	1.16822	2	1.29032	7	1.20069
CDK17	7	1.63551	0	0	7	1.20069
CDK5	6	1.40187	1	0.645161	7	1.20069
CDK5RAP1	6	1.40187	1	0.645161	7	1.20069
CDK9	5	1.16822	2	1.29032	7	1.20069
CDKN1B	5	1.16822	2	1.29032	7	1.20069
CDKN2AIP	6	1.40187	1	0.645161	7	1.20069
CDR1	6	1.40187	1	0.645161	7	1.20069
CEACAM16	6	1.40187	1	0.645161	7	1.20069
CEACAM4	6	1.40187	1	0.645161	7	1.20069
CENPB	5	1.16822	2	1.29032	7	1.20069
CERK	7	1.63551	0	0	7	1.20069
CERS5	5	1.16822	2	1.29032	7	1.20069
CETN3	6	1.40187	1	0.645161	7	1.20069
CFAP298-TCP10L	7	1.63551	0	0	7	1.20069
CFAP299	5	1.16822	2	1.29032	7	1.20069
CHAD	7	1.63551	0	0	7	1.20069
CHDH	3	0.700935	4	2.58065	7	1.20069
CHI3L1	6	1.40187	1	0.645161	7	1.20069
CHKA	4	0.934579	3	1.93548	7	1.20069
CHMP7	6	1.40187	1	0.645161	7	1.20069
CHODL	6	1.40187	1	0.645161	7	1.20069
CHRM1	7	1.63551	0	0	7	1.20069
CHRNE	6	1.40187	1	0.645161	7	1.20069
CIBAR2	5	1.16822	2	1.29032	7	1.20069
CILK1	5	1.16822	2	1.29032	7	1.20069
CLDN16	6	1.40187	1	0.645161	7	1.20069
CLEC12B	6	1.40187	1	0.645161	7	1.20069
CLEC1A	4	0.934579	3	1.93548	7	1.20069
CLEC3A	6	1.40187	1	0.645161	7	1.20069
CLEC4E	4	0.934579	3	1.93548	7	1.20069
CLEC5A	7	1.63551	0	0	7	1.20069
CLK4	6	1.40187	1	0.645161	7	1.20069
CLN3	7	1.63551	0	0	7	1.20069
CLP1	7	1.63551	0	0	7	1.20069
CLPX	6	1.40187	1	0.645161	7	1.20069
CLRN1	3	0.700935	4	2.58065	7	1.20069
CLUL1	6	1.40187	1	0.645161	7	1.20069
CMTM3	6	1.40187	1	0.645161	7	1.20069
CNBD2	5	1.16822	2	1.29032	7	1.20069
CNDP1	6	1.40187	1	0.645161	7	1.20069
CNMD	4	0.934579	3	1.93548	7	1.20069
CNN2	6	1.40187	1	0.645161	7	1.20069
CNOT6L	5	1.16822	2	1.29032	7	1.20069
COG3	5	1.16822	2	1.29032	7	1.20069
COLEC11	6	1.40187	1	0.645161	7	1.20069
COPS7A	6	1.40187	1	0.645161	7	1.20069
CORO6	7	1.63551	0	0	7	1.20069
CPNE6	6	1.40187	1	0.645161	7	1.20069
CPNE7	6	1.40187	1	0.645161	7	1.20069
CPVL	6	1.40187	1	0.645161	7	1.20069
CRACR2B	7	1.63551	0	0	7	1.20069
CRB2	6	1.40187	1	0.645161	7	1.20069
CREB3L3	4	0.934579	3	1.93548	7	1.20069
CREM	6	1.40187	1	0.645161	7	1.20069
CRLF3	5	1.16822	2	1.29032	7	1.20069
CRTAM	5	1.16822	2	1.29032	7	1.20069
CRTC3	6	1.40187	1	0.645161	7	1.20069
CS	7	1.63551	0	0	7	1.20069
CTNNAL1	4	0.934579	3	1.93548	7	1.20069
CTSL	5	1.16822	2	1.29032	7	1.20069
CTSV	3	0.700935	4	2.58065	7	1.20069
CTSW	7	1.63551	0	0	7	1.20069
CTU2	7	1.63551	0	0	7	1.20069
CXCL5	5	1.16822	2	1.29032	7	1.20069
CYBB	6	1.40187	1	0.645161	7	1.20069
CYP39A1	5	1.16822	2	1.29032	7	1.20069
CYP51A1	6	1.40187	1	0.645161	7	1.20069
CYSLTR1	7	1.63551	0	0	7	1.20069
CYTIP	7	1.63551	0	0	7	1.20069
DCAF17	5	1.16822	2	1.29032	7	1.20069
DCAF4	7	1.63551	0	0	7	1.20069
DCBLD1	5	1.16822	2	1.29032	7	1.20069
DDC	6	1.40187	1	0.645161	7	1.20069
DDHD1	4	0.934579	3	1.93548	7	1.20069
DDIT4L	5	1.16822	2	1.29032	7	1.20069
DDX21	5	1.16822	2	1.29032	7	1.20069
DDX28	4	0.934579	3	1.93548	7	1.20069
DDX52	6	1.40187	1	0.645161	7	1.20069
DECR1	6	1.40187	1	0.645161	7	1.20069
DEFB116	6	1.40187	1	0.645161	7	1.20069
DEGS1	5	1.16822	2	1.29032	7	1.20069
DENND11	7	1.63551	0	0	7	1.20069
DENND1B	5	1.16822	2	1.29032	7	1.20069
DENND2A	5	1.16822	2	1.29032	7	1.20069
DERL2	5	1.16822	2	1.29032	7	1.20069
DGAT1	7	1.63551	0	0	7	1.20069
DHH	7	1.63551	0	0	7	1.20069
DHRS9	6	1.40187	1	0.645161	7	1.20069
DIRAS1	6	1.40187	1	0.645161	7	1.20069
DKKL1	3	0.700935	4	2.58065	7	1.20069
DLAT	5	1.16822	2	1.29032	7	1.20069
DLK1	7	1.63551	0	0	7	1.20069
DMAP1	5	1.16822	2	1.29032	7	1.20069
DMKN	4	0.934579	3	1.93548	7	1.20069
DNAAF2	5	1.16822	2	1.29032	7	1.20069
DNAJB9	5	1.16822	2	1.29032	7	1.20069
DNAJC14	5	1.16822	2	1.29032	7	1.20069
DNAJC24	3	0.700935	4	2.58065	7	1.20069
DNAJC9	3	0.700935	4	2.58065	7	1.20069
DNASE1L2	6	1.40187	1	0.645161	7	1.20069
DOK3	6	1.40187	1	0.645161	7	1.20069
DOK4	7	1.63551	0	0	7	1.20069
DPF1	5	1.16822	2	1.29032	7	1.20069
DPH1	5	1.16822	2	1.29032	7	1.20069
DPH2	6	1.40187	1	0.645161	7	1.20069
DPPA4	5	1.16822	2	1.29032	7	1.20069
DRAM2	6	1.40187	1	0.645161	7	1.20069
DRC3	7	1.63551	0	0	7	1.20069
DRD2	6	1.40187	1	0.645161	7	1.20069
DUSP4	7	1.63551	0	0	7	1.20069
DUSP6	6	1.40187	1	0.645161	7	1.20069
DXO	5	1.16822	2	1.29032	7	1.20069
DYNC2I2	6	1.40187	1	0.645161	7	1.20069
E2F3	6	1.40187	1	0.645161	7	1.20069
EAF2	5	1.16822	2	1.29032	7	1.20069
EBLN2	3	0.700935	4	2.58065	7	1.20069
EBPL	6	1.40187	1	0.645161	7	1.20069
ECHDC1	6	1.40187	1	0.645161	7	1.20069
ECHDC2	7	1.63551	0	0	7	1.20069
ECHS1	6	1.40187	1	0.645161	7	1.20069
ECI2	6	1.40187	1	0.645161	7	1.20069
EDARADD	5	1.16822	2	1.29032	7	1.20069
EEFSEC	7	1.63551	0	0	7	1.20069
EFCAB14	6	1.40187	1	0.645161	7	1.20069
EFNA4	5	1.16822	2	1.29032	7	1.20069
EIF3L	6	1.40187	1	0.645161	7	1.20069
ELANE	7	1.63551	0	0	7	1.20069
ELMO2	5	1.16822	2	1.29032	7	1.20069
ELMO3	7	1.63551	0	0	7	1.20069
ELOVL1	7	1.63551	0	0	7	1.20069
ELOVL4	6	1.40187	1	0.645161	7	1.20069
ELP4	7	1.63551	0	0	7	1.20069
EMCN	6	1.40187	1	0.645161	7	1.20069
ENDOD1	5	1.16822	2	1.29032	7	1.20069
ENKD1	7	1.63551	0	0	7	1.20069
ENO3	6	1.40187	1	0.645161	7	1.20069
ENTPD7	7	1.63551	0	0	7	1.20069
EPHX2	7	1.63551	0	0	7	1.20069
EPN3	6	1.40187	1	0.645161	7	1.20069
EPS8	5	1.16822	2	1.29032	7	1.20069
ERI3	5	1.16822	2	1.29032	7	1.20069
ERLEC1	5	1.16822	2	1.29032	7	1.20069
ERO1B	6	1.40187	1	0.645161	7	1.20069
ERP44	7	1.63551	0	0	7	1.20069
ESS2	7	1.63551	0	0	7	1.20069
ETV4	7	1.63551	0	0	7	1.20069
EVA1C	5	1.16822	2	1.29032	7	1.20069
EXOSC9	5	1.16822	2	1.29032	7	1.20069
EXTL2	5	1.16822	2	1.29032	7	1.20069
F2RL2	5	1.16822	2	1.29032	7	1.20069
FAIM2	7	1.63551	0	0	7	1.20069
FAM118B	6	1.40187	1	0.645161	7	1.20069
FAM126B	4	0.934579	3	1.93548	7	1.20069
FAM149A	7	1.63551	0	0	7	1.20069
FAM153B	6	1.40187	1	0.645161	7	1.20069
FAM163B	7	1.63551	0	0	7	1.20069
FAM20B	7	1.63551	0	0	7	1.20069
FAM220A	6	1.40187	1	0.645161	7	1.20069
FAM234A	6	1.40187	1	0.645161	7	1.20069
FAM53A	5	1.16822	2	1.29032	7	1.20069
FAM71C	6	1.40187	1	0.645161	7	1.20069
FAM78A	5	1.16822	2	1.29032	7	1.20069
FANCB	5	1.16822	2	1.29032	7	1.20069
FANCG	6	1.40187	1	0.645161	7	1.20069
FAS	7	1.63551	0	0	7	1.20069
FASTKD5	7	1.63551	0	0	7	1.20069
FBLIM1	7	1.63551	0	0	7	1.20069
FBXL14	7	1.63551	0	0	7	1.20069
FBXO32	5	1.16822	2	1.29032	7	1.20069
FBXO4	6	1.40187	1	0.645161	7	1.20069
FBXO7	5	1.16822	2	1.29032	7	1.20069
FBXO8	5	1.16822	2	1.29032	7	1.20069
FBXO9	6	1.40187	1	0.645161	7	1.20069
FBXW12	5	1.16822	2	1.29032	7	1.20069
FBXW2	6	1.40187	1	0.645161	7	1.20069
FBXW8	5	1.16822	2	1.29032	7	1.20069
FCGRT	7	1.63551	0	0	7	1.20069
FCN3	6	1.40187	1	0.645161	7	1.20069
FCRLA	4	0.934579	3	1.93548	7	1.20069
FEN1	5	1.16822	2	1.29032	7	1.20069
FERD3L	6	1.40187	1	0.645161	7	1.20069
FERMT1	7	1.63551	0	0	7	1.20069
FGF20	6	1.40187	1	0.645161	7	1.20069
FGG	7	1.63551	0	0	7	1.20069
FGGY	5	1.16822	2	1.29032	7	1.20069
FNBP1L	5	1.16822	2	1.29032	7	1.20069
FOSB	6	1.40187	1	0.645161	7	1.20069
FOXA2	6	1.40187	1	0.645161	7	1.20069
FOXB2	7	1.63551	0	0	7	1.20069
FOXE1	7	1.63551	0	0	7	1.20069
FOXF2	5	1.16822	2	1.29032	7	1.20069
FOXJ3	4	0.934579	3	1.93548	7	1.20069
FRG2C	7	1.63551	0	0	7	1.20069
FRMD1	5	1.16822	2	1.29032	7	1.20069
FRMD4B	5	1.16822	2	1.29032	7	1.20069
FRMD7	5	1.16822	2	1.29032	7	1.20069
FRRS1	5	1.16822	2	1.29032	7	1.20069
FUCA2	5	1.16822	2	1.29032	7	1.20069
FUT3	6	1.40187	1	0.645161	7	1.20069
FUT5	6	1.40187	1	0.645161	7	1.20069
FZR1	6	1.40187	1	0.645161	7	1.20069
GABRD	6	1.40187	1	0.645161	7	1.20069
GAMT	7	1.63551	0	0	7	1.20069
GBP2	6	1.40187	1	0.645161	7	1.20069
GCFC2	6	1.40187	1	0.645161	7	1.20069
GCKR	5	1.16822	2	1.29032	7	1.20069
GCOM1	4	0.934579	3	1.93548	7	1.20069
GDF15	5	1.16822	2	1.29032	7	1.20069
GDPD5	7	1.63551	0	0	7	1.20069
GGA1	7	1.63551	0	0	7	1.20069
GGN	6	1.40187	1	0.645161	7	1.20069
GIPC1	7	1.63551	0	0	7	1.20069
GJA4	6	1.40187	1	0.645161	7	1.20069
GJA5	6	1.40187	1	0.645161	7	1.20069
GJD4	7	1.63551	0	0	7	1.20069
GLB1L	6	1.40187	1	0.645161	7	1.20069
GLCCI1	4	0.934579	3	1.93548	7	1.20069
GLI4	6	1.40187	1	0.645161	7	1.20069
GLRA2	6	1.40187	1	0.645161	7	1.20069
GMDS	6	1.40187	1	0.645161	7	1.20069
GNAI2	6	1.40187	1	0.645161	7	1.20069
GNB5	6	1.40187	1	0.645161	7	1.20069
GNL3	7	1.63551	0	0	7	1.20069
GNL3L	6	1.40187	1	0.645161	7	1.20069
GNPAT	6	1.40187	1	0.645161	7	1.20069
GNRH1	6	1.40187	1	0.645161	7	1.20069
GNS	6	1.40187	1	0.645161	7	1.20069
GOLGA6A	4	0.934579	3	1.93548	7	1.20069
GOPC	5	1.16822	2	1.29032	7	1.20069
GPATCH2	4	0.934579	3	1.93548	7	1.20069
GPATCH2L	6	1.40187	1	0.645161	7	1.20069
GPN1	7	1.63551	0	0	7	1.20069
GPR108	5	1.16822	2	1.29032	7	1.20069
GPR137	5	1.16822	2	1.29032	7	1.20069
GPR173	6	1.40187	1	0.645161	7	1.20069
GPR182	6	1.40187	1	0.645161	7	1.20069
GPR183	6	1.40187	1	0.645161	7	1.20069
GPR4	6	1.40187	1	0.645161	7	1.20069
GPR52	7	1.63551	0	0	7	1.20069
GPR61	7	1.63551	0	0	7	1.20069
GPR68	7	1.63551	0	0	7	1.20069
GPR83	5	1.16822	2	1.29032	7	1.20069
GPR85	6	1.40187	1	0.645161	7	1.20069
GPS1	6	1.40187	1	0.645161	7	1.20069
GPS2	6	1.40187	1	0.645161	7	1.20069
GPX5	5	1.16822	2	1.29032	7	1.20069
GPX6	6	1.40187	1	0.645161	7	1.20069
GRAP2	5	1.16822	2	1.29032	7	1.20069
GRB10	7	1.63551	0	0	7	1.20069
GREB1L	7	1.63551	0	0	7	1.20069
GRHL3	5	1.16822	2	1.29032	7	1.20069
GSDMA	6	1.40187	1	0.645161	7	1.20069
GSDME	7	1.63551	0	0	7	1.20069
GSG1	6	1.40187	1	0.645161	7	1.20069
GSN	7	1.63551	0	0	7	1.20069
GSTM3	6	1.40187	1	0.645161	7	1.20069
GTF2A1	7	1.63551	0	0	7	1.20069
GTF2B	5	1.16822	2	1.29032	7	1.20069
GTF3C5	5	1.16822	2	1.29032	7	1.20069
GXYLT2	5	1.16822	2	1.29032	7	1.20069
GYG2	6	1.40187	1	0.645161	7	1.20069
GYPA	6	1.40187	1	0.645161	7	1.20069
H2AC1	6	1.40187	1	0.645161	7	1.20069
H3C2	6	1.40187	1	0.645161	7	1.20069
HAPLN3	6	1.40187	1	0.645161	7	1.20069
HARS1	6	1.40187	1	0.645161	7	1.20069
HARS2	5	1.16822	2	1.29032	7	1.20069
HAT1	6	1.40187	1	0.645161	7	1.20069
HCFC1R1	7	1.63551	0	0	7	1.20069
HDAC11	7	1.63551	0	0	7	1.20069
HDHD5	6	1.40187	1	0.645161	7	1.20069
HEY1	4	0.934579	3	1.93548	7	1.20069
HEY2	5	1.16822	2	1.29032	7	1.20069
HEYL	5	1.16822	2	1.29032	7	1.20069
HGFAC	7	1.63551	0	0	7	1.20069
HIPK4	7	1.63551	0	0	7	1.20069
HLA-DMB	6	1.40187	1	0.645161	7	1.20069
HMBS	6	1.40187	1	0.645161	7	1.20069
HMX3	7	1.63551	0	0	7	1.20069
HOXC13	6	1.40187	1	0.645161	7	1.20069
HOXD3	7	1.63551	0	0	7	1.20069
HOXD8	5	1.16822	2	1.29032	7	1.20069
HP1BP3	6	1.40187	1	0.645161	7	1.20069
HS2ST1	6	1.40187	1	0.645161	7	1.20069
HSPA13	5	1.16822	2	1.29032	7	1.20069
HSPA9	6	1.40187	1	0.645161	7	1.20069
HSPB8	3	0.700935	4	2.58065	7	1.20069
HTR3C	6	1.40187	1	0.645161	7	1.20069
HTR4	5	1.16822	2	1.29032	7	1.20069
HTR6	5	1.16822	2	1.29032	7	1.20069
HTRA4	7	1.63551	0	0	7	1.20069
HYAL2	5	1.16822	2	1.29032	7	1.20069
IFI44	5	1.16822	2	1.29032	7	1.20069
IFIT5	6	1.40187	1	0.645161	7	1.20069
IFNAR2	5	1.16822	2	1.29032	7	1.20069
IFNGR2	6	1.40187	1	0.645161	7	1.20069
IGFBP3	6	1.40187	1	0.645161	7	1.20069
IGHD	4	0.934579	3	1.93548	7	1.20069
IGHV1OR21-1	7	1.63551	0	0	7	1.20069
IGHV4-28	6	1.40187	1	0.645161	7	1.20069
IGKV1-5	6	1.40187	1	0.645161	7	1.20069
IGKV2-24	7	1.63551	0	0	7	1.20069
IL11	7	1.63551	0	0	7	1.20069
IL11RA	6	1.40187	1	0.645161	7	1.20069
IL12RB1	6	1.40187	1	0.645161	7	1.20069
IL1B	6	1.40187	1	0.645161	7	1.20069
IL23R	4	0.934579	3	1.93548	7	1.20069
IL9R	5	1.16822	2	1.29032	7	1.20069
IMPA1	6	1.40187	1	0.645161	7	1.20069
INKA2	6	1.40187	1	0.645161	7	1.20069
INPP5K	6	1.40187	1	0.645161	7	1.20069
IP6K1	7	1.63551	0	0	7	1.20069
IPCEF1	6	1.40187	1	0.645161	7	1.20069
IPMK	5	1.16822	2	1.29032	7	1.20069
IPP	3	0.700935	4	2.58065	7	1.20069
IRF1	6	1.40187	1	0.645161	7	1.20069
IRF4	6	1.40187	1	0.645161	7	1.20069
IRF5	7	1.63551	0	0	7	1.20069
IRF6	7	1.63551	0	0	7	1.20069
IRF7	7	1.63551	0	0	7	1.20069
IRGC	7	1.63551	0	0	7	1.20069
IRX2	6	1.40187	1	0.645161	7	1.20069
ISM1	6	1.40187	1	0.645161	7	1.20069
ISM2	7	1.63551	0	0	7	1.20069
ITGB7	6	1.40187	1	0.645161	7	1.20069
ITPRIPL1	5	1.16822	2	1.29032	7	1.20069
JCHAIN	3	0.700935	4	2.58065	7	1.20069
KARS1	7	1.63551	0	0	7	1.20069
KAT5	4	0.934579	3	1.93548	7	1.20069
KCNK17	6	1.40187	1	0.645161	7	1.20069
KCTD11	7	1.63551	0	0	7	1.20069
KCTD15	6	1.40187	1	0.645161	7	1.20069
KCTD21	5	1.16822	2	1.29032	7	1.20069
KCTD9	7	1.63551	0	0	7	1.20069
KDM1A	3	0.700935	4	2.58065	7	1.20069
KHDC3L	6	1.40187	1	0.645161	7	1.20069
KHDC4	3	0.700935	4	2.58065	7	1.20069
KHDRBS1	6	1.40187	1	0.645161	7	1.20069
KIAA0930	6	1.40187	1	0.645161	7	1.20069
KIAA1328	5	1.16822	2	1.29032	7	1.20069
KIF25	6	1.40187	1	0.645161	7	1.20069
KIF3B	6	1.40187	1	0.645161	7	1.20069
KLC3	7	1.63551	0	0	7	1.20069
KLF14	5	1.16822	2	1.29032	7	1.20069
KLHDC2	3	0.700935	4	2.58065	7	1.20069
KLHDC4	6	1.40187	1	0.645161	7	1.20069
KLK15	6	1.40187	1	0.645161	7	1.20069
KLRF1	5	1.16822	2	1.29032	7	1.20069
KNSTRN	4	0.934579	3	1.93548	7	1.20069
KPNA5	5	1.16822	2	1.29032	7	1.20069
KPNB1	4	0.934579	3	1.93548	7	1.20069
KRT14	5	1.16822	2	1.29032	7	1.20069
KRT16	6	1.40187	1	0.645161	7	1.20069
KRT25	6	1.40187	1	0.645161	7	1.20069
KRT72	7	1.63551	0	0	7	1.20069
KRTAP19-5	5	1.16822	2	1.29032	7	1.20069
LAG3	6	1.40187	1	0.645161	7	1.20069
LAMP2	6	1.40187	1	0.645161	7	1.20069
LAMP3	6	1.40187	1	0.645161	7	1.20069
LARGE2	4	0.934579	3	1.93548	7	1.20069
LARP6	6	1.40187	1	0.645161	7	1.20069
LAX1	6	1.40187	1	0.645161	7	1.20069
LBP	6	1.40187	1	0.645161	7	1.20069
LCE1A	6	1.40187	1	0.645161	7	1.20069
LCE2B	6	1.40187	1	0.645161	7	1.20069
LDHB	5	1.16822	2	1.29032	7	1.20069
LENG1	6	1.40187	1	0.645161	7	1.20069
LGALS3BP	6	1.40187	1	0.645161	7	1.20069
LGALS8	6	1.40187	1	0.645161	7	1.20069
LGALS9	6	1.40187	1	0.645161	7	1.20069
LGI3	6	1.40187	1	0.645161	7	1.20069
LGI4	6	1.40187	1	0.645161	7	1.20069
LHFPL6	6	1.40187	1	0.645161	7	1.20069
LHX2	7	1.63551	0	0	7	1.20069
LHX8	4	0.934579	3	1.93548	7	1.20069
LILRA2	5	1.16822	2	1.29032	7	1.20069
LIMS2	6	1.40187	1	0.645161	7	1.20069
LIPG	6	1.40187	1	0.645161	7	1.20069
LIPH	5	1.16822	2	1.29032	7	1.20069
LIPJ	5	1.16822	2	1.29032	7	1.20069
LPP	6	1.40187	1	0.645161	7	1.20069
LRRC14B	6	1.40187	1	0.645161	7	1.20069
LRRC39	7	1.63551	0	0	7	1.20069
LRRC4	6	1.40187	1	0.645161	7	1.20069
LRRC42	7	1.63551	0	0	7	1.20069
LRRN4	6	1.40187	1	0.645161	7	1.20069
LRWD1	5	1.16822	2	1.29032	7	1.20069
LY6K	6	1.40187	1	0.645161	7	1.20069
LYVE1	6	1.40187	1	0.645161	7	1.20069
LYZL1	7	1.63551	0	0	7	1.20069
MACROH2A1	5	1.16822	2	1.29032	7	1.20069
MAGEA6	6	1.40187	1	0.645161	7	1.20069
MAGEH1	5	1.16822	2	1.29032	7	1.20069
MAGT1	6	1.40187	1	0.645161	7	1.20069
MAMSTR	4	0.934579	3	1.93548	7	1.20069
MAP3K3	6	1.40187	1	0.645161	7	1.20069
MAPK15	5	1.16822	2	1.29032	7	1.20069
MAPKAPK2	5	1.16822	2	1.29032	7	1.20069
MAPRE2	7	1.63551	0	0	7	1.20069
MARCHF11	4	0.934579	3	1.93548	7	1.20069
MARCHF8	5	1.16822	2	1.29032	7	1.20069
MARCKSL1	7	1.63551	0	0	7	1.20069
MAS1	5	1.16822	2	1.29032	7	1.20069
MAX	7	1.63551	0	0	7	1.20069
MB21D2	5	1.16822	2	1.29032	7	1.20069
MBD3L1	6	1.40187	1	0.645161	7	1.20069
MC4R	5	1.16822	2	1.29032	7	1.20069
MCAM	6	1.40187	1	0.645161	7	1.20069
MCOLN2	5	1.16822	2	1.29032	7	1.20069
MCRS1	7	1.63551	0	0	7	1.20069
MDFIC	4	0.934579	3	1.93548	7	1.20069
ME3	6	1.40187	1	0.645161	7	1.20069
MED15	7	1.63551	0	0	7	1.20069
MEGF11	4	0.934579	3	1.93548	7	1.20069
MEGF9	7	1.63551	0	0	7	1.20069
MEOX2	5	1.16822	2	1.29032	7	1.20069
MESD	5	1.16822	2	1.29032	7	1.20069
MEST	6	1.40187	1	0.645161	7	1.20069
METRNL	6	1.40187	1	0.645161	7	1.20069
METTL14	4	0.934579	3	1.93548	7	1.20069
METTL15	6	1.40187	1	0.645161	7	1.20069
METTL24	4	0.934579	3	1.93548	7	1.20069
METTL7A	4	0.934579	3	1.93548	7	1.20069
MFF	4	0.934579	3	1.93548	7	1.20069
MFSD14A	6	1.40187	1	0.645161	7	1.20069
MFSD6L	7	1.63551	0	0	7	1.20069
MFSD9	7	1.63551	0	0	7	1.20069
MGAT4A	5	1.16822	2	1.29032	7	1.20069
MIA	5	1.16822	2	1.29032	7	1.20069
MICU2	6	1.40187	1	0.645161	7	1.20069
MICU3	6	1.40187	1	0.645161	7	1.20069
MID1	4	0.934579	3	1.93548	7	1.20069
MIDN	7	1.63551	0	0	7	1.20069
MIER2	6	1.40187	1	0.645161	7	1.20069
MINDY1	5	1.16822	2	1.29032	7	1.20069
MINDY2	6	1.40187	1	0.645161	7	1.20069
MLF2	6	1.40187	1	0.645161	7	1.20069
MMP24	6	1.40187	1	0.645161	7	1.20069
MMS19	6	1.40187	1	0.645161	7	1.20069
MNX1	7	1.63551	0	0	7	1.20069
MOCS1	7	1.63551	0	0	7	1.20069
MORN1	6	1.40187	1	0.645161	7	1.20069
MPIG6B	7	1.63551	0	0	7	1.20069
MPP5	6	1.40187	1	0.645161	7	1.20069
MPP7	4	0.934579	3	1.93548	7	1.20069
MPPED1	7	1.63551	0	0	7	1.20069
MRGPRX4	5	1.16822	2	1.29032	7	1.20069
MRPL19	6	1.40187	1	0.645161	7	1.20069
MRPL44	5	1.16822	2	1.29032	7	1.20069
MRPL47	5	1.16822	2	1.29032	7	1.20069
MRPL54	5	1.16822	2	1.29032	7	1.20069
MRPS22	6	1.40187	1	0.645161	7	1.20069
MRPS27	6	1.40187	1	0.645161	7	1.20069
MRPS30	6	1.40187	1	0.645161	7	1.20069
MSANTD4	5	1.16822	2	1.29032	7	1.20069
MSS51	4	0.934579	3	1.93548	7	1.20069
MTA3	5	1.16822	2	1.29032	7	1.20069
MTCH2	7	1.63551	0	0	7	1.20069
MTERF1	4	0.934579	3	1.93548	7	1.20069
MTERF3	6	1.40187	1	0.645161	7	1.20069
MTFR1L	6	1.40187	1	0.645161	7	1.20069
MTG1	7	1.63551	0	0	7	1.20069
MTHFR	5	1.16822	2	1.29032	7	1.20069
MUC15	5	1.16822	2	1.29032	7	1.20069
MUS81	6	1.40187	1	0.645161	7	1.20069
MVD	7	1.63551	0	0	7	1.20069
MVP	7	1.63551	0	0	7	1.20069
NANOS2	7	1.63551	0	0	7	1.20069
NAPSA	5	1.16822	2	1.29032	7	1.20069
NARF	5	1.16822	2	1.29032	7	1.20069
NARS1	5	1.16822	2	1.29032	7	1.20069
NCF2	5	1.16822	2	1.29032	7	1.20069
NCF4	5	1.16822	2	1.29032	7	1.20069
NCKIPSD	6	1.40187	1	0.645161	7	1.20069
NCL	6	1.40187	1	0.645161	7	1.20069
NDUFAF5	7	1.63551	0	0	7	1.20069
NECTIN2	5	1.16822	2	1.29032	7	1.20069
NEIL3	5	1.16822	2	1.29032	7	1.20069
NEK2	4	0.934579	3	1.93548	7	1.20069
NEMP1	5	1.16822	2	1.29032	7	1.20069
NEU4	4	0.934579	3	1.93548	7	1.20069
NEUROD2	7	1.63551	0	0	7	1.20069
NFAT5	6	1.40187	1	0.645161	7	1.20069
NFKBIB	7	1.63551	0	0	7	1.20069
NFKBIZ	6	1.40187	1	0.645161	7	1.20069
NGEF	5	1.16822	2	1.29032	7	1.20069
NKD1	6	1.40187	1	0.645161	7	1.20069
NKPD1	7	1.63551	0	0	7	1.20069
NKX2-1	7	1.63551	0	0	7	1.20069
NKX2-5	7	1.63551	0	0	7	1.20069
NLK	6	1.40187	1	0.645161	7	1.20069
NNT	4	0.934579	3	1.93548	7	1.20069
NOL9	6	1.40187	1	0.645161	7	1.20069
NOMO2	4	0.934579	3	1.93548	7	1.20069
NOP53	6	1.40187	1	0.645161	7	1.20069
NOS1AP	6	1.40187	1	0.645161	7	1.20069
NOXA1	5	1.16822	2	1.29032	7	1.20069
NPEPL1	6	1.40187	1	0.645161	7	1.20069
NPNT	7	1.63551	0	0	7	1.20069
NR2E3	6	1.40187	1	0.645161	7	1.20069
NR2F1	4	0.934579	3	1.93548	7	1.20069
NRN1	5	1.16822	2	1.29032	7	1.20069
NSUN6	5	1.16822	2	1.29032	7	1.20069
NT5C3A	6	1.40187	1	0.645161	7	1.20069
NTF3	7	1.63551	0	0	7	1.20069
NUCB2	5	1.16822	2	1.29032	7	1.20069
NUFIP2	6	1.40187	1	0.645161	7	1.20069
NUP43	5	1.16822	2	1.29032	7	1.20069
NUP58	6	1.40187	1	0.645161	7	1.20069
NXPH1	6	1.40187	1	0.645161	7	1.20069
ODF1	5	1.16822	2	1.29032	7	1.20069
OLA1	5	1.16822	2	1.29032	7	1.20069
OPN1SW	7	1.63551	0	0	7	1.20069
OPN3	6	1.40187	1	0.645161	7	1.20069
OPN5	5	1.16822	2	1.29032	7	1.20069
OPRPN	6	1.40187	1	0.645161	7	1.20069
OR10H2	7	1.63551	0	0	7	1.20069
OR10H4	4	0.934579	3	1.93548	7	1.20069
OR10K1	7	1.63551	0	0	7	1.20069
OR10Q1	6	1.40187	1	0.645161	7	1.20069
OR10X1	7	1.63551	0	0	7	1.20069
OR11H6	5	1.16822	2	1.29032	7	1.20069
OR13C9	6	1.40187	1	0.645161	7	1.20069
OR1D5	5	1.16822	2	1.29032	7	1.20069
OR1F1	5	1.16822	2	1.29032	7	1.20069
OR2A2	4	0.934579	3	1.93548	7	1.20069
OR2AK2	6	1.40187	1	0.645161	7	1.20069
OR2F1	5	1.16822	2	1.29032	7	1.20069
OR2G2	5	1.16822	2	1.29032	7	1.20069
OR2K2	5	1.16822	2	1.29032	7	1.20069
OR2M7	4	0.934579	3	1.93548	7	1.20069
OR4C11	7	1.63551	0	0	7	1.20069
OR4C12	4	0.934579	3	1.93548	7	1.20069
OR4C3	6	1.40187	1	0.645161	7	1.20069
OR4D1	5	1.16822	2	1.29032	7	1.20069
OR4D6	5	1.16822	2	1.29032	7	1.20069
OR4D9	4	0.934579	3	1.93548	7	1.20069
OR51F2	5	1.16822	2	1.29032	7	1.20069
OR51G2	5	1.16822	2	1.29032	7	1.20069
OR51I1	4	0.934579	3	1.93548	7	1.20069
OR52B4	4	0.934579	3	1.93548	7	1.20069
OR52E2	3	0.700935	4	2.58065	7	1.20069
OR52E8	5	1.16822	2	1.29032	7	1.20069
OR52K2	7	1.63551	0	0	7	1.20069
OR52N1	6	1.40187	1	0.645161	7	1.20069
OR52N4	7	1.63551	0	0	7	1.20069
OR52N5	6	1.40187	1	0.645161	7	1.20069
OR5AC2	5	1.16822	2	1.29032	7	1.20069
OR5C1	7	1.63551	0	0	7	1.20069
OR5K4	5	1.16822	2	1.29032	7	1.20069
OR5L1	5	1.16822	2	1.29032	7	1.20069
OR6B2	7	1.63551	0	0	7	1.20069
OR6C6	3	0.700935	4	2.58065	7	1.20069
OR7G1	5	1.16822	2	1.29032	7	1.20069
OR8B4	6	1.40187	1	0.645161	7	1.20069
OR8D2	5	1.16822	2	1.29032	7	1.20069
OR8G1	6	1.40187	1	0.645161	7	1.20069
OR8U1	3	0.700935	4	2.58065	7	1.20069
ORAI2	6	1.40187	1	0.645161	7	1.20069
ORC2	7	1.63551	0	0	7	1.20069
OTUD5	7	1.63551	0	0	7	1.20069
OXNAD1	7	1.63551	0	0	7	1.20069
P2RX3	5	1.16822	2	1.29032	7	1.20069
P2RX4	6	1.40187	1	0.645161	7	1.20069
P2RY2	6	1.40187	1	0.645161	7	1.20069
P4HA3	4	0.934579	3	1.93548	7	1.20069
PACSIN3	7	1.63551	0	0	7	1.20069
PADI4	6	1.40187	1	0.645161	7	1.20069
PAFAH1B1	6	1.40187	1	0.645161	7	1.20069
PAFAH2	6	1.40187	1	0.645161	7	1.20069
PAIP1	4	0.934579	3	1.93548	7	1.20069
PANK3	5	1.16822	2	1.29032	7	1.20069
PAPSS1	5	1.16822	2	1.29032	7	1.20069
PARP2	6	1.40187	1	0.645161	7	1.20069
PARVG	6	1.40187	1	0.645161	7	1.20069
PATL1	6	1.40187	1	0.645161	7	1.20069
PBX1	6	1.40187	1	0.645161	7	1.20069
PBX3	6	1.40187	1	0.645161	7	1.20069
PCGF5	6	1.40187	1	0.645161	7	1.20069
PCYOX1	6	1.40187	1	0.645161	7	1.20069
PCYT1A	5	1.16822	2	1.29032	7	1.20069
PDGFA	7	1.63551	0	0	7	1.20069
PDHA1	6	1.40187	1	0.645161	7	1.20069
PDIA6	5	1.16822	2	1.29032	7	1.20069
PDLIM7	7	1.63551	0	0	7	1.20069
PDZK1	6	1.40187	1	0.645161	7	1.20069
PELI1	7	1.63551	0	0	7	1.20069
PEPD	7	1.63551	0	0	7	1.20069
PES1	7	1.63551	0	0	7	1.20069
PEX13	5	1.16822	2	1.29032	7	1.20069
PEX3	3	0.700935	4	2.58065	7	1.20069
PGC	4	0.934579	3	1.93548	7	1.20069
PGD	6	1.40187	1	0.645161	7	1.20069
PGM2L1	5	1.16822	2	1.29032	7	1.20069
PGM3	4	0.934579	3	1.93548	7	1.20069
PHF21B	6	1.40187	1	0.645161	7	1.20069
PHYH	6	1.40187	1	0.645161	7	1.20069
PHYHIP	6	1.40187	1	0.645161	7	1.20069
PIGM	4	0.934579	3	1.93548	7	1.20069
PIGT	5	1.16822	2	1.29032	7	1.20069
PIMREG	5	1.16822	2	1.29032	7	1.20069
PITPNC1	6	1.40187	1	0.645161	7	1.20069
PJA1	6	1.40187	1	0.645161	7	1.20069
PLA2G15	7	1.63551	0	0	7	1.20069
PLAAT4	7	1.63551	0	0	7	1.20069
PLEKHO1	6	1.40187	1	0.645161	7	1.20069
PLEKHO2	7	1.63551	0	0	7	1.20069
PLEKHS1	5	1.16822	2	1.29032	7	1.20069
PLOD3	7	1.63551	0	0	7	1.20069
PLP1	5	1.16822	2	1.29032	7	1.20069
PLPPR1	6	1.40187	1	0.645161	7	1.20069
PLRG1	6	1.40187	1	0.645161	7	1.20069
PLSCR3	5	1.16822	2	1.29032	7	1.20069
PLSCR5	6	1.40187	1	0.645161	7	1.20069
PLXDC1	4	0.934579	3	1.93548	7	1.20069
PMEL	5	1.16822	2	1.29032	7	1.20069
PNMA2	7	1.63551	0	0	7	1.20069
PNN	5	1.16822	2	1.29032	7	1.20069
POLB	5	1.16822	2	1.29032	7	1.20069
POLE2	6	1.40187	1	0.645161	7	1.20069
POLR3C	5	1.16822	2	1.29032	7	1.20069
POPDC2	5	1.16822	2	1.29032	7	1.20069
POU3F3	7	1.63551	0	0	7	1.20069
POU5F2	4	0.934579	3	1.93548	7	1.20069
PPA2	5	1.16822	2	1.29032	7	1.20069
PPID	4	0.934579	3	1.93548	7	1.20069
PPM1H	6	1.40187	1	0.645161	7	1.20069
PPP1R16A	7	1.63551	0	0	7	1.20069
PPP1R21	5	1.16822	2	1.29032	7	1.20069
PPP1R42	5	1.16822	2	1.29032	7	1.20069
PPP2R1B	5	1.16822	2	1.29032	7	1.20069
PPP2R3C	5	1.16822	2	1.29032	7	1.20069
PPP2R5B	7	1.63551	0	0	7	1.20069
PPP2R5C	5	1.16822	2	1.29032	7	1.20069
PPP2R5D	7	1.63551	0	0	7	1.20069
PPTC7	4	0.934579	3	1.93548	7	1.20069
PRAMEF10	3	0.700935	4	2.58065	7	1.20069
PRAMEF4	5	1.16822	2	1.29032	7	1.20069
PRB2	5	1.16822	2	1.29032	7	1.20069
PRDM11	7	1.63551	0	0	7	1.20069
PRDX6	5	1.16822	2	1.29032	7	1.20069
PREPL	6	1.40187	1	0.645161	7	1.20069
PRIM2	5	1.16822	2	1.29032	7	1.20069
PRKAB1	5	1.16822	2	1.29032	7	1.20069
PRKAR1A	3	0.700935	4	2.58065	7	1.20069
PRKCA	5	1.16822	2	1.29032	7	1.20069
PRODH2	7	1.63551	0	0	7	1.20069
PRR11	6	1.40187	1	0.645161	7	1.20069
PRSS1	6	1.40187	1	0.645161	7	1.20069
PRSS37	7	1.63551	0	0	7	1.20069
PRSS53	6	1.40187	1	0.645161	7	1.20069
PRSS55	5	1.16822	2	1.29032	7	1.20069
PSG3	6	1.40187	1	0.645161	7	1.20069
PSIP1	7	1.63551	0	0	7	1.20069
PSMD6	6	1.40187	1	0.645161	7	1.20069
PSRC1	6	1.40187	1	0.645161	7	1.20069
PTBP1	7	1.63551	0	0	7	1.20069
PTBP3	7	1.63551	0	0	7	1.20069
PTGIS	6	1.40187	1	0.645161	7	1.20069
PTN	5	1.16822	2	1.29032	7	1.20069
PTPN2	6	1.40187	1	0.645161	7	1.20069
PTPN22	5	1.16822	2	1.29032	7	1.20069
PUF60	7	1.63551	0	0	7	1.20069
PVRIG	7	1.63551	0	0	7	1.20069
PWWP2B	7	1.63551	0	0	7	1.20069
PYM1	6	1.40187	1	0.645161	7	1.20069
R3HDM4	7	1.63551	0	0	7	1.20069
RAB11FIP5	6	1.40187	1	0.645161	7	1.20069
RAB3B	5	1.16822	2	1.29032	7	1.20069
RAB40AL	6	1.40187	1	0.645161	7	1.20069
RAB5A	4	0.934579	3	1.93548	7	1.20069
RABEP1	6	1.40187	1	0.645161	7	1.20069
RAD9B	6	1.40187	1	0.645161	7	1.20069
RALGPS1	5	1.16822	2	1.29032	7	1.20069
RAMP3	6	1.40187	1	0.645161	7	1.20069
RAP1GAP2	6	1.40187	1	0.645161	7	1.20069
RARS1	5	1.16822	2	1.29032	7	1.20069
RASGRP4	6	1.40187	1	0.645161	7	1.20069
RBBP5	6	1.40187	1	0.645161	7	1.20069
RBCK1	6	1.40187	1	0.645161	7	1.20069
RBM17	7	1.63551	0	0	7	1.20069
RBM34	5	1.16822	2	1.29032	7	1.20069
RBM39	6	1.40187	1	0.645161	7	1.20069
RBM4B	6	1.40187	1	0.645161	7	1.20069
RBMX2	7	1.63551	0	0	7	1.20069
RBPMS	6	1.40187	1	0.645161	7	1.20069
RCC1	5	1.16822	2	1.29032	7	1.20069
RCL1	5	1.16822	2	1.29032	7	1.20069
RCOR1	5	1.16822	2	1.29032	7	1.20069
RCVRN	6	1.40187	1	0.645161	7	1.20069
REC8	7	1.63551	0	0	7	1.20069
REEP2	5	1.16822	2	1.29032	7	1.20069
REG1A	5	1.16822	2	1.29032	7	1.20069
RELL2	6	1.40187	1	0.645161	7	1.20069
RELT	6	1.40187	1	0.645161	7	1.20069
REM2	7	1.63551	0	0	7	1.20069
REPS2	7	1.63551	0	0	7	1.20069
RERG	6	1.40187	1	0.645161	7	1.20069
REXO4	5	1.16822	2	1.29032	7	1.20069
RFPL3	5	1.16822	2	1.29032	7	1.20069
RFPL4B	5	1.16822	2	1.29032	7	1.20069
RFX1	6	1.40187	1	0.645161	7	1.20069
RFX3	6	1.40187	1	0.645161	7	1.20069
RGS10	6	1.40187	1	0.645161	7	1.20069
RGS17	5	1.16822	2	1.29032	7	1.20069
RGS7BP	5	1.16822	2	1.29032	7	1.20069
RHBDF1	6	1.40187	1	0.645161	7	1.20069
RHD	5	1.16822	2	1.29032	7	1.20069
RIDA	6	1.40187	1	0.645161	7	1.20069
RIOK2	5	1.16822	2	1.29032	7	1.20069
RLBP1	6	1.40187	1	0.645161	7	1.20069
RLIM	6	1.40187	1	0.645161	7	1.20069
RMDN1	7	1.63551	0	0	7	1.20069
RNASE10	7	1.63551	0	0	7	1.20069
RNF32	7	1.63551	0	0	7	1.20069
RNPEPL1	6	1.40187	1	0.645161	7	1.20069
RPA4	6	1.40187	1	0.645161	7	1.20069
RPF1	4	0.934579	3	1.93548	7	1.20069
RPL28	5	1.16822	2	1.29032	7	1.20069
RPUSD1	7	1.63551	0	0	7	1.20069
RPUSD2	6	1.40187	1	0.645161	7	1.20069
RRH	4	0.934579	3	1.93548	7	1.20069
RSL1D1	6	1.40187	1	0.645161	7	1.20069
RSPH10B	6	1.40187	1	0.645161	7	1.20069
RSPO4	7	1.63551	0	0	7	1.20069
RSRC1	5	1.16822	2	1.29032	7	1.20069
RSRC2	5	1.16822	2	1.29032	7	1.20069
RUNX3	5	1.16822	2	1.29032	7	1.20069
S1PR3	3	0.700935	4	2.58065	7	1.20069
SCARF2	6	1.40187	1	0.645161	7	1.20069
SCN2B	4	0.934579	3	1.93548	7	1.20069
SCN3B	5	1.16822	2	1.29032	7	1.20069
SDC3	5	1.16822	2	1.29032	7	1.20069
SECISBP2	6	1.40187	1	0.645161	7	1.20069
SEMG1	7	1.63551	0	0	7	1.20069
SEPHS1	6	1.40187	1	0.645161	7	1.20069
SEPTIN11	6	1.40187	1	0.645161	7	1.20069
SEPTIN3	7	1.63551	0	0	7	1.20069
SEPTIN9	7	1.63551	0	0	7	1.20069
SERBP1	3	0.700935	4	2.58065	7	1.20069
SERPINB11	6	1.40187	1	0.645161	7	1.20069
SERPINC1	7	1.63551	0	0	7	1.20069
SERPIND1	6	1.40187	1	0.645161	7	1.20069
SERPING1	4	0.934579	3	1.93548	7	1.20069
SERPINI1	5	1.16822	2	1.29032	7	1.20069
SERTAD4	6	1.40187	1	0.645161	7	1.20069
SH3GL2	6	1.40187	1	0.645161	7	1.20069
SHBG	5	1.16822	2	1.29032	7	1.20069
SHC2	7	1.63551	0	0	7	1.20069
SHF	7	1.63551	0	0	7	1.20069
SHFL	7	1.63551	0	0	7	1.20069
SHH	6	1.40187	1	0.645161	7	1.20069
SHISA5	6	1.40187	1	0.645161	7	1.20069
SHISAL1	7	1.63551	0	0	7	1.20069
SIGLECL1	3	0.700935	4	2.58065	7	1.20069
SIX2	6	1.40187	1	0.645161	7	1.20069
SIX6	6	1.40187	1	0.645161	7	1.20069
SLAIN2	4	0.934579	3	1.93548	7	1.20069
SLC15A3	7	1.63551	0	0	7	1.20069
SLC16A4	4	0.934579	3	1.93548	7	1.20069
SLC19A1	6	1.40187	1	0.645161	7	1.20069
SLC22A8	6	1.40187	1	0.645161	7	1.20069
SLC22A9	5	1.16822	2	1.29032	7	1.20069
SLC25A24	6	1.40187	1	0.645161	7	1.20069
SLC25A39	6	1.40187	1	0.645161	7	1.20069
SLC25A4	7	1.63551	0	0	7	1.20069
SLC25A40	3	0.700935	4	2.58065	7	1.20069
SLC25A42	6	1.40187	1	0.645161	7	1.20069
SLC25A46	6	1.40187	1	0.645161	7	1.20069
SLC25A51	6	1.40187	1	0.645161	7	1.20069
SLC25A53	4	0.934579	3	1.93548	7	1.20069
SLC29A3	7	1.63551	0	0	7	1.20069
SLC2A11	7	1.63551	0	0	7	1.20069
SLC35A5	6	1.40187	1	0.645161	7	1.20069
SLC35F1	6	1.40187	1	0.645161	7	1.20069
SLC36A4	7	1.63551	0	0	7	1.20069
SLC37A3	5	1.16822	2	1.29032	7	1.20069
SLC37A4	7	1.63551	0	0	7	1.20069
SLC39A11	6	1.40187	1	0.645161	7	1.20069
SLC39A6	6	1.40187	1	0.645161	7	1.20069
SLC40A1	5	1.16822	2	1.29032	7	1.20069
SLC41A1	7	1.63551	0	0	7	1.20069
SLC41A2	5	1.16822	2	1.29032	7	1.20069
SLC43A1	7	1.63551	0	0	7	1.20069
SLC44A3	7	1.63551	0	0	7	1.20069
SLC52A2	5	1.16822	2	1.29032	7	1.20069
SLC5A5	7	1.63551	0	0	7	1.20069
SLC5A9	7	1.63551	0	0	7	1.20069
SLC6A14	4	0.934579	3	1.93548	7	1.20069
SLC6A18	5	1.16822	2	1.29032	7	1.20069
SLC6A9	6	1.40187	1	0.645161	7	1.20069
SLC7A14	5	1.16822	2	1.29032	7	1.20069
SLX4IP	6	1.40187	1	0.645161	7	1.20069
SMAD5	4	0.934579	3	1.93548	7	1.20069
SMYD3	5	1.16822	2	1.29032	7	1.20069
SMYD5	6	1.40187	1	0.645161	7	1.20069
SNAPC3	4	0.934579	3	1.93548	7	1.20069
SNPH	7	1.63551	0	0	7	1.20069
SNRNP35	6	1.40187	1	0.645161	7	1.20069
SNRNP48	5	1.16822	2	1.29032	7	1.20069
SNTA1	6	1.40187	1	0.645161	7	1.20069
SNTB1	7	1.63551	0	0	7	1.20069
SNTB2	7	1.63551	0	0	7	1.20069
SNX17	5	1.16822	2	1.29032	7	1.20069
SOAT1	7	1.63551	0	0	7	1.20069
SOD2	7	1.63551	0	0	7	1.20069
SORD	5	1.16822	2	1.29032	7	1.20069
SP1	6	1.40187	1	0.645161	7	1.20069
SP110	4	0.934579	3	1.93548	7	1.20069
SPATA13	6	1.40187	1	0.645161	7	1.20069
SPATA18	6	1.40187	1	0.645161	7	1.20069
SPATA2L	6	1.40187	1	0.645161	7	1.20069
SPATA32	6	1.40187	1	0.645161	7	1.20069
SPATA5L1	6	1.40187	1	0.645161	7	1.20069
SPATA6L	6	1.40187	1	0.645161	7	1.20069
SPDYE1	6	1.40187	1	0.645161	7	1.20069
SPNS1	7	1.63551	0	0	7	1.20069
SPOCK1	7	1.63551	0	0	7	1.20069
SPOCK2	6	1.40187	1	0.645161	7	1.20069
SRR	5	1.16822	2	1.29032	7	1.20069
SS18L1	6	1.40187	1	0.645161	7	1.20069
SSB	5	1.16822	2	1.29032	7	1.20069
SSBP2	7	1.63551	0	0	7	1.20069
SSTR2	5	1.16822	2	1.29032	7	1.20069
SSX3	6	1.40187	1	0.645161	7	1.20069
ST3GAL1	5	1.16822	2	1.29032	7	1.20069
ST6GALNAC1	5	1.16822	2	1.29032	7	1.20069
ST8SIA2	5	1.16822	2	1.29032	7	1.20069
STAMBP	7	1.63551	0	0	7	1.20069
STK25	6	1.40187	1	0.645161	7	1.20069
STK32A	6	1.40187	1	0.645161	7	1.20069
STRC	5	1.16822	2	1.29032	7	1.20069
STUB1	7	1.63551	0	0	7	1.20069
STX2	5	1.16822	2	1.29032	7	1.20069
STX3	5	1.16822	2	1.29032	7	1.20069
STX4	6	1.40187	1	0.645161	7	1.20069
SUGCT	4	0.934579	3	1.93548	7	1.20069
SUSD2	7	1.63551	0	0	7	1.20069
SVOPL	6	1.40187	1	0.645161	7	1.20069
SWAP70	6	1.40187	1	0.645161	7	1.20069
SYNDIG1	6	1.40187	1	0.645161	7	1.20069
SYNGR4	7	1.63551	0	0	7	1.20069
SYT17	5	1.16822	2	1.29032	7	1.20069
TAAR1	6	1.40187	1	0.645161	7	1.20069
TAF5L	6	1.40187	1	0.645161	7	1.20069
TAPT1	6	1.40187	1	0.645161	7	1.20069
TBATA	7	1.63551	0	0	7	1.20069
TBC1D22B	7	1.63551	0	0	7	1.20069
TBX10	6	1.40187	1	0.645161	7	1.20069
TC2N	7	1.63551	0	0	7	1.20069
TCEA1	6	1.40187	1	0.645161	7	1.20069
TCEAL4	6	1.40187	1	0.645161	7	1.20069
TCEAL6	6	1.40187	1	0.645161	7	1.20069
TCF25	7	1.63551	0	0	7	1.20069
TCP1	6	1.40187	1	0.645161	7	1.20069
TCTE1	5	1.16822	2	1.29032	7	1.20069
TCTN1	6	1.40187	1	0.645161	7	1.20069
TDRD10	6	1.40187	1	0.645161	7	1.20069
TEAD1	7	1.63551	0	0	7	1.20069
TEAD4	6	1.40187	1	0.645161	7	1.20069
TENT5B	6	1.40187	1	0.645161	7	1.20069
TEPP	5	1.16822	2	1.29032	7	1.20069
TERF1	4	0.934579	3	1.93548	7	1.20069
TERF2	3	0.700935	4	2.58065	7	1.20069
TERT	6	1.40187	1	0.645161	7	1.20069
TESMIN	6	1.40187	1	0.645161	7	1.20069
TEX30	6	1.40187	1	0.645161	7	1.20069
TEX9	5	1.16822	2	1.29032	7	1.20069
TFAP2A	7	1.63551	0	0	7	1.20069
TFCP2	5	1.16822	2	1.29032	7	1.20069
TGFB1I1	7	1.63551	0	0	7	1.20069
TH	6	1.40187	1	0.645161	7	1.20069
THBD	6	1.40187	1	0.645161	7	1.20069
THEG	7	1.63551	0	0	7	1.20069
TIGD4	6	1.40187	1	0.645161	7	1.20069
TIGIT	5	1.16822	2	1.29032	7	1.20069
TIMM50	6	1.40187	1	0.645161	7	1.20069
TIPARP	5	1.16822	2	1.29032	7	1.20069
TM4SF19	6	1.40187	1	0.645161	7	1.20069
TM9SF4	4	0.934579	3	1.93548	7	1.20069
TMCO4	5	1.16822	2	1.29032	7	1.20069
TMEM100	4	0.934579	3	1.93548	7	1.20069
TMEM119	6	1.40187	1	0.645161	7	1.20069
TMEM147	6	1.40187	1	0.645161	7	1.20069
TMEM156	5	1.16822	2	1.29032	7	1.20069
TMEM164	5	1.16822	2	1.29032	7	1.20069
TMEM184A	7	1.63551	0	0	7	1.20069
TMEM184C	5	1.16822	2	1.29032	7	1.20069
TMEM30A	6	1.40187	1	0.645161	7	1.20069
TMEM59L	6	1.40187	1	0.645161	7	1.20069
TMEM74B	5	1.16822	2	1.29032	7	1.20069
TMIGD1	6	1.40187	1	0.645161	7	1.20069
TMPRSS11F	5	1.16822	2	1.29032	7	1.20069
TNFAIP6	3	0.700935	4	2.58065	7	1.20069
TNFRSF10B	5	1.16822	2	1.29032	7	1.20069
TNFRSF13B	5	1.16822	2	1.29032	7	1.20069
TNFRSF1A	5	1.16822	2	1.29032	7	1.20069
TNFRSF9	6	1.40187	1	0.645161	7	1.20069
TNFSF14	5	1.16822	2	1.29032	7	1.20069
TOM1L2	6	1.40187	1	0.645161	7	1.20069
TOX2	6	1.40187	1	0.645161	7	1.20069
TPBG	7	1.63551	0	0	7	1.20069
TRA2B	3	0.700935	4	2.58065	7	1.20069
TRIM10	5	1.16822	2	1.29032	7	1.20069
TRIM13	5	1.16822	2	1.29032	7	1.20069
TRIM26	7	1.63551	0	0	7	1.20069
TRIM36	6	1.40187	1	0.645161	7	1.20069
TRIM48	5	1.16822	2	1.29032	7	1.20069
TRIM52	6	1.40187	1	0.645161	7	1.20069
TRIM68	6	1.40187	1	0.645161	7	1.20069
TRIM72	6	1.40187	1	0.645161	7	1.20069
TRIM75P	5	1.16822	2	1.29032	7	1.20069
TRMT1	7	1.63551	0	0	7	1.20069
TRMT10C	5	1.16822	2	1.29032	7	1.20069
TRUB2	7	1.63551	0	0	7	1.20069
TSPAN2	6	1.40187	1	0.645161	7	1.20069
TSSK2	6	1.40187	1	0.645161	7	1.20069
TTC24	6	1.40187	1	0.645161	7	1.20069
TTC26	4	0.934579	3	1.93548	7	1.20069
TTC31	6	1.40187	1	0.645161	7	1.20069
TTC39B	4	0.934579	3	1.93548	7	1.20069
TUBA1A	6	1.40187	1	0.645161	7	1.20069
TUBB2B	6	1.40187	1	0.645161	7	1.20069
TULP2	6	1.40187	1	0.645161	7	1.20069
TWF1	5	1.16822	2	1.29032	7	1.20069
TXLNG	6	1.40187	1	0.645161	7	1.20069
TXNIP	5	1.16822	2	1.29032	7	1.20069
TYRP1	5	1.16822	2	1.29032	7	1.20069
TYW3	4	0.934579	3	1.93548	7	1.20069
U2AF2	5	1.16822	2	1.29032	7	1.20069
UBAC1	5	1.16822	2	1.29032	7	1.20069
UBE2A	4	0.934579	3	1.93548	7	1.20069
UBE2K	5	1.16822	2	1.29032	7	1.20069
UBE2U	7	1.63551	0	0	7	1.20069
UBE3D	7	1.63551	0	0	7	1.20069
UBLCP1	6	1.40187	1	0.645161	7	1.20069
UBXN11	5	1.16822	2	1.29032	7	1.20069
UCP1	7	1.63551	0	0	7	1.20069
UEVLD	5	1.16822	2	1.29032	7	1.20069
UGT1A8	5	1.16822	2	1.29032	7	1.20069
UGT2B17	4	0.934579	3	1.93548	7	1.20069
ULBP1	6	1.40187	1	0.645161	7	1.20069
ULBP3	6	1.40187	1	0.645161	7	1.20069
UNC93A	7	1.63551	0	0	7	1.20069
UPF3B	4	0.934579	3	1.93548	7	1.20069
UPRT	7	1.63551	0	0	7	1.20069
UQCC1	6	1.40187	1	0.645161	7	1.20069
UQCRC1	5	1.16822	2	1.29032	7	1.20069
USP37	5	1.16822	2	1.29032	7	1.20069
USP46	6	1.40187	1	0.645161	7	1.20069
USP51	4	0.934579	3	1.93548	7	1.20069
VARS2	7	1.63551	0	0	7	1.20069
VASH1	7	1.63551	0	0	7	1.20069
VASP	7	1.63551	0	0	7	1.20069
VAX2	5	1.16822	2	1.29032	7	1.20069
VEGFB	7	1.63551	0	0	7	1.20069
VEGFD	5	1.16822	2	1.29032	7	1.20069
VENTX	4	0.934579	3	1.93548	7	1.20069
VIPAS39	5	1.16822	2	1.29032	7	1.20069
VPS11	7	1.63551	0	0	7	1.20069
VPS36	6	1.40187	1	0.645161	7	1.20069
VPS51	6	1.40187	1	0.645161	7	1.20069
VPS72	7	1.63551	0	0	7	1.20069
VPS9D1	6	1.40187	1	0.645161	7	1.20069
VSIG1	4	0.934579	3	1.93548	7	1.20069
WDR45B	6	1.40187	1	0.645161	7	1.20069
WDR88	6	1.40187	1	0.645161	7	1.20069
WIF1	7	1.63551	0	0	7	1.20069
WLS	5	1.16822	2	1.29032	7	1.20069
WNT2B	6	1.40187	1	0.645161	7	1.20069
WNT4	6	1.40187	1	0.645161	7	1.20069
WRAP73	7	1.63551	0	0	7	1.20069
XKR9	4	0.934579	3	1.93548	7	1.20069
XKRX	4	0.934579	3	1.93548	7	1.20069
XPC	5	1.16822	2	1.29032	7	1.20069
XYLB	5	1.16822	2	1.29032	7	1.20069
YBX2	6	1.40187	1	0.645161	7	1.20069
ZBTB1	5	1.16822	2	1.29032	7	1.20069
ZBTB14	7	1.63551	0	0	7	1.20069
ZBTB39	7	1.63551	0	0	7	1.20069
ZBTB44	4	0.934579	3	1.93548	7	1.20069
ZC4H2	6	1.40187	1	0.645161	7	1.20069
ZDHHC11	7	1.63551	0	0	7	1.20069
ZDHHC20	6	1.40187	1	0.645161	7	1.20069
ZFYVE27	7	1.63551	0	0	7	1.20069
ZKSCAN4	6	1.40187	1	0.645161	7	1.20069
ZNF155	6	1.40187	1	0.645161	7	1.20069
ZNF165	5	1.16822	2	1.29032	7	1.20069
ZNF169	4	0.934579	3	1.93548	7	1.20069
ZNF230	6	1.40187	1	0.645161	7	1.20069
ZNF25	6	1.40187	1	0.645161	7	1.20069
ZNF263	3	0.700935	4	2.58065	7	1.20069
ZNF324	6	1.40187	1	0.645161	7	1.20069
ZNF341	7	1.63551	0	0	7	1.20069
ZNF346	6	1.40187	1	0.645161	7	1.20069
ZNF358	6	1.40187	1	0.645161	7	1.20069
ZNF367	7	1.63551	0	0	7	1.20069
ZNF436	7	1.63551	0	0	7	1.20069
ZNF441	5	1.16822	2	1.29032	7	1.20069
ZNF469	5	1.16822	2	1.29032	7	1.20069
ZNF488	4	0.934579	3	1.93548	7	1.20069
ZNF527	6	1.40187	1	0.645161	7	1.20069
ZNF550	5	1.16822	2	1.29032	7	1.20069
ZNF555	5	1.16822	2	1.29032	7	1.20069
ZNF566	6	1.40187	1	0.645161	7	1.20069
ZNF582	4	0.934579	3	1.93548	7	1.20069
ZNF596	6	1.40187	1	0.645161	7	1.20069
ZNF598	7	1.63551	0	0	7	1.20069
ZNF670	6	1.40187	1	0.645161	7	1.20069
ZNF70	6	1.40187	1	0.645161	7	1.20069
ZNF710	5	1.16822	2	1.29032	7	1.20069
ZNF711	6	1.40187	1	0.645161	7	1.20069
ZNF713	6	1.40187	1	0.645161	7	1.20069
ZNF781	4	0.934579	3	1.93548	7	1.20069
ZNF8	6	1.40187	1	0.645161	7	1.20069
ZNF880	5	1.16822	2	1.29032	7	1.20069
ZNF883	6	1.40187	1	0.645161	7	1.20069
ZWILCH	6	1.40187	1	0.645161	7	1.20069
ZXDC	5	1.16822	2	1.29032	7	1.20069
A1CF	6	1.40187	0	0	6	1.02916
AASDHPPT	4	0.934579	2	1.29032	6	1.02916
ABCF2	3	0.700935	3	1.93548	6	1.02916
ABHD12	5	1.16822	1	0.645161	6	1.02916
ABI2	4	0.934579	2	1.29032	6	1.02916
ABO	6	1.40187	0	0	6	1.02916
ABRA	4	0.934579	2	1.29032	6	1.02916
AC004593.2	4	0.934579	2	1.29032	6	1.02916
AC100868.1	6	1.40187	0	0	6	1.02916
AC134980.2	3	0.700935	3	1.93548	6	1.02916
ACAD10	5	1.16822	1	0.645161	6	1.02916
ACAT1	6	1.40187	0	0	6	1.02916
ACAT2	5	1.16822	1	0.645161	6	1.02916
ACKR1	6	1.40187	0	0	6	1.02916
ACOT11	5	1.16822	1	0.645161	6	1.02916
ACOX2	5	1.16822	1	0.645161	6	1.02916
ACP1	6	1.40187	0	0	6	1.02916
ACP3	4	0.934579	2	1.29032	6	1.02916
ACP4	5	1.16822	1	0.645161	6	1.02916
ACR	5	1.16822	1	0.645161	6	1.02916
ACRV1	4	0.934579	2	1.29032	6	1.02916
ACSS1	6	1.40187	0	0	6	1.02916
ACTN3	6	1.40187	0	0	6	1.02916
ACTR10	4	0.934579	2	1.29032	6	1.02916
ACTR3	4	0.934579	2	1.29032	6	1.02916
ADA	6	1.40187	0	0	6	1.02916
ADAL	5	1.16822	1	0.645161	6	1.02916
ADAMTSL5	6	1.40187	0	0	6	1.02916
ADAP2	6	1.40187	0	0	6	1.02916
ADGB	5	1.16822	1	0.645161	6	1.02916
ADGRG1	5	1.16822	1	0.645161	6	1.02916
ADH1A	5	1.16822	1	0.645161	6	1.02916
ADH6	5	1.16822	1	0.645161	6	1.02916
ADK	6	1.40187	0	0	6	1.02916
ADPRHL1	4	0.934579	2	1.29032	6	1.02916
ADRA1B	5	1.16822	1	0.645161	6	1.02916
ADRB1	4	0.934579	2	1.29032	6	1.02916
ADSS2	4	0.934579	2	1.29032	6	1.02916
AFG1L	6	1.40187	0	0	6	1.02916
AGER	5	1.16822	1	0.645161	6	1.02916
AGFG2	5	1.16822	1	0.645161	6	1.02916
AGK	4	0.934579	2	1.29032	6	1.02916
AGPAT3	5	1.16822	1	0.645161	6	1.02916
AGXT	6	1.40187	0	0	6	1.02916
AIMP2	5	1.16822	1	0.645161	6	1.02916
AKAP10	4	0.934579	2	1.29032	6	1.02916
AKAP5	5	1.16822	1	0.645161	6	1.02916
AKIRIN2	4	0.934579	2	1.29032	6	1.02916
AKR1B10	6	1.40187	0	0	6	1.02916
AKR1C1	5	1.16822	1	0.645161	6	1.02916
AKR1C8P	3	0.700935	3	1.93548	6	1.02916
AKR1D1	4	0.934579	2	1.29032	6	1.02916
AKT1S1	6	1.40187	0	0	6	1.02916
ALDH3A2	5	1.16822	1	0.645161	6	1.02916
ALDH7A1	4	0.934579	2	1.29032	6	1.02916
ALDH9A1	6	1.40187	0	0	6	1.02916
ALPG	4	0.934579	2	1.29032	6	1.02916
AMBP	5	1.16822	1	0.645161	6	1.02916
AMD1	3	0.700935	3	1.93548	6	1.02916
AMDHD1	6	1.40187	0	0	6	1.02916
AMMECR1	6	1.40187	0	0	6	1.02916
ANGPTL7	6	1.40187	0	0	6	1.02916
ANKRD10	6	1.40187	0	0	6	1.02916
ANKRD13B	6	1.40187	0	0	6	1.02916
ANKRD13C	5	1.16822	1	0.645161	6	1.02916
ANKRD34B	4	0.934579	2	1.29032	6	1.02916
ANKRD40	6	1.40187	0	0	6	1.02916
ANXA10	5	1.16822	1	0.645161	6	1.02916
ANXA4	6	1.40187	0	0	6	1.02916
ANXA9	5	1.16822	1	0.645161	6	1.02916
AP4M1	6	1.40187	0	0	6	1.02916
APEX2	4	0.934579	2	1.29032	6	1.02916
APOBEC3B	6	1.40187	0	0	6	1.02916
APOBEC3C	5	1.16822	1	0.645161	6	1.02916
APOL3	5	1.16822	1	0.645161	6	1.02916
APOL5	6	1.40187	0	0	6	1.02916
APPBP2	6	1.40187	0	0	6	1.02916
APTX	5	1.16822	1	0.645161	6	1.02916
AQP10	5	1.16822	1	0.645161	6	1.02916
AQP4	5	1.16822	1	0.645161	6	1.02916
ARCN1	5	1.16822	1	0.645161	6	1.02916
AREL1	5	1.16822	1	0.645161	6	1.02916
ARF4	4	0.934579	2	1.29032	6	1.02916
ARFGAP1	5	1.16822	1	0.645161	6	1.02916
ARG2	5	1.16822	1	0.645161	6	1.02916
ARHGEF33	4	0.934579	2	1.29032	6	1.02916
ARID3B	5	1.16822	1	0.645161	6	1.02916
ARIH2	4	0.934579	2	1.29032	6	1.02916
ARL13A	4	0.934579	2	1.29032	6	1.02916
ARL6IP6	5	1.16822	1	0.645161	6	1.02916
ARL8B	6	1.40187	0	0	6	1.02916
ARMCX3	4	0.934579	2	1.29032	6	1.02916
ARMCX5-GPRASP2	4	0.934579	2	1.29032	6	1.02916
ARNT	5	1.16822	1	0.645161	6	1.02916
ARRB1	5	1.16822	1	0.645161	6	1.02916
ARSK	5	1.16822	1	0.645161	6	1.02916
ART4	2	0.46729	4	2.58065	6	1.02916
ARVCF	6	1.40187	0	0	6	1.02916
ASB13	5	1.16822	1	0.645161	6	1.02916
ASB16	5	1.16822	1	0.645161	6	1.02916
ASB4	4	0.934579	2	1.29032	6	1.02916
ASCL4	5	1.16822	1	0.645161	6	1.02916
ASPA	5	1.16822	1	0.645161	6	1.02916
ASPHD1	5	1.16822	1	0.645161	6	1.02916
ASS1	5	1.16822	1	0.645161	6	1.02916
ATAD3B	3	0.700935	3	1.93548	6	1.02916
ATF2	5	1.16822	1	0.645161	6	1.02916
ATG101	5	1.16822	1	0.645161	6	1.02916
ATG13	4	0.934579	2	1.29032	6	1.02916
ATG4A	4	0.934579	2	1.29032	6	1.02916
ATG4B	6	1.40187	0	0	6	1.02916
ATG7	4	0.934579	2	1.29032	6	1.02916
ATP6V1C1	5	1.16822	1	0.645161	6	1.02916
ATP6V1E2	5	1.16822	1	0.645161	6	1.02916
AURKB	5	1.16822	1	0.645161	6	1.02916
AVIL	5	1.16822	1	0.645161	6	1.02916
AVL9	3	0.700935	3	1.93548	6	1.02916
AVPI1	6	1.40187	0	0	6	1.02916
B3GALT1	5	1.16822	1	0.645161	6	1.02916
B3GALT5	5	1.16822	1	0.645161	6	1.02916
B3GNT4	5	1.16822	1	0.645161	6	1.02916
B4GALNT3	5	1.16822	1	0.645161	6	1.02916
B4GALT2	5	1.16822	1	0.645161	6	1.02916
BAAT	5	1.16822	1	0.645161	6	1.02916
BAG4	5	1.16822	1	0.645161	6	1.02916
BAMBI	4	0.934579	2	1.29032	6	1.02916
BATF3	5	1.16822	1	0.645161	6	1.02916
BAX	6	1.40187	0	0	6	1.02916
BBOF1	4	0.934579	2	1.29032	6	1.02916
BBS4	5	1.16822	1	0.645161	6	1.02916
BCL2L13	5	1.16822	1	0.645161	6	1.02916
BDKRB1	5	1.16822	1	0.645161	6	1.02916
BDNF	4	0.934579	2	1.29032	6	1.02916
BEX1	5	1.16822	1	0.645161	6	1.02916
BIN2	5	1.16822	1	0.645161	6	1.02916
BLOC1S2	4	0.934579	2	1.29032	6	1.02916
BMF	6	1.40187	0	0	6	1.02916
BMP15	5	1.16822	1	0.645161	6	1.02916
BMX	5	1.16822	1	0.645161	6	1.02916
BPNT1	6	1.40187	0	0	6	1.02916
BRMS1L	5	1.16822	1	0.645161	6	1.02916
BSCL2	6	1.40187	0	0	6	1.02916
BSG	6	1.40187	0	0	6	1.02916
BSND	5	1.16822	1	0.645161	6	1.02916
BTBD9	6	1.40187	0	0	6	1.02916
C11orf49	4	0.934579	2	1.29032	6	1.02916
C11orf53	6	1.40187	0	0	6	1.02916
C12orf29	5	1.16822	1	0.645161	6	1.02916
C16orf46	5	1.16822	1	0.645161	6	1.02916
C16orf70	5	1.16822	1	0.645161	6	1.02916
C16orf71	4	0.934579	2	1.29032	6	1.02916
C16orf72	6	1.40187	0	0	6	1.02916
C17orf75	5	1.16822	1	0.645161	6	1.02916
C17orf78	6	1.40187	0	0	6	1.02916
C17orf80	4	0.934579	2	1.29032	6	1.02916
C19orf57	6	1.40187	0	0	6	1.02916
C1D	5	1.16822	1	0.645161	6	1.02916
C1QTNF1	6	1.40187	0	0	6	1.02916
C1orf116	5	1.16822	1	0.645161	6	1.02916
C1orf74	4	0.934579	2	1.29032	6	1.02916
C2orf15	4	0.934579	2	1.29032	6	1.02916
C2orf73	5	1.16822	1	0.645161	6	1.02916
C5AR2	5	1.16822	1	0.645161	6	1.02916
C6orf58	6	1.40187	0	0	6	1.02916
C7orf25	6	1.40187	0	0	6	1.02916
C7orf57	5	1.16822	1	0.645161	6	1.02916
C9orf135	5	1.16822	1	0.645161	6	1.02916
CA10	3	0.700935	3	1.93548	6	1.02916
CA13	5	1.16822	1	0.645161	6	1.02916
CA7	6	1.40187	0	0	6	1.02916
CABLES1	6	1.40187	0	0	6	1.02916
CABP5	5	1.16822	1	0.645161	6	1.02916
CACNB3	5	1.16822	1	0.645161	6	1.02916
CACNG6	5	1.16822	1	0.645161	6	1.02916
CALB2	5	1.16822	1	0.645161	6	1.02916
CAMKK1	4	0.934579	2	1.29032	6	1.02916
CAP2	5	1.16822	1	0.645161	6	1.02916
CAPZA2	5	1.16822	1	0.645161	6	1.02916
CARM1	6	1.40187	0	0	6	1.02916
CASP14	3	0.700935	3	1.93548	6	1.02916
CASP2	6	1.40187	0	0	6	1.02916
CASQ1	5	1.16822	1	0.645161	6	1.02916
CATIP	4	0.934579	2	1.29032	6	1.02916
CAV3	6	1.40187	0	0	6	1.02916
CBX4	6	1.40187	0	0	6	1.02916
CCDC106	4	0.934579	2	1.29032	6	1.02916
CCDC124	5	1.16822	1	0.645161	6	1.02916
CCDC130	5	1.16822	1	0.645161	6	1.02916
CCDC183	4	0.934579	2	1.29032	6	1.02916
CCDC24	6	1.40187	0	0	6	1.02916
CCDC33	5	1.16822	1	0.645161	6	1.02916
CCDC61	6	1.40187	0	0	6	1.02916
CCDC63	5	1.16822	1	0.645161	6	1.02916
CCDC65	4	0.934579	2	1.29032	6	1.02916
CCDC71	5	1.16822	1	0.645161	6	1.02916
CCDC83	3	0.700935	3	1.93548	6	1.02916
CCDC91	5	1.16822	1	0.645161	6	1.02916
CCN3	5	1.16822	1	0.645161	6	1.02916
CCNDBP1	4	0.934579	2	1.29032	6	1.02916
CCNE2	3	0.700935	3	1.93548	6	1.02916
CCNJL	5	1.16822	1	0.645161	6	1.02916
CCNQ	6	1.40187	0	0	6	1.02916
CCR4	4	0.934579	2	1.29032	6	1.02916
CCR9	3	0.700935	3	1.93548	6	1.02916
CCS	6	1.40187	0	0	6	1.02916
CD177	4	0.934579	2	1.29032	6	1.02916
CD1B	5	1.16822	1	0.645161	6	1.02916
CD1D	4	0.934579	2	1.29032	6	1.02916
CD200	4	0.934579	2	1.29032	6	1.02916
CD33	4	0.934579	2	1.29032	6	1.02916
CD37	6	1.40187	0	0	6	1.02916
CD44	4	0.934579	2	1.29032	6	1.02916
CD53	3	0.700935	3	1.93548	6	1.02916
CD6	5	1.16822	1	0.645161	6	1.02916
CD63	6	1.40187	0	0	6	1.02916
CD69	3	0.700935	3	1.93548	6	1.02916
CD72	5	1.16822	1	0.645161	6	1.02916
CDC42EP4	5	1.16822	1	0.645161	6	1.02916
CDCP1	6	1.40187	0	0	6	1.02916
CDH15	4	0.934579	2	1.29032	6	1.02916
CDH3	6	1.40187	0	0	6	1.02916
CDK11A	5	1.16822	1	0.645161	6	1.02916
CDK2	5	1.16822	1	0.645161	6	1.02916
CDK3	5	1.16822	1	0.645161	6	1.02916
CDK5R1	6	1.40187	0	0	6	1.02916
CEACAM20	5	1.16822	1	0.645161	6	1.02916
CEACAM3	3	0.700935	3	1.93548	6	1.02916
CENPK	5	1.16822	1	0.645161	6	1.02916
CENPO	3	0.700935	3	1.93548	6	1.02916
CEPT1	5	1.16822	1	0.645161	6	1.02916
CFAP36	3	0.700935	3	1.93548	6	1.02916
CFDP1	3	0.700935	3	1.93548	6	1.02916
CFHR3	5	1.16822	1	0.645161	6	1.02916
CGB1	5	1.16822	1	0.645161	6	1.02916
CHMP1A	6	1.40187	0	0	6	1.02916
CHORDC1	5	1.16822	1	0.645161	6	1.02916
CHST12	6	1.40187	0	0	6	1.02916
CHST13	5	1.16822	1	0.645161	6	1.02916
CIART	6	1.40187	0	0	6	1.02916
CLDN17	5	1.16822	1	0.645161	6	1.02916
CLDND1	5	1.16822	1	0.645161	6	1.02916
CLEC10A	6	1.40187	0	0	6	1.02916
CLEC12A	5	1.16822	1	0.645161	6	1.02916
CLEC7A	3	0.700935	3	1.93548	6	1.02916
CLHC1	4	0.934579	2	1.29032	6	1.02916
CLNS1A	5	1.16822	1	0.645161	6	1.02916
CLPP	6	1.40187	0	0	6	1.02916
CLTA	5	1.16822	1	0.645161	6	1.02916
CLVS1	5	1.16822	1	0.645161	6	1.02916
CNIH1	6	1.40187	0	0	6	1.02916
CNNM4	5	1.16822	1	0.645161	6	1.02916
CNTD1	6	1.40187	0	0	6	1.02916
COL26A1	6	1.40187	0	0	6	1.02916
CORO1A	6	1.40187	0	0	6	1.02916
CPA6	4	0.934579	2	1.29032	6	1.02916
CPOX	5	1.16822	1	0.645161	6	1.02916
CPSF3	3	0.700935	3	1.93548	6	1.02916
CRADD	3	0.700935	3	1.93548	6	1.02916
CREB3L4	5	1.16822	1	0.645161	6	1.02916
CRKL	5	1.16822	1	0.645161	6	1.02916
CRYL1	5	1.16822	1	0.645161	6	1.02916
CRYM	5	1.16822	1	0.645161	6	1.02916
CSNK1G1	4	0.934579	2	1.29032	6	1.02916
CSRNP2	5	1.16822	1	0.645161	6	1.02916
CSTF1	6	1.40187	0	0	6	1.02916
CTSA	6	1.40187	0	0	6	1.02916
CTSB	5	1.16822	1	0.645161	6	1.02916
CTSO	4	0.934579	2	1.29032	6	1.02916
CTTNBP2NL	5	1.16822	1	0.645161	6	1.02916
CUEDC1	5	1.16822	1	0.645161	6	1.02916
CUL4A	5	1.16822	1	0.645161	6	1.02916
CUTC	6	1.40187	0	0	6	1.02916
CYB5R2	5	1.16822	1	0.645161	6	1.02916
CYP2S1	6	1.40187	0	0	6	1.02916
CYP2U1	4	0.934579	2	1.29032	6	1.02916
CYP3A5	6	1.40187	0	0	6	1.02916
CYREN	6	1.40187	0	0	6	1.02916
CYRIA	6	1.40187	0	0	6	1.02916
CYRIB	4	0.934579	2	1.29032	6	1.02916
CYTH1	4	0.934579	2	1.29032	6	1.02916
CYTL1	5	1.16822	1	0.645161	6	1.02916
DAGLB	5	1.16822	1	0.645161	6	1.02916
DAPK2	6	1.40187	0	0	6	1.02916
DBX2	3	0.700935	3	1.93548	6	1.02916
DCAF10	3	0.700935	3	1.93548	6	1.02916
DCAF15	5	1.16822	1	0.645161	6	1.02916
DCAF8	4	0.934579	2	1.29032	6	1.02916
DCUN1D1	4	0.934579	2	1.29032	6	1.02916
DDX19B	5	1.16822	1	0.645161	6	1.02916
DDX25	5	1.16822	1	0.645161	6	1.02916
DDX49	6	1.40187	0	0	6	1.02916
DDX51	6	1.40187	0	0	6	1.02916
DDX56	5	1.16822	1	0.645161	6	1.02916
DDX59	5	1.16822	1	0.645161	6	1.02916
DECR2	6	1.40187	0	0	6	1.02916
DEDD2	5	1.16822	1	0.645161	6	1.02916
DEF6	6	1.40187	0	0	6	1.02916
DEK	5	1.16822	1	0.645161	6	1.02916
DEPDC4	6	1.40187	0	0	6	1.02916
DERL1	5	1.16822	1	0.645161	6	1.02916
DFFA	4	0.934579	2	1.29032	6	1.02916
DHDDS	5	1.16822	1	0.645161	6	1.02916
DHFR2	4	0.934579	2	1.29032	6	1.02916
DHRS2	5	1.16822	1	0.645161	6	1.02916
DIO2	2	0.46729	4	2.58065	6	1.02916
DIPK1C	6	1.40187	0	0	6	1.02916
DIPK2A	5	1.16822	1	0.645161	6	1.02916
DIXDC1	5	1.16822	1	0.645161	6	1.02916
DKC1	5	1.16822	1	0.645161	6	1.02916
DKK3	4	0.934579	2	1.29032	6	1.02916
DLL4	4	0.934579	2	1.29032	6	1.02916
DLX2	5	1.16822	1	0.645161	6	1.02916
DLX4	6	1.40187	0	0	6	1.02916
DMRTA1	4	0.934579	2	1.29032	6	1.02916
DMRTC2	5	1.16822	1	0.645161	6	1.02916
DMWD	5	1.16822	1	0.645161	6	1.02916
DNAH14	3	0.700935	3	1.93548	6	1.02916
DNAJB12	5	1.16822	1	0.645161	6	1.02916
DNAJB14	5	1.16822	1	0.645161	6	1.02916
DNAJB2	6	1.40187	0	0	6	1.02916
DNAJC25	3	0.700935	3	1.93548	6	1.02916
DNAJC8	6	1.40187	0	0	6	1.02916
DONSON	4	0.934579	2	1.29032	6	1.02916
DQX1	4	0.934579	2	1.29032	6	1.02916
DRAP1	5	1.16822	1	0.645161	6	1.02916
DRD3	4	0.934579	2	1.29032	6	1.02916
DRGX	6	1.40187	0	0	6	1.02916
DUSP11	5	1.16822	1	0.645161	6	1.02916
E2F4	5	1.16822	1	0.645161	6	1.02916
EBNA1BP2	4	0.934579	2	1.29032	6	1.02916
ECD	5	1.16822	1	0.645161	6	1.02916
ECI1	5	1.16822	1	0.645161	6	1.02916
ECM1	6	1.40187	0	0	6	1.02916
EDA2R	5	1.16822	1	0.645161	6	1.02916
EEF1A1	5	1.16822	1	0.645161	6	1.02916
EEF1D	6	1.40187	0	0	6	1.02916
EFCAB1	2	0.46729	4	2.58065	6	1.02916
EFEMP2	5	1.16822	1	0.645161	6	1.02916
EGFL8	5	1.16822	1	0.645161	6	1.02916
EGLN1	4	0.934579	2	1.29032	6	1.02916
EGLN2	6	1.40187	0	0	6	1.02916
EHF	5	1.16822	1	0.645161	6	1.02916
EIF2B1	3	0.700935	3	1.93548	6	1.02916
EIF2S3	3	0.700935	3	1.93548	6	1.02916
EIF4H	5	1.16822	1	0.645161	6	1.02916
ELAC1	4	0.934579	2	1.29032	6	1.02916
ELK4	6	1.40187	0	0	6	1.02916
ELP5	4	0.934579	2	1.29032	6	1.02916
EMC2	4	0.934579	2	1.29032	6	1.02916
EMILIN3	4	0.934579	2	1.29032	6	1.02916
EMX2	4	0.934579	2	1.29032	6	1.02916
ENDOU	6	1.40187	0	0	6	1.02916
ENO1	6	1.40187	0	0	6	1.02916
ENOSF1	5	1.16822	1	0.645161	6	1.02916
ENPP7	5	1.16822	1	0.645161	6	1.02916
ENTPD1	5	1.16822	1	0.645161	6	1.02916
ENTPD6	6	1.40187	0	0	6	1.02916
EPYC	3	0.700935	3	1.93548	6	1.02916
ERMAP	3	0.700935	3	1.93548	6	1.02916
ERO1A	5	1.16822	1	0.645161	6	1.02916
ERVW-1	4	0.934579	2	1.29032	6	1.02916
ESRRA	3	0.700935	3	1.93548	6	1.02916
ETF1	4	0.934579	2	1.29032	6	1.02916
ETFA	5	1.16822	1	0.645161	6	1.02916
EVA1A	4	0.934579	2	1.29032	6	1.02916
EXOC3L1	6	1.40187	0	0	6	1.02916
EXOC7	5	1.16822	1	0.645161	6	1.02916
EXOSC5	6	1.40187	0	0	6	1.02916
EXOSC8	5	1.16822	1	0.645161	6	1.02916
EZR	5	1.16822	1	0.645161	6	1.02916
F11R	6	1.40187	0	0	6	1.02916
F3	3	0.700935	3	1.93548	6	1.02916
FAH	4	0.934579	2	1.29032	6	1.02916
FAM110C	6	1.40187	0	0	6	1.02916
FAM111A	5	1.16822	1	0.645161	6	1.02916
FAM133B	5	1.16822	1	0.645161	6	1.02916
FAM166A	6	1.40187	0	0	6	1.02916
FAM167A	4	0.934579	2	1.29032	6	1.02916
FAM168B	5	1.16822	1	0.645161	6	1.02916
FAM184B	6	1.40187	0	0	6	1.02916
FAM187B	5	1.16822	1	0.645161	6	1.02916
FAM204A	5	1.16822	1	0.645161	6	1.02916
FAM209B	5	1.16822	1	0.645161	6	1.02916
FAM81A	4	0.934579	2	1.29032	6	1.02916
FANCE	6	1.40187	0	0	6	1.02916
FBLN5	4	0.934579	2	1.29032	6	1.02916
FBXO3	5	1.16822	1	0.645161	6	1.02916
FBXW4	5	1.16822	1	0.645161	6	1.02916
FCAR	5	1.16822	1	0.645161	6	1.02916
FCER2	3	0.700935	3	1.93548	6	1.02916
FCGR3A	4	0.934579	2	1.29032	6	1.02916
FCMR	5	1.16822	1	0.645161	6	1.02916
FCRL6	5	1.16822	1	0.645161	6	1.02916
FEZ2	4	0.934579	2	1.29032	6	1.02916
FFAR2	4	0.934579	2	1.29032	6	1.02916
FGF3	5	1.16822	1	0.645161	6	1.02916
FGFR3	6	1.40187	0	0	6	1.02916
FGFR4	5	1.16822	1	0.645161	6	1.02916
FKBP11	3	0.700935	3	1.93548	6	1.02916
FKBP14	3	0.700935	3	1.93548	6	1.02916
FKBP5	4	0.934579	2	1.29032	6	1.02916
FN3K	4	0.934579	2	1.29032	6	1.02916
FNDC4	6	1.40187	0	0	6	1.02916
FNDC8	5	1.16822	1	0.645161	6	1.02916
FNTA	6	1.40187	0	0	6	1.02916
FOLR1	5	1.16822	1	0.645161	6	1.02916
FOS	4	0.934579	2	1.29032	6	1.02916
FOXJ2	4	0.934579	2	1.29032	6	1.02916
FOXL2	6	1.40187	0	0	6	1.02916
FOXP3	4	0.934579	2	1.29032	6	1.02916
FPR2	5	1.16822	1	0.645161	6	1.02916
FRA10AC1	3	0.700935	3	1.93548	6	1.02916
FRG2	5	1.16822	1	0.645161	6	1.02916
FRS2	3	0.700935	3	1.93548	6	1.02916
FRZB	4	0.934579	2	1.29032	6	1.02916
FSCN1	6	1.40187	0	0	6	1.02916
FTCD	5	1.16822	1	0.645161	6	1.02916
FTHL17	4	0.934579	2	1.29032	6	1.02916
FTSJ1	6	1.40187	0	0	6	1.02916
FZD4	4	0.934579	2	1.29032	6	1.02916
FZD8	6	1.40187	0	0	6	1.02916
GAB2	6	1.40187	0	0	6	1.02916
GABPB1	4	0.934579	2	1.29032	6	1.02916
GABPB2	4	0.934579	2	1.29032	6	1.02916
GADL1	5	1.16822	1	0.645161	6	1.02916
GALC	5	1.16822	1	0.645161	6	1.02916
GALM	5	1.16822	1	0.645161	6	1.02916
GATA5	5	1.16822	1	0.645161	6	1.02916
GCNT3	4	0.934579	2	1.29032	6	1.02916
GDI2	6	1.40187	0	0	6	1.02916
GFAP	5	1.16822	1	0.645161	6	1.02916
GFOD2	5	1.16822	1	0.645161	6	1.02916
GGPS1	4	0.934579	2	1.29032	6	1.02916
GHDC	4	0.934579	2	1.29032	6	1.02916
GHITM	5	1.16822	1	0.645161	6	1.02916
GIPC2	3	0.700935	3	1.93548	6	1.02916
GIT1	6	1.40187	0	0	6	1.02916
GK	5	1.16822	1	0.645161	6	1.02916
GLIS1	5	1.16822	1	0.645161	6	1.02916
GLS2	5	1.16822	1	0.645161	6	1.02916
GLUL	4	0.934579	2	1.29032	6	1.02916
GMCL1	4	0.934579	2	1.29032	6	1.02916
GMPR2	4	0.934579	2	1.29032	6	1.02916
GNA11	6	1.40187	0	0	6	1.02916
GNA15	4	0.934579	2	1.29032	6	1.02916
GNAI1	4	0.934579	2	1.29032	6	1.02916
GNAL	4	0.934579	2	1.29032	6	1.02916
GNAT2	4	0.934579	2	1.29032	6	1.02916
GNAT3	5	1.16822	1	0.645161	6	1.02916
GNB1	4	0.934579	2	1.29032	6	1.02916
GNB3	6	1.40187	0	0	6	1.02916
GNG11	3	0.700935	3	1.93548	6	1.02916
GPAA1	5	1.16822	1	0.645161	6	1.02916
GPANK1	6	1.40187	0	0	6	1.02916
GPAT4	5	1.16822	1	0.645161	6	1.02916
GPD1L	5	1.16822	1	0.645161	6	1.02916
GPER1	6	1.40187	0	0	6	1.02916
GPR132	5	1.16822	1	0.645161	6	1.02916
GPR143	5	1.16822	1	0.645161	6	1.02916
GPR151	6	1.40187	0	0	6	1.02916
GPR153	6	1.40187	0	0	6	1.02916
GPR157	4	0.934579	2	1.29032	6	1.02916
GPR42	6	1.40187	0	0	6	1.02916
GPR63	4	0.934579	2	1.29032	6	1.02916
GPR88	6	1.40187	0	0	6	1.02916
GRHL1	4	0.934579	2	1.29032	6	1.02916
GRK7	3	0.700935	3	1.93548	6	1.02916
GSR	6	1.40187	0	0	6	1.02916
GSTA3	5	1.16822	1	0.645161	6	1.02916
GSTM4	5	1.16822	1	0.645161	6	1.02916
GSTM5	5	1.16822	1	0.645161	6	1.02916
GTF3C4	3	0.700935	3	1.93548	6	1.02916
GTPBP1	5	1.16822	1	0.645161	6	1.02916
GTPBP2	5	1.16822	1	0.645161	6	1.02916
GZMH	5	1.16822	1	0.645161	6	1.02916
H2BC14	2	0.46729	4	2.58065	6	1.02916
H2BC3	3	0.700935	3	1.93548	6	1.02916
H3-5	5	1.16822	1	0.645161	6	1.02916
HAO2	3	0.700935	3	1.93548	6	1.02916
HAS3	5	1.16822	1	0.645161	6	1.02916
HAUS1	5	1.16822	1	0.645161	6	1.02916
HBP1	4	0.934579	2	1.29032	6	1.02916
HCAR3	6	1.40187	0	0	6	1.02916
HDAC1	5	1.16822	1	0.645161	6	1.02916
HDAC3	5	1.16822	1	0.645161	6	1.02916
HDAC8	4	0.934579	2	1.29032	6	1.02916
HENMT1	5	1.16822	1	0.645161	6	1.02916
HEPACAM	6	1.40187	0	0	6	1.02916
HGD	6	1.40187	0	0	6	1.02916
HHLA2	5	1.16822	1	0.645161	6	1.02916
HIC1	6	1.40187	0	0	6	1.02916
HIF1AN	3	0.700935	3	1.93548	6	1.02916
HINFP	6	1.40187	0	0	6	1.02916
HLA-DOA	3	0.700935	3	1.93548	6	1.02916
HLA-DPB1	5	1.16822	1	0.645161	6	1.02916
HLA-DQB1	3	0.700935	3	1.93548	6	1.02916
HMGN5	5	1.16822	1	0.645161	6	1.02916
HNRNPA1	6	1.40187	0	0	6	1.02916
HNRNPA2B1	6	1.40187	0	0	6	1.02916
HNRNPCL1	6	1.40187	0	0	6	1.02916
HNRNPU	6	1.40187	0	0	6	1.02916
HOGA1	5	1.16822	1	0.645161	6	1.02916
HOMER2	6	1.40187	0	0	6	1.02916
HOMER3	6	1.40187	0	0	6	1.02916
HOXA7	5	1.16822	1	0.645161	6	1.02916
HOXB1	4	0.934579	2	1.29032	6	1.02916
HOXB13	3	0.700935	3	1.93548	6	1.02916
HOXC4	5	1.16822	1	0.645161	6	1.02916
HOXD11	5	1.16822	1	0.645161	6	1.02916
HPD	3	0.700935	3	1.93548	6	1.02916
HPN	6	1.40187	0	0	6	1.02916
HPR	5	1.16822	1	0.645161	6	1.02916
HPX	6	1.40187	0	0	6	1.02916
HRH3	6	1.40187	0	0	6	1.02916
HS1BP3	5	1.16822	1	0.645161	6	1.02916
HS3ST3A1	5	1.16822	1	0.645161	6	1.02916
HSCB	4	0.934579	2	1.29032	6	1.02916
HSD17B10	4	0.934579	2	1.29032	6	1.02916
HSD17B3	3	0.700935	3	1.93548	6	1.02916
HSD17B6	5	1.16822	1	0.645161	6	1.02916
HSF1	6	1.40187	0	0	6	1.02916
HSPA12B	6	1.40187	0	0	6	1.02916
HSPA14	4	0.934579	2	1.29032	6	1.02916
HSPBAP1	5	1.16822	1	0.645161	6	1.02916
HTRA2	6	1.40187	0	0	6	1.02916
HYAL1	5	1.16822	1	0.645161	6	1.02916
IDH3A	4	0.934579	2	1.29032	6	1.02916
IDI2	6	1.40187	0	0	6	1.02916
IDS	6	1.40187	0	0	6	1.02916
IFI27L2	3	0.700935	3	1.93548	6	1.02916
IFI35	6	1.40187	0	0	6	1.02916
IFIT3	4	0.934579	2	1.29032	6	1.02916
IFNA10	2	0.46729	4	2.58065	6	1.02916
IFNA13	6	1.40187	0	0	6	1.02916
IFNA4	5	1.16822	1	0.645161	6	1.02916
IFNGR1	4	0.934579	2	1.29032	6	1.02916
IFRD1	4	0.934579	2	1.29032	6	1.02916
IFT57	5	1.16822	1	0.645161	6	1.02916
IGF1	5	1.16822	1	0.645161	6	1.02916
IGFBP4	6	1.40187	0	0	6	1.02916
IGHA1	6	1.40187	0	0	6	1.02916
IGHV2-70	3	0.700935	3	1.93548	6	1.02916
IGKV1D-8	5	1.16822	1	0.645161	6	1.02916
IGLON5	5	1.16822	1	0.645161	6	1.02916
IKZF5	5	1.16822	1	0.645161	6	1.02916
IL13RA1	5	1.16822	1	0.645161	6	1.02916
IL17REL	5	1.16822	1	0.645161	6	1.02916
IL24	5	1.16822	1	0.645161	6	1.02916
IL4R	6	1.40187	0	0	6	1.02916
IL6R	6	1.40187	0	0	6	1.02916
ILK	5	1.16822	1	0.645161	6	1.02916
IMMP2L	5	1.16822	1	0.645161	6	1.02916
IMPACT	4	0.934579	2	1.29032	6	1.02916
ING2	4	0.934579	2	1.29032	6	1.02916
ING5	6	1.40187	0	0	6	1.02916
INHBC	4	0.934579	2	1.29032	6	1.02916
INPP1	6	1.40187	0	0	6	1.02916
INSYN1	6	1.40187	0	0	6	1.02916
IQCG	5	1.16822	1	0.645161	6	1.02916
IRAG2	4	0.934579	2	1.29032	6	1.02916
IRAK1	6	1.40187	0	0	6	1.02916
IRX4	6	1.40187	0	0	6	1.02916
ITM2A	4	0.934579	2	1.29032	6	1.02916
ITPRIPL2	6	1.40187	0	0	6	1.02916
IYD	6	1.40187	0	0	6	1.02916
JMJD6	5	1.16822	1	0.645161	6	1.02916
JPH4	6	1.40187	0	0	6	1.02916
JUNB	4	0.934579	2	1.29032	6	1.02916
KASH5	5	1.16822	1	0.645161	6	1.02916
KAT8	5	1.16822	1	0.645161	6	1.02916
KCNIP2	5	1.16822	1	0.645161	6	1.02916
KCNJ15	5	1.16822	1	0.645161	6	1.02916
KCNJ9	6	1.40187	0	0	6	1.02916
KCNK3	6	1.40187	0	0	6	1.02916
KCNK7	5	1.16822	1	0.645161	6	1.02916
KCNMB4	5	1.16822	1	0.645161	6	1.02916
KCTD1	5	1.16822	1	0.645161	6	1.02916
KCTD12	5	1.16822	1	0.645161	6	1.02916
KCTD13	6	1.40187	0	0	6	1.02916
KCTD14	5	1.16822	1	0.645161	6	1.02916
KCTD4	3	0.700935	3	1.93548	6	1.02916
KDELR1	6	1.40187	0	0	6	1.02916
KDM5D	4	0.934579	2	1.29032	6	1.02916
KDM8	4	0.934579	2	1.29032	6	1.02916
KEAP1	6	1.40187	0	0	6	1.02916
KIN	4	0.934579	2	1.29032	6	1.02916
KLF12	4	0.934579	2	1.29032	6	1.02916
KLF15	5	1.16822	1	0.645161	6	1.02916
KLHDC8A	6	1.40187	0	0	6	1.02916
KLHL2	3	0.700935	3	1.93548	6	1.02916
KLK9	6	1.40187	0	0	6	1.02916
KLRD1	5	1.16822	1	0.645161	6	1.02916
KRBA2	4	0.934579	2	1.29032	6	1.02916
KRT13	6	1.40187	0	0	6	1.02916
KRT18	6	1.40187	0	0	6	1.02916
KRT24	3	0.700935	3	1.93548	6	1.02916
KRT81	5	1.16822	1	0.645161	6	1.02916
KRT83	5	1.16822	1	0.645161	6	1.02916
KRTAP12-1	6	1.40187	0	0	6	1.02916
KRTAP13-1	6	1.40187	0	0	6	1.02916
KRTAP4-3	6	1.40187	0	0	6	1.02916
LACRT	5	1.16822	1	0.645161	6	1.02916
LAMP5	3	0.700935	3	1.93548	6	1.02916
LAYN	4	0.934579	2	1.29032	6	1.02916
LBH	6	1.40187	0	0	6	1.02916
LCAT	5	1.16822	1	0.645161	6	1.02916
LCLAT1	5	1.16822	1	0.645161	6	1.02916
LDHC	5	1.16822	1	0.645161	6	1.02916
LEPROTL1	6	1.40187	0	0	6	1.02916
LETM2	4	0.934579	2	1.29032	6	1.02916
LGALS13	5	1.16822	1	0.645161	6	1.02916
LGALS14	4	0.934579	2	1.29032	6	1.02916
LHFPL3	6	1.40187	0	0	6	1.02916
LIN7A	6	1.40187	0	0	6	1.02916
LINGO3	6	1.40187	0	0	6	1.02916
LLGL1	6	1.40187	0	0	6	1.02916
LMAN2	4	0.934579	2	1.29032	6	1.02916
LNP1	5	1.16822	1	0.645161	6	1.02916
LPAR5	6	1.40187	0	0	6	1.02916
LPGAT1	3	0.700935	3	1.93548	6	1.02916
LRFN1	4	0.934579	2	1.29032	6	1.02916
LRR1	5	1.16822	1	0.645161	6	1.02916
LRRC14	5	1.16822	1	0.645161	6	1.02916
LRRC23	5	1.16822	1	0.645161	6	1.02916
LRRC27	6	1.40187	0	0	6	1.02916
LRRC3B	5	1.16822	1	0.645161	6	1.02916
LRRC45	6	1.40187	0	0	6	1.02916
LRRC8B	5	1.16822	1	0.645161	6	1.02916
LURAP1	5	1.16822	1	0.645161	6	1.02916
LY6G6F-LY6G6D	6	1.40187	0	0	6	1.02916
LY96	6	1.40187	0	0	6	1.02916
LYG1	6	1.40187	0	0	6	1.02916
LYSMD3	3	0.700935	3	1.93548	6	1.02916
LZTFL1	4	0.934579	2	1.29032	6	1.02916
MACIR	5	1.16822	1	0.645161	6	1.02916
MAGEA10	5	1.16822	1	0.645161	6	1.02916
MAGEB1	6	1.40187	0	0	6	1.02916
MANEA	5	1.16822	1	0.645161	6	1.02916
MAP2K5	4	0.934579	2	1.29032	6	1.02916
MAPK14	5	1.16822	1	0.645161	6	1.02916
MAPK4	6	1.40187	0	0	6	1.02916
MAPKAP1	6	1.40187	0	0	6	1.02916
MBD2	4	0.934579	2	1.29032	6	1.02916
MBP	6	1.40187	0	0	6	1.02916
MC1R	4	0.934579	2	1.29032	6	1.02916
MC5R	4	0.934579	2	1.29032	6	1.02916
MCEE	4	0.934579	2	1.29032	6	1.02916
MCTS1	5	1.16822	1	0.645161	6	1.02916
MDM2	5	1.16822	1	0.645161	6	1.02916
METAP1D	6	1.40187	0	0	6	1.02916
METTL21C	4	0.934579	2	1.29032	6	1.02916
MFSD10	5	1.16822	1	0.645161	6	1.02916
MGST1	4	0.934579	2	1.29032	6	1.02916
MINDY3	4	0.934579	2	1.29032	6	1.02916
MIP	5	1.16822	1	0.645161	6	1.02916
MISP	6	1.40187	0	0	6	1.02916
MKNK2	6	1.40187	0	0	6	1.02916
MKRN1	5	1.16822	1	0.645161	6	1.02916
MLEC	6	1.40187	0	0	6	1.02916
MLF1	4	0.934579	2	1.29032	6	1.02916
MLPH	5	1.16822	1	0.645161	6	1.02916
MMADHC	5	1.16822	1	0.645161	6	1.02916
MMP1	4	0.934579	2	1.29032	6	1.02916
MMP14	4	0.934579	2	1.29032	6	1.02916
MMP17	6	1.40187	0	0	6	1.02916
MMP20	4	0.934579	2	1.29032	6	1.02916
MMP28	6	1.40187	0	0	6	1.02916
MMP8	6	1.40187	0	0	6	1.02916
MNAT1	6	1.40187	0	0	6	1.02916
MOGAT2	6	1.40187	0	0	6	1.02916
MON1A	6	1.40187	0	0	6	1.02916
MORN3	5	1.16822	1	0.645161	6	1.02916
MOSPD2	3	0.700935	3	1.93548	6	1.02916
MPPE1	5	1.16822	1	0.645161	6	1.02916
MRI1	5	1.16822	1	0.645161	6	1.02916
MRNIP	6	1.40187	0	0	6	1.02916
MRPL1	4	0.934579	2	1.29032	6	1.02916
MRPL13	4	0.934579	2	1.29032	6	1.02916
MRPL16	6	1.40187	0	0	6	1.02916
MRPL2	6	1.40187	0	0	6	1.02916
MRPL38	5	1.16822	1	0.645161	6	1.02916
MRPS2	5	1.16822	1	0.645161	6	1.02916
MRPS31	4	0.934579	2	1.29032	6	1.02916
MRPS9	6	1.40187	0	0	6	1.02916
MS4A15	5	1.16822	1	0.645161	6	1.02916
MS4A2	3	0.700935	3	1.93548	6	1.02916
MS4A8	5	1.16822	1	0.645161	6	1.02916
MSRB3	4	0.934579	2	1.29032	6	1.02916
MSX1	6	1.40187	0	0	6	1.02916
MTF1	5	1.16822	1	0.645161	6	1.02916
MTFR1	4	0.934579	2	1.29032	6	1.02916
MTFR2	5	1.16822	1	0.645161	6	1.02916
MXD1	3	0.700935	3	1.93548	6	1.02916
MYCL	6	1.40187	0	0	6	1.02916
MYLK2	6	1.40187	0	0	6	1.02916
MYLK4	5	1.16822	1	0.645161	6	1.02916
MYOZ3	5	1.16822	1	0.645161	6	1.02916
N4BP2L1	3	0.700935	3	1.93548	6	1.02916
NAGK	6	1.40187	0	0	6	1.02916
NAGLU	5	1.16822	1	0.645161	6	1.02916
NAGS	5	1.16822	1	0.645161	6	1.02916
NAP1L4	3	0.700935	3	1.93548	6	1.02916
NAPA	4	0.934579	2	1.29032	6	1.02916
NCBP2L	4	0.934579	2	1.29032	6	1.02916
NDUFV1	5	1.16822	1	0.645161	6	1.02916
NECTIN4	4	0.934579	2	1.29032	6	1.02916
NEK9	6	1.40187	0	0	6	1.02916
NEU2	5	1.16822	1	0.645161	6	1.02916
NEUROG1	5	1.16822	1	0.645161	6	1.02916
NFIX	4	0.934579	2	1.29032	6	1.02916
NFS1	6	1.40187	0	0	6	1.02916
NFYA	4	0.934579	2	1.29032	6	1.02916
NFYC	5	1.16822	1	0.645161	6	1.02916
NGRN	3	0.700935	3	1.93548	6	1.02916
NKAIN3	5	1.16822	1	0.645161	6	1.02916
NKX3-1	5	1.16822	1	0.645161	6	1.02916
NLGN2	4	0.934579	2	1.29032	6	1.02916
NME7	4	0.934579	2	1.29032	6	1.02916
NMNAT2	5	1.16822	1	0.645161	6	1.02916
NMT2	4	0.934579	2	1.29032	6	1.02916
NMUR1	6	1.40187	0	0	6	1.02916
NOVA2	3	0.700935	3	1.93548	6	1.02916
NOX1	5	1.16822	1	0.645161	6	1.02916
NOXO1	5	1.16822	1	0.645161	6	1.02916
NPAS1	6	1.40187	0	0	6	1.02916
NPEPPS	5	1.16822	1	0.645161	6	1.02916
NPFFR1	5	1.16822	1	0.645161	6	1.02916
NPY4R	3	0.700935	3	1.93548	6	1.02916
NR1I3	5	1.16822	1	0.645161	6	1.02916
NRBF2	5	1.16822	1	0.645161	6	1.02916
NRG2	4	0.934579	2	1.29032	6	1.02916
NSMF	4	0.934579	2	1.29032	6	1.02916
NSUN3	4	0.934579	2	1.29032	6	1.02916
NT5C3B	6	1.40187	0	0	6	1.02916
NT5E	5	1.16822	1	0.645161	6	1.02916
NUBP1	4	0.934579	2	1.29032	6	1.02916
NUDC	5	1.16822	1	0.645161	6	1.02916
NUDT18	6	1.40187	0	0	6	1.02916
NUMBL	6	1.40187	0	0	6	1.02916
NUP85	5	1.16822	1	0.645161	6	1.02916
NUS1	4	0.934579	2	1.29032	6	1.02916
NUTM2A	6	1.40187	0	0	6	1.02916
NXPH3	5	1.16822	1	0.645161	6	1.02916
OCIAD1	6	1.40187	0	0	6	1.02916
OCLN	4	0.934579	2	1.29032	6	1.02916
ODF3	5	1.16822	1	0.645161	6	1.02916
ODR4	5	1.16822	1	0.645161	6	1.02916
OGFR	5	1.16822	1	0.645161	6	1.02916
OMA1	4	0.934579	2	1.29032	6	1.02916
OPHN1	5	1.16822	1	0.645161	6	1.02916
OR10A2	4	0.934579	2	1.29032	6	1.02916
OR10A4	5	1.16822	1	0.645161	6	1.02916
OR11H12	4	0.934579	2	1.29032	6	1.02916
OR11H4	4	0.934579	2	1.29032	6	1.02916
OR11L1	6	1.40187	0	0	6	1.02916
OR13A1	6	1.40187	0	0	6	1.02916
OR13C5	5	1.16822	1	0.645161	6	1.02916
OR13J1	6	1.40187	0	0	6	1.02916
OR14J1	4	0.934579	2	1.29032	6	1.02916
OR1I1	4	0.934579	2	1.29032	6	1.02916
OR1L6	4	0.934579	2	1.29032	6	1.02916
OR1N1	5	1.16822	1	0.645161	6	1.02916
OR1Q1	4	0.934579	2	1.29032	6	1.02916
OR2A12	6	1.40187	0	0	6	1.02916
OR2A25	4	0.934579	2	1.29032	6	1.02916
OR2A4	5	1.16822	1	0.645161	6	1.02916
OR2H2	6	1.40187	0	0	6	1.02916
OR2T3	5	1.16822	1	0.645161	6	1.02916
OR2T35	5	1.16822	1	0.645161	6	1.02916
OR2Z1	6	1.40187	0	0	6	1.02916
OR4D11	5	1.16822	1	0.645161	6	1.02916
OR4F15	3	0.700935	3	1.93548	6	1.02916
OR4K13	5	1.16822	1	0.645161	6	1.02916
OR4K17	5	1.16822	1	0.645161	6	1.02916
OR4L1	3	0.700935	3	1.93548	6	1.02916
OR4S2	5	1.16822	1	0.645161	6	1.02916
OR51F1	4	0.934579	2	1.29032	6	1.02916
OR52K1	6	1.40187	0	0	6	1.02916
OR52M1	5	1.16822	1	0.645161	6	1.02916
OR52N2	4	0.934579	2	1.29032	6	1.02916
OR52R1	5	1.16822	1	0.645161	6	1.02916
OR5B17	6	1.40187	0	0	6	1.02916
OR5J2	5	1.16822	1	0.645161	6	1.02916
OR5M10	3	0.700935	3	1.93548	6	1.02916
OR5P2	5	1.16822	1	0.645161	6	1.02916
OR6C2	4	0.934579	2	1.29032	6	1.02916
OR6C4	5	1.16822	1	0.645161	6	1.02916
OR6C74	4	0.934579	2	1.29032	6	1.02916
OR6X1	5	1.16822	1	0.645161	6	1.02916
OR8B3	5	1.16822	1	0.645161	6	1.02916
OR8D4	5	1.16822	1	0.645161	6	1.02916
OR9Q1	5	1.16822	1	0.645161	6	1.02916
ORAI1	6	1.40187	0	0	6	1.02916
ORM2	4	0.934579	2	1.29032	6	1.02916
OS9	4	0.934579	2	1.29032	6	1.02916
OTOG	5	1.16822	1	0.645161	6	1.02916
OTP	6	1.40187	0	0	6	1.02916
OTX1	5	1.16822	1	0.645161	6	1.02916
OXCT1	4	0.934579	2	1.29032	6	1.02916
P2RY1	3	0.700935	3	1.93548	6	1.02916
P2RY6	5	1.16822	1	0.645161	6	1.02916
PADI2	5	1.16822	1	0.645161	6	1.02916
PALM	6	1.40187	0	0	6	1.02916
PAN2	6	1.40187	0	0	6	1.02916
PANX1	6	1.40187	0	0	6	1.02916
PAPSS2	5	1.16822	1	0.645161	6	1.02916
PAQR8	6	1.40187	0	0	6	1.02916
PARP11	4	0.934579	2	1.29032	6	1.02916
PARP12	5	1.16822	1	0.645161	6	1.02916
PAWR	3	0.700935	3	1.93548	6	1.02916
PAX8	6	1.40187	0	0	6	1.02916
PCBP2	4	0.934579	2	1.29032	6	1.02916
PCK2	5	1.16822	1	0.645161	6	1.02916
PCOLCE	6	1.40187	0	0	6	1.02916
PDCD7	4	0.934579	2	1.29032	6	1.02916
PDCL	5	1.16822	1	0.645161	6	1.02916
PDE12	5	1.16822	1	0.645161	6	1.02916
PDGFC	3	0.700935	3	1.93548	6	1.02916
PDIA4	5	1.16822	1	0.645161	6	1.02916
PDK4	4	0.934579	2	1.29032	6	1.02916
PDP2	4	0.934579	2	1.29032	6	1.02916
PEDS1	5	1.16822	1	0.645161	6	1.02916
PEG10	3	0.700935	3	1.93548	6	1.02916
PEX5	5	1.16822	1	0.645161	6	1.02916
PGAP3	4	0.934579	2	1.29032	6	1.02916
PGGHG	5	1.16822	1	0.645161	6	1.02916
PGK1	3	0.700935	3	1.93548	6	1.02916
PHKG1	6	1.40187	0	0	6	1.02916
PHKG2	5	1.16822	1	0.645161	6	1.02916
PHYKPL	6	1.40187	0	0	6	1.02916
PI16	5	1.16822	1	0.645161	6	1.02916
PI4K2B	4	0.934579	2	1.29032	6	1.02916
PIF1	5	1.16822	1	0.645161	6	1.02916
PIGN	4	0.934579	2	1.29032	6	1.02916
PIGQ	5	1.16822	1	0.645161	6	1.02916
PIH1D2	4	0.934579	2	1.29032	6	1.02916
PIM2	6	1.40187	0	0	6	1.02916
PISD	4	0.934579	2	1.29032	6	1.02916
PKMYT1	6	1.40187	0	0	6	1.02916
PLBD2	4	0.934579	2	1.29032	6	1.02916
PLCXD2	2	0.46729	4	2.58065	6	1.02916
PLEKHA1	5	1.16822	1	0.645161	6	1.02916
PLEKHF2	4	0.934579	2	1.29032	6	1.02916
PLEKHG7	4	0.934579	2	1.29032	6	1.02916
PLIN1	3	0.700935	3	1.93548	6	1.02916
PLIN3	5	1.16822	1	0.645161	6	1.02916
PLSCR1	6	1.40187	0	0	6	1.02916
PM20D2	5	1.16822	1	0.645161	6	1.02916
PNCK	4	0.934579	2	1.29032	6	1.02916
PNMA5	5	1.16822	1	0.645161	6	1.02916
PNO1	5	1.16822	1	0.645161	6	1.02916
PNOC	5	1.16822	1	0.645161	6	1.02916
PNP	5	1.16822	1	0.645161	6	1.02916
PNPLA1	5	1.16822	1	0.645161	6	1.02916
POC1B-GALNT4	4	0.934579	2	1.29032	6	1.02916
POC5	3	0.700935	3	1.93548	6	1.02916
PODXL2	5	1.16822	1	0.645161	6	1.02916
POGLUT3	4	0.934579	2	1.29032	6	1.02916
POLG2	6	1.40187	0	0	6	1.02916
POLR1G	5	1.16822	1	0.645161	6	1.02916
POLR2F	6	1.40187	0	0	6	1.02916
POLR3D	6	1.40187	0	0	6	1.02916
POPDC3	3	0.700935	3	1.93548	6	1.02916
PORCN	6	1.40187	0	0	6	1.02916
POTEM	4	0.934579	2	1.29032	6	1.02916
POU3F2	5	1.16822	1	0.645161	6	1.02916
POU5F1	5	1.16822	1	0.645161	6	1.02916
PPM1B	4	0.934579	2	1.29032	6	1.02916
PPM1K	4	0.934579	2	1.29032	6	1.02916
PPM1N	6	1.40187	0	0	6	1.02916
PPOX	6	1.40187	0	0	6	1.02916
PPP1CB	4	0.934579	2	1.29032	6	1.02916
PPP1R17	3	0.700935	3	1.93548	6	1.02916
PPP1R7	4	0.934579	2	1.29032	6	1.02916
PPP2R2D	5	1.16822	1	0.645161	6	1.02916
PPP3CC	4	0.934579	2	1.29032	6	1.02916
PPP3R1	3	0.700935	3	1.93548	6	1.02916
PPT2	5	1.16822	1	0.645161	6	1.02916
PRB4	5	1.16822	1	0.645161	6	1.02916
PREB	5	1.16822	1	0.645161	6	1.02916
PRIM1	6	1.40187	0	0	6	1.02916
PRKAG3	4	0.934579	2	1.29032	6	1.02916
PRKAR1B	5	1.16822	1	0.645161	6	1.02916
PRKAR2B	4	0.934579	2	1.29032	6	1.02916
PRKCE	6	1.40187	0	0	6	1.02916
PRMT6	4	0.934579	2	1.29032	6	1.02916
PROCR	5	1.16822	1	0.645161	6	1.02916
PROSER2	5	1.16822	1	0.645161	6	1.02916
PROX2	5	1.16822	1	0.645161	6	1.02916
PROZ	5	1.16822	1	0.645161	6	1.02916
PRPF4	6	1.40187	0	0	6	1.02916
PRPS1L1	5	1.16822	1	0.645161	6	1.02916
PRR19	5	1.16822	1	0.645161	6	1.02916
PRR30	5	1.16822	1	0.645161	6	1.02916
PRR35	6	1.40187	0	0	6	1.02916
PRR5-ARHGAP8	4	0.934579	2	1.29032	6	1.02916
PRR5L	5	1.16822	1	0.645161	6	1.02916
PRSS16	3	0.700935	3	1.93548	6	1.02916
PRSS23	5	1.16822	1	0.645161	6	1.02916
PRSS36	6	1.40187	0	0	6	1.02916
PRSS8	6	1.40187	0	0	6	1.02916
PSEN1	5	1.16822	1	0.645161	6	1.02916
PSMA3	4	0.934579	2	1.29032	6	1.02916
PSMC1	4	0.934579	2	1.29032	6	1.02916
PSMC3	6	1.40187	0	0	6	1.02916
PSMC4	6	1.40187	0	0	6	1.02916
PSMF1	4	0.934579	2	1.29032	6	1.02916
PTAR1	6	1.40187	0	0	6	1.02916
PTDSS2	5	1.16822	1	0.645161	6	1.02916
PTPMT1	6	1.40187	0	0	6	1.02916
PTX4	5	1.16822	1	0.645161	6	1.02916
PWWP2A	5	1.16822	1	0.645161	6	1.02916
RAB11B	6	1.40187	0	0	6	1.02916
RAB17	6	1.40187	0	0	6	1.02916
RAB20	4	0.934579	2	1.29032	6	1.02916
RAB36	6	1.40187	0	0	6	1.02916
RAB4B	5	1.16822	1	0.645161	6	1.02916
RAB6C	5	1.16822	1	0.645161	6	1.02916
RAB7A	5	1.16822	1	0.645161	6	1.02916
RAB8B	4	0.934579	2	1.29032	6	1.02916
RABEP2	5	1.16822	1	0.645161	6	1.02916
RALB	3	0.700935	3	1.93548	6	1.02916
RASL10B	6	1.40187	0	0	6	1.02916
RASL11A	5	1.16822	1	0.645161	6	1.02916
RASSF4	6	1.40187	0	0	6	1.02916
RBM22	5	1.16822	1	0.645161	6	1.02916
RBMS2	5	1.16822	1	0.645161	6	1.02916
RCAN2	5	1.16822	1	0.645161	6	1.02916
RCBTB1	5	1.16822	1	0.645161	6	1.02916
REEP5	5	1.16822	1	0.645161	6	1.02916
RERGL	6	1.40187	0	0	6	1.02916
RETREG3	5	1.16822	1	0.645161	6	1.02916
RGMA	5	1.16822	1	0.645161	6	1.02916
RGS11	6	1.40187	0	0	6	1.02916
RGS18	5	1.16822	1	0.645161	6	1.02916
RGS8	4	0.934579	2	1.29032	6	1.02916
RHCE	6	1.40187	0	0	6	1.02916
RHCG	5	1.16822	1	0.645161	6	1.02916
RHOT2	5	1.16822	1	0.645161	6	1.02916
RIMS3	6	1.40187	0	0	6	1.02916
RIOX2	5	1.16822	1	0.645161	6	1.02916
RIPK3	4	0.934579	2	1.29032	6	1.02916
RNASE11	6	1.40187	0	0	6	1.02916
RNASE3	3	0.700935	3	1.93548	6	1.02916
RND2	5	1.16822	1	0.645161	6	1.02916
RNF113A	5	1.16822	1	0.645161	6	1.02916
RNF126	5	1.16822	1	0.645161	6	1.02916
RNF130	4	0.934579	2	1.29032	6	1.02916
RNF151	6	1.40187	0	0	6	1.02916
RNF19B	4	0.934579	2	1.29032	6	1.02916
RNF207	6	1.40187	0	0	6	1.02916
RNF34	4	0.934579	2	1.29032	6	1.02916
RNF41	6	1.40187	0	0	6	1.02916
RNFT2	5	1.16822	1	0.645161	6	1.02916
RNGTT	6	1.40187	0	0	6	1.02916
RNPS1	5	1.16822	1	0.645161	6	1.02916
RORA	5	1.16822	1	0.645161	6	1.02916
RPF2	3	0.700935	3	1.93548	6	1.02916
RPL10L	5	1.16822	1	0.645161	6	1.02916
RPL3	6	1.40187	0	0	6	1.02916
RPP40	5	1.16822	1	0.645161	6	1.02916
RPS6KB1	6	1.40187	0	0	6	1.02916
RRS1	6	1.40187	0	0	6	1.02916
RS1	4	0.934579	2	1.29032	6	1.02916
RSAD1	6	1.40187	0	0	6	1.02916
RSKR	5	1.16822	1	0.645161	6	1.02916
RSPH1	4	0.934579	2	1.29032	6	1.02916
RSPH14	4	0.934579	2	1.29032	6	1.02916
RSPH9	3	0.700935	3	1.93548	6	1.02916
RSPO1	4	0.934579	2	1.29032	6	1.02916
RTL10	5	1.16822	1	0.645161	6	1.02916
RTL4	5	1.16822	1	0.645161	6	1.02916
RTN4RL1	6	1.40187	0	0	6	1.02916
RUFY4	6	1.40187	0	0	6	1.02916
RUNDC3A	4	0.934579	2	1.29032	6	1.02916
RUSC1	6	1.40187	0	0	6	1.02916
RWDD1	5	1.16822	1	0.645161	6	1.02916
SAAL1	4	0.934579	2	1.29032	6	1.02916
SAMD11	5	1.16822	1	0.645161	6	1.02916
SAMD12	5	1.16822	1	0.645161	6	1.02916
SAMD15	5	1.16822	1	0.645161	6	1.02916
SAXO1	4	0.934579	2	1.29032	6	1.02916
SCD	6	1.40187	0	0	6	1.02916
SCP2	5	1.16822	1	0.645161	6	1.02916
SCPEP1	6	1.40187	0	0	6	1.02916
SDC1	4	0.934579	2	1.29032	6	1.02916
SDCBP2	6	1.40187	0	0	6	1.02916
SDCCAG8	4	0.934579	2	1.29032	6	1.02916
SDF4	6	1.40187	0	0	6	1.02916
SDR9C7	5	1.16822	1	0.645161	6	1.02916
SEC22C	4	0.934579	2	1.29032	6	1.02916
SELENON	5	1.16822	1	0.645161	6	1.02916
SELENOP	5	1.16822	1	0.645161	6	1.02916
SELPLG	5	1.16822	1	0.645161	6	1.02916
SEMA7A	3	0.700935	3	1.93548	6	1.02916
SENP1	4	0.934579	2	1.29032	6	1.02916
SEPTIN10	4	0.934579	2	1.29032	6	1.02916
SEPTIN14	4	0.934579	2	1.29032	6	1.02916
SEPTIN2	5	1.16822	1	0.645161	6	1.02916
SERGEF	4	0.934579	2	1.29032	6	1.02916
SERPINA1	4	0.934579	2	1.29032	6	1.02916
SERPINA6	5	1.16822	1	0.645161	6	1.02916
SERPINA9	5	1.16822	1	0.645161	6	1.02916
SERPINB3	6	1.40187	0	0	6	1.02916
SERPINF2	6	1.40187	0	0	6	1.02916
SERPINH1	5	1.16822	1	0.645161	6	1.02916
SET	6	1.40187	0	0	6	1.02916
SETD1B	5	1.16822	1	0.645161	6	1.02916
SETD4	4	0.934579	2	1.29032	6	1.02916
SETD7	4	0.934579	2	1.29032	6	1.02916
SF3A2	5	1.16822	1	0.645161	6	1.02916
SFRP1	3	0.700935	3	1.93548	6	1.02916
SFRP2	5	1.16822	1	0.645161	6	1.02916
SGMS1	5	1.16822	1	0.645161	6	1.02916
SGPP2	4	0.934579	2	1.29032	6	1.02916
SGSM2	3	0.700935	3	1.93548	6	1.02916
SH2B1	6	1.40187	0	0	6	1.02916
SH2B3	6	1.40187	0	0	6	1.02916
SH2D4A	3	0.700935	3	1.93548	6	1.02916
SH3BP5L	4	0.934579	2	1.29032	6	1.02916
SH3D19	6	1.40187	0	0	6	1.02916
SH3GL1	5	1.16822	1	0.645161	6	1.02916
SH3GLB1	5	1.16822	1	0.645161	6	1.02916
SHMT2	5	1.16822	1	0.645161	6	1.02916
SHOX2	4	0.934579	2	1.29032	6	1.02916
SIAH2	5	1.16822	1	0.645161	6	1.02916
SKAP2	4	0.934579	2	1.29032	6	1.02916
SLC12A8	5	1.16822	1	0.645161	6	1.02916
SLC13A5	6	1.40187	0	0	6	1.02916
SLC15A4	4	0.934579	2	1.29032	6	1.02916
SLC16A2	3	0.700935	3	1.93548	6	1.02916
SLC16A5	5	1.16822	1	0.645161	6	1.02916
SLC19A3	5	1.16822	1	0.645161	6	1.02916
SLC1A4	5	1.16822	1	0.645161	6	1.02916
SLC1A5	6	1.40187	0	0	6	1.02916
SLC20A1	5	1.16822	1	0.645161	6	1.02916
SLC22A1	5	1.16822	1	0.645161	6	1.02916
SLC24A5	5	1.16822	1	0.645161	6	1.02916
SLC25A16	4	0.934579	2	1.29032	6	1.02916
SLC25A18	5	1.16822	1	0.645161	6	1.02916
SLC25A25	6	1.40187	0	0	6	1.02916
SLC25A34	5	1.16822	1	0.645161	6	1.02916
SLC25A43	5	1.16822	1	0.645161	6	1.02916
SLC25A48	5	1.16822	1	0.645161	6	1.02916
SLC25A52	5	1.16822	1	0.645161	6	1.02916
SLC26A6	6	1.40187	0	0	6	1.02916
SLC29A2	5	1.16822	1	0.645161	6	1.02916
SLC2A1	5	1.16822	1	0.645161	6	1.02916
SLC30A6	4	0.934579	2	1.29032	6	1.02916
SLC35B1	5	1.16822	1	0.645161	6	1.02916
SLC35B3	2	0.46729	4	2.58065	6	1.02916
SLC35G6	4	0.934579	2	1.29032	6	1.02916
SLC38A7	5	1.16822	1	0.645161	6	1.02916
SLC38A8	6	1.40187	0	0	6	1.02916
SLC39A13	4	0.934579	2	1.29032	6	1.02916
SLC39A14	5	1.16822	1	0.645161	6	1.02916
SLC39A4	5	1.16822	1	0.645161	6	1.02916
SLC3A1	5	1.16822	1	0.645161	6	1.02916
SLC43A2	6	1.40187	0	0	6	1.02916
SLC46A2	6	1.40187	0	0	6	1.02916
SLC47A2	5	1.16822	1	0.645161	6	1.02916
SLC52A1	5	1.16822	1	0.645161	6	1.02916
SLC52A3	5	1.16822	1	0.645161	6	1.02916
SLC5A11	5	1.16822	1	0.645161	6	1.02916
SLC6A19	5	1.16822	1	0.645161	6	1.02916
SLC6A6	6	1.40187	0	0	6	1.02916
SLC6A7	6	1.40187	0	0	6	1.02916
SLC7A13	4	0.934579	2	1.29032	6	1.02916
SLC7A5	5	1.16822	1	0.645161	6	1.02916
SLC7A8	5	1.16822	1	0.645161	6	1.02916
SLC9A6	5	1.16822	1	0.645161	6	1.02916
SMARCE1	5	1.16822	1	0.645161	6	1.02916
SMYD4	5	1.16822	1	0.645161	6	1.02916
SNAI1	4	0.934579	2	1.29032	6	1.02916
SNRPA	5	1.16822	1	0.645161	6	1.02916
SNX10	5	1.16822	1	0.645161	6	1.02916
SNX11	4	0.934579	2	1.29032	6	1.02916
SNX16	3	0.700935	3	1.93548	6	1.02916
SNX21	6	1.40187	0	0	6	1.02916
SNX8	6	1.40187	0	0	6	1.02916
SOWAHB	3	0.700935	3	1.93548	6	1.02916
SOX15	5	1.16822	1	0.645161	6	1.02916
SOX2	6	1.40187	0	0	6	1.02916
SOX21	5	1.16822	1	0.645161	6	1.02916
SOX30	3	0.700935	3	1.93548	6	1.02916
SP7	4	0.934579	2	1.29032	6	1.02916
SP8	5	1.16822	1	0.645161	6	1.02916
SPACA1	4	0.934579	2	1.29032	6	1.02916
SPACA7	5	1.16822	1	0.645161	6	1.02916
SPANXB1	4	0.934579	2	1.29032	6	1.02916
SPATA19	4	0.934579	2	1.29032	6	1.02916
SPATA4	3	0.700935	3	1.93548	6	1.02916
SPATS2L	4	0.934579	2	1.29032	6	1.02916
SPG21	4	0.934579	2	1.29032	6	1.02916
SPIB	5	1.16822	1	0.645161	6	1.02916
SPINT1	6	1.40187	0	0	6	1.02916
SPIRE1	5	1.16822	1	0.645161	6	1.02916
SPN	5	1.16822	1	0.645161	6	1.02916
SPNS3	6	1.40187	0	0	6	1.02916
SPON2	6	1.40187	0	0	6	1.02916
SPP2	4	0.934579	2	1.29032	6	1.02916
SPRED3	6	1.40187	0	0	6	1.02916
SPSB4	6	1.40187	0	0	6	1.02916
SPX	5	1.16822	1	0.645161	6	1.02916
SQSTM1	4	0.934579	2	1.29032	6	1.02916
SRPX2	5	1.16822	1	0.645161	6	1.02916
SRRM3	4	0.934579	2	1.29032	6	1.02916
SRSF12	5	1.16822	1	0.645161	6	1.02916
SSC4D	4	0.934579	2	1.29032	6	1.02916
SSTR3	6	1.40187	0	0	6	1.02916
SSX5	5	1.16822	1	0.645161	6	1.02916
ST3GAL3	6	1.40187	0	0	6	1.02916
ST6GAL1	5	1.16822	1	0.645161	6	1.02916
ST7L	4	0.934579	2	1.29032	6	1.02916
STAC3	5	1.16822	1	0.645161	6	1.02916
STAM2	6	1.40187	0	0	6	1.02916
STAP2	5	1.16822	1	0.645161	6	1.02916
STARD6	4	0.934579	2	1.29032	6	1.02916
STEAP1	6	1.40187	0	0	6	1.02916
STK11	6	1.40187	0	0	6	1.02916
STK17A	4	0.934579	2	1.29032	6	1.02916
STK26	4	0.934579	2	1.29032	6	1.02916
STK38L	4	0.934579	2	1.29032	6	1.02916
STPG1	3	0.700935	3	1.93548	6	1.02916
STRA6	5	1.16822	1	0.645161	6	1.02916
STRAP	5	1.16822	1	0.645161	6	1.02916
STX18	4	0.934579	2	1.29032	6	1.02916
STX1A	4	0.934579	2	1.29032	6	1.02916
STX1B	4	0.934579	2	1.29032	6	1.02916
STX7	5	1.16822	1	0.645161	6	1.02916
STYX	5	1.16822	1	0.645161	6	1.02916
STYXL1	5	1.16822	1	0.645161	6	1.02916
SULT1C3	6	1.40187	0	0	6	1.02916
SUPT7L	6	1.40187	0	0	6	1.02916
SURF6	5	1.16822	1	0.645161	6	1.02916
SUV39H1	5	1.16822	1	0.645161	6	1.02916
SYCE1	5	1.16822	1	0.645161	6	1.02916
SYNC	5	1.16822	1	0.645161	6	1.02916
SYT7	5	1.16822	1	0.645161	6	1.02916
SYT8	4	0.934579	2	1.29032	6	1.02916
TAAR2	6	1.40187	0	0	6	1.02916
TAAR8	4	0.934579	2	1.29032	6	1.02916
TACR1	6	1.40187	0	0	6	1.02916
TADA2A	5	1.16822	1	0.645161	6	1.02916
TADA2B	6	1.40187	0	0	6	1.02916
TAF1A	5	1.16822	1	0.645161	6	1.02916
TAF6	5	1.16822	1	0.645161	6	1.02916
TAFA5	6	1.40187	0	0	6	1.02916
TAL1	4	0.934579	2	1.29032	6	1.02916
TAPBP	4	0.934579	2	1.29032	6	1.02916
TAS2R40	6	1.40187	0	0	6	1.02916
TAS2R60	3	0.700935	3	1.93548	6	1.02916
TAS2R7	5	1.16822	1	0.645161	6	1.02916
TAS2R8	5	1.16822	1	0.645161	6	1.02916
TAZ	5	1.16822	1	0.645161	6	1.02916
TBC1D13	4	0.934579	2	1.29032	6	1.02916
TBCC	6	1.40187	0	0	6	1.02916
TBCEL	4	0.934579	2	1.29032	6	1.02916
TBKBP1	4	0.934579	2	1.29032	6	1.02916
TBX6	6	1.40187	0	0	6	1.02916
TCAF2	2	0.46729	4	2.58065	6	1.02916
TCF7L1	6	1.40187	0	0	6	1.02916
TCN1	3	0.700935	3	1.93548	6	1.02916
TCN2	5	1.16822	1	0.645161	6	1.02916
TCP11L1	5	1.16822	1	0.645161	6	1.02916
TDRD9	4	0.934579	2	1.29032	6	1.02916
TEKT2	4	0.934579	2	1.29032	6	1.02916
TENT5A	6	1.40187	0	0	6	1.02916
TEX264	4	0.934579	2	1.29032	6	1.02916
TGFB1	5	1.16822	1	0.645161	6	1.02916
THUMPD2	4	0.934579	2	1.29032	6	1.02916
TIGD6	5	1.16822	1	0.645161	6	1.02916
TIMM22	5	1.16822	1	0.645161	6	1.02916
TIMM44	5	1.16822	1	0.645161	6	1.02916
TKTL1	5	1.16822	1	0.645161	6	1.02916
TLE6	4	0.934579	2	1.29032	6	1.02916
TMC8	6	1.40187	0	0	6	1.02916
TMCO5A	5	1.16822	1	0.645161	6	1.02916
TMED8	6	1.40187	0	0	6	1.02916
TMEM109	6	1.40187	0	0	6	1.02916
TMEM140	5	1.16822	1	0.645161	6	1.02916
TMEM144	4	0.934579	2	1.29032	6	1.02916
TMEM163	5	1.16822	1	0.645161	6	1.02916
TMEM171	6	1.40187	0	0	6	1.02916
TMEM183A	6	1.40187	0	0	6	1.02916
TMEM192	5	1.16822	1	0.645161	6	1.02916
TMEM198	5	1.16822	1	0.645161	6	1.02916
TMEM217	5	1.16822	1	0.645161	6	1.02916
TMEM225	4	0.934579	2	1.29032	6	1.02916
TMEM245	6	1.40187	0	0	6	1.02916
TMEM248	3	0.700935	3	1.93548	6	1.02916
TMEM259	6	1.40187	0	0	6	1.02916
TMEM267	3	0.700935	3	1.93548	6	1.02916
TMEM35A	6	1.40187	0	0	6	1.02916
TMEM38A	4	0.934579	2	1.29032	6	1.02916
TMEM43	4	0.934579	2	1.29032	6	1.02916
TMEM62	5	1.16822	1	0.645161	6	1.02916
TMEM71	5	1.16822	1	0.645161	6	1.02916
TMEM72	5	1.16822	1	0.645161	6	1.02916
TMEM87A	4	0.934579	2	1.29032	6	1.02916
TMPPE	6	1.40187	0	0	6	1.02916
TMPRSS5	5	1.16822	1	0.645161	6	1.02916
TNFAIP1	6	1.40187	0	0	6	1.02916
TNFAIP8L2	5	1.16822	1	0.645161	6	1.02916
TNFSF11	6	1.40187	0	0	6	1.02916
TNFSF18	3	0.700935	3	1.93548	6	1.02916
TNFSF4	2	0.46729	4	2.58065	6	1.02916
TNMD	5	1.16822	1	0.645161	6	1.02916
TOR1A	4	0.934579	2	1.29032	6	1.02916
TOR1AIP2	5	1.16822	1	0.645161	6	1.02916
TP53I13	4	0.934579	2	1.29032	6	1.02916
TP53INP1	5	1.16822	1	0.645161	6	1.02916
TP53TG5	4	0.934579	2	1.29032	6	1.02916
TPD52L1	4	0.934579	2	1.29032	6	1.02916
TPH1	2	0.46729	4	2.58065	6	1.02916
TPPP2	5	1.16822	1	0.645161	6	1.02916
TRAF6	6	1.40187	0	0	6	1.02916
TRAFD1	4	0.934579	2	1.29032	6	1.02916
TRDMT1	3	0.700935	3	1.93548	6	1.02916
TRIM27	4	0.934579	2	1.29032	6	1.02916
TRIM63	5	1.16822	1	0.645161	6	1.02916
TRIM65	6	1.40187	0	0	6	1.02916
TRIT1	5	1.16822	1	0.645161	6	1.02916
TRMO	4	0.934579	2	1.29032	6	1.02916
TRMT10B	6	1.40187	0	0	6	1.02916
TRMT5	5	1.16822	1	0.645161	6	1.02916
TSC22D2	5	1.16822	1	0.645161	6	1.02916
TSEN15	3	0.700935	3	1.93548	6	1.02916
TSEN2	5	1.16822	1	0.645161	6	1.02916
TSNARE1	6	1.40187	0	0	6	1.02916
TSPAN18	5	1.16822	1	0.645161	6	1.02916
TSTD2	5	1.16822	1	0.645161	6	1.02916
TTC38	5	1.16822	1	0.645161	6	1.02916
TTC8	6	1.40187	0	0	6	1.02916
TTL	3	0.700935	3	1.93548	6	1.02916
TTLL13P	5	1.16822	1	0.645161	6	1.02916
TUBA1C	2	0.46729	4	2.58065	6	1.02916
TUFT1	5	1.16822	1	0.645161	6	1.02916
TULP3	5	1.16822	1	0.645161	6	1.02916
TXNDC16	5	1.16822	1	0.645161	6	1.02916
TXNL1	5	1.16822	1	0.645161	6	1.02916
TYMP	6	1.40187	0	0	6	1.02916
TYMS	4	0.934579	2	1.29032	6	1.02916
TYW5	4	0.934579	2	1.29032	6	1.02916
UAP1L1	6	1.40187	0	0	6	1.02916
UBA3	5	1.16822	1	0.645161	6	1.02916
UBA5	5	1.16822	1	0.645161	6	1.02916
UBE2R2	6	1.40187	0	0	6	1.02916
UBFD1	5	1.16822	1	0.645161	6	1.02916
UBIAD1	6	1.40187	0	0	6	1.02916
UCMA	6	1.40187	0	0	6	1.02916
UFSP2	4	0.934579	2	1.29032	6	1.02916
UPP1	6	1.40187	0	0	6	1.02916
UPP2	3	0.700935	3	1.93548	6	1.02916
USP12	5	1.16822	1	0.645161	6	1.02916
USP49	5	1.16822	1	0.645161	6	1.02916
UTP15	3	0.700935	3	1.93548	6	1.02916
UTP3	6	1.40187	0	0	6	1.02916
UTY	5	1.16822	1	0.645161	6	1.02916
VDAC1	6	1.40187	0	0	6	1.02916
VGF	5	1.16822	1	0.645161	6	1.02916
VGLL1	6	1.40187	0	0	6	1.02916
VIPR1	4	0.934579	2	1.29032	6	1.02916
VPS26C	5	1.16822	1	0.645161	6	1.02916
VPS39	5	1.16822	1	0.645161	6	1.02916
VSTM1	5	1.16822	1	0.645161	6	1.02916
VSTM4	6	1.40187	0	0	6	1.02916
VSX2	6	1.40187	0	0	6	1.02916
VTCN1	5	1.16822	1	0.645161	6	1.02916
VWDE	4	0.934579	2	1.29032	6	1.02916
WAS	4	0.934579	2	1.29032	6	1.02916
WBP1	6	1.40187	0	0	6	1.02916
WDR24	5	1.16822	1	0.645161	6	1.02916
WDR31	4	0.934579	2	1.29032	6	1.02916
WDR53	5	1.16822	1	0.645161	6	1.02916
WDR86	4	0.934579	2	1.29032	6	1.02916
WDR92	5	1.16822	1	0.645161	6	1.02916
WNT9B	3	0.700935	3	1.93548	6	1.02916
WTAP	5	1.16822	1	0.645161	6	1.02916
WWP2	6	1.40187	0	0	6	1.02916
XKR8	6	1.40187	0	0	6	1.02916
XRCC1	6	1.40187	0	0	6	1.02916
YIPF7	5	1.16822	1	0.645161	6	1.02916
Z83844.2	6	1.40187	0	0	6	1.02916
ZBED2	6	1.40187	0	0	6	1.02916
ZBTB12	6	1.40187	0	0	6	1.02916
ZBTB32	5	1.16822	1	0.645161	6	1.02916
ZBTB34	5	1.16822	1	0.645161	6	1.02916
ZBTB45	5	1.16822	1	0.645161	6	1.02916
ZCCHC9	5	1.16822	1	0.645161	6	1.02916
ZDHHC1	5	1.16822	1	0.645161	6	1.02916
ZDHHC21	3	0.700935	3	1.93548	6	1.02916
ZDHHC3	4	0.934579	2	1.29032	6	1.02916
ZDHHC9	5	1.16822	1	0.645161	6	1.02916
ZFP14	4	0.934579	2	1.29032	6	1.02916
ZFY	5	1.16822	1	0.645161	6	1.02916
ZKSCAN3	4	0.934579	2	1.29032	6	1.02916
ZKSCAN8	4	0.934579	2	1.29032	6	1.02916
ZMYND12	4	0.934579	2	1.29032	6	1.02916
ZNF2	5	1.16822	1	0.645161	6	1.02916
ZNF207	6	1.40187	0	0	6	1.02916
ZNF222	5	1.16822	1	0.645161	6	1.02916
ZNF253	6	1.40187	0	0	6	1.02916
ZNF276	6	1.40187	0	0	6	1.02916
ZNF322	6	1.40187	0	0	6	1.02916
ZNF383	6	1.40187	0	0	6	1.02916
ZNF396	3	0.700935	3	1.93548	6	1.02916
ZNF446	6	1.40187	0	0	6	1.02916
ZNF48	5	1.16822	1	0.645161	6	1.02916
ZNF500	3	0.700935	3	1.93548	6	1.02916
ZNF524	6	1.40187	0	0	6	1.02916
ZNF559-ZNF177	2	0.46729	4	2.58065	6	1.02916
ZNF565	5	1.16822	1	0.645161	6	1.02916
ZNF584	5	1.16822	1	0.645161	6	1.02916
ZNF613	4	0.934579	2	1.29032	6	1.02916
ZNF620	5	1.16822	1	0.645161	6	1.02916
ZNF621	6	1.40187	0	0	6	1.02916
ZNF627	4	0.934579	2	1.29032	6	1.02916
ZNF639	6	1.40187	0	0	6	1.02916
ZNF655	5	1.16822	1	0.645161	6	1.02916
ZNF662	5	1.16822	1	0.645161	6	1.02916
ZNF664	5	1.16822	1	0.645161	6	1.02916
ZNF681	5	1.16822	1	0.645161	6	1.02916
ZNF682	4	0.934579	2	1.29032	6	1.02916
ZNF688	6	1.40187	0	0	6	1.02916
ZNF695	5	1.16822	1	0.645161	6	1.02916
ZNF696	6	1.40187	0	0	6	1.02916
ZNF705A	4	0.934579	2	1.29032	6	1.02916
ZNF764	6	1.40187	0	0	6	1.02916
ZNF77	4	0.934579	2	1.29032	6	1.02916
ZNF783	6	1.40187	0	0	6	1.02916
ZNF79	4	0.934579	2	1.29032	6	1.02916
ZNF80	4	0.934579	2	1.29032	6	1.02916
ZSCAN22	4	0.934579	2	1.29032	6	1.02916
ZSCAN30	3	0.700935	3	1.93548	6	1.02916
ZWINT	4	0.934579	2	1.29032	6	1.02916
ZYX	4	0.934579	2	1.29032	6	1.02916
A3GALT2	5	1.16822	0	0	5	0.857633
AAGAB	3	0.700935	2	1.29032	5	0.857633
AAMP	5	1.16822	0	0	5	0.857633
AATF	4	0.934579	1	0.645161	5	0.857633
ABCD3	5	1.16822	0	0	5	0.857633
ABHD13	4	0.934579	1	0.645161	5	0.857633
ABHD14A-ACY1	5	1.16822	0	0	5	0.857633
ABHD5	3	0.700935	2	1.29032	5	0.857633
ABHD6	4	0.934579	1	0.645161	5	0.857633
ABI1	4	0.934579	1	0.645161	5	0.857633
ABRAXAS2	4	0.934579	1	0.645161	5	0.857633
AC005324.2	5	1.16822	0	0	5	0.857633
AC008676.3	5	1.16822	0	0	5	0.857633
AC011455.2	5	1.16822	0	0	5	0.857633
AC013477.1	4	0.934579	1	0.645161	5	0.857633
AC068580.4	4	0.934579	1	0.645161	5	0.857633
AC244197.3	5	1.16822	0	0	5	0.857633
ACAD8	4	0.934579	1	0.645161	5	0.857633
ACBD6	2	0.46729	3	1.93548	5	0.857633
ACCSL	3	0.700935	2	1.29032	5	0.857633
ACD	5	1.16822	0	0	5	0.857633
ACOT2	5	1.16822	0	0	5	0.857633
ACOT6	2	0.46729	3	1.93548	5	0.857633
ACP5	5	1.16822	0	0	5	0.857633
ACTG1	5	1.16822	0	0	5	0.857633
ACTL8	5	1.16822	0	0	5	0.857633
ACTR1A	4	0.934579	1	0.645161	5	0.857633
ACTR2	2	0.46729	3	1.93548	5	0.857633
ACTRT3	4	0.934579	1	0.645161	5	0.857633
ADM	5	1.16822	0	0	5	0.857633
ADPGK	5	1.16822	0	0	5	0.857633
AFMID	4	0.934579	1	0.645161	5	0.857633
AGAP4	4	0.934579	1	0.645161	5	0.857633
AGAP6	5	1.16822	0	0	5	0.857633
AGBL3	3	0.700935	2	1.29032	5	0.857633
AGPS	4	0.934579	1	0.645161	5	0.857633
AK1	4	0.934579	1	0.645161	5	0.857633
AK3	5	1.16822	0	0	5	0.857633
AKR1C4	4	0.934579	1	0.645161	5	0.857633
AKR1E2	4	0.934579	1	0.645161	5	0.857633
AKT2	4	0.934579	1	0.645161	5	0.857633
AKTIP	3	0.700935	2	1.29032	5	0.857633
ALAD	4	0.934579	1	0.645161	5	0.857633
ALDH3B1	5	1.16822	0	0	5	0.857633
ALDH5A1	5	1.16822	0	0	5	0.857633
ALG1	5	1.16822	0	0	5	0.857633
ALG14	3	0.700935	2	1.29032	5	0.857633
ALG9	2	0.46729	3	1.93548	5	0.857633
ALKBH4	5	1.16822	0	0	5	0.857633
ALKBH5	4	0.934579	1	0.645161	5	0.857633
ALOX15	4	0.934579	1	0.645161	5	0.857633
AMFR	4	0.934579	1	0.645161	5	0.857633
AMZ2	4	0.934579	1	0.645161	5	0.857633
ANGEL2	2	0.46729	3	1.93548	5	0.857633
ANKRD20A1	4	0.934579	1	0.645161	5	0.857633
ANP32D	2	0.46729	3	1.93548	5	0.857633
ANXA2	5	1.16822	0	0	5	0.857633
AOAH	5	1.16822	0	0	5	0.857633
AP1B1	5	1.16822	0	0	5	0.857633
AP5B1	4	0.934579	1	0.645161	5	0.857633
AP5M1	2	0.46729	3	1.93548	5	0.857633
APEX1	4	0.934579	1	0.645161	5	0.857633
APH1B	4	0.934579	1	0.645161	5	0.857633
APOBEC2	4	0.934579	1	0.645161	5	0.857633
APOH	3	0.700935	2	1.29032	5	0.857633
APOL6	4	0.934579	1	0.645161	5	0.857633
ARF1	4	0.934579	1	0.645161	5	0.857633
ARGLU1	3	0.700935	2	1.29032	5	0.857633
ARHGAP1	4	0.934579	1	0.645161	5	0.857633
ARIH1	3	0.700935	2	1.29032	5	0.857633
ARL6	5	1.16822	0	0	5	0.857633
ARR3	5	1.16822	0	0	5	0.857633
ARRDC1	5	1.16822	0	0	5	0.857633
ARRDC2	4	0.934579	1	0.645161	5	0.857633
ARX	4	0.934579	1	0.645161	5	0.857633
ASB9	4	0.934579	1	0.645161	5	0.857633
ASL	3	0.700935	2	1.29032	5	0.857633
ASPDH	5	1.16822	0	0	5	0.857633
ATF1	4	0.934579	1	0.645161	5	0.857633
ATF4	3	0.700935	2	1.29032	5	0.857633
ATMIN	3	0.700935	2	1.29032	5	0.857633
ATP1B3	4	0.934579	1	0.645161	5	0.857633
ATP6AP1	5	1.16822	0	0	5	0.857633
ATP6V1A	5	1.16822	0	0	5	0.857633
ATP6V1B2	3	0.700935	2	1.29032	5	0.857633
ATXN3	4	0.934579	1	0.645161	5	0.857633
AUP1	3	0.700935	2	1.29032	5	0.857633
B3GNT3	4	0.934579	1	0.645161	5	0.857633
B3GNT6	5	1.16822	0	0	5	0.857633
B3GNT9	5	1.16822	0	0	5	0.857633
B4GALT7	4	0.934579	1	0.645161	5	0.857633
BABAM1	5	1.16822	0	0	5	0.857633
BAIAP2	5	1.16822	0	0	5	0.857633
BAIAP2L2	4	0.934579	1	0.645161	5	0.857633
BCAS1	5	1.16822	0	0	5	0.857633
BCAS2	4	0.934579	1	0.645161	5	0.857633
BCDIN3D	3	0.700935	2	1.29032	5	0.857633
BCL2A1	3	0.700935	2	1.29032	5	0.857633
BCL2L1	4	0.934579	1	0.645161	5	0.857633
BCL2L11	4	0.934579	1	0.645161	5	0.857633
BCL2L2	4	0.934579	1	0.645161	5	0.857633
BCLAF3	4	0.934579	1	0.645161	5	0.857633
BCO1	5	1.16822	0	0	5	0.857633
BEGAIN	5	1.16822	0	0	5	0.857633
BEND6	3	0.700935	2	1.29032	5	0.857633
BEND7	4	0.934579	1	0.645161	5	0.857633
BICDL2	5	1.16822	0	0	5	0.857633
BMT2	4	0.934579	1	0.645161	5	0.857633
BNIPL	4	0.934579	1	0.645161	5	0.857633
BORA	5	1.16822	0	0	5	0.857633
BPHL	5	1.16822	0	0	5	0.857633
BPIFA1	5	1.16822	0	0	5	0.857633
BPNT2	5	1.16822	0	0	5	0.857633
BRAP	4	0.934579	1	0.645161	5	0.857633
BRAT1	5	1.16822	0	0	5	0.857633
BRCC3	3	0.700935	2	1.29032	5	0.857633
BRD9	4	0.934579	1	0.645161	5	0.857633
BROX	4	0.934579	1	0.645161	5	0.857633
C10orf88	4	0.934579	1	0.645161	5	0.857633
C11orf1	4	0.934579	1	0.645161	5	0.857633
C11orf16	2	0.46729	3	1.93548	5	0.857633
C11orf54	4	0.934579	1	0.645161	5	0.857633
C14orf180	5	1.16822	0	0	5	0.857633
C14orf28	4	0.934579	1	0.645161	5	0.857633
C14orf93	5	1.16822	0	0	5	0.857633
C16orf87	3	0.700935	2	1.29032	5	0.857633
C16orf89	4	0.934579	1	0.645161	5	0.857633
C16orf96	4	0.934579	1	0.645161	5	0.857633
C17orf64	1	0.233645	4	2.58065	5	0.857633
C18orf25	4	0.934579	1	0.645161	5	0.857633
C18orf54	3	0.700935	2	1.29032	5	0.857633
C1GALT1	5	1.16822	0	0	5	0.857633
C1GALT1C1	5	1.16822	0	0	5	0.857633
C1QA	4	0.934579	1	0.645161	5	0.857633
C1orf122	5	1.16822	0	0	5	0.857633
C1orf159	5	1.16822	0	0	5	0.857633
C1orf189	5	1.16822	0	0	5	0.857633
C1orf56	4	0.934579	1	0.645161	5	0.857633
C2orf49	3	0.700935	2	1.29032	5	0.857633
C3orf33	3	0.700935	2	1.29032	5	0.857633
C4A	4	0.934579	1	0.645161	5	0.857633
C4B	4	0.934579	1	0.645161	5	0.857633
C6orf136	4	0.934579	1	0.645161	5	0.857633
C6orf62	2	0.46729	3	1.93548	5	0.857633
C6orf89	3	0.700935	2	1.29032	5	0.857633
C9orf64	4	0.934579	1	0.645161	5	0.857633
C9orf78	4	0.934579	1	0.645161	5	0.857633
CA12	5	1.16822	0	0	5	0.857633
CACNG4	4	0.934579	1	0.645161	5	0.857633
CACNG8	5	1.16822	0	0	5	0.857633
CALCOCO1	4	0.934579	1	0.645161	5	0.857633
CALCOCO2	4	0.934579	1	0.645161	5	0.857633
CALHM6	4	0.934579	1	0.645161	5	0.857633
CALR	5	1.16822	0	0	5	0.857633
CALU	4	0.934579	1	0.645161	5	0.857633
CAMLG	5	1.16822	0	0	5	0.857633
CANT1	5	1.16822	0	0	5	0.857633
CAPN11	4	0.934579	1	0.645161	5	0.857633
CAPN14	5	1.16822	0	0	5	0.857633
CAPNS2	5	1.16822	0	0	5	0.857633
CAPZA1	4	0.934579	1	0.645161	5	0.857633
CARD8	4	0.934579	1	0.645161	5	0.857633
CASP10	5	1.16822	0	0	5	0.857633
CAVIN3	5	1.16822	0	0	5	0.857633
CBLN1	4	0.934579	1	0.645161	5	0.857633
CBR3	5	1.16822	0	0	5	0.857633
CBX2	3	0.700935	2	1.29032	5	0.857633
CBX5	2	0.46729	3	1.93548	5	0.857633
CBX7	3	0.700935	2	1.29032	5	0.857633
CCDC102A	5	1.16822	0	0	5	0.857633
CCDC103	4	0.934579	1	0.645161	5	0.857633
CCDC113	4	0.934579	1	0.645161	5	0.857633
CCDC114	4	0.934579	1	0.645161	5	0.857633
CCDC127	5	1.16822	0	0	5	0.857633
CCDC190	4	0.934579	1	0.645161	5	0.857633
CCDC197	4	0.934579	1	0.645161	5	0.857633
CCDC28B	5	1.16822	0	0	5	0.857633
CCDC47	3	0.700935	2	1.29032	5	0.857633
CCDC51	4	0.934579	1	0.645161	5	0.857633
CCDC58	5	1.16822	0	0	5	0.857633
CCDC89	5	1.16822	0	0	5	0.857633
CCDC90B	4	0.934579	1	0.645161	5	0.857633
CCDC97	4	0.934579	1	0.645161	5	0.857633
CCK	5	1.16822	0	0	5	0.857633
CCL16	3	0.700935	2	1.29032	5	0.857633
CCL23	5	1.16822	0	0	5	0.857633
CCNA2	4	0.934579	1	0.645161	5	0.857633
CCNB1IP1	5	1.16822	0	0	5	0.857633
CCNE1	5	1.16822	0	0	5	0.857633
CCNJ	5	1.16822	0	0	5	0.857633
CCNY	3	0.700935	2	1.29032	5	0.857633
CCR10	4	0.934579	1	0.645161	5	0.857633
CCRL2	4	0.934579	1	0.645161	5	0.857633
CCT2	3	0.700935	2	1.29032	5	0.857633
CCT5	5	1.16822	0	0	5	0.857633
CCZ1B	4	0.934579	1	0.645161	5	0.857633
CD300C	3	0.700935	2	1.29032	5	0.857633
CD300LB	3	0.700935	2	1.29032	5	0.857633
CD36	3	0.700935	2	1.29032	5	0.857633
CD38	4	0.934579	1	0.645161	5	0.857633
CD46	4	0.934579	1	0.645161	5	0.857633
CD47	4	0.934579	1	0.645161	5	0.857633
CD48	4	0.934579	1	0.645161	5	0.857633
CD5	3	0.700935	2	1.29032	5	0.857633
CD80	3	0.700935	2	1.29032	5	0.857633
CD99L2	5	1.16822	0	0	5	0.857633
CDC34	5	1.16822	0	0	5	0.857633
CDC37	5	1.16822	0	0	5	0.857633
CDC6	3	0.700935	2	1.29032	5	0.857633
CDCA4	5	1.16822	0	0	5	0.857633
CDK15	3	0.700935	2	1.29032	5	0.857633
CDK18	5	1.16822	0	0	5	0.857633
CDK5RAP3	4	0.934579	1	0.645161	5	0.857633
CDK7	5	1.16822	0	0	5	0.857633
CDKL1	2	0.46729	3	1.93548	5	0.857633
CDO1	4	0.934579	1	0.645161	5	0.857633
CEBPE	5	1.16822	0	0	5	0.857633
CELA3A	3	0.700935	2	1.29032	5	0.857633
CELF1	4	0.934579	1	0.645161	5	0.857633
CENPBD1	4	0.934579	1	0.645161	5	0.857633
CENPQ	4	0.934579	1	0.645161	5	0.857633
CENPT	3	0.700935	2	1.29032	5	0.857633
CEP43	4	0.934579	1	0.645161	5	0.857633
CEP44	2	0.46729	3	1.93548	5	0.857633
CEP57L1	4	0.934579	1	0.645161	5	0.857633
CEP85	4	0.934579	1	0.645161	5	0.857633
CERS4	5	1.16822	0	0	5	0.857633
CFAP300	5	1.16822	0	0	5	0.857633
CFAP52	5	1.16822	0	0	5	0.857633
CFP	4	0.934579	1	0.645161	5	0.857633
CGA	4	0.934579	1	0.645161	5	0.857633
CHAC1	4	0.934579	1	0.645161	5	0.857633
CHAF1B	4	0.934579	1	0.645161	5	0.857633
CHCHD5	5	1.16822	0	0	5	0.857633
CHMP2B	3	0.700935	2	1.29032	5	0.857633
CIAPIN1	5	1.16822	0	0	5	0.857633
CKAP4	2	0.46729	3	1.93548	5	0.857633
CLDN12	4	0.934579	1	0.645161	5	0.857633
CLEC11A	5	1.16822	0	0	5	0.857633
CLEC4A	4	0.934579	1	0.645161	5	0.857633
CLRN2	3	0.700935	2	1.29032	5	0.857633
CLVS2	3	0.700935	2	1.29032	5	0.857633
CMSS1	4	0.934579	1	0.645161	5	0.857633
CNNM3	3	0.700935	2	1.29032	5	0.857633
CNOT2	5	1.16822	0	0	5	0.857633
CNP	5	1.16822	0	0	5	0.857633
CNPY1	3	0.700935	2	1.29032	5	0.857633
CNTF	4	0.934579	1	0.645161	5	0.857633
COA8	4	0.934579	1	0.645161	5	0.857633
COASY	4	0.934579	1	0.645161	5	0.857633
COPS4	4	0.934579	1	0.645161	5	0.857633
COPS5	3	0.700935	2	1.29032	5	0.857633
COQ6	3	0.700935	2	1.29032	5	0.857633
COQ7	4	0.934579	1	0.645161	5	0.857633
COX15	3	0.700935	2	1.29032	5	0.857633
CPA3	4	0.934579	1	0.645161	5	0.857633
CPLX4	4	0.934579	1	0.645161	5	0.857633
CPM	2	0.46729	3	1.93548	5	0.857633
CPN1	3	0.700935	2	1.29032	5	0.857633
CPPED1	3	0.700935	2	1.29032	5	0.857633
CRACR2A	2	0.46729	3	1.93548	5	0.857633
CREB3L2	4	0.934579	1	0.645161	5	0.857633
CREBZF	4	0.934579	1	0.645161	5	0.857633
CRHBP	5	1.16822	0	0	5	0.857633
CRISP3	5	1.16822	0	0	5	0.857633
CROCC2	4	0.934579	1	0.645161	5	0.857633
CRYGB	4	0.934579	1	0.645161	5	0.857633
CRYZL1	5	1.16822	0	0	5	0.857633
CSDC2	2	0.46729	3	1.93548	5	0.857633
CSF1	4	0.934579	1	0.645161	5	0.857633
CSF3	4	0.934579	1	0.645161	5	0.857633
CST11	4	0.934579	1	0.645161	5	0.857633
CSTF2	5	1.16822	0	0	5	0.857633
CSTL1	5	1.16822	0	0	5	0.857633
CTAGE15	3	0.700935	2	1.29032	5	0.857633
CTBS	4	0.934579	1	0.645161	5	0.857633
CTDNEP1	4	0.934579	1	0.645161	5	0.857633
CTDSPL	5	1.16822	0	0	5	0.857633
CTDSPL2	3	0.700935	2	1.29032	5	0.857633
CTHRC1	4	0.934579	1	0.645161	5	0.857633
CTLA4	4	0.934579	1	0.645161	5	0.857633
CTRL	4	0.934579	1	0.645161	5	0.857633
CTSS	5	1.16822	0	0	5	0.857633
CTSZ	5	1.16822	0	0	5	0.857633
CUEDC2	4	0.934579	1	0.645161	5	0.857633
CX3CL1	4	0.934579	1	0.645161	5	0.857633
CXCL16	5	1.16822	0	0	5	0.857633
CXCL9	4	0.934579	1	0.645161	5	0.857633
CXCR3	4	0.934579	1	0.645161	5	0.857633
CXXC1	5	1.16822	0	0	5	0.857633
CXXC5	5	1.16822	0	0	5	0.857633
CYB561	5	1.16822	0	0	5	0.857633
CYB5R3	4	0.934579	1	0.645161	5	0.857633
CYB5RL	5	1.16822	0	0	5	0.857633
CYGB	4	0.934579	1	0.645161	5	0.857633
CYP2C18	2	0.46729	3	1.93548	5	0.857633
CYP2C9	3	0.700935	2	1.29032	5	0.857633
CZIB	4	0.934579	1	0.645161	5	0.857633
DAP3	4	0.934579	1	0.645161	5	0.857633
DAZL	3	0.700935	2	1.29032	5	0.857633
DCDC2B	5	1.16822	0	0	5	0.857633
DCLRE1B	5	1.16822	0	0	5	0.857633
DCP1A	4	0.934579	1	0.645161	5	0.857633
DCUN1D4	3	0.700935	2	1.29032	5	0.857633
DDN	5	1.16822	0	0	5	0.857633
DDO	3	0.700935	2	1.29032	5	0.857633
DDX3X	5	1.16822	0	0	5	0.857633
DDX5	4	0.934579	1	0.645161	5	0.857633
DDX53	4	0.934579	1	0.645161	5	0.857633
DEDD	4	0.934579	1	0.645161	5	0.857633
DEF8	4	0.934579	1	0.645161	5	0.857633
DEFB106B	3	0.700935	2	1.29032	5	0.857633
DEFB136	2	0.46729	3	1.93548	5	0.857633
DEPDC1B	4	0.934579	1	0.645161	5	0.857633
DGLUCY	4	0.934579	1	0.645161	5	0.857633
DHCR7	4	0.934579	1	0.645161	5	0.857633
DLK2	4	0.934579	1	0.645161	5	0.857633
DLL3	2	0.46729	3	1.93548	5	0.857633
DLST	4	0.934579	1	0.645161	5	0.857633
DNAJC18	4	0.934579	1	0.645161	5	0.857633
DNAJC5G	4	0.934579	1	0.645161	5	0.857633
DNALI1	5	1.16822	0	0	5	0.857633
DNASE1	5	1.16822	0	0	5	0.857633
DNASE1L3	5	1.16822	0	0	5	0.857633
DNASE2B	4	0.934579	1	0.645161	5	0.857633
DPCD	5	1.16822	0	0	5	0.857633
DPEP3	4	0.934579	1	0.645161	5	0.857633
DRAXIN	4	0.934579	1	0.645161	5	0.857633
DRG1	4	0.934579	1	0.645161	5	0.857633
DSN1	5	1.16822	0	0	5	0.857633
DTX2	5	1.16822	0	0	5	0.857633
DTX3	4	0.934579	1	0.645161	5	0.857633
DUOXA2	5	1.16822	0	0	5	0.857633
DUS1L	4	0.934579	1	0.645161	5	0.857633
DUS3L	5	1.16822	0	0	5	0.857633
DUSP10	4	0.934579	1	0.645161	5	0.857633
DUSP12	4	0.934579	1	0.645161	5	0.857633
DUSP29	5	1.16822	0	0	5	0.857633
DUSP3	4	0.934579	1	0.645161	5	0.857633
DUSP5	4	0.934579	1	0.645161	5	0.857633
DUSP8	4	0.934579	1	0.645161	5	0.857633
DUSP9	5	1.16822	0	0	5	0.857633
DYDC2	4	0.934579	1	0.645161	5	0.857633
DYRK2	4	0.934579	1	0.645161	5	0.857633
EAPP	3	0.700935	2	1.29032	5	0.857633
EARS2	3	0.700935	2	1.29032	5	0.857633
EDA	2	0.46729	3	1.93548	5	0.857633
EFCAB8	3	0.700935	2	1.29032	5	0.857633
EID1	3	0.700935	2	1.29032	5	0.857633
EIF2B3	5	1.16822	0	0	5	0.857633
EIF2D	4	0.934579	1	0.645161	5	0.857633
EIF3F	4	0.934579	1	0.645161	5	0.857633
EIF3H	4	0.934579	1	0.645161	5	0.857633
EIF4E2	3	0.700935	2	1.29032	5	0.857633
EIF5	4	0.934579	1	0.645161	5	0.857633
ELF2	2	0.46729	3	1.93548	5	0.857633
ELOVL3	4	0.934579	1	0.645161	5	0.857633
ELOVL6	3	0.700935	2	1.29032	5	0.857633
ELP3	4	0.934579	1	0.645161	5	0.857633
ELP6	4	0.934579	1	0.645161	5	0.857633
EMG1	3	0.700935	2	1.29032	5	0.857633
EPPIN	4	0.934579	1	0.645161	5	0.857633
ERI2	5	1.16822	0	0	5	0.857633
ERICH5	3	0.700935	2	1.29032	5	0.857633
ERLIN1	5	1.16822	0	0	5	0.857633
ESD	4	0.934579	1	0.645161	5	0.857633
ETFDH	4	0.934579	1	0.645161	5	0.857633
ETNK1	5	1.16822	0	0	5	0.857633
ETV3	4	0.934579	1	0.645161	5	0.857633
ETV3L	5	1.16822	0	0	5	0.857633
EVI2B	4	0.934579	1	0.645161	5	0.857633
EXOG	2	0.46729	3	1.93548	5	0.857633
EYA3	4	0.934579	1	0.645161	5	0.857633
F12	4	0.934579	1	0.645161	5	0.857633
FABP2	5	1.16822	0	0	5	0.857633
FAF2	5	1.16822	0	0	5	0.857633
FAM117A	4	0.934579	1	0.645161	5	0.857633
FAM118A	5	1.16822	0	0	5	0.857633
FAM122C	4	0.934579	1	0.645161	5	0.857633
FAM131C	4	0.934579	1	0.645161	5	0.857633
FAM151B	4	0.934579	1	0.645161	5	0.857633
FAM153A	5	1.16822	0	0	5	0.857633
FAM162B	4	0.934579	1	0.645161	5	0.857633
FAM174A	4	0.934579	1	0.645161	5	0.857633
FAM181B	5	1.16822	0	0	5	0.857633
FAM216A	4	0.934579	1	0.645161	5	0.857633
FAM53C	4	0.934579	1	0.645161	5	0.857633
FAM71D	5	1.16822	0	0	5	0.857633
FAM71E1	4	0.934579	1	0.645161	5	0.857633
FAM83A	4	0.934579	1	0.645161	5	0.857633
FAM98C	2	0.46729	3	1.93548	5	0.857633
FANK1	4	0.934579	1	0.645161	5	0.857633
FASLG	4	0.934579	1	0.645161	5	0.857633
FASTK	5	1.16822	0	0	5	0.857633
FATE1	4	0.934579	1	0.645161	5	0.857633
FAXC	3	0.700935	2	1.29032	5	0.857633
FBRS	5	1.16822	0	0	5	0.857633
FBXL16	4	0.934579	1	0.645161	5	0.857633
FBXL6	4	0.934579	1	0.645161	5	0.857633
FBXO6	4	0.934579	1	0.645161	5	0.857633
FCER1A	3	0.700935	2	1.29032	5	0.857633
FCGR1A	4	0.934579	1	0.645161	5	0.857633
FCRLB	4	0.934579	1	0.645161	5	0.857633
FDXR	5	1.16822	0	0	5	0.857633
FECH	4	0.934579	1	0.645161	5	0.857633
FFAR4	5	1.16822	0	0	5	0.857633
FGB	3	0.700935	2	1.29032	5	0.857633
FGF17	4	0.934579	1	0.645161	5	0.857633
FGF7	5	1.16822	0	0	5	0.857633
FGF8	3	0.700935	2	1.29032	5	0.857633
FGF9	4	0.934579	1	0.645161	5	0.857633
FH	5	1.16822	0	0	5	0.857633
FKBP4	3	0.700935	2	1.29032	5	0.857633
FLAD1	5	1.16822	0	0	5	0.857633
FLT3LG	5	1.16822	0	0	5	0.857633
FOSL1	5	1.16822	0	0	5	0.857633
FOXC2	3	0.700935	2	1.29032	5	0.857633
FOXD3	5	1.16822	0	0	5	0.857633
FOXD4L6	4	0.934579	1	0.645161	5	0.857633
FOXH1	5	1.16822	0	0	5	0.857633
FOXK2	4	0.934579	1	0.645161	5	0.857633
FOXN4	2	0.46729	3	1.93548	5	0.857633
FOXR2	4	0.934579	1	0.645161	5	0.857633
FRG2B	4	0.934579	1	0.645161	5	0.857633
FRMD5	4	0.934579	1	0.645161	5	0.857633
FSHB	2	0.46729	3	1.93548	5	0.857633
FST	3	0.700935	2	1.29032	5	0.857633
FUCA1	4	0.934579	1	0.645161	5	0.857633
FUT7	5	1.16822	0	0	5	0.857633
FUZ	4	0.934579	1	0.645161	5	0.857633
G6PC3	5	1.16822	0	0	5	0.857633
GABRP	3	0.700935	2	1.29032	5	0.857633
GAL3ST1	4	0.934579	1	0.645161	5	0.857633
GALNT1	4	0.934579	1	0.645161	5	0.857633
GART	5	1.16822	0	0	5	0.857633
GAS2	4	0.934579	1	0.645161	5	0.857633
GAS8	5	1.16822	0	0	5	0.857633
GATA4	4	0.934579	1	0.645161	5	0.857633
GC	4	0.934579	1	0.645161	5	0.857633
GCG	4	0.934579	1	0.645161	5	0.857633
GCLM	3	0.700935	2	1.29032	5	0.857633
GDAP1L1	5	1.16822	0	0	5	0.857633
GDF11	5	1.16822	0	0	5	0.857633
GEMIN8	5	1.16822	0	0	5	0.857633
GET1	5	1.16822	0	0	5	0.857633
GET1-SH3BGR	4	0.934579	1	0.645161	5	0.857633
GFI1	3	0.700935	2	1.29032	5	0.857633
GFOD1	4	0.934579	1	0.645161	5	0.857633
GGCT	3	0.700935	2	1.29032	5	0.857633
GH2	4	0.934579	1	0.645161	5	0.857633
GIMAP5	4	0.934579	1	0.645161	5	0.857633
GIMAP6	4	0.934579	1	0.645161	5	0.857633
GINS1	5	1.16822	0	0	5	0.857633
GINS3	4	0.934579	1	0.645161	5	0.857633
GJB4	3	0.700935	2	1.29032	5	0.857633
GJB7	3	0.700935	2	1.29032	5	0.857633
GLDN	4	0.934579	1	0.645161	5	0.857633
GLIS2	4	0.934579	1	0.645161	5	0.857633
GLMP	5	1.16822	0	0	5	0.857633
GLT1D1	4	0.934579	1	0.645161	5	0.857633
GLT8D2	3	0.700935	2	1.29032	5	0.857633
GLTPD2	5	1.16822	0	0	5	0.857633
GLUD1	5	1.16822	0	0	5	0.857633
GLYATL1	4	0.934579	1	0.645161	5	0.857633
GLYATL2	2	0.46729	3	1.93548	5	0.857633
GNAI3	4	0.934579	1	0.645161	5	0.857633
GNPTG	4	0.934579	1	0.645161	5	0.857633
GOLPH3	4	0.934579	1	0.645161	5	0.857633
GOLT1B	4	0.934579	1	0.645161	5	0.857633
GORAB	5	1.16822	0	0	5	0.857633
GOSR1	4	0.934579	1	0.645161	5	0.857633
GOT2	5	1.16822	0	0	5	0.857633
GPAT2	3	0.700935	2	1.29032	5	0.857633
GPATCH1	4	0.934579	1	0.645161	5	0.857633
GPI	3	0.700935	2	1.29032	5	0.857633
GPKOW	3	0.700935	2	1.29032	5	0.857633
GPR119	4	0.934579	1	0.645161	5	0.857633
GPR152	5	1.16822	0	0	5	0.857633
GPR17	3	0.700935	2	1.29032	5	0.857633
GPR176	5	1.16822	0	0	5	0.857633
GPR18	3	0.700935	2	1.29032	5	0.857633
GPR82	4	0.934579	1	0.645161	5	0.857633
GPR84	4	0.934579	1	0.645161	5	0.857633
GPR89B	3	0.700935	2	1.29032	5	0.857633
GPRC5A	5	1.16822	0	0	5	0.857633
GPRC5B	4	0.934579	1	0.645161	5	0.857633
GPRIN2	4	0.934579	1	0.645161	5	0.857633
GPT2	3	0.700935	2	1.29032	5	0.857633
GRB14	3	0.700935	2	1.29032	5	0.857633
GRPR	4	0.934579	1	0.645161	5	0.857633
GSTA1	4	0.934579	1	0.645161	5	0.857633
GSTA5	4	0.934579	1	0.645161	5	0.857633
GSTM2	5	1.16822	0	0	5	0.857633
GTF2I	5	1.16822	0	0	5	0.857633
GULP1	2	0.46729	3	1.93548	5	0.857633
GYPB	4	0.934579	1	0.645161	5	0.857633
GYPE	3	0.700935	2	1.29032	5	0.857633
GZMB	4	0.934579	1	0.645161	5	0.857633
H1-4	5	1.16822	0	0	5	0.857633
H2BC4	5	1.16822	0	0	5	0.857633
H2BC6	5	1.16822	0	0	5	0.857633
H2BC8	3	0.700935	2	1.29032	5	0.857633
H3-4	2	0.46729	3	1.93548	5	0.857633
H3C6	4	0.934579	1	0.645161	5	0.857633
HACL1	4	0.934579	1	0.645161	5	0.857633
HAUS8	4	0.934579	1	0.645161	5	0.857633
HAX1	4	0.934579	1	0.645161	5	0.857633
HCAR2	4	0.934579	1	0.645161	5	0.857633
HCCS	1	0.233645	4	2.58065	5	0.857633
HDDC2	5	1.16822	0	0	5	0.857633
HDHD3	4	0.934579	1	0.645161	5	0.857633
HERPUD1	4	0.934579	1	0.645161	5	0.857633
HEXD	5	1.16822	0	0	5	0.857633
HGH1	4	0.934579	1	0.645161	5	0.857633
HHEX	2	0.46729	3	1.93548	5	0.857633
HIBADH	5	1.16822	0	0	5	0.857633
HIBCH	3	0.700935	2	1.29032	5	0.857633
HLA-E	5	1.16822	0	0	5	0.857633
HM13	2	0.46729	3	1.93548	5	0.857633
HMBOX1	5	1.16822	0	0	5	0.857633
HMCN2	5	1.16822	0	0	5	0.857633
HMGXB4	5	1.16822	0	0	5	0.857633
HMOX1	5	1.16822	0	0	5	0.857633
HMOX2	4	0.934579	1	0.645161	5	0.857633
HNMT	5	1.16822	0	0	5	0.857633
HNRNPC	5	1.16822	0	0	5	0.857633
HNRNPH2	2	0.46729	3	1.93548	5	0.857633
HNRNPH3	4	0.934579	1	0.645161	5	0.857633
HNRNPR	5	1.16822	0	0	5	0.857633
HOMER1	3	0.700935	2	1.29032	5	0.857633
HOXB2	5	1.16822	0	0	5	0.857633
HOXC9	4	0.934579	1	0.645161	5	0.857633
HOXD13	4	0.934579	1	0.645161	5	0.857633
HPCA	5	1.16822	0	0	5	0.857633
HPS4	5	1.16822	0	0	5	0.857633
HRH1	3	0.700935	2	1.29032	5	0.857633
HRH4	5	1.16822	0	0	5	0.857633
HSD17B4	4	0.934579	1	0.645161	5	0.857633
HSF5	5	1.16822	0	0	5	0.857633
HYI	4	0.934579	1	0.645161	5	0.857633
HYKK	4	0.934579	1	0.645161	5	0.857633
ICOS	4	0.934579	1	0.645161	5	0.857633
IDI1	5	1.16822	0	0	5	0.857633
IFNA16	5	1.16822	0	0	5	0.857633
IFNA2	3	0.700935	2	1.29032	5	0.857633
IFNA8	5	1.16822	0	0	5	0.857633
IFNG	4	0.934579	1	0.645161	5	0.857633
IFNL2	4	0.934579	1	0.645161	5	0.857633
IFT46	4	0.934579	1	0.645161	5	0.857633
IGBP1	1	0.233645	4	2.58065	5	0.857633
IGFBP1	4	0.934579	1	0.645161	5	0.857633
IGFLR1	3	0.700935	2	1.29032	5	0.857633
IGHA2	5	1.16822	0	0	5	0.857633
IGHV1-24	2	0.46729	3	1.93548	5	0.857633
IGHV5-51	4	0.934579	1	0.645161	5	0.857633
IGKV3-15	5	1.16822	0	0	5	0.857633
IGLV3-10	4	0.934579	1	0.645161	5	0.857633
IL10RA	3	0.700935	2	1.29032	5	0.857633
IL15RA	4	0.934579	1	0.645161	5	0.857633
IL22RA2	4	0.934579	1	0.645161	5	0.857633
IL32	4	0.934579	1	0.645161	5	0.857633
IL7	4	0.934579	1	0.645161	5	0.857633
ILKAP	3	0.700935	2	1.29032	5	0.857633
ILRUN	5	1.16822	0	0	5	0.857633
IMP4	5	1.16822	0	0	5	0.857633
IMPA2	4	0.934579	1	0.645161	5	0.857633
ING3	5	1.16822	0	0	5	0.857633
INTS9	5	1.16822	0	0	5	0.857633
IQCK	1	0.233645	4	2.58065	5	0.857633
IRF2BPL	5	1.16822	0	0	5	0.857633
IRF3	3	0.700935	2	1.29032	5	0.857633
IRF8	4	0.934579	1	0.645161	5	0.857633
ISY1-RAB43	5	1.16822	0	0	5	0.857633
ITFG1	3	0.700935	2	1.29032	5	0.857633
ITIH4	4	0.934579	1	0.645161	5	0.857633
ITM2C	3	0.700935	2	1.29032	5	0.857633
ITPK1	5	1.16822	0	0	5	0.857633
ITPKA	5	1.16822	0	0	5	0.857633
IZUMO1	2	0.46729	3	1.93548	5	0.857633
JAZF1	4	0.934579	1	0.645161	5	0.857633
JKAMP	4	0.934579	1	0.645161	5	0.857633
JSRP1	5	1.16822	0	0	5	0.857633
KANK3	3	0.700935	2	1.29032	5	0.857633
KATNA1	4	0.934579	1	0.645161	5	0.857633
KCMF1	4	0.934579	1	0.645161	5	0.857633
KCNAB2	5	1.16822	0	0	5	0.857633
KCNE4	4	0.934579	1	0.645161	5	0.857633
KCNIP4	4	0.934579	1	0.645161	5	0.857633
KCNJ11	3	0.700935	2	1.29032	5	0.857633
KCNK4	4	0.934579	1	0.645161	5	0.857633
KCNMB1	5	1.16822	0	0	5	0.857633
KCNMB3	3	0.700935	2	1.29032	5	0.857633
KCTD10	4	0.934579	1	0.645161	5	0.857633
KCTD6	3	0.700935	2	1.29032	5	0.857633
KDF1	5	1.16822	0	0	5	0.857633
KIAA0895L	4	0.934579	1	0.645161	5	0.857633
KIR3DL1	5	1.16822	0	0	5	0.857633
KLF11	3	0.700935	2	1.29032	5	0.857633
KLF13	5	1.16822	0	0	5	0.857633
KLF4	5	1.16822	0	0	5	0.857633
KLF6	3	0.700935	2	1.29032	5	0.857633
KLHDC3	5	1.16822	0	0	5	0.857633
KLHDC7B	5	1.16822	0	0	5	0.857633
KLHL15	4	0.934579	1	0.645161	5	0.857633
KLK1	5	1.16822	0	0	5	0.857633
KLK6	4	0.934579	1	0.645161	5	0.857633
KLK8	5	1.16822	0	0	5	0.857633
KLRB1	2	0.46729	3	1.93548	5	0.857633
KLRC2	4	0.934579	1	0.645161	5	0.857633
KMT5A	4	0.934579	1	0.645161	5	0.857633
KNCN	5	1.16822	0	0	5	0.857633
KPNA2	5	1.16822	0	0	5	0.857633
KPTN	5	1.16822	0	0	5	0.857633
KREMEN1	4	0.934579	1	0.645161	5	0.857633
KRT23	5	1.16822	0	0	5	0.857633
KRT26	3	0.700935	2	1.29032	5	0.857633
KRT36	4	0.934579	1	0.645161	5	0.857633
KRT7	5	1.16822	0	0	5	0.857633
KRT80	4	0.934579	1	0.645161	5	0.857633
KRTAP10-11	5	1.16822	0	0	5	0.857633
KRTAP10-4	5	1.16822	0	0	5	0.857633
KRTAP10-9	4	0.934579	1	0.645161	5	0.857633
KRTAP15-1	5	1.16822	0	0	5	0.857633
KRTAP5-8	4	0.934579	1	0.645161	5	0.857633
KRTAP6-3	5	1.16822	0	0	5	0.857633
LACC1	5	1.16822	0	0	5	0.857633
LACTB2	5	1.16822	0	0	5	0.857633
LAIR1	5	1.16822	0	0	5	0.857633
LCE3D	3	0.700935	2	1.29032	5	0.857633
LCK	4	0.934579	1	0.645161	5	0.857633
LCN12	4	0.934579	1	0.645161	5	0.857633
LHFPL5	4	0.934579	1	0.645161	5	0.857633
LIN9	4	0.934579	1	0.645161	5	0.857633
LIPK	3	0.700935	2	1.29032	5	0.857633
LLPH	4	0.934579	1	0.645161	5	0.857633
LOXHD1	3	0.700935	2	1.29032	5	0.857633
LOXL1	5	1.16822	0	0	5	0.857633
LPAR2	5	1.16822	0	0	5	0.857633
LRCH4	5	1.16822	0	0	5	0.857633
LRG1	4	0.934579	1	0.645161	5	0.857633
LRRC10	5	1.16822	0	0	5	0.857633
LRRC19	3	0.700935	2	1.29032	5	0.857633
LRRC25	4	0.934579	1	0.645161	5	0.857633
LRRC57	2	0.46729	3	1.93548	5	0.857633
LRRC58	4	0.934579	1	0.645161	5	0.857633
LRRC59	3	0.700935	2	1.29032	5	0.857633
LSG1	4	0.934579	1	0.645161	5	0.857633
LSM1	5	1.16822	0	0	5	0.857633
LYL1	5	1.16822	0	0	5	0.857633
LYPD4	3	0.700935	2	1.29032	5	0.857633
LYSMD2	4	0.934579	1	0.645161	5	0.857633
M1AP	4	0.934579	1	0.645161	5	0.857633
MAGEA3	4	0.934579	1	0.645161	5	0.857633
MAGEB10	3	0.700935	2	1.29032	5	0.857633
MAGEB16	2	0.46729	3	1.93548	5	0.857633
MAK16	3	0.700935	2	1.29032	5	0.857633
MALRD1	4	0.934579	1	0.645161	5	0.857633
MANF	5	1.16822	0	0	5	0.857633
MAOB	2	0.46729	3	1.93548	5	0.857633
MAP11	5	1.16822	0	0	5	0.857633
MAP1LC3B2	5	1.16822	0	0	5	0.857633
MAP1LC3C	5	1.16822	0	0	5	0.857633
MAP3K8	3	0.700935	2	1.29032	5	0.857633
MAPKAPK5	4	0.934579	1	0.645161	5	0.857633
MARCKS	5	1.16822	0	0	5	0.857633
MATN3	5	1.16822	0	0	5	0.857633
MCFD2	2	0.46729	3	1.93548	5	0.857633
MCM2	4	0.934579	1	0.645161	5	0.857633
MCM3	3	0.700935	2	1.29032	5	0.857633
MCM5	4	0.934579	1	0.645161	5	0.857633
MCUB	5	1.16822	0	0	5	0.857633
MDH1	5	1.16822	0	0	5	0.857633
MDH2	4	0.934579	1	0.645161	5	0.857633
MEF2D	3	0.700935	2	1.29032	5	0.857633
MEOX1	4	0.934579	1	0.645161	5	0.857633
METTL1	5	1.16822	0	0	5	0.857633
METTL21A	3	0.700935	2	1.29032	5	0.857633
METTL2B	3	0.700935	2	1.29032	5	0.857633
METTL7B	4	0.934579	1	0.645161	5	0.857633
MEX3D	3	0.700935	2	1.29032	5	0.857633
MFRP	5	1.16822	0	0	5	0.857633
MFSD4A	5	1.16822	0	0	5	0.857633
MICOS13	4	0.934579	1	0.645161	5	0.857633
MICU1	4	0.934579	1	0.645161	5	0.857633
MID1IP1	4	0.934579	1	0.645161	5	0.857633
MIER1	3	0.700935	2	1.29032	5	0.857633
MIF4GD	4	0.934579	1	0.645161	5	0.857633
MIIP	5	1.16822	0	0	5	0.857633
MIPOL1	4	0.934579	1	0.645161	5	0.857633
MKKS	3	0.700935	2	1.29032	5	0.857633
MLANA	2	0.46729	3	1.93548	5	0.857633
MLX	4	0.934579	1	0.645161	5	0.857633
MLXIP	5	1.16822	0	0	5	0.857633
MOB3A	5	1.16822	0	0	5	0.857633
MOB3C	4	0.934579	1	0.645161	5	0.857633
MOB4	4	0.934579	1	0.645161	5	0.857633
MOGAT1	4	0.934579	1	0.645161	5	0.857633
MOGAT3	5	1.16822	0	0	5	0.857633
MOSPD1	4	0.934579	1	0.645161	5	0.857633
MPG	5	1.16822	0	0	5	0.857633
MPV17L2	4	0.934579	1	0.645161	5	0.857633
MPZ	4	0.934579	1	0.645161	5	0.857633
MPZL1	5	1.16822	0	0	5	0.857633
MRO	4	0.934579	1	0.645161	5	0.857633
MROH2A	4	0.934579	1	0.645161	5	0.857633
MRPL28	5	1.16822	0	0	5	0.857633
MRPL3	4	0.934579	1	0.645161	5	0.857633
MRPL32	4	0.934579	1	0.645161	5	0.857633
MRPL58	4	0.934579	1	0.645161	5	0.857633
MS4A5	4	0.934579	1	0.645161	5	0.857633
MS4A7	4	0.934579	1	0.645161	5	0.857633
MSI2	4	0.934579	1	0.645161	5	0.857633
MSRA	4	0.934579	1	0.645161	5	0.857633
MSTN	4	0.934579	1	0.645161	5	0.857633
MSX2	5	1.16822	0	0	5	0.857633
MTCH1	5	1.16822	0	0	5	0.857633
MTERF2	4	0.934579	1	0.645161	5	0.857633
MTMR14	5	1.16822	0	0	5	0.857633
MTRES1	4	0.934579	1	0.645161	5	0.857633
MTRF1	2	0.46729	3	1.93548	5	0.857633
MTRF1L	5	1.16822	0	0	5	0.857633
MTSS2	4	0.934579	1	0.645161	5	0.857633
MTX1	5	1.16822	0	0	5	0.857633
MXI1	3	0.700935	2	1.29032	5	0.857633
MYADM	5	1.16822	0	0	5	0.857633
MYMK	5	1.16822	0	0	5	0.857633
NAA11	4	0.934579	1	0.645161	5	0.857633
NAA80	5	1.16822	0	0	5	0.857633
NACAD	4	0.934579	1	0.645161	5	0.857633
NAGA	4	0.934579	1	0.645161	5	0.857633
NANOG	4	0.934579	1	0.645161	5	0.857633
NAPB	5	1.16822	0	0	5	0.857633
NAPRT	5	1.16822	0	0	5	0.857633
NAT2	4	0.934579	1	0.645161	5	0.857633
NBL1	5	1.16822	0	0	5	0.857633
NBPF1	4	0.934579	1	0.645161	5	0.857633
NCF1	3	0.700935	2	1.29032	5	0.857633
NCLN	5	1.16822	0	0	5	0.857633
NDEL1	3	0.700935	2	1.29032	5	0.857633
NDFIP1	3	0.700935	2	1.29032	5	0.857633
NDUFAF1	5	1.16822	0	0	5	0.857633
NDUFB5	5	1.16822	0	0	5	0.857633
NDUFB9	4	0.934579	1	0.645161	5	0.857633
NECAP2	2	0.46729	3	1.93548	5	0.857633
NEK7	4	0.934579	1	0.645161	5	0.857633
NEU3	4	0.934579	1	0.645161	5	0.857633
NEURL1	4	0.934579	1	0.645161	5	0.857633
NEUROG3	5	1.16822	0	0	5	0.857633
NFATC2IP	4	0.934579	1	0.645161	5	0.857633
NFKBID	5	1.16822	0	0	5	0.857633
NHEJ1	3	0.700935	2	1.29032	5	0.857633
NHLH1	5	1.16822	0	0	5	0.857633
NIT2	3	0.700935	2	1.29032	5	0.857633
NKD2	5	1.16822	0	0	5	0.857633
NMNAT1	4	0.934579	1	0.645161	5	0.857633
NNMT	4	0.934579	1	0.645161	5	0.857633
NOB1	3	0.700935	2	1.29032	5	0.857633
NOL11	3	0.700935	2	1.29032	5	0.857633
NOL12	5	1.16822	0	0	5	0.857633
NOL7	5	1.16822	0	0	5	0.857633
NOTUM	5	1.16822	0	0	5	0.857633
NPIPB15	4	0.934579	1	0.645161	5	0.857633
NPM1	4	0.934579	1	0.645161	5	0.857633
NPPA	3	0.700935	2	1.29032	5	0.857633
NPPB	3	0.700935	2	1.29032	5	0.857633
NPTN	3	0.700935	2	1.29032	5	0.857633
NPTX1	3	0.700935	2	1.29032	5	0.857633
NPVF	5	1.16822	0	0	5	0.857633
NPY	4	0.934579	1	0.645161	5	0.857633
NPY1R	4	0.934579	1	0.645161	5	0.857633
NR1I2	5	1.16822	0	0	5	0.857633
NRSN2	5	1.16822	0	0	5	0.857633
NSG2	4	0.934579	1	0.645161	5	0.857633
NSMCE1	4	0.934579	1	0.645161	5	0.857633
NSUN4	4	0.934579	1	0.645161	5	0.857633
NSUN5	5	1.16822	0	0	5	0.857633
NTAQ1	5	1.16822	0	0	5	0.857633
NTHL1	5	1.16822	0	0	5	0.857633
NTN3	4	0.934579	1	0.645161	5	0.857633
NTN5	5	1.16822	0	0	5	0.857633
NTS	3	0.700935	2	1.29032	5	0.857633
NUDT11	4	0.934579	1	0.645161	5	0.857633
NUDT15	3	0.700935	2	1.29032	5	0.857633
NUDT17	3	0.700935	2	1.29032	5	0.857633
NUDT6	3	0.700935	2	1.29032	5	0.857633
NUDT9	4	0.934579	1	0.645161	5	0.857633
NUP50	5	1.16822	0	0	5	0.857633
NUP62	5	1.16822	0	0	5	0.857633
NXPE1	4	0.934579	1	0.645161	5	0.857633
OAS1	3	0.700935	2	1.29032	5	0.857633
OAT	3	0.700935	2	1.29032	5	0.857633
ODAPH	4	0.934579	1	0.645161	5	0.857633
ODC1	3	0.700935	2	1.29032	5	0.857633
OGG1	5	1.16822	0	0	5	0.857633
OGN	2	0.46729	3	1.93548	5	0.857633
OLFM2	3	0.700935	2	1.29032	5	0.857633
OLR1	3	0.700935	2	1.29032	5	0.857633
ONECUT3	5	1.16822	0	0	5	0.857633
OPTC	3	0.700935	2	1.29032	5	0.857633
OR10A7	4	0.934579	1	0.645161	5	0.857633
OR10G3	4	0.934579	1	0.645161	5	0.857633
OR10G8	3	0.700935	2	1.29032	5	0.857633
OR11A1	4	0.934579	1	0.645161	5	0.857633
OR13C2	2	0.46729	3	1.93548	5	0.857633
OR13G1	5	1.16822	0	0	5	0.857633
OR13H1	4	0.934579	1	0.645161	5	0.857633
OR1A1	4	0.934579	1	0.645161	5	0.857633
OR1D2	5	1.16822	0	0	5	0.857633
OR1J4	5	1.16822	0	0	5	0.857633
OR1K1	3	0.700935	2	1.29032	5	0.857633
OR1S1	3	0.700935	2	1.29032	5	0.857633
OR1S2	5	1.16822	0	0	5	0.857633
OR2AE1	2	0.46729	3	1.93548	5	0.857633
OR2C1	5	1.16822	0	0	5	0.857633
OR2D3	3	0.700935	2	1.29032	5	0.857633
OR2F2	5	1.16822	0	0	5	0.857633
OR2J2	2	0.46729	3	1.93548	5	0.857633
OR2T34	4	0.934579	1	0.645161	5	0.857633
OR3A3	5	1.16822	0	0	5	0.857633
OR4K14	4	0.934579	1	0.645161	5	0.857633
OR4N5	3	0.700935	2	1.29032	5	0.857633
OR4X2	4	0.934579	1	0.645161	5	0.857633
OR51A2	5	1.16822	0	0	5	0.857633
OR51B6	2	0.46729	3	1.93548	5	0.857633
OR52A1	3	0.700935	2	1.29032	5	0.857633
OR52B2	5	1.16822	0	0	5	0.857633
OR52E6	3	0.700935	2	1.29032	5	0.857633
OR52I1	3	0.700935	2	1.29032	5	0.857633
OR56B1	5	1.16822	0	0	5	0.857633
OR5AK2	4	0.934579	1	0.645161	5	0.857633
OR5B21	3	0.700935	2	1.29032	5	0.857633
OR5T1	3	0.700935	2	1.29032	5	0.857633
OR6A2	3	0.700935	2	1.29032	5	0.857633
OR6C1	4	0.934579	1	0.645161	5	0.857633
OR6C76	5	1.16822	0	0	5	0.857633
OR7A10	4	0.934579	1	0.645161	5	0.857633
OR7A17	4	0.934579	1	0.645161	5	0.857633
OR7C2	4	0.934579	1	0.645161	5	0.857633
OR8D1	3	0.700935	2	1.29032	5	0.857633
OR8G5	4	0.934579	1	0.645161	5	0.857633
OR8J3	3	0.700935	2	1.29032	5	0.857633
OR8S1	5	1.16822	0	0	5	0.857633
OSER1	3	0.700935	2	1.29032	5	0.857633
OSGEP	4	0.934579	1	0.645161	5	0.857633
OSTM1	5	1.16822	0	0	5	0.857633
OSTN	4	0.934579	1	0.645161	5	0.857633
OTOS	4	0.934579	1	0.645161	5	0.857633
OTUD3	3	0.700935	2	1.29032	5	0.857633
P2RY12	4	0.934579	1	0.645161	5	0.857633
P4HTM	3	0.700935	2	1.29032	5	0.857633
PABPC4L	5	1.16822	0	0	5	0.857633
PACRGL	4	0.934579	1	0.645161	5	0.857633
PAG1	2	0.46729	3	1.93548	5	0.857633
PAQR3	3	0.700935	2	1.29032	5	0.857633
PAQR4	5	1.16822	0	0	5	0.857633
PARD6B	3	0.700935	2	1.29032	5	0.857633
PARM1	4	0.934579	1	0.645161	5	0.857633
PATE1	4	0.934579	1	0.645161	5	0.857633
PBDC1	5	1.16822	0	0	5	0.857633
PCBP3	5	1.16822	0	0	5	0.857633
PCED1A	5	1.16822	0	0	5	0.857633
PCMT1	3	0.700935	2	1.29032	5	0.857633
PCMTD2	5	1.16822	0	0	5	0.857633
PCNA	3	0.700935	2	1.29032	5	0.857633
PDC	5	1.16822	0	0	5	0.857633
PDCD1	5	1.16822	0	0	5	0.857633
PDCD6	5	1.16822	0	0	5	0.857633
PDCL3	5	1.16822	0	0	5	0.857633
PDHX	5	1.16822	0	0	5	0.857633
PDK3	2	0.46729	3	1.93548	5	0.857633
PEBP4	5	1.16822	0	0	5	0.857633
PEDS1-UBE2V1	4	0.934579	1	0.645161	5	0.857633
PELO	4	0.934579	1	0.645161	5	0.857633
PENK	4	0.934579	1	0.645161	5	0.857633
PEX11G	5	1.16822	0	0	5	0.857633
PEX12	4	0.934579	1	0.645161	5	0.857633
PEX16	4	0.934579	1	0.645161	5	0.857633
PGAM1	4	0.934579	1	0.645161	5	0.857633
PGAM5	3	0.700935	2	1.29032	5	0.857633
PGGT1B	4	0.934579	1	0.645161	5	0.857633
PGLYRP1	5	1.16822	0	0	5	0.857633
PGLYRP3	5	1.16822	0	0	5	0.857633
PHETA1	5	1.16822	0	0	5	0.857633
PHETA2	5	1.16822	0	0	5	0.857633
PHF19	5	1.16822	0	0	5	0.857633
PHLDB3	5	1.16822	0	0	5	0.857633
PHOSPHO2	2	0.46729	3	1.93548	5	0.857633
PHYHD1	5	1.16822	0	0	5	0.857633
PI4K2A	5	1.16822	0	0	5	0.857633
PID1	5	1.16822	0	0	5	0.857633
PIGS	4	0.934579	1	0.645161	5	0.857633
PIGU	3	0.700935	2	1.29032	5	0.857633
PIGW	5	1.16822	0	0	5	0.857633
PIK3IP1	4	0.934579	1	0.645161	5	0.857633
PILRA	3	0.700935	2	1.29032	5	0.857633
PIM1	4	0.934579	1	0.645161	5	0.857633
PIP	3	0.700935	2	1.29032	5	0.857633
PIP5K1B	3	0.700935	2	1.29032	5	0.857633
PIP5KL1	5	1.16822	0	0	5	0.857633
PIR	4	0.934579	1	0.645161	5	0.857633
PITHD1	5	1.16822	0	0	5	0.857633
PITPNB	3	0.700935	2	1.29032	5	0.857633
PKIA	5	1.16822	0	0	5	0.857633
PKIB	5	1.16822	0	0	5	0.857633
PLAAT1	4	0.934579	1	0.645161	5	0.857633
PLAGL1	4	0.934579	1	0.645161	5	0.857633
PLAU	4	0.934579	1	0.645161	5	0.857633
PLAUR	3	0.700935	2	1.29032	5	0.857633
PLBD1	3	0.700935	2	1.29032	5	0.857633
PLEKHA8	4	0.934579	1	0.645161	5	0.857633
PLEKHF1	5	1.16822	0	0	5	0.857633
PLIN2	3	0.700935	2	1.29032	5	0.857633
PLIN5	5	1.16822	0	0	5	0.857633
PLPP7	3	0.700935	2	1.29032	5	0.857633
PLSCR2	4	0.934579	1	0.645161	5	0.857633
PMM1	3	0.700935	2	1.29032	5	0.857633
PMPCA	4	0.934579	1	0.645161	5	0.857633
PNKP	4	0.934579	1	0.645161	5	0.857633
PNLIPRP2	5	1.16822	0	0	5	0.857633
PNMA3	5	1.16822	0	0	5	0.857633
PNPLA2	5	1.16822	0	0	5	0.857633
PNRC1	5	1.16822	0	0	5	0.857633
POC1A	5	1.16822	0	0	5	0.857633
PODNL1	5	1.16822	0	0	5	0.857633
POFUT1	5	1.16822	0	0	5	0.857633
POLD2	5	1.16822	0	0	5	0.857633
POLR1F	2	0.46729	3	1.93548	5	0.857633
POLR2H	3	0.700935	2	1.29032	5	0.857633
POLR2J	5	1.16822	0	0	5	0.857633
POMK	5	1.16822	0	0	5	0.857633
POTEJ	3	0.700935	2	1.29032	5	0.857633
PPP1CC	4	0.934579	1	0.645161	5	0.857633
PPP1R14A	4	0.934579	1	0.645161	5	0.857633
PPP2CB	4	0.934579	1	0.645161	5	0.857633
PPP4R2	4	0.934579	1	0.645161	5	0.857633
PRAMEF15	3	0.700935	2	1.29032	5	0.857633
PRAMEF5	3	0.700935	2	1.29032	5	0.857633
PRC1	2	0.46729	3	1.93548	5	0.857633
PRG2	4	0.934579	1	0.645161	5	0.857633
PRM3	4	0.934579	1	0.645161	5	0.857633
PRMT5	5	1.16822	0	0	5	0.857633
PRPF19	5	1.16822	0	0	5	0.857633
PRRC1	4	0.934579	1	0.645161	5	0.857633
PRSS48	3	0.700935	2	1.29032	5	0.857633
PRSS58	3	0.700935	2	1.29032	5	0.857633
PRTN3	5	1.16822	0	0	5	0.857633
PSAT1	4	0.934579	1	0.645161	5	0.857633
PSG11	3	0.700935	2	1.29032	5	0.857633
PSG5	4	0.934579	1	0.645161	5	0.857633
PSKH1	5	1.16822	0	0	5	0.857633
PSMC2	4	0.934579	1	0.645161	5	0.857633
PSMD14	3	0.700935	2	1.29032	5	0.857633
PSMD3	4	0.934579	1	0.645161	5	0.857633
PTCD3	4	0.934579	1	0.645161	5	0.857633
PTGDR	4	0.934579	1	0.645161	5	0.857633
PTGDR2	5	1.16822	0	0	5	0.857633
PTGER4	5	1.16822	0	0	5	0.857633
PTGES3L-AARSD1	4	0.934579	1	0.645161	5	0.857633
PTGR1	3	0.700935	2	1.29032	5	0.857633
PTGR2	3	0.700935	2	1.29032	5	0.857633
PTPDC1	4	0.934579	1	0.645161	5	0.857633
PTPN18	4	0.934579	1	0.645161	5	0.857633
PTPN20	3	0.700935	2	1.29032	5	0.857633
PTPN7	4	0.934579	1	0.645161	5	0.857633
PXYLP1	3	0.700935	2	1.29032	5	0.857633
RAB11A	3	0.700935	2	1.29032	5	0.857633
RAB23	3	0.700935	2	1.29032	5	0.857633
RAB39A	2	0.46729	3	1.93548	5	0.857633
RAB3D	5	1.16822	0	0	5	0.857633
RAB41	2	0.46729	3	1.93548	5	0.857633
RAB4A	4	0.934579	1	0.645161	5	0.857633
RAB6A	4	0.934579	1	0.645161	5	0.857633
RABL2A	4	0.934579	1	0.645161	5	0.857633
RAC2	4	0.934579	1	0.645161	5	0.857633
RAD23B	4	0.934579	1	0.645161	5	0.857633
RAD51C	5	1.16822	0	0	5	0.857633
RALA	4	0.934579	1	0.645161	5	0.857633
RAP1GAP	3	0.700935	2	1.29032	5	0.857633
RAP2B	4	0.934579	1	0.645161	5	0.857633
RASGEF1C	3	0.700935	2	1.29032	5	0.857633
RASSF1	4	0.934579	1	0.645161	5	0.857633
RASSF10	4	0.934579	1	0.645161	5	0.857633
RASSF6	4	0.934579	1	0.645161	5	0.857633
RBFOX2	5	1.16822	0	0	5	0.857633
RBM11	3	0.700935	2	1.29032	5	0.857633
RBM38	4	0.934579	1	0.645161	5	0.857633
RBM44	4	0.934579	1	0.645161	5	0.857633
RBM7	3	0.700935	2	1.29032	5	0.857633
RBMX	4	0.934579	1	0.645161	5	0.857633
RDH5	5	1.16822	0	0	5	0.857633
RDH8	4	0.934579	1	0.645161	5	0.857633
REC114	3	0.700935	2	1.29032	5	0.857633
REEP3	3	0.700935	2	1.29032	5	0.857633
REEP4	4	0.934579	1	0.645161	5	0.857633
REG1B	4	0.934579	1	0.645161	5	0.857633
RFFL	3	0.700935	2	1.29032	5	0.857633
RFPL1	4	0.934579	1	0.645161	5	0.857633
RFWD3	4	0.934579	1	0.645161	5	0.857633
RGPD1	2	0.46729	3	1.93548	5	0.857633
RGPD3	3	0.700935	2	1.29032	5	0.857633
RGPD4	3	0.700935	2	1.29032	5	0.857633
RGS13	2	0.46729	3	1.93548	5	0.857633
RGS5	3	0.700935	2	1.29032	5	0.857633
RHBDD1	3	0.700935	2	1.29032	5	0.857633
RHBDD3	4	0.934579	1	0.645161	5	0.857633
RHBDL1	4	0.934579	1	0.645161	5	0.857633
RHOC	4	0.934579	1	0.645161	5	0.857633
RHOJ	2	0.46729	3	1.93548	5	0.857633
RIC8A	3	0.700935	2	1.29032	5	0.857633
RIPK2	4	0.934579	1	0.645161	5	0.857633
RITA1	2	0.46729	3	1.93548	5	0.857633
RMDN2	4	0.934579	1	0.645161	5	0.857633
RMND1	5	1.16822	0	0	5	0.857633
RMND5B	5	1.16822	0	0	5	0.857633
RNASE4	3	0.700935	2	1.29032	5	0.857633
RNASE9	4	0.934579	1	0.645161	5	0.857633
RNASEH2B	3	0.700935	2	1.29032	5	0.857633
RNF115	4	0.934579	1	0.645161	5	0.857633
RNF125	5	1.16822	0	0	5	0.857633
RNF138	4	0.934579	1	0.645161	5	0.857633
RNF14	4	0.934579	1	0.645161	5	0.857633
RNF146	4	0.934579	1	0.645161	5	0.857633
RNF175	4	0.934579	1	0.645161	5	0.857633
RNF2	3	0.700935	2	1.29032	5	0.857633
RNF208	5	1.16822	0	0	5	0.857633
RNF26	4	0.934579	1	0.645161	5	0.857633
RNFT1	5	1.16822	0	0	5	0.857633
RNH1	5	1.16822	0	0	5	0.857633
RPIA	5	1.16822	0	0	5	0.857633
RPL35	4	0.934579	1	0.645161	5	0.857633
RPL4	4	0.934579	1	0.645161	5	0.857633
RPL7	4	0.934579	1	0.645161	5	0.857633
RPRD1A	2	0.46729	3	1.93548	5	0.857633
RPRD1B	5	1.16822	0	0	5	0.857633
RPS2	3	0.700935	2	1.29032	5	0.857633
RRAS2	2	0.46729	3	1.93548	5	0.857633
RRM2	5	1.16822	0	0	5	0.857633
RRP15	5	1.16822	0	0	5	0.857633
RRP8	1	0.233645	4	2.58065	5	0.857633
RSC1A1	4	0.934579	1	0.645161	5	0.857633
RSPH3	5	1.16822	0	0	5	0.857633
RSPRY1	2	0.46729	3	1.93548	5	0.857633
RTL8B	4	0.934579	1	0.645161	5	0.857633
RTN2	3	0.700935	2	1.29032	5	0.857633
RUSF1	5	1.16822	0	0	5	0.857633
S100A7	4	0.934579	1	0.645161	5	0.857633
S100PBP	5	1.16822	0	0	5	0.857633
SAA2-SAA4	3	0.700935	2	1.29032	5	0.857633
SACM1L	3	0.700935	2	1.29032	5	0.857633
SAP30BP	4	0.934579	1	0.645161	5	0.857633
SARS1	4	0.934579	1	0.645161	5	0.857633
SAT1	4	0.934579	1	0.645161	5	0.857633
SBK2	4	0.934579	1	0.645161	5	0.857633
SCAMP1	5	1.16822	0	0	5	0.857633
SCARA3	5	1.16822	0	0	5	0.857633
SCARF1	5	1.16822	0	0	5	0.857633
SCGN	5	1.16822	0	0	5	0.857633
SCNN1D	4	0.934579	1	0.645161	5	0.857633
SCTR	4	0.934579	1	0.645161	5	0.857633
SDHB	4	0.934579	1	0.645161	5	0.857633
SDHD	4	0.934579	1	0.645161	5	0.857633
SDR39U1	5	1.16822	0	0	5	0.857633
SEC13	5	1.16822	0	0	5	0.857633
SEC22A	4	0.934579	1	0.645161	5	0.857633
SELENOI	3	0.700935	2	1.29032	5	0.857633
SELENOM	5	1.16822	0	0	5	0.857633
SENP2	4	0.934579	1	0.645161	5	0.857633
SENP3	5	1.16822	0	0	5	0.857633
SEPSECS	4	0.934579	1	0.645161	5	0.857633
SEPTIN5	5	1.16822	0	0	5	0.857633
SEPTIN7	4	0.934579	1	0.645161	5	0.857633
SERINC2	5	1.16822	0	0	5	0.857633
SERINC4	5	1.16822	0	0	5	0.857633
SERPINB4	4	0.934579	1	0.645161	5	0.857633
SERPINB6	3	0.700935	2	1.29032	5	0.857633
SERPINF1	4	0.934579	1	0.645161	5	0.857633
SERTAD2	4	0.934579	1	0.645161	5	0.857633
SESN1	5	1.16822	0	0	5	0.857633
SFRP5	4	0.934579	1	0.645161	5	0.857633
SFT2D1	4	0.934579	1	0.645161	5	0.857633
SFTPD	4	0.934579	1	0.645161	5	0.857633
SFXN3	2	0.46729	3	1.93548	5	0.857633
SGCA	5	1.16822	0	0	5	0.857633
SGK3	4	0.934579	1	0.645161	5	0.857633
SGPL1	4	0.934579	1	0.645161	5	0.857633
SGSH	3	0.700935	2	1.29032	5	0.857633
SGTA	4	0.934579	1	0.645161	5	0.857633
SH2B2	4	0.934579	1	0.645161	5	0.857633
SH2D5	5	1.16822	0	0	5	0.857633
SHB	5	1.16822	0	0	5	0.857633
SHD	4	0.934579	1	0.645161	5	0.857633
SIL1	4	0.934579	1	0.645161	5	0.857633
SINHCAF	4	0.934579	1	0.645161	5	0.857633
SIRPB2	4	0.934579	1	0.645161	5	0.857633
SLAMF7	5	1.16822	0	0	5	0.857633
SLAMF9	4	0.934579	1	0.645161	5	0.857633
SLC16A8	5	1.16822	0	0	5	0.857633
SLC22A12	4	0.934579	1	0.645161	5	0.857633
SLC22A25	3	0.700935	2	1.29032	5	0.857633
SLC22A5	5	1.16822	0	0	5	0.857633
SLC25A19	5	1.16822	0	0	5	0.857633
SLC25A41	4	0.934579	1	0.645161	5	0.857633
SLC25A5	5	1.16822	0	0	5	0.857633
SLC25A6	4	0.934579	1	0.645161	5	0.857633
SLC26A1	5	1.16822	0	0	5	0.857633
SLC27A4	5	1.16822	0	0	5	0.857633
SLC30A1	2	0.46729	3	1.93548	5	0.857633
SLC30A2	4	0.934579	1	0.645161	5	0.857633
SLC34A3	4	0.934579	1	0.645161	5	0.857633
SLC35D2	2	0.46729	3	1.93548	5	0.857633
SLC35D3	5	1.16822	0	0	5	0.857633
SLC35G1	4	0.934579	1	0.645161	5	0.857633
SLC36A2	4	0.934579	1	0.645161	5	0.857633
SLC39A8	5	1.16822	0	0	5	0.857633
SLC49A4	3	0.700935	2	1.29032	5	0.857633
SLC51A	3	0.700935	2	1.29032	5	0.857633
SLC9B2	5	1.16822	0	0	5	0.857633
SLFN14	3	0.700935	2	1.29032	5	0.857633
SMAP2	4	0.934579	1	0.645161	5	0.857633
SMPDL3B	5	1.16822	0	0	5	0.857633
SMR3A	4	0.934579	1	0.645161	5	0.857633
SMU1	5	1.16822	0	0	5	0.857633
SMURF2	3	0.700935	2	1.29032	5	0.857633
SMYD2	5	1.16822	0	0	5	0.857633
SNAPC2	3	0.700935	2	1.29032	5	0.857633
SNX7	2	0.46729	3	1.93548	5	0.857633
SOCS3	5	1.16822	0	0	5	0.857633
SOX3	5	1.16822	0	0	5	0.857633
SPACA3	4	0.934579	1	0.645161	5	0.857633
SPACA5B	4	0.934579	1	0.645161	5	0.857633
SPACA9	4	0.934579	1	0.645161	5	0.857633
SPAG11A	5	1.16822	0	0	5	0.857633
SPAG4	4	0.934579	1	0.645161	5	0.857633
SPAG8	5	1.16822	0	0	5	0.857633
SPATA6	3	0.700935	2	1.29032	5	0.857633
SPATS1	5	1.16822	0	0	5	0.857633
SPDEF	5	1.16822	0	0	5	0.857633
SPDYA	4	0.934579	1	0.645161	5	0.857633
SPESP1	5	1.16822	0	0	5	0.857633
SPINDOC	5	1.16822	0	0	5	0.857633
SPO11	3	0.700935	2	1.29032	5	0.857633
SPOP	4	0.934579	1	0.645161	5	0.857633
SPP1	4	0.934579	1	0.645161	5	0.857633
SPPL2A	5	1.16822	0	0	5	0.857633
SPR	4	0.934579	1	0.645161	5	0.857633
SPRY4	5	1.16822	0	0	5	0.857633
SRF	5	1.16822	0	0	5	0.857633
SRP54	3	0.700935	2	1.29032	5	0.857633
SRSF1	5	1.16822	0	0	5	0.857633
SSMEM1	4	0.934579	1	0.645161	5	0.857633
SSR1	5	1.16822	0	0	5	0.857633
SSU72P8	3	0.700935	2	1.29032	5	0.857633
ST6GALNAC6	5	1.16822	0	0	5	0.857633
STARD3	5	1.16822	0	0	5	0.857633
STC1	4	0.934579	1	0.645161	5	0.857633
STEAP3	5	1.16822	0	0	5	0.857633
STK16	4	0.934579	1	0.645161	5	0.857633
STK35	5	1.16822	0	0	5	0.857633
STMN4	5	1.16822	0	0	5	0.857633
STOM	3	0.700935	2	1.29032	5	0.857633
STOML1	5	1.16822	0	0	5	0.857633
STOML3	2	0.46729	3	1.93548	5	0.857633
STRADB	2	0.46729	3	1.93548	5	0.857633
STX12	5	1.16822	0	0	5	0.857633
SULT1C2	4	0.934579	1	0.645161	5	0.857633
SULT4A1	5	1.16822	0	0	5	0.857633
SUMF1	5	1.16822	0	0	5	0.857633
SURF4	5	1.16822	0	0	5	0.857633
SVOP	5	1.16822	0	0	5	0.857633
SYCE2	5	1.16822	0	0	5	0.857633
SYF2	5	1.16822	0	0	5	0.857633
SYT11	4	0.934579	1	0.645161	5	0.857633
TAF13	4	0.934579	1	0.645161	5	0.857633
TAF1B	5	1.16822	0	0	5	0.857633
TAF7	3	0.700935	2	1.29032	5	0.857633
TAF8	4	0.934579	1	0.645161	5	0.857633
TAF9B	3	0.700935	2	1.29032	5	0.857633
TAGLN	3	0.700935	2	1.29032	5	0.857633
TAS2R16	3	0.700935	2	1.29032	5	0.857633
TAS2R4	4	0.934579	1	0.645161	5	0.857633
TBCA	4	0.934579	1	0.645161	5	0.857633
TBL3	5	1.16822	0	0	5	0.857633
TBX21	3	0.700935	2	1.29032	5	0.857633
TCP11L2	3	0.700935	2	1.29032	5	0.857633
TCTEX1D1	4	0.934579	1	0.645161	5	0.857633
TDP2	3	0.700935	2	1.29032	5	0.857633
TEAD3	5	1.16822	0	0	5	0.857633
TECTB	3	0.700935	2	1.29032	5	0.857633
TEF	5	1.16822	0	0	5	0.857633
TERF2IP	3	0.700935	2	1.29032	5	0.857633
TES	5	1.16822	0	0	5	0.857633
TEX37	4	0.934579	1	0.645161	5	0.857633
TEX45	5	1.16822	0	0	5	0.857633
TEX55	3	0.700935	2	1.29032	5	0.857633
TFB2M	5	1.16822	0	0	5	0.857633
TFDP2	5	1.16822	0	0	5	0.857633
TFEB	4	0.934579	1	0.645161	5	0.857633
TGDS	1	0.233645	4	2.58065	5	0.857633
TGFBI	5	1.16822	0	0	5	0.857633
THAP2	4	0.934579	1	0.645161	5	0.857633
THAP4	5	1.16822	0	0	5	0.857633
THOC3	4	0.934579	1	0.645161	5	0.857633
THRA	4	0.934579	1	0.645161	5	0.857633
THUMPD1	3	0.700935	2	1.29032	5	0.857633
THUMPD3	3	0.700935	2	1.29032	5	0.857633
TIA1	4	0.934579	1	0.645161	5	0.857633
TIGD5	4	0.934579	1	0.645161	5	0.857633
TIMP4	5	1.16822	0	0	5	0.857633
TINF2	5	1.16822	0	0	5	0.857633
TJAP1	3	0.700935	2	1.29032	5	0.857633
TKT	5	1.16822	0	0	5	0.857633
TLX3	5	1.16822	0	0	5	0.857633
TM2D2	5	1.16822	0	0	5	0.857633
TM4SF5	4	0.934579	1	0.645161	5	0.857633
TM6SF1	4	0.934579	1	0.645161	5	0.857633
TM6SF2	5	1.16822	0	0	5	0.857633
TMBIM1	5	1.16822	0	0	5	0.857633
TMCO1	3	0.700935	2	1.29032	5	0.857633
TMED10	3	0.700935	2	1.29032	5	0.857633
TMEM106B	3	0.700935	2	1.29032	5	0.857633
TMEM120A	5	1.16822	0	0	5	0.857633
TMEM121	5	1.16822	0	0	5	0.857633
TMEM150C	4	0.934579	1	0.645161	5	0.857633
TMEM151A	3	0.700935	2	1.29032	5	0.857633
TMEM154	2	0.46729	3	1.93548	5	0.857633
TMEM161A	5	1.16822	0	0	5	0.857633
TMEM165	4	0.934579	1	0.645161	5	0.857633
TMEM169	4	0.934579	1	0.645161	5	0.857633
TMEM176B	4	0.934579	1	0.645161	5	0.857633
TMEM177	2	0.46729	3	1.93548	5	0.857633
TMEM19	4	0.934579	1	0.645161	5	0.857633
TMEM215	5	1.16822	0	0	5	0.857633
TMEM252	4	0.934579	1	0.645161	5	0.857633
TMEM255B	3	0.700935	2	1.29032	5	0.857633
TMEM266	4	0.934579	1	0.645161	5	0.857633
TMEM38B	4	0.934579	1	0.645161	5	0.857633
TMEM47	4	0.934579	1	0.645161	5	0.857633
TMEM92	5	1.16822	0	0	5	0.857633
TNFSF9	4	0.934579	1	0.645161	5	0.857633
TNIP2	3	0.700935	2	1.29032	5	0.857633
TNNI1	5	1.16822	0	0	5	0.857633
TNNI3	4	0.934579	1	0.645161	5	0.857633
TNNI3K	5	1.16822	0	0	5	0.857633
TOLLIP	5	1.16822	0	0	5	0.857633
TOM1L1	5	1.16822	0	0	5	0.857633
TOMM34	4	0.934579	1	0.645161	5	0.857633
TOPAZ1	3	0.700935	2	1.29032	5	0.857633
TOR1B	5	1.16822	0	0	5	0.857633
TOR3A	3	0.700935	2	1.29032	5	0.857633
TP53I11	5	1.16822	0	0	5	0.857633
TP53I3	3	0.700935	2	1.29032	5	0.857633
TPGS2	4	0.934579	1	0.645161	5	0.857633
TPM1	5	1.16822	0	0	5	0.857633
TRAPPC6A	4	0.934579	1	0.645161	5	0.857633
TREM1	4	0.934579	1	0.645161	5	0.857633
TREX2	4	0.934579	1	0.645161	5	0.857633
TRIB3	3	0.700935	2	1.29032	5	0.857633
TRIM21	3	0.700935	2	1.29032	5	0.857633
TRIM28	3	0.700935	2	1.29032	5	0.857633
TRIM38	3	0.700935	2	1.29032	5	0.857633
TRIM44	3	0.700935	2	1.29032	5	0.857633
TRIM47	5	1.16822	0	0	5	0.857633
TRIM59	2	0.46729	3	1.93548	5	0.857633
TRIM66	4	0.934579	1	0.645161	5	0.857633
TRIM7	4	0.934579	1	0.645161	5	0.857633
TRIM77	3	0.700935	2	1.29032	5	0.857633
TRIP10	4	0.934579	1	0.645161	5	0.857633
TRIP13	5	1.16822	0	0	5	0.857633
TRMT11	3	0.700935	2	1.29032	5	0.857633
TRNAU1AP	2	0.46729	3	1.93548	5	0.857633
TSC22D4	4	0.934579	1	0.645161	5	0.857633
TSGA13	4	0.934579	1	0.645161	5	0.857633
TSLP	5	1.16822	0	0	5	0.857633
TSPAN11	4	0.934579	1	0.645161	5	0.857633
TSPAN14	5	1.16822	0	0	5	0.857633
TSPAN17	5	1.16822	0	0	5	0.857633
TSPAN8	4	0.934579	1	0.645161	5	0.857633
TSSK3	3	0.700935	2	1.29032	5	0.857633
TSSK6	4	0.934579	1	0.645161	5	0.857633
TTC25	4	0.934579	1	0.645161	5	0.857633
TTI2	4	0.934579	1	0.645161	5	0.857633
TTLL10	5	1.16822	0	0	5	0.857633
TTLL11	4	0.934579	1	0.645161	5	0.857633
TUBB1	3	0.700935	2	1.29032	5	0.857633
TUBB4B	4	0.934579	1	0.645161	5	0.857633
TUBD1	2	0.46729	3	1.93548	5	0.857633
TWSG1	3	0.700935	2	1.29032	5	0.857633
U2AF1L4	4	0.934579	1	0.645161	5	0.857633
UBAC2	4	0.934579	1	0.645161	5	0.857633
UBB	3	0.700935	2	1.29032	5	0.857633
UBD	4	0.934579	1	0.645161	5	0.857633
UBE2J2	4	0.934579	1	0.645161	5	0.857633
UBE2L3	5	1.16822	0	0	5	0.857633
UBXN2B	3	0.700935	2	1.29032	5	0.857633
UBXN8	5	1.16822	0	0	5	0.857633
UCKL1	4	0.934579	1	0.645161	5	0.857633
UFSP1	5	1.16822	0	0	5	0.857633
UGCG	5	1.16822	0	0	5	0.857633
UGT1A1	4	0.934579	1	0.645161	5	0.857633
UGT1A3	5	1.16822	0	0	5	0.857633
UHMK1	3	0.700935	2	1.29032	5	0.857633
UIMC1	3	0.700935	2	1.29032	5	0.857633
UNG	5	1.16822	0	0	5	0.857633
UQCRC2	4	0.934579	1	0.645161	5	0.857633
UQCRFS1	4	0.934579	1	0.645161	5	0.857633
USB1	4	0.934579	1	0.645161	5	0.857633
USP18	3	0.700935	2	1.29032	5	0.857633
USP22	5	1.16822	0	0	5	0.857633
USP39	4	0.934579	1	0.645161	5	0.857633
USP50	4	0.934579	1	0.645161	5	0.857633
UTP11	4	0.934579	1	0.645161	5	0.857633
UTP18	5	1.16822	0	0	5	0.857633
UTP23	4	0.934579	1	0.645161	5	0.857633
UTS2R	5	1.16822	0	0	5	0.857633
VAX1	4	0.934579	1	0.645161	5	0.857633
VBP1	3	0.700935	2	1.29032	5	0.857633
VDAC2	5	1.16822	0	0	5	0.857633
VEZF1	5	1.16822	0	0	5	0.857633
VMO1	5	1.16822	0	0	5	0.857633
VNN2	4	0.934579	1	0.645161	5	0.857633
VPREB1	4	0.934579	1	0.645161	5	0.857633
VPS28	5	1.16822	0	0	5	0.857633
VPS35	4	0.934579	1	0.645161	5	0.857633
VPS4B	4	0.934579	1	0.645161	5	0.857633
VSIG4	4	0.934579	1	0.645161	5	0.857633
VSIG8	5	1.16822	0	0	5	0.857633
VSTM2L	5	1.16822	0	0	5	0.857633
VTI1A	5	1.16822	0	0	5	0.857633
WBP11	4	0.934579	1	0.645161	5	0.857633
WDR27	5	1.16822	0	0	5	0.857633
WDR43	4	0.934579	1	0.645161	5	0.857633
WDR48	5	1.16822	0	0	5	0.857633
WDR61	5	1.16822	0	0	5	0.857633
WDR74	4	0.934579	1	0.645161	5	0.857633
WDR76	3	0.700935	2	1.29032	5	0.857633
WEE1	4	0.934579	1	0.645161	5	0.857633
WNT10A	5	1.16822	0	0	5	0.857633
WTIP	3	0.700935	2	1.29032	5	0.857633
WWTR1	3	0.700935	2	1.29032	5	0.857633
XG	4	0.934579	1	0.645161	5	0.857633
YTHDF1	4	0.934579	1	0.645161	5	0.857633
YY2	5	1.16822	0	0	5	0.857633
ZBED6CL	3	0.700935	2	1.29032	5	0.857633
ZBTB10	5	1.16822	0	0	5	0.857633
ZBTB2	5	1.16822	0	0	5	0.857633
ZBTB25	5	1.16822	0	0	5	0.857633
ZBTB8A	3	0.700935	2	1.29032	5	0.857633
ZC3H10	5	1.16822	0	0	5	0.857633
ZC3H12D	2	0.46729	3	1.93548	5	0.857633
ZCCHC13	5	1.16822	0	0	5	0.857633
ZDHHC13	3	0.700935	2	1.29032	5	0.857633
ZFP69B	4	0.934579	1	0.645161	5	0.857633
ZFP91	4	0.934579	1	0.645161	5	0.857633
ZFPL1	2	0.46729	3	1.93548	5	0.857633
ZFYVE19	5	1.16822	0	0	5	0.857633
ZNF114	4	0.934579	1	0.645161	5	0.857633
ZNF143	3	0.700935	2	1.29032	5	0.857633
ZNF195	4	0.934579	1	0.645161	5	0.857633
ZNF202	4	0.934579	1	0.645161	5	0.857633
ZNF225	4	0.934579	1	0.645161	5	0.857633
ZNF239	3	0.700935	2	1.29032	5	0.857633
ZNF260	3	0.700935	2	1.29032	5	0.857633
ZNF268	5	1.16822	0	0	5	0.857633
ZNF274	5	1.16822	0	0	5	0.857633
ZNF280D	3	0.700935	2	1.29032	5	0.857633
ZNF32	5	1.16822	0	0	5	0.857633
ZNF397	3	0.700935	2	1.29032	5	0.857633
ZNF410	5	1.16822	0	0	5	0.857633
ZNF468	3	0.700935	2	1.29032	5	0.857633
ZNF474	3	0.700935	2	1.29032	5	0.857633
ZNF501	4	0.934579	1	0.645161	5	0.857633
ZNF552	4	0.934579	1	0.645161	5	0.857633
ZNF684	2	0.46729	3	1.93548	5	0.857633
ZNF697	5	1.16822	0	0	5	0.857633
ZNF707	5	1.16822	0	0	5	0.857633
ZNF732	3	0.700935	2	1.29032	5	0.857633
ZNF75A	5	1.16822	0	0	5	0.857633
ZNF76	4	0.934579	1	0.645161	5	0.857633
ZNF799	3	0.700935	2	1.29032	5	0.857633
ZNF816-ZNF321P	2	0.46729	3	1.93548	5	0.857633
ZNF830	3	0.700935	2	1.29032	5	0.857633
ZPBP2	5	1.16822	0	0	5	0.857633
ZPLD1	4	0.934579	1	0.645161	5	0.857633
ZPR1	3	0.700935	2	1.29032	5	0.857633
ZSCAN10	3	0.700935	2	1.29032	5	0.857633
ZSCAN16	3	0.700935	2	1.29032	5	0.857633
ZSCAN9	4	0.934579	1	0.645161	5	0.857633
ZSWIM1	5	1.16822	0	0	5	0.857633
ZYG11A	3	0.700935	2	1.29032	5	0.857633
AAR2	4	0.934579	0	0	4	0.686106
AARD	3	0.700935	1	0.645161	4	0.686106
ABHD10	3	0.700935	1	0.645161	4	0.686106
ABHD17C	3	0.700935	1	0.645161	4	0.686106
ABHD3	2	0.46729	2	1.29032	4	0.686106
ABHD4	4	0.934579	0	0	4	0.686106
ABHD8	4	0.934579	0	0	4	0.686106
AC018630.4	4	0.934579	0	0	4	0.686106
AC023055.1	3	0.700935	1	0.645161	4	0.686106
AC139530.2	4	0.934579	0	0	4	0.686106
AC231657.3	4	0.934579	0	0	4	0.686106
ACBD4	3	0.700935	1	0.645161	4	0.686106
ACOT9	3	0.700935	1	0.645161	4	0.686106
ACSF2	3	0.700935	1	0.645161	4	0.686106
ACTC1	4	0.934579	0	0	4	0.686106
ADAM20	2	0.46729	2	1.29032	4	0.686106
ADM2	4	0.934579	0	0	4	0.686106
ADORA3	4	0.934579	0	0	4	0.686106
ADPRH	3	0.700935	1	0.645161	4	0.686106
ADPRM	3	0.700935	1	0.645161	4	0.686106
ADPRS	3	0.700935	1	0.645161	4	0.686106
ADRA2A	4	0.934579	0	0	4	0.686106
ADRA2C	3	0.700935	1	0.645161	4	0.686106
ADRM1	3	0.700935	1	0.645161	4	0.686106
AIRE	4	0.934579	0	0	4	0.686106
AJUBA	4	0.934579	0	0	4	0.686106
AK8	2	0.46729	2	1.29032	4	0.686106
AKAP1	3	0.700935	1	0.645161	4	0.686106
AKR1C3	3	0.700935	1	0.645161	4	0.686106
AL031777.2	4	0.934579	0	0	4	0.686106
ALDOC	3	0.700935	1	0.645161	4	0.686106
ALG12	3	0.700935	1	0.645161	4	0.686106
ALG2	4	0.934579	0	0	4	0.686106
ALKBH6	3	0.700935	1	0.645161	4	0.686106
ALKBH8	3	0.700935	1	0.645161	4	0.686106
ALX1	1	0.233645	3	1.93548	4	0.686106
AMDHD2	3	0.700935	1	0.645161	4	0.686106
AMH	4	0.934579	0	0	4	0.686106
AMOTL2	3	0.700935	1	0.645161	4	0.686106
AMY1C	4	0.934579	0	0	4	0.686106
ANKH	4	0.934579	0	0	4	0.686106
ANKRA2	3	0.700935	1	0.645161	4	0.686106
ANKRD16	3	0.700935	1	0.645161	4	0.686106
ANKRD18B	2	0.46729	2	1.29032	4	0.686106
ANKRD2	4	0.934579	0	0	4	0.686106
ANKRD20A4P	3	0.700935	1	0.645161	4	0.686106
ANKRD30B	3	0.700935	1	0.645161	4	0.686106
ANKRD42	2	0.46729	2	1.29032	4	0.686106
ANKRD7	3	0.700935	1	0.645161	4	0.686106
ANP32B	3	0.700935	1	0.645161	4	0.686106
AP1S2	2	0.46729	2	1.29032	4	0.686106
AP1S3	4	0.934579	0	0	4	0.686106
AP3M1	4	0.934579	0	0	4	0.686106
AP5S1	4	0.934579	0	0	4	0.686106
APCS	4	0.934579	0	0	4	0.686106
APOBEC3D	3	0.700935	1	0.645161	4	0.686106
APOBEC3F	3	0.700935	1	0.645161	4	0.686106
APOE	4	0.934579	0	0	4	0.686106
APOL1	2	0.46729	2	1.29032	4	0.686106
APOL2	3	0.700935	1	0.645161	4	0.686106
APOL4	3	0.700935	1	0.645161	4	0.686106
AQP1	4	0.934579	0	0	4	0.686106
AQP3	3	0.700935	1	0.645161	4	0.686106
ARHGAP42	3	0.700935	1	0.645161	4	0.686106
ARHGEF16	4	0.934579	0	0	4	0.686106
ARHGEF39	4	0.934579	0	0	4	0.686106
ARL10	4	0.934579	0	0	4	0.686106
ARL14	4	0.934579	0	0	4	0.686106
ARMC1	3	0.700935	1	0.645161	4	0.686106
ARPC2	3	0.700935	1	0.645161	4	0.686106
ARSH	4	0.934579	0	0	4	0.686106
ASAH2B	4	0.934579	0	0	4	0.686106
ASB1	2	0.46729	2	1.29032	4	0.686106
ASB8	4	0.934579	0	0	4	0.686106
ASCC1	3	0.700935	1	0.645161	4	0.686106
ASNS	2	0.46729	2	1.29032	4	0.686106
ATG14	4	0.934579	0	0	4	0.686106
ATG16L2	3	0.700935	1	0.645161	4	0.686106
ATG3	3	0.700935	1	0.645161	4	0.686106
ATL3	3	0.700935	1	0.645161	4	0.686106
ATP1B1	4	0.934579	0	0	4	0.686106
ATP4B	4	0.934579	0	0	4	0.686106
ATP6V0B	3	0.700935	1	0.645161	4	0.686106
ATP6V1G1	3	0.700935	1	0.645161	4	0.686106
ATP6V1G3	2	0.46729	2	1.29032	4	0.686106
AUH	4	0.934579	0	0	4	0.686106
AZIN2	4	0.934579	0	0	4	0.686106
B3GNT5	4	0.934579	0	0	4	0.686106
B3GNT8	4	0.934579	0	0	4	0.686106
B9D2	4	0.934579	0	0	4	0.686106
BAALC	2	0.46729	2	1.29032	4	0.686106
BAG2	4	0.934579	0	0	4	0.686106
BAK1	4	0.934579	0	0	4	0.686106
BBS5	3	0.700935	1	0.645161	4	0.686106
BCAT2	3	0.700935	1	0.645161	4	0.686106
BCCIP	4	0.934579	0	0	4	0.686106
BCL7C	4	0.934579	0	0	4	0.686106
BCS1L	4	0.934579	0	0	4	0.686106
BEX3	2	0.46729	2	1.29032	4	0.686106
BHLHE40	4	0.934579	0	0	4	0.686106
BLID	3	0.700935	1	0.645161	4	0.686106
BMI1	3	0.700935	1	0.645161	4	0.686106
BMP6	4	0.934579	0	0	4	0.686106
BNIP2	4	0.934579	0	0	4	0.686106
BNIP3L	3	0.700935	1	0.645161	4	0.686106
BOD1	4	0.934579	0	0	4	0.686106
BORCS7	3	0.700935	1	0.645161	4	0.686106
BPIFA2	2	0.46729	2	1.29032	4	0.686106
BSDC1	4	0.934579	0	0	4	0.686106
BST1	4	0.934579	0	0	4	0.686106
BTD	4	0.934579	0	0	4	0.686106
BTNL2	2	0.46729	2	1.29032	4	0.686106
BUB3	4	0.934579	0	0	4	0.686106
BYSL	2	0.46729	2	1.29032	4	0.686106
C10orf67	3	0.700935	1	0.645161	4	0.686106
C11orf24	4	0.934579	0	0	4	0.686106
C11orf68	4	0.934579	0	0	4	0.686106
C12orf43	2	0.46729	2	1.29032	4	0.686106
C12orf54	3	0.700935	1	0.645161	4	0.686106
C17orf58	4	0.934579	0	0	4	0.686106
C19orf47	4	0.934579	0	0	4	0.686106
C1QC	4	0.934579	0	0	4	0.686106
C1orf115	4	0.934579	0	0	4	0.686106
C1orf131	3	0.700935	1	0.645161	4	0.686106
C1orf194	3	0.700935	1	0.645161	4	0.686106
C1orf226	2	0.46729	2	1.29032	4	0.686106
C1orf52	3	0.700935	1	0.645161	4	0.686106
C22orf31	2	0.46729	2	1.29032	4	0.686106
C2orf66	4	0.934579	0	0	4	0.686106
C2orf69	3	0.700935	1	0.645161	4	0.686106
C2orf88	3	0.700935	1	0.645161	4	0.686106
C5orf15	3	0.700935	1	0.645161	4	0.686106
C5orf38	2	0.46729	2	1.29032	4	0.686106
C7orf26	4	0.934579	0	0	4	0.686106
C7orf61	3	0.700935	1	0.645161	4	0.686106
C8orf58	3	0.700935	1	0.645161	4	0.686106
CA4	4	0.934579	0	0	4	0.686106
CA5A	2	0.46729	2	1.29032	4	0.686106
CAAP1	3	0.700935	1	0.645161	4	0.686106
CABLES2	3	0.700935	1	0.645161	4	0.686106
CABP7	4	0.934579	0	0	4	0.686106
CACYBP	3	0.700935	1	0.645161	4	0.686106
CALML3	3	0.700935	1	0.645161	4	0.686106
CALML4	3	0.700935	1	0.645161	4	0.686106
CAMKMT	4	0.934579	0	0	4	0.686106
CANX	4	0.934579	0	0	4	0.686106
CAP1	3	0.700935	1	0.645161	4	0.686106
CAPG	4	0.934579	0	0	4	0.686106
CAPN13	3	0.700935	1	0.645161	4	0.686106
CASC3	2	0.46729	2	1.29032	4	0.686106
CATSPERG	3	0.700935	1	0.645161	4	0.686106
CAV2	4	0.934579	0	0	4	0.686106
CBR4	2	0.46729	2	1.29032	4	0.686106
CBWD2	3	0.700935	1	0.645161	4	0.686106
CCDC122	3	0.700935	1	0.645161	4	0.686106
CCDC134	3	0.700935	1	0.645161	4	0.686106
CCDC142	4	0.934579	0	0	4	0.686106
CCDC149	3	0.700935	1	0.645161	4	0.686106
CCDC184	3	0.700935	1	0.645161	4	0.686106
CCDC69	3	0.700935	1	0.645161	4	0.686106
CCDC70	1	0.233645	3	1.93548	4	0.686106
CCDC86	1	0.233645	3	1.93548	4	0.686106
CCHCR1	2	0.46729	2	1.29032	4	0.686106
CCNB2	4	0.934579	0	0	4	0.686106
CCNC	3	0.700935	1	0.645161	4	0.686106
CCNI	1	0.233645	3	1.93548	4	0.686106
CCNYL1	4	0.934579	0	0	4	0.686106
CCR8	4	0.934579	0	0	4	0.686106
CCSAP	4	0.934579	0	0	4	0.686106
CD160	3	0.700935	1	0.645161	4	0.686106
CD1C	3	0.700935	1	0.645161	4	0.686106
CD209	3	0.700935	1	0.645161	4	0.686106
CD226	3	0.700935	1	0.645161	4	0.686106
CD247	3	0.700935	1	0.645161	4	0.686106
CD27	4	0.934579	0	0	4	0.686106
CD300A	3	0.700935	1	0.645161	4	0.686106
CD300E	2	0.46729	2	1.29032	4	0.686106
CD320	4	0.934579	0	0	4	0.686106
CD55	4	0.934579	0	0	4	0.686106
CD7	4	0.934579	0	0	4	0.686106
CD79A	4	0.934579	0	0	4	0.686106
CD79B	4	0.934579	0	0	4	0.686106
CD86	3	0.700935	1	0.645161	4	0.686106
CD8B	4	0.934579	0	0	4	0.686106
CD9	4	0.934579	0	0	4	0.686106
CDC37L1	3	0.700935	1	0.645161	4	0.686106
CDC42	2	0.46729	2	1.29032	4	0.686106
CDCA3	2	0.46729	2	1.29032	4	0.686106
CDCA7	3	0.700935	1	0.645161	4	0.686106
CDCA8	4	0.934579	0	0	4	0.686106
CDHR4	3	0.700935	1	0.645161	4	0.686106
CDK10	3	0.700935	1	0.645161	4	0.686106
CDKN1A	3	0.700935	1	0.645161	4	0.686106
CDS1	2	0.46729	2	1.29032	4	0.686106
CDSN	2	0.46729	2	1.29032	4	0.686106
CEACAM19	4	0.934579	0	0	4	0.686106
CEACAM7	3	0.700935	1	0.645161	4	0.686106
CEACAM8	3	0.700935	1	0.645161	4	0.686106
CELA2A	3	0.700935	1	0.645161	4	0.686106
CELA2B	4	0.934579	0	0	4	0.686106
CELA3B	4	0.934579	0	0	4	0.686106
CELF6	4	0.934579	0	0	4	0.686106
CENPH	3	0.700935	1	0.645161	4	0.686106
CENPL	2	0.46729	2	1.29032	4	0.686106
CENPV	4	0.934579	0	0	4	0.686106
CEP295	2	0.46729	2	1.29032	4	0.686106
CEP76	2	0.46729	2	1.29032	4	0.686106
CERCAM	1	0.233645	3	1.93548	4	0.686106
CERS1	3	0.700935	1	0.645161	4	0.686106
CERS2	3	0.700935	1	0.645161	4	0.686106
CES2	4	0.934579	0	0	4	0.686106
CFAP126	3	0.700935	1	0.645161	4	0.686106
CFAP161	2	0.46729	2	1.29032	4	0.686106
CFAP20	4	0.934579	0	0	4	0.686106
CFAP92	4	0.934579	0	0	4	0.686106
CFHR1	3	0.700935	1	0.645161	4	0.686106
CFI	3	0.700935	1	0.645161	4	0.686106
CFL1	4	0.934579	0	0	4	0.686106
CFLAR	3	0.700935	1	0.645161	4	0.686106
CGGBP1	2	0.46729	2	1.29032	4	0.686106
CHIC2	4	0.934579	0	0	4	0.686106
CHKB	4	0.934579	0	0	4	0.686106
CHMP6	4	0.934579	0	0	4	0.686106
CHPT1	2	0.46729	2	1.29032	4	0.686106
CHRFAM7A	4	0.934579	0	0	4	0.686106
CHRNA10	3	0.700935	1	0.645161	4	0.686106
CHRNA9	3	0.700935	1	0.645161	4	0.686106
CIDEA	3	0.700935	1	0.645161	4	0.686106
CIDEC	4	0.934579	0	0	4	0.686106
CKB	3	0.700935	1	0.645161	4	0.686106
CKS1B	3	0.700935	1	0.645161	4	0.686106
CLDN25	1	0.233645	3	1.93548	4	0.686106
CLEC18C	4	0.934579	0	0	4	0.686106
CLEC1B	2	0.46729	2	1.29032	4	0.686106
CLEC4G	3	0.700935	1	0.645161	4	0.686106
CLEC9A	3	0.700935	1	0.645161	4	0.686106
CLECL1	4	0.934579	0	0	4	0.686106
CLIC2	2	0.46729	2	1.29032	4	0.686106
CLIC4	2	0.46729	2	1.29032	4	0.686106
CLN8	2	0.46729	2	1.29032	4	0.686106
CLPTM1L	4	0.934579	0	0	4	0.686106
CMA1	4	0.934579	0	0	4	0.686106
CMC1	4	0.934579	0	0	4	0.686106
CMPK1	3	0.700935	1	0.645161	4	0.686106
CMTM1	4	0.934579	0	0	4	0.686106
CMTM2	2	0.46729	2	1.29032	4	0.686106
CNPY2	2	0.46729	2	1.29032	4	0.686106
CNRIP1	4	0.934579	0	0	4	0.686106
COIL	2	0.46729	2	1.29032	4	0.686106
COL10A1	4	0.934579	0	0	4	0.686106
COLEC10	3	0.700935	1	0.645161	4	0.686106
COMMD10	3	0.700935	1	0.645161	4	0.686106
COMMD2	3	0.700935	1	0.645161	4	0.686106
COPE	4	0.934579	0	0	4	0.686106
COQ4	4	0.934579	0	0	4	0.686106
CORO2A	4	0.934579	0	0	4	0.686106
COTL1	4	0.934579	0	0	4	0.686106
COX11	3	0.700935	1	0.645161	4	0.686106
COX19	3	0.700935	1	0.645161	4	0.686106
COX4I2	1	0.233645	3	1.93548	4	0.686106
COX6A2	4	0.934579	0	0	4	0.686106
CPA4	3	0.700935	1	0.645161	4	0.686106
CPN2	4	0.934579	0	0	4	0.686106
CPNE1	4	0.934579	0	0	4	0.686106
CREB1	3	0.700935	1	0.645161	4	0.686106
CRHR1	3	0.700935	1	0.645161	4	0.686106
CRYGC	4	0.934579	0	0	4	0.686106
CSAG2	3	0.700935	1	0.645161	4	0.686106
CSN1S1	4	0.934579	0	0	4	0.686106
CSN3	4	0.934579	0	0	4	0.686106
CSRP1	3	0.700935	1	0.645161	4	0.686106
CST4	4	0.934579	0	0	4	0.686106
CST7	3	0.700935	1	0.645161	4	0.686106
CTAG2	3	0.700935	1	0.645161	4	0.686106
CTBP2	4	0.934579	0	0	4	0.686106
CTDSP1	4	0.934579	0	0	4	0.686106
CTDSP2	3	0.700935	1	0.645161	4	0.686106
CTH	3	0.700935	1	0.645161	4	0.686106
CTNS	3	0.700935	1	0.645161	4	0.686106
CTRC	3	0.700935	1	0.645161	4	0.686106
CTSE	3	0.700935	1	0.645161	4	0.686106
CTTN	3	0.700935	1	0.645161	4	0.686106
CTXN3	3	0.700935	1	0.645161	4	0.686106
CWC15	3	0.700935	1	0.645161	4	0.686106
CWC25	4	0.934579	0	0	4	0.686106
CXCL11	2	0.46729	2	1.29032	4	0.686106
CXCL8	2	0.46729	2	1.29032	4	0.686106
CXorf21	1	0.233645	3	1.93548	4	0.686106
CXorf65	4	0.934579	0	0	4	0.686106
CYB5D1	3	0.700935	1	0.645161	4	0.686106
CYP27A1	4	0.934579	0	0	4	0.686106
CYP2B6	3	0.700935	1	0.645161	4	0.686106
CYSLTR2	3	0.700935	1	0.645161	4	0.686106
CYTH2	4	0.934579	0	0	4	0.686106
DALRD3	4	0.934579	0	0	4	0.686106
DAOA	4	0.934579	0	0	4	0.686106
DARS1	1	0.233645	3	1.93548	4	0.686106
DBNL	4	0.934579	0	0	4	0.686106
DCHS2	3	0.700935	1	0.645161	4	0.686106
DCTN4	4	0.934579	0	0	4	0.686106
DDAH1	4	0.934579	0	0	4	0.686106
DDIT3	4	0.934579	0	0	4	0.686106
DDX39A	4	0.934579	0	0	4	0.686106
DEFB118	3	0.700935	1	0.645161	4	0.686106
DEFB126	2	0.46729	2	1.29032	4	0.686106
DEGS2	4	0.934579	0	0	4	0.686106
DENND10	2	0.46729	2	1.29032	4	0.686106
DENND6B	4	0.934579	0	0	4	0.686106
DENR	2	0.46729	2	1.29032	4	0.686106
DFFB	4	0.934579	0	0	4	0.686106
DGAT2	2	0.46729	2	1.29032	4	0.686106
DGAT2L6	3	0.700935	1	0.645161	4	0.686106
DHRS1	4	0.934579	0	0	4	0.686106
DHRS7	4	0.934579	0	0	4	0.686106
DHRSX	3	0.700935	1	0.645161	4	0.686106
DIO1	2	0.46729	2	1.29032	4	0.686106
DMC1	3	0.700935	1	0.645161	4	0.686106
DNAJB11	4	0.934579	0	0	4	0.686106
DNAJB4	4	0.934579	0	0	4	0.686106
DNAJB6	3	0.700935	1	0.645161	4	0.686106
DNAJC12	3	0.700935	1	0.645161	4	0.686106
DNAJC19	2	0.46729	2	1.29032	4	0.686106
DNAJC27	4	0.934579	0	0	4	0.686106
DNAL4	3	0.700935	1	0.645161	4	0.686106
DNASE2	4	0.934579	0	0	4	0.686106
DND1	2	0.46729	2	1.29032	4	0.686106
DNTTIP1	4	0.934579	0	0	4	0.686106
DOK2	4	0.934579	0	0	4	0.686106
DPEP1	3	0.700935	1	0.645161	4	0.686106
DPM1	3	0.700935	1	0.645161	4	0.686106
DPPA3	2	0.46729	2	1.29032	4	0.686106
DPPA5	3	0.700935	1	0.645161	4	0.686106
DPRX	3	0.700935	1	0.645161	4	0.686106
DPY30	4	0.934579	0	0	4	0.686106
DRG2	4	0.934579	0	0	4	0.686106
DRICH1	4	0.934579	0	0	4	0.686106
DTD1	2	0.46729	2	1.29032	4	0.686106
DTD2	3	0.700935	1	0.645161	4	0.686106
DTNBP1	4	0.934579	0	0	4	0.686106
DTX1	3	0.700935	1	0.645161	4	0.686106
DUSP15	3	0.700935	1	0.645161	4	0.686106
DUSP19	2	0.46729	2	1.29032	4	0.686106
DUSP2	3	0.700935	1	0.645161	4	0.686106
DYDC1	3	0.700935	1	0.645161	4	0.686106
DYNAP	4	0.934579	0	0	4	0.686106
E2F2	4	0.934579	0	0	4	0.686106
ECRG4	2	0.46729	2	1.29032	4	0.686106
EDN1	4	0.934579	0	0	4	0.686106
EED	4	0.934579	0	0	4	0.686106
EEF1AKMT1	3	0.700935	1	0.645161	4	0.686106
EEF1AKMT3	2	0.46729	2	1.29032	4	0.686106
EEF1B2	2	0.46729	2	1.29032	4	0.686106
EEF2KMT	4	0.934579	0	0	4	0.686106
EFNA5	2	0.46729	2	1.29032	4	0.686106
EFNB2	2	0.46729	2	1.29032	4	0.686106
EFS	3	0.700935	1	0.645161	4	0.686106
EGLN3	4	0.934579	0	0	4	0.686106
EIF2AK2	4	0.934579	0	0	4	0.686106
EIF2B4	4	0.934579	0	0	4	0.686106
EIF2S2	3	0.700935	1	0.645161	4	0.686106
EIF3I	4	0.934579	0	0	4	0.686106
EIF3M	4	0.934579	0	0	4	0.686106
EIF4EBP2	3	0.700935	1	0.645161	4	0.686106
EIF5A2	3	0.700935	1	0.645161	4	0.686106
EIPR1	2	0.46729	2	1.29032	4	0.686106
ELOVL5	4	0.934579	0	0	4	0.686106
EMC3	4	0.934579	0	0	4	0.686106
ENDOG	4	0.934579	0	0	4	0.686106
ENSA	3	0.700935	1	0.645161	4	0.686106
ERAL1	4	0.934579	0	0	4	0.686106
ERCC1	4	0.934579	0	0	4	0.686106
ERG28	4	0.934579	0	0	4	0.686106
ERI1	2	0.46729	2	1.29032	4	0.686106
ESAM	3	0.700935	1	0.645161	4	0.686106
ETFB	4	0.934579	0	0	4	0.686106
ETNK2	3	0.700935	1	0.645161	4	0.686106
EXD2	3	0.700935	1	0.645161	4	0.686106
EXOSC3	4	0.934579	0	0	4	0.686106
EXOSC4	3	0.700935	1	0.645161	4	0.686106
EXT2	3	0.700935	1	0.645161	4	0.686106
FAAP24	3	0.700935	1	0.645161	4	0.686106
FABP6	4	0.934579	0	0	4	0.686106
FAM110D	4	0.934579	0	0	4	0.686106
FAM124B	4	0.934579	0	0	4	0.686106
FAM163A	3	0.700935	1	0.645161	4	0.686106
FAM167B	4	0.934579	0	0	4	0.686106
FAM168A	3	0.700935	1	0.645161	4	0.686106
FAM178B	4	0.934579	0	0	4	0.686106
FAM205A	2	0.46729	2	1.29032	4	0.686106
FAM207A	3	0.700935	1	0.645161	4	0.686106
FAM209A	4	0.934579	0	0	4	0.686106
FAM210A	1	0.233645	3	1.93548	4	0.686106
FAM216B	3	0.700935	1	0.645161	4	0.686106
FAM219A	3	0.700935	1	0.645161	4	0.686106
FAM228A	3	0.700935	1	0.645161	4	0.686106
FAM71F1	4	0.934579	0	0	4	0.686106
FAM71F2	2	0.46729	2	1.29032	4	0.686106
FAM83F	4	0.934579	0	0	4	0.686106
FAM8A1	4	0.934579	0	0	4	0.686106
FANCF	3	0.700935	1	0.645161	4	0.686106
FAU	2	0.46729	2	1.29032	4	0.686106
FAXDC2	3	0.700935	1	0.645161	4	0.686106
FBXO16	2	0.46729	2	1.29032	4	0.686106
FBXO25	3	0.700935	1	0.645161	4	0.686106
FBXO27	4	0.934579	0	0	4	0.686106
FBXO44	4	0.934579	0	0	4	0.686106
FDFT1	2	0.46729	2	1.29032	4	0.686106
FDX2	2	0.46729	2	1.29032	4	0.686106
FGF1	4	0.934579	0	0	4	0.686106
FGF16	3	0.700935	1	0.645161	4	0.686106
FGF18	3	0.700935	1	0.645161	4	0.686106
FGF2	4	0.934579	0	0	4	0.686106
FGFBP1	4	0.934579	0	0	4	0.686106
FHIT	3	0.700935	1	0.645161	4	0.686106
FHL2	3	0.700935	1	0.645161	4	0.686106
FIBIN	4	0.934579	0	0	4	0.686106
FIBP	3	0.700935	1	0.645161	4	0.686106
FIGNL2	4	0.934579	0	0	4	0.686106
FKBP3	2	0.46729	2	1.29032	4	0.686106
FKRP	4	0.934579	0	0	4	0.686106
FLACC1	3	0.700935	1	0.645161	4	0.686106
FLOT2	4	0.934579	0	0	4	0.686106
FLVCR1	3	0.700935	1	0.645161	4	0.686106
FNDC11	4	0.934579	0	0	4	0.686106
FNDC7	2	0.46729	2	1.29032	4	0.686106
FOSL2	3	0.700935	1	0.645161	4	0.686106
FOXA1	3	0.700935	1	0.645161	4	0.686106
FOXD2	3	0.700935	1	0.645161	4	0.686106
FOXD4	4	0.934579	0	0	4	0.686106
FOXF1	3	0.700935	1	0.645161	4	0.686106
FPGS	4	0.934579	0	0	4	0.686106
FUNDC2	3	0.700935	1	0.645161	4	0.686106
FUS	3	0.700935	1	0.645161	4	0.686106
FUT10	2	0.46729	2	1.29032	4	0.686106
FUT6	3	0.700935	1	0.645161	4	0.686106
FYTTD1	3	0.700935	1	0.645161	4	0.686106
FZD5	4	0.934579	0	0	4	0.686106
G6PC	4	0.934579	0	0	4	0.686106
G6PC2	2	0.46729	2	1.29032	4	0.686106
GADD45GIP1	4	0.934579	0	0	4	0.686106
GAL3ST3	3	0.700935	1	0.645161	4	0.686106
GALE	3	0.700935	1	0.645161	4	0.686106
GALNT8	3	0.700935	1	0.645161	4	0.686106
GALR2	4	0.934579	0	0	4	0.686106
GAPDHS	3	0.700935	1	0.645161	4	0.686106
GARS1	4	0.934579	0	0	4	0.686106
GATA6	4	0.934579	0	0	4	0.686106
GBA	3	0.700935	1	0.645161	4	0.686106
GBX1	3	0.700935	1	0.645161	4	0.686106
GBX2	4	0.934579	0	0	4	0.686106
GCH1	3	0.700935	1	0.645161	4	0.686106
GCSAML	3	0.700935	1	0.645161	4	0.686106
GDA	4	0.934579	0	0	4	0.686106
GDF1	3	0.700935	1	0.645161	4	0.686106
GDF7	4	0.934579	0	0	4	0.686106
GDI1	3	0.700935	1	0.645161	4	0.686106
GDPD1	4	0.934579	0	0	4	0.686106
GDPGP1	4	0.934579	0	0	4	0.686106
GET4	3	0.700935	1	0.645161	4	0.686106
GFRA4	4	0.934579	0	0	4	0.686106
GGH	4	0.934579	0	0	4	0.686106
GGT1	4	0.934579	0	0	4	0.686106
GIMAP2	3	0.700935	1	0.645161	4	0.686106
GINS4	2	0.46729	2	1.29032	4	0.686106
GIPR	2	0.46729	2	1.29032	4	0.686106
GJB6	3	0.700935	1	0.645161	4	0.686106
GJC3	2	0.46729	2	1.29032	4	0.686106
GKN1	4	0.934579	0	0	4	0.686106
GLMN	2	0.46729	2	1.29032	4	0.686106
GLRX2	3	0.700935	1	0.645161	4	0.686106
GLS	4	0.934579	0	0	4	0.686106
GLYAT	2	0.46729	2	1.29032	4	0.686106
GLYCTK	2	0.46729	2	1.29032	4	0.686106
GOLGA7B	2	0.46729	2	1.29032	4	0.686106
GOSR2	3	0.700935	1	0.645161	4	0.686106
GPATCH3	3	0.700935	1	0.645161	4	0.686106
GPBAR1	2	0.46729	2	1.29032	4	0.686106
GPN2	4	0.934579	0	0	4	0.686106
GPR1	1	0.233645	3	1.93548	4	0.686106
GPR107	4	0.934579	0	0	4	0.686106
GPR146	4	0.934579	0	0	4	0.686106
GPR148	3	0.700935	1	0.645161	4	0.686106
GPR150	4	0.934579	0	0	4	0.686106
GPR21	3	0.700935	1	0.645161	4	0.686106
GPR25	4	0.934579	0	0	4	0.686106
GPR39	3	0.700935	1	0.645161	4	0.686106
GPR65	3	0.700935	1	0.645161	4	0.686106
GPSM1	4	0.934579	0	0	4	0.686106
GPSM3	4	0.934579	0	0	4	0.686106
GPX1	4	0.934579	0	0	4	0.686106
GPX2	4	0.934579	0	0	4	0.686106
GPX3	2	0.46729	2	1.29032	4	0.686106
GRAMD2A	3	0.700935	1	0.645161	4	0.686106
GRAMD2B	4	0.934579	0	0	4	0.686106
GREM1	2	0.46729	2	1.29032	4	0.686106
GRINA	3	0.700935	1	0.645161	4	0.686106
GRK1	3	0.700935	1	0.645161	4	0.686106
GRXCR2	3	0.700935	1	0.645161	4	0.686106
GSC	4	0.934579	0	0	4	0.686106
GSS	4	0.934579	0	0	4	0.686106
GSTA4	3	0.700935	1	0.645161	4	0.686106
GTF2H3	4	0.934579	0	0	4	0.686106
GTF2H4	2	0.46729	2	1.29032	4	0.686106
GTF3A	3	0.700935	1	0.645161	4	0.686106
GTF3C6	4	0.934579	0	0	4	0.686106
GTPBP10	2	0.46729	2	1.29032	4	0.686106
GTPBP6	4	0.934579	0	0	4	0.686106
GTSE1	3	0.700935	1	0.645161	4	0.686106
GTSF1	2	0.46729	2	1.29032	4	0.686106
GUCA1A	3	0.700935	1	0.645161	4	0.686106
GUCA1B	2	0.46729	2	1.29032	4	0.686106
GUCA1C	2	0.46729	2	1.29032	4	0.686106
GUCA2B	3	0.700935	1	0.645161	4	0.686106
GYPC	4	0.934579	0	0	4	0.686106
H1-1	4	0.934579	0	0	4	0.686106
H1-7	3	0.700935	1	0.645161	4	0.686106
H2AB1	3	0.700935	1	0.645161	4	0.686106
H2AC6	4	0.934579	0	0	4	0.686106
H2BC1	3	0.700935	1	0.645161	4	0.686106
H2BC13	3	0.700935	1	0.645161	4	0.686106
H2BC18	4	0.934579	0	0	4	0.686106
H2BC5	4	0.934579	0	0	4	0.686106
H2BW1	3	0.700935	1	0.645161	4	0.686106
H3C11	4	0.934579	0	0	4	0.686106
H3C4	4	0.934579	0	0	4	0.686106
H4-16	4	0.934579	0	0	4	0.686106
H4C1	2	0.46729	2	1.29032	4	0.686106
H4C12	4	0.934579	0	0	4	0.686106
H4C13	4	0.934579	0	0	4	0.686106
H4C4	4	0.934579	0	0	4	0.686106
H4C7	4	0.934579	0	0	4	0.686106
H4C8	4	0.934579	0	0	4	0.686106
H4C9	3	0.700935	1	0.645161	4	0.686106
HABP4	3	0.700935	1	0.645161	4	0.686106
HACD1	3	0.700935	1	0.645161	4	0.686106
HACD2	3	0.700935	1	0.645161	4	0.686106
HACD3	4	0.934579	0	0	4	0.686106
HACD4	4	0.934579	0	0	4	0.686106
HADH	2	0.46729	2	1.29032	4	0.686106
HAGH	4	0.934579	0	0	4	0.686106
HAND1	3	0.700935	1	0.645161	4	0.686106
HBD	3	0.700935	1	0.645161	4	0.686106
HBG2	4	0.934579	0	0	4	0.686106
HDAC10	3	0.700935	1	0.645161	4	0.686106
HELT	4	0.934579	0	0	4	0.686106
HHLA1	3	0.700935	1	0.645161	4	0.686106
HINT3	4	0.934579	0	0	4	0.686106
HLA-DMA	4	0.934579	0	0	4	0.686106
HMCES	3	0.700935	1	0.645161	4	0.686106
HMGB2	3	0.700935	1	0.645161	4	0.686106
HNRNPLL	4	0.934579	0	0	4	0.686106
HORMAD2	1	0.233645	3	1.93548	4	0.686106
HOXB4	3	0.700935	1	0.645161	4	0.686106
HOXC11	2	0.46729	2	1.29032	4	0.686106
HOXC12	4	0.934579	0	0	4	0.686106
HPCAL1	3	0.700935	1	0.645161	4	0.686106
HRAS	4	0.934579	0	0	4	0.686106
HS3ST1	3	0.700935	1	0.645161	4	0.686106
HSD17B13	4	0.934579	0	0	4	0.686106
HSD3B7	4	0.934579	0	0	4	0.686106
HTATIP2	3	0.700935	1	0.645161	4	0.686106
HYLS1	3	0.700935	1	0.645161	4	0.686106
IBA57	4	0.934579	0	0	4	0.686106
ICAM1	4	0.934579	0	0	4	0.686106
ICAM2	3	0.700935	1	0.645161	4	0.686106
ICAM4	3	0.700935	1	0.645161	4	0.686106
IFI6	4	0.934579	0	0	4	0.686106
IFNA14	4	0.934579	0	0	4	0.686106
IFNA17	3	0.700935	1	0.645161	4	0.686106
IFNA5	4	0.934579	0	0	4	0.686106
IFNB1	3	0.700935	1	0.645161	4	0.686106
IFNK	2	0.46729	2	1.29032	4	0.686106
IFNL3	4	0.934579	0	0	4	0.686106
IFT43	3	0.700935	1	0.645161	4	0.686106
IGFBP2	3	0.700935	1	0.645161	4	0.686106
IGHV1-46	4	0.934579	0	0	4	0.686106
IGHV1-58	3	0.700935	1	0.645161	4	0.686106
IGHV1OR15-9	3	0.700935	1	0.645161	4	0.686106
IGHV3-11	4	0.934579	0	0	4	0.686106
IGHV3-16	4	0.934579	0	0	4	0.686106
IGHV3-21	3	0.700935	1	0.645161	4	0.686106
IGHV3-23	4	0.934579	0	0	4	0.686106
IGHV4-31	3	0.700935	1	0.645161	4	0.686106
IGHV4-34	4	0.934579	0	0	4	0.686106
IGKV1-9	2	0.46729	2	1.29032	4	0.686106
IGKV1D-13	3	0.700935	1	0.645161	4	0.686106
IGKV1D-16	3	0.700935	1	0.645161	4	0.686106
IGKV3D-20	2	0.46729	2	1.29032	4	0.686106
IGKV6D-41	3	0.700935	1	0.645161	4	0.686106
IGLV1-50	3	0.700935	1	0.645161	4	0.686106
IGLV3-27	1	0.233645	3	1.93548	4	0.686106
IGLV3-9	3	0.700935	1	0.645161	4	0.686106
IL10	2	0.46729	2	1.29032	4	0.686106
IL18	4	0.934579	0	0	4	0.686106
IL18BP	1	0.233645	3	1.93548	4	0.686106
IL1RN	2	0.46729	2	1.29032	4	0.686106
IL2	3	0.700935	1	0.645161	4	0.686106
IL20	4	0.934579	0	0	4	0.686106
IL21	4	0.934579	0	0	4	0.686106
IL25	3	0.700935	1	0.645161	4	0.686106
IL2RB	4	0.934579	0	0	4	0.686106
IL31	2	0.46729	2	1.29032	4	0.686106
IL37	3	0.700935	1	0.645161	4	0.686106
IL4	4	0.934579	0	0	4	0.686106
IMPDH1	3	0.700935	1	0.645161	4	0.686106
ING4	4	0.934579	0	0	4	0.686106
INHBB	4	0.934579	0	0	4	0.686106
INHBE	3	0.700935	1	0.645161	4	0.686106
INIP	2	0.46729	2	1.29032	4	0.686106
INSIG2	3	0.700935	1	0.645161	4	0.686106
INSYN2B	3	0.700935	1	0.645161	4	0.686106
IQCD	3	0.700935	1	0.645161	4	0.686106
IQCF1	2	0.46729	2	1.29032	4	0.686106
IRF2BP2	4	0.934579	0	0	4	0.686106
ISCA2	3	0.700935	1	0.645161	4	0.686106
ISL2	4	0.934579	0	0	4	0.686106
IST1	3	0.700935	1	0.645161	4	0.686106
ITFG2	3	0.700935	1	0.645161	4	0.686106
ITGB1BP2	3	0.700935	1	0.645161	4	0.686106
ITPA	4	0.934579	0	0	4	0.686106
JAM2	3	0.700935	1	0.645161	4	0.686106
JUN	3	0.700935	1	0.645161	4	0.686106
KBTBD2	1	0.233645	3	1.93548	4	0.686106
KCNG3	4	0.934579	0	0	4	0.686106
KCNJ14	4	0.934579	0	0	4	0.686106
KCNK15	3	0.700935	1	0.645161	4	0.686106
KCNK16	2	0.46729	2	1.29032	4	0.686106
KCP	4	0.934579	0	0	4	0.686106
KCTD2	3	0.700935	1	0.645161	4	0.686106
KDSR	3	0.700935	1	0.645161	4	0.686106
KHDC1	3	0.700935	1	0.645161	4	0.686106
KIAA0513	3	0.700935	1	0.645161	4	0.686106
KIAA1671	3	0.700935	1	0.645161	4	0.686106
KIAA2013	4	0.934579	0	0	4	0.686106
KIR2DL3	3	0.700935	1	0.645161	4	0.686106
KIR2DS4	3	0.700935	1	0.645161	4	0.686106
KLF1	4	0.934579	0	0	4	0.686106
KLF10	3	0.700935	1	0.645161	4	0.686106
KLF7	4	0.934579	0	0	4	0.686106
KLF9	3	0.700935	1	0.645161	4	0.686106
KLHL12	3	0.700935	1	0.645161	4	0.686106
KLHL29	3	0.700935	1	0.645161	4	0.686106
KLHL35	4	0.934579	0	0	4	0.686106
KLK11	4	0.934579	0	0	4	0.686106
KLRC3	3	0.700935	1	0.645161	4	0.686106
KLRC4	3	0.700935	1	0.645161	4	0.686106
KLRG1	4	0.934579	0	0	4	0.686106
KMT5C	4	0.934579	0	0	4	0.686106
KRBOX4	3	0.700935	1	0.645161	4	0.686106
KRT19	3	0.700935	1	0.645161	4	0.686106
KRT20	2	0.46729	2	1.29032	4	0.686106
KRT77	4	0.934579	0	0	4	0.686106
KRT8	3	0.700935	1	0.645161	4	0.686106
KRTAP1-5	4	0.934579	0	0	4	0.686106
KRTAP10-8	3	0.700935	1	0.645161	4	0.686106
KRTAP11-1	4	0.934579	0	0	4	0.686106
KRTAP13-2	3	0.700935	1	0.645161	4	0.686106
KRTAP19-3	4	0.934579	0	0	4	0.686106
KRTAP20-1	3	0.700935	1	0.645161	4	0.686106
KRTAP4-5	4	0.934579	0	0	4	0.686106
KRTAP5-10	3	0.700935	1	0.645161	4	0.686106
L2HGDH	3	0.700935	1	0.645161	4	0.686106
LAGE3	3	0.700935	1	0.645161	4	0.686106
LARS2	3	0.700935	1	0.645161	4	0.686106
LBX1	3	0.700935	1	0.645161	4	0.686106
LCMT1	3	0.700935	1	0.645161	4	0.686106
LDAH	2	0.46729	2	1.29032	4	0.686106
LDLRAD2	3	0.700935	1	0.645161	4	0.686106
LDLRAD4	3	0.700935	1	0.645161	4	0.686106
LEFTY2	4	0.934579	0	0	4	0.686106
LENG9	3	0.700935	1	0.645161	4	0.686106
LETMD1	2	0.46729	2	1.29032	4	0.686106
LFNG	4	0.934579	0	0	4	0.686106
LGALS9B	4	0.934579	0	0	4	0.686106
LHFPL2	4	0.934579	0	0	4	0.686106
LHFPL4	2	0.46729	2	1.29032	4	0.686106
LILRB4	3	0.700935	1	0.645161	4	0.686106
LINC02210-CRHR1	3	0.700935	1	0.645161	4	0.686106
LIPA	4	0.934579	0	0	4	0.686106
LIPF	1	0.233645	3	1.93548	4	0.686106
LMAN1L	3	0.700935	1	0.645161	4	0.686106
LMBR1	1	0.233645	3	1.93548	4	0.686106
LMLN	2	0.46729	2	1.29032	4	0.686106
LMNA	2	0.46729	2	1.29032	4	0.686106
LMNB2	3	0.700935	1	0.645161	4	0.686106
LMO4	4	0.934579	0	0	4	0.686106
LPCAT2	4	0.934579	0	0	4	0.686106
LRIT3	3	0.700935	1	0.645161	4	0.686106
LRRC2	3	0.700935	1	0.645161	4	0.686106
LRRC37A	4	0.934579	0	0	4	0.686106
LRRC55	4	0.934579	0	0	4	0.686106
LRRC6	1	0.233645	3	1.93548	4	0.686106
LRRC61	4	0.934579	0	0	4	0.686106
LRRC75B	4	0.934579	0	0	4	0.686106
LRRD1	2	0.46729	2	1.29032	4	0.686106
LRRN2	4	0.934579	0	0	4	0.686106
LRTM2	3	0.700935	1	0.645161	4	0.686106
LSM10	4	0.934579	0	0	4	0.686106
LTB	4	0.934579	0	0	4	0.686106
LURAP1L	4	0.934579	0	0	4	0.686106
LYPD3	3	0.700935	1	0.645161	4	0.686106
LYPD6B	4	0.934579	0	0	4	0.686106
LYPLA1	4	0.934579	0	0	4	0.686106
LYPLA2	4	0.934579	0	0	4	0.686106
LYSMD1	3	0.700935	1	0.645161	4	0.686106
LYZL2	4	0.934579	0	0	4	0.686106
MACROD1	4	0.934579	0	0	4	0.686106
MAD2L1BP	3	0.700935	1	0.645161	4	0.686106
MADCAM1	4	0.934579	0	0	4	0.686106
MAGEB18	3	0.700935	1	0.645161	4	0.686106
MAL	4	0.934579	0	0	4	0.686106
MAMDC4	3	0.700935	1	0.645161	4	0.686106
MANSC1	3	0.700935	1	0.645161	4	0.686106
MAOA	3	0.700935	1	0.645161	4	0.686106
MAP1LC3A	4	0.934579	0	0	4	0.686106
MAPK1	3	0.700935	1	0.645161	4	0.686106
MAPK3	4	0.934579	0	0	4	0.686106
MAPK8IP2	4	0.934579	0	0	4	0.686106
MARCHF1	3	0.700935	1	0.645161	4	0.686106
MARCHF5	4	0.934579	0	0	4	0.686106
MAS1L	2	0.46729	2	1.29032	4	0.686106
MAZ	4	0.934579	0	0	4	0.686106
MBL2	3	0.700935	1	0.645161	4	0.686106
MBNL3	1	0.233645	3	1.93548	4	0.686106
MBOAT7	4	0.934579	0	0	4	0.686106
MBTD1	4	0.934579	0	0	4	0.686106
MC2R	3	0.700935	1	0.645161	4	0.686106
MCAT	3	0.700935	1	0.645161	4	0.686106
MCCD1	3	0.700935	1	0.645161	4	0.686106
MCUR1	0	0	4	2.58065	4	0.686106
MECR	3	0.700935	1	0.645161	4	0.686106
MED31	3	0.700935	1	0.645161	4	0.686106
MED4	4	0.934579	0	0	4	0.686106
MED7	3	0.700935	1	0.645161	4	0.686106
MED8	4	0.934579	0	0	4	0.686106
MEDAG	2	0.46729	2	1.29032	4	0.686106
MEIOB	3	0.700935	1	0.645161	4	0.686106
METTL18	3	0.700935	1	0.645161	4	0.686106
METTL27	4	0.934579	0	0	4	0.686106
METTL2A	3	0.700935	1	0.645161	4	0.686106
METTL8	4	0.934579	0	0	4	0.686106
METTL9	3	0.700935	1	0.645161	4	0.686106
MFAP3	3	0.700935	1	0.645161	4	0.686106
MGARP	3	0.700935	1	0.645161	4	0.686106
MGLL	2	0.46729	2	1.29032	4	0.686106
MGP	4	0.934579	0	0	4	0.686106
MICB	2	0.46729	2	1.29032	4	0.686106
MIOX	4	0.934579	0	0	4	0.686106
MKNK1	3	0.700935	1	0.645161	4	0.686106
MLYCD	3	0.700935	1	0.645161	4	0.686106
MMACHC	3	0.700935	1	0.645161	4	0.686106
MOAP1	2	0.46729	2	1.29032	4	0.686106
MORF4L1	3	0.700935	1	0.645161	4	0.686106
MORF4L2	4	0.934579	0	0	4	0.686106
MPI	4	0.934579	0	0	4	0.686106
MPZL2	2	0.46729	2	1.29032	4	0.686106
MREG	4	0.934579	0	0	4	0.686106
MRGPRD	3	0.700935	1	0.645161	4	0.686106
MRGPRE	3	0.700935	1	0.645161	4	0.686106
MRM3	4	0.934579	0	0	4	0.686106
MROH6	4	0.934579	0	0	4	0.686106
MRPL15	3	0.700935	1	0.645161	4	0.686106
MRPL46	4	0.934579	0	0	4	0.686106
MRPL9	4	0.934579	0	0	4	0.686106
MRPS10	3	0.700935	1	0.645161	4	0.686106
MRPS11	4	0.934579	0	0	4	0.686106
MRPS15	4	0.934579	0	0	4	0.686106
MRPS24	2	0.46729	2	1.29032	4	0.686106
MRPS5	3	0.700935	1	0.645161	4	0.686106
MRPS7	4	0.934579	0	0	4	0.686106
MRS2	3	0.700935	1	0.645161	4	0.686106
MS4A10	4	0.934579	0	0	4	0.686106
MSMO1	2	0.46729	2	1.29032	4	0.686106
MTARC2	4	0.934579	0	0	4	0.686106
MTG2	4	0.934579	0	0	4	0.686106
MTHFD2	4	0.934579	0	0	4	0.686106
MTURN	4	0.934579	0	0	4	0.686106
MUC1	3	0.700935	1	0.645161	4	0.686106
MUC19	3	0.700935	1	0.645161	4	0.686106
MYL2	4	0.934579	0	0	4	0.686106
MYL4	3	0.700935	1	0.645161	4	0.686106
MYL5	2	0.46729	2	1.29032	4	0.686106
MYLIP	4	0.934579	0	0	4	0.686106
MZT2A	4	0.934579	0	0	4	0.686106
NACA	3	0.700935	1	0.645161	4	0.686106
NADK2	1	0.233645	3	1.93548	4	0.686106
NAMPT	3	0.700935	1	0.645161	4	0.686106
NANOS3	4	0.934579	0	0	4	0.686106
NAPG	4	0.934579	0	0	4	0.686106
NAT8	3	0.700935	1	0.645161	4	0.686106
NAT8L	4	0.934579	0	0	4	0.686106
NBPF15	1	0.233645	3	1.93548	4	0.686106
NBPF9	3	0.700935	1	0.645161	4	0.686106
NCBP2	3	0.700935	1	0.645161	4	0.686106
NCS1	3	0.700935	1	0.645161	4	0.686106
NDRG1	4	0.934579	0	0	4	0.686106
NDRG4	3	0.700935	1	0.645161	4	0.686106
NDUFA12	3	0.700935	1	0.645161	4	0.686106
NDUFAF4	4	0.934579	0	0	4	0.686106
NDUFAF6	2	0.46729	2	1.29032	4	0.686106
NDUFAF7	4	0.934579	0	0	4	0.686106
NDUFB10	4	0.934579	0	0	4	0.686106
NDUFB8	3	0.700935	1	0.645161	4	0.686106
NDUFS3	4	0.934579	0	0	4	0.686106
NEIL2	4	0.934579	0	0	4	0.686106
NEK6	4	0.934579	0	0	4	0.686106
NFKBIE	2	0.46729	2	1.29032	4	0.686106
NFU1	3	0.700935	1	0.645161	4	0.686106
NFYB	3	0.700935	1	0.645161	4	0.686106
NGDN	3	0.700935	1	0.645161	4	0.686106
NGF	3	0.700935	1	0.645161	4	0.686106
NHLH2	3	0.700935	1	0.645161	4	0.686106
NICN1	3	0.700935	1	0.645161	4	0.686106
NINJ1	4	0.934579	0	0	4	0.686106
NIP7	3	0.700935	1	0.645161	4	0.686106
NIPA1	3	0.700935	1	0.645161	4	0.686106
NIPAL1	4	0.934579	0	0	4	0.686106
NIPAL4	4	0.934579	0	0	4	0.686106
NIPSNAP1	4	0.934579	0	0	4	0.686106
NIT1	4	0.934579	0	0	4	0.686106
NKG7	2	0.46729	2	1.29032	4	0.686106
NKX2-3	3	0.700935	1	0.645161	4	0.686106
NMBR	4	0.934579	0	0	4	0.686106
NME5	2	0.46729	2	1.29032	4	0.686106
NME6	3	0.700935	1	0.645161	4	0.686106
NMI	3	0.700935	1	0.645161	4	0.686106
NMNAT3	2	0.46729	2	1.29032	4	0.686106
NOA1	3	0.700935	1	0.645161	4	0.686106
NOG	2	0.46729	2	1.29032	4	0.686106
NOL10	3	0.700935	1	0.645161	4	0.686106
NOMO3	2	0.46729	2	1.29032	4	0.686106
NPBWR2	4	0.934579	0	0	4	0.686106
NPL	1	0.233645	3	1.93548	4	0.686106
NPM3	4	0.934579	0	0	4	0.686106
NPTXR	3	0.700935	1	0.645161	4	0.686106
NR1H2	4	0.934579	0	0	4	0.686106
NR2F6	3	0.700935	1	0.645161	4	0.686106
NR6A1	4	0.934579	0	0	4	0.686106
NRSN1	3	0.700935	1	0.645161	4	0.686106
NSDHL	4	0.934579	0	0	4	0.686106
NT5DC1	4	0.934579	0	0	4	0.686106
NTMT1	4	0.934579	0	0	4	0.686106
NUDCD3	4	0.934579	0	0	4	0.686106
NUDT10	4	0.934579	0	0	4	0.686106
NUDT14	4	0.934579	0	0	4	0.686106
NUDT16L1	4	0.934579	0	0	4	0.686106
NUTM2D	4	0.934579	0	0	4	0.686106
NWD2	2	0.46729	2	1.29032	4	0.686106
ODAM	3	0.700935	1	0.645161	4	0.686106
ODF3L1	3	0.700935	1	0.645161	4	0.686106
ODF4	3	0.700935	1	0.645161	4	0.686106
OGFOD1	3	0.700935	1	0.645161	4	0.686106
OGFOD2	4	0.934579	0	0	4	0.686106
OGFOD3	4	0.934579	0	0	4	0.686106
OMP	3	0.700935	1	0.645161	4	0.686106
OR10A5	3	0.700935	1	0.645161	4	0.686106
OR10G2	3	0.700935	1	0.645161	4	0.686106
OR10G4	2	0.46729	2	1.29032	4	0.686106
OR10H3	3	0.700935	1	0.645161	4	0.686106
OR10K2	3	0.700935	1	0.645161	4	0.686106
OR11G2	2	0.46729	2	1.29032	4	0.686106
OR12D3	1	0.233645	3	1.93548	4	0.686106
OR1N2	3	0.700935	1	0.645161	4	0.686106
OR2AG1	4	0.934579	0	0	4	0.686106
OR2AG2	3	0.700935	1	0.645161	4	0.686106
OR2B3	3	0.700935	1	0.645161	4	0.686106
OR2C3	2	0.46729	2	1.29032	4	0.686106
OR2T11	4	0.934579	0	0	4	0.686106
OR2T29	4	0.934579	0	0	4	0.686106
OR4B1	3	0.700935	1	0.645161	4	0.686106
OR4E2	4	0.934579	0	0	4	0.686106
OR4F4	2	0.46729	2	1.29032	4	0.686106
OR51G1	4	0.934579	0	0	4	0.686106
OR51L1	2	0.46729	2	1.29032	4	0.686106
OR52B6	4	0.934579	0	0	4	0.686106
OR5A1	3	0.700935	1	0.645161	4	0.686106
OR5A2	2	0.46729	2	1.29032	4	0.686106
OR5AU1	4	0.934579	0	0	4	0.686106
OR5K1	3	0.700935	1	0.645161	4	0.686106
OR5P3	4	0.934579	0	0	4	0.686106
OR6C3	1	0.233645	3	1.93548	4	0.686106
OR7D4	3	0.700935	1	0.645161	4	0.686106
OR8B12	2	0.46729	2	1.29032	4	0.686106
OR8B2	3	0.700935	1	0.645161	4	0.686106
OR8B8	3	0.700935	1	0.645161	4	0.686106
OR9A2	3	0.700935	1	0.645161	4	0.686106
ORC4	4	0.934579	0	0	4	0.686106
OSBP2	4	0.934579	0	0	4	0.686106
OTUB1	4	0.934579	0	0	4	0.686106
OTUB2	3	0.700935	1	0.645161	4	0.686106
OVOL1	3	0.700935	1	0.645161	4	0.686106
OXGR1	3	0.700935	1	0.645161	4	0.686106
P2RX5	3	0.700935	1	0.645161	4	0.686106
P3H4	4	0.934579	0	0	4	0.686106
P4HA2	4	0.934579	0	0	4	0.686106
PA2G4	2	0.46729	2	1.29032	4	0.686106
PAAF1	3	0.700935	1	0.645161	4	0.686106
PAGE2	4	0.934579	0	0	4	0.686106
PAICS	2	0.46729	2	1.29032	4	0.686106
PANK2	3	0.700935	1	0.645161	4	0.686106
PANX3	3	0.700935	1	0.645161	4	0.686106
PAOX	4	0.934579	0	0	4	0.686106
PAQR5	4	0.934579	0	0	4	0.686106
PAQR6	3	0.700935	1	0.645161	4	0.686106
PARK7	4	0.934579	0	0	4	0.686106
PAX9	4	0.934579	0	0	4	0.686106
PBK	3	0.700935	1	0.645161	4	0.686106
PBX4	3	0.700935	1	0.645161	4	0.686106
PCGF3	4	0.934579	0	0	4	0.686106
PCTP	3	0.700935	1	0.645161	4	0.686106
PCYOX1L	4	0.934579	0	0	4	0.686106
PCYT2	3	0.700935	1	0.645161	4	0.686106
PDCD10	2	0.46729	2	1.29032	4	0.686106
PDCD2	4	0.934579	0	0	4	0.686106
PDPN	3	0.700935	1	0.645161	4	0.686106
PDRG1	3	0.700935	1	0.645161	4	0.686106
PDSS2	3	0.700935	1	0.645161	4	0.686106
PEAK3	3	0.700935	1	0.645161	4	0.686106
PEF1	3	0.700935	1	0.645161	4	0.686106
PELI2	4	0.934579	0	0	4	0.686106
PEMT	3	0.700935	1	0.645161	4	0.686106
PEX11B	4	0.934579	0	0	4	0.686106
PEX14	4	0.934579	0	0	4	0.686106
PFDN1	3	0.700935	1	0.645161	4	0.686106
PFDN4	4	0.934579	0	0	4	0.686106
PFKFB4	4	0.934579	0	0	4	0.686106
PFN2	3	0.700935	1	0.645161	4	0.686106
PGA5	3	0.700935	1	0.645161	4	0.686106
PGAM4	3	0.700935	1	0.645161	4	0.686106
PGBD2	3	0.700935	1	0.645161	4	0.686106
PIEZO1	4	0.934579	0	0	4	0.686106
PIFO	4	0.934579	0	0	4	0.686106
PIGA	4	0.934579	0	0	4	0.686106
PIGP	3	0.700935	1	0.645161	4	0.686106
PIGV	3	0.700935	1	0.645161	4	0.686106
PINX1	3	0.700935	1	0.645161	4	0.686106
PIP4P1	3	0.700935	1	0.645161	4	0.686106
PITX1	4	0.934579	0	0	4	0.686106
PITX2	4	0.934579	0	0	4	0.686106
PJA2	4	0.934579	0	0	4	0.686106
PKDCC	4	0.934579	0	0	4	0.686106
PKM	4	0.934579	0	0	4	0.686106
PLA2G1B	3	0.700935	1	0.645161	4	0.686106
PLA2G2F	2	0.46729	2	1.29032	4	0.686106
PLAAT2	4	0.934579	0	0	4	0.686106
PLEK2	4	0.934579	0	0	4	0.686106
PLEKHB1	4	0.934579	0	0	4	0.686106
PLGRKT	2	0.46729	2	1.29032	4	0.686106
PLK3	4	0.934579	0	0	4	0.686106
PLPP4	2	0.46729	2	1.29032	4	0.686106
PMP2	3	0.700935	1	0.645161	4	0.686106
PMP22	4	0.934579	0	0	4	0.686106
PNLIPRP1	4	0.934579	0	0	4	0.686106
PNPLA4	4	0.934579	0	0	4	0.686106
POGLUT1	4	0.934579	0	0	4	0.686106
POLA2	3	0.700935	1	0.645161	4	0.686106
POLR2E	4	0.934579	0	0	4	0.686106
POLR3F	3	0.700935	1	0.645161	4	0.686106
POM121L2	3	0.700935	1	0.645161	4	0.686106
POU2AF1	3	0.700935	1	0.645161	4	0.686106
POU2F3	2	0.46729	2	1.29032	4	0.686106
PPIAL4A	3	0.700935	1	0.645161	4	0.686106
PPIL2	4	0.934579	0	0	4	0.686106
PPIL6	3	0.700935	1	0.645161	4	0.686106
PPM1F	3	0.700935	1	0.645161	4	0.686106
PPM1J	3	0.700935	1	0.645161	4	0.686106
PPM1M	4	0.934579	0	0	4	0.686106
PPME1	2	0.46729	2	1.29032	4	0.686106
PPP4C	4	0.934579	0	0	4	0.686106
PPP6R1	4	0.934579	0	0	4	0.686106
PRADC1	4	0.934579	0	0	4	0.686106
PRB3	4	0.934579	0	0	4	0.686106
PRCP	4	0.934579	0	0	4	0.686106
PRDM8	4	0.934579	0	0	4	0.686106
PRDX2	4	0.934579	0	0	4	0.686106
PRKAB2	4	0.934579	0	0	4	0.686106
PRM2	1	0.233645	3	1.93548	4	0.686106
PROK2	4	0.934579	0	0	4	0.686106
PRPF39	3	0.700935	1	0.645161	4	0.686106
PRPH	3	0.700935	1	0.645161	4	0.686106
PRPS2	4	0.934579	0	0	4	0.686106
PRR15L	3	0.700935	1	0.645161	4	0.686106
PRR5	4	0.934579	0	0	4	0.686106
PRRT1	3	0.700935	1	0.645161	4	0.686106
PRRX1	4	0.934579	0	0	4	0.686106
PRRX2	4	0.934579	0	0	4	0.686106
PRSS38	1	0.233645	3	1.93548	4	0.686106
PRSS57	4	0.934579	0	0	4	0.686106
PRUNE1	3	0.700935	1	0.645161	4	0.686106
PRXL2C	4	0.934579	0	0	4	0.686106
PSMA2	4	0.934579	0	0	4	0.686106
PSMA4	3	0.700935	1	0.645161	4	0.686106
PSMA5	3	0.700935	1	0.645161	4	0.686106
PSMA7	3	0.700935	1	0.645161	4	0.686106
PSMB11	3	0.700935	1	0.645161	4	0.686106
PSMB2	3	0.700935	1	0.645161	4	0.686106
PSMB3	3	0.700935	1	0.645161	4	0.686106
PSMB9	2	0.46729	2	1.29032	4	0.686106
PSMD4	4	0.934579	0	0	4	0.686106
PSMD7	3	0.700935	1	0.645161	4	0.686106
PSMG2	4	0.934579	0	0	4	0.686106
PTCRA	3	0.700935	1	0.645161	4	0.686106
PTF1A	4	0.934579	0	0	4	0.686106
PTGER2	4	0.934579	0	0	4	0.686106
PTH	2	0.46729	2	1.29032	4	0.686106
PTK6	3	0.700935	1	0.645161	4	0.686106
PTP4A3	2	0.46729	2	1.29032	4	0.686106
PTPRQ	3	0.700935	1	0.645161	4	0.686106
PTRHD1	2	0.46729	2	1.29032	4	0.686106
PUS1	4	0.934579	0	0	4	0.686106
PXMP2	4	0.934579	0	0	4	0.686106
QPCT	3	0.700935	1	0.645161	4	0.686106
QPRT	4	0.934579	0	0	4	0.686106
RAB14	3	0.700935	1	0.645161	4	0.686106
RAB27A	4	0.934579	0	0	4	0.686106
RAB27B	4	0.934579	0	0	4	0.686106
RAB29	2	0.46729	2	1.29032	4	0.686106
RAB31	3	0.700935	1	0.645161	4	0.686106
RAB35	4	0.934579	0	0	4	0.686106
RAB3IL1	4	0.934579	0	0	4	0.686106
RAB40B	3	0.700935	1	0.645161	4	0.686106
RAB42	4	0.934579	0	0	4	0.686106
RAC1	4	0.934579	0	0	4	0.686106
RAC3	3	0.700935	1	0.645161	4	0.686106
RAD23A	4	0.934579	0	0	4	0.686106
RAD51D	3	0.700935	1	0.645161	4	0.686106
RAD52	3	0.700935	1	0.645161	4	0.686106
RALY	4	0.934579	0	0	4	0.686106
RAMP1	4	0.934579	0	0	4	0.686106
RANBP1	3	0.700935	1	0.645161	4	0.686106
RAP1A	2	0.46729	2	1.29032	4	0.686106
RARRES1	4	0.934579	0	0	4	0.686106
RASD1	3	0.700935	1	0.645161	4	0.686106
RASL12	3	0.700935	1	0.645161	4	0.686106
RASSF7	4	0.934579	0	0	4	0.686106
RASSF8	3	0.700935	1	0.645161	4	0.686106
RBAK-RBAKDN	3	0.700935	1	0.645161	4	0.686106
RBFA	4	0.934579	0	0	4	0.686106
RBMXL3	3	0.700935	1	0.645161	4	0.686106
RCC1L	4	0.934579	0	0	4	0.686106
RCHY1	4	0.934579	0	0	4	0.686106
RCN2	3	0.700935	1	0.645161	4	0.686106
RDH10	3	0.700935	1	0.645161	4	0.686106
RDH11	2	0.46729	2	1.29032	4	0.686106
RDH13	4	0.934579	0	0	4	0.686106
RDM1	4	0.934579	0	0	4	0.686106
RELL1	2	0.46729	2	1.29032	4	0.686106
RENBP	3	0.700935	1	0.645161	4	0.686106
REP15	4	0.934579	0	0	4	0.686106
RER1	3	0.700935	1	0.645161	4	0.686106
RETREG2	4	0.934579	0	0	4	0.686106
RFPL2	2	0.46729	2	1.29032	4	0.686106
RFT1	4	0.934579	0	0	4	0.686106
RGS19	4	0.934579	0	0	4	0.686106
RHBDL2	2	0.46729	2	1.29032	4	0.686106
RHEX	3	0.700935	1	0.645161	4	0.686106
RHO	3	0.700935	1	0.645161	4	0.686106
RHOQ	4	0.934579	0	0	4	0.686106
RHOXF2	4	0.934579	0	0	4	0.686106
RIBC1	3	0.700935	1	0.645161	4	0.686106
RILP	4	0.934579	0	0	4	0.686106
RIOK3	4	0.934579	0	0	4	0.686106
RIOX1	3	0.700935	1	0.645161	4	0.686106
RLN2	4	0.934579	0	0	4	0.686106
RNASE7	4	0.934579	0	0	4	0.686106
RNASEH2A	2	0.46729	2	1.29032	4	0.686106
RNASET2	3	0.700935	1	0.645161	4	0.686106
RND1	4	0.934579	0	0	4	0.686106
RND3	2	0.46729	2	1.29032	4	0.686106
RNF144A	3	0.700935	1	0.645161	4	0.686106
RNF152	4	0.934579	0	0	4	0.686106
RNF157	3	0.700935	1	0.645161	4	0.686106
RNF167	4	0.934579	0	0	4	0.686106
RNF182	3	0.700935	1	0.645161	4	0.686106
RNF212	4	0.934579	0	0	4	0.686106
RNF215	4	0.934579	0	0	4	0.686106
RNF217	2	0.46729	2	1.29032	4	0.686106
RNPEP	3	0.700935	1	0.645161	4	0.686106
ROM1	3	0.700935	1	0.645161	4	0.686106
RP9	4	0.934579	0	0	4	0.686106
RPAIN	2	0.46729	2	1.29032	4	0.686106
RPE	4	0.934579	0	0	4	0.686106
RPL10A	3	0.700935	1	0.645161	4	0.686106
RPL18A	4	0.934579	0	0	4	0.686106
RPL24	4	0.934579	0	0	4	0.686106
RPL6	2	0.46729	2	1.29032	4	0.686106
RPP38	4	0.934579	0	0	4	0.686106
RPS23	4	0.934579	0	0	4	0.686106
RPS24	3	0.700935	1	0.645161	4	0.686106
RPS3	2	0.46729	2	1.29032	4	0.686106
RPS5	4	0.934579	0	0	4	0.686106
RPS6	2	0.46729	2	1.29032	4	0.686106
RPS6KB2	4	0.934579	0	0	4	0.686106
RPS6KL1	3	0.700935	1	0.645161	4	0.686106
RPS7	4	0.934579	0	0	4	0.686106
RRAD	2	0.46729	2	1.29032	4	0.686106
RRAGC	3	0.700935	1	0.645161	4	0.686106
RRM2B	2	0.46729	2	1.29032	4	0.686106
RRP1	4	0.934579	0	0	4	0.686106
RSRP1	4	0.934579	0	0	4	0.686106
RSU1	4	0.934579	0	0	4	0.686106
RTBDN	4	0.934579	0	0	4	0.686106
RTN4IP1	3	0.700935	1	0.645161	4	0.686106
RTN4R	4	0.934579	0	0	4	0.686106
RTN4RL2	4	0.934579	0	0	4	0.686106
RTP2	4	0.934579	0	0	4	0.686106
RTP4	2	0.46729	2	1.29032	4	0.686106
RTRAF	3	0.700935	1	0.645161	4	0.686106
RXFP4	4	0.934579	0	0	4	0.686106
RXYLT1	4	0.934579	0	0	4	0.686106
S100A8	4	0.934579	0	0	4	0.686106
S100B	2	0.46729	2	1.29032	4	0.686106
S1PR2	3	0.700935	1	0.645161	4	0.686106
SAE1	4	0.934579	0	0	4	0.686106
SAMM50	2	0.46729	2	1.29032	4	0.686106
SART1	3	0.700935	1	0.645161	4	0.686106
SBK1	4	0.934579	0	0	4	0.686106
SBSPON	1	0.233645	3	1.93548	4	0.686106
SCAMP5	4	0.934579	0	0	4	0.686106
SCD5	3	0.700935	1	0.645161	4	0.686106
SCGB1D1	2	0.46729	2	1.29032	4	0.686106
SCGB1D4	2	0.46729	2	1.29032	4	0.686106
SCLY	4	0.934579	0	0	4	0.686106
SCMH1	3	0.700935	1	0.645161	4	0.686106
SCN1B	3	0.700935	1	0.645161	4	0.686106
SCNM1	4	0.934579	0	0	4	0.686106
SCNN1A	4	0.934579	0	0	4	0.686106
SCRN2	4	0.934579	0	0	4	0.686106
SCRT1	3	0.700935	1	0.645161	4	0.686106
SDE2	3	0.700935	1	0.645161	4	0.686106
SDF2	4	0.934579	0	0	4	0.686106
SDHAF2	3	0.700935	1	0.645161	4	0.686106
SEC11C	4	0.934579	0	0	4	0.686106
SEC23B	3	0.700935	1	0.645161	4	0.686106
SEC62	3	0.700935	1	0.645161	4	0.686106
SENP8	4	0.934579	0	0	4	0.686106
SEPHS2	4	0.934579	0	0	4	0.686106
SERPINA3	3	0.700935	1	0.645161	4	0.686106
SERPINB9	4	0.934579	0	0	4	0.686106
SERTAD1	4	0.934579	0	0	4	0.686106
SF3A3	3	0.700935	1	0.645161	4	0.686106
SFTPA1	3	0.700935	1	0.645161	4	0.686106
SFTPA2	3	0.700935	1	0.645161	4	0.686106
SFXN4	3	0.700935	1	0.645161	4	0.686106
SFXN5	1	0.233645	3	1.93548	4	0.686106
SGTB	3	0.700935	1	0.645161	4	0.686106
SH2D2A	3	0.700935	1	0.645161	4	0.686106
SH2D4B	3	0.700935	1	0.645161	4	0.686106
SH3RF2	4	0.934579	0	0	4	0.686106
SHARPIN	4	0.934579	0	0	4	0.686106
SHC3	4	0.934579	0	0	4	0.686106
SHISA3	2	0.46729	2	1.29032	4	0.686106
SHLD1	2	0.46729	2	1.29032	4	0.686106
SHPK	4	0.934579	0	0	4	0.686106
SHROOM1	3	0.700935	1	0.645161	4	0.686106
SIRPG	3	0.700935	1	0.645161	4	0.686106
SIRT2	3	0.700935	1	0.645161	4	0.686106
SIRT3	4	0.934579	0	0	4	0.686106
SIRT7	4	0.934579	0	0	4	0.686106
SKI	3	0.700935	1	0.645161	4	0.686106
SKP2	3	0.700935	1	0.645161	4	0.686106
SLAMF8	3	0.700935	1	0.645161	4	0.686106
SLBP	4	0.934579	0	0	4	0.686106
SLC10A1	3	0.700935	1	0.645161	4	0.686106
SLC10A3	2	0.46729	2	1.29032	4	0.686106
SLC16A11	4	0.934579	0	0	4	0.686106
SLC16A3	4	0.934579	0	0	4	0.686106
SLC22A23	4	0.934579	0	0	4	0.686106
SLC25A10	4	0.934579	0	0	4	0.686106
SLC25A26	3	0.700935	1	0.645161	4	0.686106
SLC25A30	2	0.46729	2	1.29032	4	0.686106
SLC25A33	4	0.934579	0	0	4	0.686106
SLC25A35	4	0.934579	0	0	4	0.686106
SLC25A36	4	0.934579	0	0	4	0.686106
SLC25A44	4	0.934579	0	0	4	0.686106
SLC29A1	4	0.934579	0	0	4	0.686106
SLC2A12	3	0.700935	1	0.645161	4	0.686106
SLC30A5	3	0.700935	1	0.645161	4	0.686106
SLC30A7	3	0.700935	1	0.645161	4	0.686106
SLC33A1	3	0.700935	1	0.645161	4	0.686106
SLC35A2	3	0.700935	1	0.645161	4	0.686106
SLC35E1	4	0.934579	0	0	4	0.686106
SLC35E3	4	0.934579	0	0	4	0.686106
SLC36A3	4	0.934579	0	0	4	0.686106
SLC39A2	3	0.700935	1	0.645161	4	0.686106
SLC5A1	4	0.934579	0	0	4	0.686106
SLC6A8	4	0.934579	0	0	4	0.686106
SLC7A7	4	0.934579	0	0	4	0.686106
SLFN12L	3	0.700935	1	0.645161	4	0.686106
SLPI	3	0.700935	1	0.645161	4	0.686106
SMAP1	3	0.700935	1	0.645161	4	0.686106
SMIM21	3	0.700935	1	0.645161	4	0.686106
SMPX	4	0.934579	0	0	4	0.686106
SNAP25	3	0.700935	1	0.645161	4	0.686106
SNRPB	2	0.46729	2	1.29032	4	0.686106
SNRPB2	2	0.46729	2	1.29032	4	0.686106
SNU13	3	0.700935	1	0.645161	4	0.686106
SNX20	2	0.46729	2	1.29032	4	0.686106
SNX30	4	0.934579	0	0	4	0.686106
SOAT2	4	0.934579	0	0	4	0.686106
SOST	4	0.934579	0	0	4	0.686106
SOWAHD	4	0.934579	0	0	4	0.686106
SP5	3	0.700935	1	0.645161	4	0.686106
SPATA2	4	0.934579	0	0	4	0.686106
SPATA7	3	0.700935	1	0.645161	4	0.686106
SPDYE3	4	0.934579	0	0	4	0.686106
SPINT2	2	0.46729	2	1.29032	4	0.686106
SPSB1	4	0.934579	0	0	4	0.686106
SQOR	4	0.934579	0	0	4	0.686106
SRC	4	0.934579	0	0	4	0.686106
SRD5A2	2	0.46729	2	1.29032	4	0.686106
SRPRB	2	0.46729	2	1.29032	4	0.686106
SRY	4	0.934579	0	0	4	0.686106
SSC5D	2	0.46729	2	1.29032	4	0.686106
SSH3	4	0.934579	0	0	4	0.686106
ST13	3	0.700935	1	0.645161	4	0.686106
STAM	2	0.46729	2	1.29032	4	0.686106
STAP1	3	0.700935	1	0.645161	4	0.686106
STARD10	4	0.934579	0	0	4	0.686106
STARD3NL	3	0.700935	1	0.645161	4	0.686106
STARD7	2	0.46729	2	1.29032	4	0.686106
STING1	4	0.934579	0	0	4	0.686106
STK32C	4	0.934579	0	0	4	0.686106
STOML2	3	0.700935	1	0.645161	4	0.686106
STX16	4	0.934579	0	0	4	0.686106
STXBP6	2	0.46729	2	1.29032	4	0.686106
SUCLG1	3	0.700935	1	0.645161	4	0.686106
SULT1A1	4	0.934579	0	0	4	0.686106
SULT2B1	4	0.934579	0	0	4	0.686106
SUMF2	4	0.934579	0	0	4	0.686106
SUPV3L1	3	0.700935	1	0.645161	4	0.686106
TACR2	4	0.934579	0	0	4	0.686106
TADA1	4	0.934579	0	0	4	0.686106
TAF11	4	0.934579	0	0	4	0.686106
TAF9	2	0.46729	2	1.29032	4	0.686106
TAFA4	4	0.934579	0	0	4	0.686106
TANGO2	4	0.934579	0	0	4	0.686106
TAPBPL	3	0.700935	1	0.645161	4	0.686106
TARDBP	4	0.934579	0	0	4	0.686106
TAS2R20	2	0.46729	2	1.29032	4	0.686106
TAS2R3	3	0.700935	1	0.645161	4	0.686106
TAS2R41	4	0.934579	0	0	4	0.686106
TAS2R43	3	0.700935	1	0.645161	4	0.686106
TAS2R46	3	0.700935	1	0.645161	4	0.686106
TAS2R5	2	0.46729	2	1.29032	4	0.686106
TATDN3	3	0.700935	1	0.645161	4	0.686106
TBC1D7	1	0.233645	3	1.93548	4	0.686106
TBCE	3	0.700935	1	0.645161	4	0.686106
TBPL1	3	0.700935	1	0.645161	4	0.686106
TBX1	4	0.934579	0	0	4	0.686106
TBXA2R	4	0.934579	0	0	4	0.686106
TCEAL1	4	0.934579	0	0	4	0.686106
TCEAL9	3	0.700935	1	0.645161	4	0.686106
TECR	3	0.700935	1	0.645161	4	0.686106
TEDC1	4	0.934579	0	0	4	0.686106
TERB2	3	0.700935	1	0.645161	4	0.686106
TESK1	4	0.934579	0	0	4	0.686106
TEX35	3	0.700935	1	0.645161	4	0.686106
TEX44	3	0.700935	1	0.645161	4	0.686106
TFAM	3	0.700935	1	0.645161	4	0.686106
TFCP2L1	2	0.46729	2	1.29032	4	0.686106
TGFB3	4	0.934579	0	0	4	0.686106
TGOLN2	3	0.700935	1	0.645161	4	0.686106
THAP10	3	0.700935	1	0.645161	4	0.686106
THAP5	4	0.934579	0	0	4	0.686106
THAP8	3	0.700935	1	0.645161	4	0.686106
THEM4	4	0.934579	0	0	4	0.686106
THEM5	4	0.934579	0	0	4	0.686106
THG1L	4	0.934579	0	0	4	0.686106
THPO	2	0.46729	2	1.29032	4	0.686106
TIMM17B	4	0.934579	0	0	4	0.686106
TIMM23	2	0.46729	2	1.29032	4	0.686106
TIPRL	2	0.46729	2	1.29032	4	0.686106
TIRAP	3	0.700935	1	0.645161	4	0.686106
TK1	4	0.934579	0	0	4	0.686106
TMC7	4	0.934579	0	0	4	0.686106
TMED2	3	0.700935	1	0.645161	4	0.686106
TMED5	3	0.700935	1	0.645161	4	0.686106
TMEM106C	3	0.700935	1	0.645161	4	0.686106
TMEM115	4	0.934579	0	0	4	0.686106
TMEM116	2	0.46729	2	1.29032	4	0.686106
TMEM120B	2	0.46729	2	1.29032	4	0.686106
TMEM121B	4	0.934579	0	0	4	0.686106
TMEM167A	2	0.46729	2	1.29032	4	0.686106
TMEM174	3	0.700935	1	0.645161	4	0.686106
TMEM18	3	0.700935	1	0.645161	4	0.686106
TMEM182	3	0.700935	1	0.645161	4	0.686106
TMEM186	4	0.934579	0	0	4	0.686106
TMEM190	4	0.934579	0	0	4	0.686106
TMEM196	3	0.700935	1	0.645161	4	0.686106
TMEM202	3	0.700935	1	0.645161	4	0.686106
TMEM216	3	0.700935	1	0.645161	4	0.686106
TMEM229B	3	0.700935	1	0.645161	4	0.686106
TMEM236	3	0.700935	1	0.645161	4	0.686106
TMEM241	4	0.934579	0	0	4	0.686106
TMEM31	2	0.46729	2	1.29032	4	0.686106
TMEM33	4	0.934579	0	0	4	0.686106
TMEM37	4	0.934579	0	0	4	0.686106
TMEM41B	1	0.233645	3	1.93548	4	0.686106
TMEM50A	3	0.700935	1	0.645161	4	0.686106
TMEM59	2	0.46729	2	1.29032	4	0.686106
TMEM61	4	0.934579	0	0	4	0.686106
TMEM86A	3	0.700935	1	0.645161	4	0.686106
TMEM88	4	0.934579	0	0	4	0.686106
TMEM97	4	0.934579	0	0	4	0.686106
TMIGD2	2	0.46729	2	1.29032	4	0.686106
TMIGD3	4	0.934579	0	0	4	0.686106
TMX2	3	0.700935	1	0.645161	4	0.686106
TNFRSF10C	4	0.934579	0	0	4	0.686106
TNFRSF17	3	0.700935	1	0.645161	4	0.686106
TNFRSF6B	4	0.934579	0	0	4	0.686106
TNFSF15	4	0.934579	0	0	4	0.686106
TNFSF8	3	0.700935	1	0.645161	4	0.686106
TNNT1	2	0.46729	2	1.29032	4	0.686106
TNNT3	4	0.934579	0	0	4	0.686106
TOMM22	3	0.700935	1	0.645161	4	0.686106
TOR2A	3	0.700935	1	0.645161	4	0.686106
TOR4A	3	0.700935	1	0.645161	4	0.686106
TPD52	4	0.934579	0	0	4	0.686106
TPD52L2	4	0.934579	0	0	4	0.686106
TPD52L3	4	0.934579	0	0	4	0.686106
TPK1	2	0.46729	2	1.29032	4	0.686106
TPM2	4	0.934579	0	0	4	0.686106
TPPP	4	0.934579	0	0	4	0.686106
TPPP3	4	0.934579	0	0	4	0.686106
TPST1	4	0.934579	0	0	4	0.686106
TRABD2A	4	0.934579	0	0	4	0.686106
TRAM2	3	0.700935	1	0.645161	4	0.686106
TRAPPC13	3	0.700935	1	0.645161	4	0.686106
TRAPPC2	3	0.700935	1	0.645161	4	0.686106
TRAPPC3	3	0.700935	1	0.645161	4	0.686106
TRGC2	2	0.46729	2	1.29032	4	0.686106
TRIM14	4	0.934579	0	0	4	0.686106
TRMT2A	3	0.700935	1	0.645161	4	0.686106
TRMT44	4	0.934579	0	0	4	0.686106
TRMT61A	4	0.934579	0	0	4	0.686106
TRMT61B	4	0.934579	0	0	4	0.686106
TSEN54	4	0.934579	0	0	4	0.686106
TSG101	4	0.934579	0	0	4	0.686106
TSGA10IP	2	0.46729	2	1.29032	4	0.686106
TSN	4	0.934579	0	0	4	0.686106
TSPAN12	4	0.934579	0	0	4	0.686106
TSPAN3	2	0.46729	2	1.29032	4	0.686106
TSPAN6	3	0.700935	1	0.645161	4	0.686106
TSPAN9	3	0.700935	1	0.645161	4	0.686106
TSPO2	4	0.934579	0	0	4	0.686106
TSPYL1	3	0.700935	1	0.645161	4	0.686106
TSSK4	4	0.934579	0	0	4	0.686106
TTC22	4	0.934579	0	0	4	0.686106
TTC23	3	0.700935	1	0.645161	4	0.686106
TTC28	3	0.700935	1	0.645161	4	0.686106
TTC33	3	0.700935	1	0.645161	4	0.686106
TTC5	3	0.700935	1	0.645161	4	0.686106
TTC9	4	0.934579	0	0	4	0.686106
TTPA	2	0.46729	2	1.29032	4	0.686106
TTPAL	4	0.934579	0	0	4	0.686106
TTR	2	0.46729	2	1.29032	4	0.686106
TUBB	3	0.700935	1	0.645161	4	0.686106
TUBB6	3	0.700935	1	0.645161	4	0.686106
TWIST1	3	0.700935	1	0.645161	4	0.686106
TXNDC5	3	0.700935	1	0.645161	4	0.686106
UBE2I	3	0.700935	1	0.645161	4	0.686106
UBL3	2	0.46729	2	1.29032	4	0.686106
UCP2	4	0.934579	0	0	4	0.686106
UGT1A10	2	0.46729	2	1.29032	4	0.686106
UGT1A5	4	0.934579	0	0	4	0.686106
UGT2A2	3	0.700935	1	0.645161	4	0.686106
ULK3	4	0.934579	0	0	4	0.686106
UNC93B1	4	0.934579	0	0	4	0.686106
UPK1A	4	0.934579	0	0	4	0.686106
UPK3A	3	0.700935	1	0.645161	4	0.686106
UQCRB	4	0.934579	0	0	4	0.686106
URB1	3	0.700935	1	0.645161	4	0.686106
UROD	3	0.700935	1	0.645161	4	0.686106
USF1	4	0.934579	0	0	4	0.686106
VAMP7	3	0.700935	1	0.645161	4	0.686106
VAPA	4	0.934579	0	0	4	0.686106
VASH2	3	0.700935	1	0.645161	4	0.686106
VCPKMT	3	0.700935	1	0.645161	4	0.686106
VDR	3	0.700935	1	0.645161	4	0.686106
VEGFA	4	0.934579	0	0	4	0.686106
VIM	3	0.700935	1	0.645161	4	0.686106
VIP	4	0.934579	0	0	4	0.686106
VKORC1L1	3	0.700935	1	0.645161	4	0.686106
VPS26A	2	0.46729	2	1.29032	4	0.686106
VRK3	3	0.700935	1	0.645161	4	0.686106
VSIG10L	3	0.700935	1	0.645161	4	0.686106
VXN	4	0.934579	0	0	4	0.686106
WASF2	4	0.934579	0	0	4	0.686106
WBP1L	4	0.934579	0	0	4	0.686106
WBP2	3	0.700935	1	0.645161	4	0.686106
WDR25	3	0.700935	1	0.645161	4	0.686106
WDR4	4	0.934579	0	0	4	0.686106
WDR89	3	0.700935	1	0.645161	4	0.686106
WFDC5	4	0.934579	0	0	4	0.686106
WFDC8	3	0.700935	1	0.645161	4	0.686106
WIPI1	4	0.934579	0	0	4	0.686106
WNT7B	4	0.934579	0	0	4	0.686106
WNT8A	3	0.700935	1	0.645161	4	0.686106
WRNIP1	4	0.934579	0	0	4	0.686106
WSB2	4	0.934579	0	0	4	0.686106
XAGE2	4	0.934579	0	0	4	0.686106
XPA	4	0.934579	0	0	4	0.686106
XRCC3	4	0.934579	0	0	4	0.686106
YAP1	3	0.700935	1	0.645161	4	0.686106
YARS1	4	0.934579	0	0	4	0.686106
YBEY	4	0.934579	0	0	4	0.686106
YBX1	4	0.934579	0	0	4	0.686106
YIF1B	3	0.700935	1	0.645161	4	0.686106
YIPF3	4	0.934579	0	0	4	0.686106
YIPF4	4	0.934579	0	0	4	0.686106
YIPF5	3	0.700935	1	0.645161	4	0.686106
YWHAE	4	0.934579	0	0	4	0.686106
YWHAQ	3	0.700935	1	0.645161	4	0.686106
ZBTB17	3	0.700935	1	0.645161	4	0.686106
ZBTB3	3	0.700935	1	0.645161	4	0.686106
ZBTB43	3	0.700935	1	0.645161	4	0.686106
ZCCHC4	4	0.934579	0	0	4	0.686106
ZDHHC19	3	0.700935	1	0.645161	4	0.686106
ZDHHC23	3	0.700935	1	0.645161	4	0.686106
ZDHHC24	4	0.934579	0	0	4	0.686106
ZDHHC6	3	0.700935	1	0.645161	4	0.686106
ZFAND3	3	0.700935	1	0.645161	4	0.686106
ZFAND5	3	0.700935	1	0.645161	4	0.686106
ZFP36	3	0.700935	1	0.645161	4	0.686106
ZFP69	4	0.934579	0	0	4	0.686106
ZKSCAN1	3	0.700935	1	0.645161	4	0.686106
ZMAT2	4	0.934579	0	0	4	0.686106
ZNF146	3	0.700935	1	0.645161	4	0.686106
ZNF200	2	0.46729	2	1.29032	4	0.686106
ZNF213	4	0.934579	0	0	4	0.686106
ZNF324B	2	0.46729	2	1.29032	4	0.686106
ZNF385C	4	0.934579	0	0	4	0.686106
ZNF394	4	0.934579	0	0	4	0.686106
ZNF414	4	0.934579	0	0	4	0.686106
ZNF428	3	0.700935	1	0.645161	4	0.686106
ZNF485	4	0.934579	0	0	4	0.686106
ZNF558	3	0.700935	1	0.645161	4	0.686106
ZNF576	4	0.934579	0	0	4	0.686106
ZNF579	4	0.934579	0	0	4	0.686106
ZNF581	4	0.934579	0	0	4	0.686106
ZNF589	4	0.934579	0	0	4	0.686106
ZNF593	2	0.46729	2	1.29032	4	0.686106
ZNF630	1	0.233645	3	1.93548	4	0.686106
ZNF691	4	0.934579	0	0	4	0.686106
ZNF703	3	0.700935	1	0.645161	4	0.686106
ZNF716	2	0.46729	2	1.29032	4	0.686106
ZNF774	3	0.700935	1	0.645161	4	0.686106
ZNF787	4	0.934579	0	0	4	0.686106
ZNF841	3	0.700935	1	0.645161	4	0.686106
ZNF90	2	0.46729	2	1.29032	4	0.686106
ZNHIT1	4	0.934579	0	0	4	0.686106
ZSCAN26	2	0.46729	2	1.29032	4	0.686106
AANAT	3	0.700935	0	0	3	0.51458
ABHD1	3	0.700935	0	0	3	0.51458
ABHD15	3	0.700935	0	0	3	0.51458
ABHD17B	3	0.700935	0	0	3	0.51458
AC024598.1	3	0.700935	0	0	3	0.51458
AC097637.1	3	0.700935	0	0	3	0.51458
AC136428.1	3	0.700935	0	0	3	0.51458
ACBD7	2	0.46729	1	0.645161	3	0.51458
ACER2	3	0.700935	0	0	3	0.51458
ACER3	2	0.46729	1	0.645161	3	0.51458
ACOT4	3	0.700935	0	0	3	0.51458
ACOT8	3	0.700935	0	0	3	0.51458
ACP6	3	0.700935	0	0	3	0.51458
ACTA2	2	0.46729	1	0.645161	3	0.51458
ACY3	3	0.700935	0	0	3	0.51458
ADAP1	3	0.700935	0	0	3	0.51458
ADAT2	2	0.46729	1	0.645161	3	0.51458
ADGRD2	3	0.700935	0	0	3	0.51458
ADH7	3	0.700935	0	0	3	0.51458
ADI1	2	0.46729	1	0.645161	3	0.51458
ADTRP	3	0.700935	0	0	3	0.51458
AEBP2	3	0.700935	0	0	3	0.51458
AGPAT2	2	0.46729	1	0.645161	3	0.51458
AGR2	3	0.700935	0	0	3	0.51458
AIFM2	1	0.233645	2	1.29032	3	0.51458
AIP	3	0.700935	0	0	3	0.51458
AIPL1	3	0.700935	0	0	3	0.51458
AKAP14	2	0.46729	1	0.645161	3	0.51458
AKR1C2	2	0.46729	1	0.645161	3	0.51458
AKR7A3	3	0.700935	0	0	3	0.51458
ALDOA	3	0.700935	0	0	3	0.51458
ALG3	3	0.700935	0	0	3	0.51458
ALKAL1	2	0.46729	1	0.645161	3	0.51458
ALKBH1	3	0.700935	0	0	3	0.51458
ALYREF	2	0.46729	1	0.645161	3	0.51458
AMN	2	0.46729	1	0.645161	3	0.51458
ANGPTL6	3	0.700935	0	0	3	0.51458
ANKRD22	3	0.700935	0	0	3	0.51458
ANKRD23	2	0.46729	1	0.645161	3	0.51458
ANKRD29	3	0.700935	0	0	3	0.51458
ANKRD34C	2	0.46729	1	0.645161	3	0.51458
ANKRD46	3	0.700935	0	0	3	0.51458
ANKS4B	3	0.700935	0	0	3	0.51458
ANP32A	1	0.233645	2	1.29032	3	0.51458
ANP32E	2	0.46729	1	0.645161	3	0.51458
ANXA3	3	0.700935	0	0	3	0.51458
ANXA5	3	0.700935	0	0	3	0.51458
AP1AR	2	0.46729	1	0.645161	3	0.51458
AP3S1	2	0.46729	1	0.645161	3	0.51458
AP4S1	3	0.700935	0	0	3	0.51458
APIP	3	0.700935	0	0	3	0.51458
APOA1	3	0.700935	0	0	3	0.51458
APOBEC3A	3	0.700935	0	0	3	0.51458
APOBEC3H	3	0.700935	0	0	3	0.51458
APOF	3	0.700935	0	0	3	0.51458
AREG	2	0.46729	1	0.645161	3	0.51458
ARF5	3	0.700935	0	0	3	0.51458
ARFIP2	3	0.700935	0	0	3	0.51458
ARGFX	2	0.46729	1	0.645161	3	0.51458
ARHGAP11B	3	0.700935	0	0	3	0.51458
ARHGAP40	3	0.700935	0	0	3	0.51458
ARID3A	3	0.700935	0	0	3	0.51458
ARL1	1	0.233645	2	1.29032	3	0.51458
ARL15	3	0.700935	0	0	3	0.51458
ARL16	3	0.700935	0	0	3	0.51458
ARL2	2	0.46729	1	0.645161	3	0.51458
ARL4A	2	0.46729	1	0.645161	3	0.51458
ARL6IP5	3	0.700935	0	0	3	0.51458
ARMC10	2	0.46729	1	0.645161	3	0.51458
ARMC12	3	0.700935	0	0	3	0.51458
ARMC6	2	0.46729	1	0.645161	3	0.51458
ARMCX6	3	0.700935	0	0	3	0.51458
ARMH1	2	0.46729	1	0.645161	3	0.51458
ARPC5	3	0.700935	0	0	3	0.51458
ARPIN	2	0.46729	1	0.645161	3	0.51458
ARRDC4	2	0.46729	1	0.645161	3	0.51458
ARRDC5	3	0.700935	0	0	3	0.51458
AS3MT	3	0.700935	0	0	3	0.51458
ASF1A	3	0.700935	0	0	3	0.51458
ASF1B	3	0.700935	0	0	3	0.51458
ASGR2	2	0.46729	1	0.645161	3	0.51458
ATL2	2	0.46729	1	0.645161	3	0.51458
ATP5PB	3	0.700935	0	0	3	0.51458
ATP6V1E1	3	0.700935	0	0	3	0.51458
ATP6V1G2	2	0.46729	1	0.645161	3	0.51458
ATPAF1	2	0.46729	1	0.645161	3	0.51458
ATRAID	2	0.46729	1	0.645161	3	0.51458
AURKA	2	0.46729	1	0.645161	3	0.51458
AVEN	1	0.233645	2	1.29032	3	0.51458
AZGP1	1	0.233645	2	1.29032	3	0.51458
AZIN1	3	0.700935	0	0	3	0.51458
B3GAT3	2	0.46729	1	0.645161	3	0.51458
B3GNTL1	3	0.700935	0	0	3	0.51458
BAD	3	0.700935	0	0	3	0.51458
BAG5	0	0	3	1.93548	3	0.51458
BANF1	2	0.46729	1	0.645161	3	0.51458
BARX1	3	0.700935	0	0	3	0.51458
BATF	2	0.46729	1	0.645161	3	0.51458
BATF2	3	0.700935	0	0	3	0.51458
BCL2L12	2	0.46729	1	0.645161	3	0.51458
BCL2L15	3	0.700935	0	0	3	0.51458
BCL7A	2	0.46729	1	0.645161	3	0.51458
BDH1	2	0.46729	1	0.645161	3	0.51458
BECN1	1	0.233645	2	1.29032	3	0.51458
BEX5	3	0.700935	0	0	3	0.51458
BGLAP	3	0.700935	0	0	3	0.51458
BLNK	2	0.46729	1	0.645161	3	0.51458
BMP8A	3	0.700935	0	0	3	0.51458
BNIP1	3	0.700935	0	0	3	0.51458
BOLA1	3	0.700935	0	0	3	0.51458
BOLL	3	0.700935	0	0	3	0.51458
BORCS6	2	0.46729	1	0.645161	3	0.51458
BTBD17	2	0.46729	1	0.645161	3	0.51458
BTBD18	1	0.233645	2	1.29032	3	0.51458
BTF3L4	3	0.700935	0	0	3	0.51458
BTG3	3	0.700935	0	0	3	0.51458
BTLA	2	0.46729	1	0.645161	3	0.51458
BUD13	3	0.700935	0	0	3	0.51458
BZW2	2	0.46729	1	0.645161	3	0.51458
C12orf60	2	0.46729	1	0.645161	3	0.51458
C16orf78	2	0.46729	1	0.645161	3	0.51458
C16orf86	2	0.46729	1	0.645161	3	0.51458
C19orf53	3	0.700935	0	0	3	0.51458
C19orf54	3	0.700935	0	0	3	0.51458
C1QL1	3	0.700935	0	0	3	0.51458
C1QTNF12	3	0.700935	0	0	3	0.51458
C1orf146	3	0.700935	0	0	3	0.51458
C1orf21	3	0.700935	0	0	3	0.51458
C1orf50	3	0.700935	0	0	3	0.51458
C2	3	0.700935	0	0	3	0.51458
C20orf96	1	0.233645	2	1.29032	3	0.51458
C21orf91	1	0.233645	2	1.29032	3	0.51458
C22orf15	3	0.700935	0	0	3	0.51458
C22orf42	2	0.46729	1	0.645161	3	0.51458
C2CD2L	3	0.700935	0	0	3	0.51458
C2orf76	2	0.46729	1	0.645161	3	0.51458
C3orf18	2	0.46729	1	0.645161	3	0.51458
C3orf62	3	0.700935	0	0	3	0.51458
C4orf17	3	0.700935	0	0	3	0.51458
C4orf46	3	0.700935	0	0	3	0.51458
C6orf201	3	0.700935	0	0	3	0.51458
C8G	3	0.700935	0	0	3	0.51458
C8orf33	3	0.700935	0	0	3	0.51458
C8orf37	2	0.46729	1	0.645161	3	0.51458
C8orf48	1	0.233645	2	1.29032	3	0.51458
C9orf152	3	0.700935	0	0	3	0.51458
C9orf153	1	0.233645	2	1.29032	3	0.51458
C9orf40	3	0.700935	0	0	3	0.51458
C9orf50	3	0.700935	0	0	3	0.51458
CA1	3	0.700935	0	0	3	0.51458
CA5B	2	0.46729	1	0.645161	3	0.51458
CAB39	2	0.46729	1	0.645161	3	0.51458
CABCOCO1	3	0.700935	0	0	3	0.51458
CALB1	3	0.700935	0	0	3	0.51458
CALHM2	3	0.700935	0	0	3	0.51458
CAMP	2	0.46729	1	0.645161	3	0.51458
CAPN1	2	0.46729	1	0.645161	3	0.51458
CAPNS1	3	0.700935	0	0	3	0.51458
CARD16	3	0.700935	0	0	3	0.51458
CARD19	3	0.700935	0	0	3	0.51458
CARHSP1	3	0.700935	0	0	3	0.51458
CASP3	2	0.46729	1	0.645161	3	0.51458
CASP9	3	0.700935	0	0	3	0.51458
CBARP	3	0.700935	0	0	3	0.51458
CBFB	3	0.700935	0	0	3	0.51458
CBLC	3	0.700935	0	0	3	0.51458
CBR1	3	0.700935	0	0	3	0.51458
CBWD6	1	0.233645	2	1.29032	3	0.51458
CCDC115	2	0.46729	1	0.645161	3	0.51458
CCDC126	3	0.700935	0	0	3	0.51458
CCDC137	3	0.700935	0	0	3	0.51458
CCDC153	2	0.46729	1	0.645161	3	0.51458
CCDC159	1	0.233645	2	1.29032	3	0.51458
CCDC25	3	0.700935	0	0	3	0.51458
CCDC74A	3	0.700935	0	0	3	0.51458
CCL2	2	0.46729	1	0.645161	3	0.51458
CCL22	2	0.46729	1	0.645161	3	0.51458
CCL27	2	0.46729	1	0.645161	3	0.51458
CCL4	2	0.46729	1	0.645161	3	0.51458
CCN2	3	0.700935	0	0	3	0.51458
CCND1	3	0.700935	0	0	3	0.51458
CCNG1	1	0.233645	2	1.29032	3	0.51458
CCNH	1	0.233645	2	1.29032	3	0.51458
CCNO	3	0.700935	0	0	3	0.51458
CCR6	3	0.700935	0	0	3	0.51458
CD151	3	0.700935	0	0	3	0.51458
CD300LD	3	0.700935	0	0	3	0.51458
CD3G	2	0.46729	1	0.645161	3	0.51458
CD74	3	0.700935	0	0	3	0.51458
CD8A	1	0.233645	2	1.29032	3	0.51458
CDC123	2	0.46729	1	0.645161	3	0.51458
CDC26	2	0.46729	1	0.645161	3	0.51458
CDC42EP1	3	0.700935	0	0	3	0.51458
CDC42EP3	3	0.700935	0	0	3	0.51458
CDCP2	2	0.46729	1	0.645161	3	0.51458
CDIN1	2	0.46729	1	0.645161	3	0.51458
CDK4	2	0.46729	1	0.645161	3	0.51458
CDK6	3	0.700935	0	0	3	0.51458
CDKAL1	3	0.700935	0	0	3	0.51458
CDX4	2	0.46729	1	0.645161	3	0.51458
CEACAM21	2	0.46729	1	0.645161	3	0.51458
CELA1	3	0.700935	0	0	3	0.51458
CENPA	3	0.700935	0	0	3	0.51458
CENPW	3	0.700935	0	0	3	0.51458
CEP19	2	0.46729	1	0.645161	3	0.51458
CEP20	2	0.46729	1	0.645161	3	0.51458
CFAP157	2	0.46729	1	0.645161	3	0.51458
CFAP410	3	0.700935	0	0	3	0.51458
CGB5	2	0.46729	1	0.645161	3	0.51458
CHCHD3	1	0.233645	2	1.29032	3	0.51458
CHCHD6	3	0.700935	0	0	3	0.51458
CHIC1	3	0.700935	0	0	3	0.51458
CHM	2	0.46729	1	0.645161	3	0.51458
CHMP2A	2	0.46729	1	0.645161	3	0.51458
CHMP3	3	0.700935	0	0	3	0.51458
CHMP4C	2	0.46729	1	0.645161	3	0.51458
CHMP5	2	0.46729	1	0.645161	3	0.51458
CHRNA7	2	0.46729	1	0.645161	3	0.51458
CHST7	3	0.700935	0	0	3	0.51458
CHTOP	2	0.46729	1	0.645161	3	0.51458
CIBAR1	3	0.700935	0	0	3	0.51458
CIPC	2	0.46729	1	0.645161	3	0.51458
CITED2	3	0.700935	0	0	3	0.51458
CKLF	3	0.700935	0	0	3	0.51458
CKMT1B	3	0.700935	0	0	3	0.51458
CLBA1	3	0.700935	0	0	3	0.51458
CLC	2	0.46729	1	0.645161	3	0.51458
CLCF1	3	0.700935	0	0	3	0.51458
CLDN11	2	0.46729	1	0.645161	3	0.51458
CLDN19	3	0.700935	0	0	3	0.51458
CLDN2	2	0.46729	1	0.645161	3	0.51458
CLDN4	3	0.700935	0	0	3	0.51458
CLDN6	3	0.700935	0	0	3	0.51458
CLDN7	3	0.700935	0	0	3	0.51458
CLDN9	3	0.700935	0	0	3	0.51458
CLEC2D	3	0.700935	0	0	3	0.51458
CLEC3B	3	0.700935	0	0	3	0.51458
CLEC4M	3	0.700935	0	0	3	0.51458
CLEC6A	3	0.700935	0	0	3	0.51458
CLIC3	3	0.700935	0	0	3	0.51458
CLN6	3	0.700935	0	0	3	0.51458
CLPS	1	0.233645	2	1.29032	3	0.51458
CMC4	3	0.700935	0	0	3	0.51458
CMPK2	2	0.46729	1	0.645161	3	0.51458
CMTM7	3	0.700935	0	0	3	0.51458
CMTM8	3	0.700935	0	0	3	0.51458
CNIH2	2	0.46729	1	0.645161	3	0.51458
CNPY3	3	0.700935	0	0	3	0.51458
COA1	3	0.700935	0	0	3	0.51458
COA6	3	0.700935	0	0	3	0.51458
COCH	3	0.700935	0	0	3	0.51458
COMMD8	2	0.46729	1	0.645161	3	0.51458
COMMD9	2	0.46729	1	0.645161	3	0.51458
COPG2	1	0.233645	2	1.29032	3	0.51458
COPRS	3	0.700935	0	0	3	0.51458
COPS7B	3	0.700935	0	0	3	0.51458
COQ10A	1	0.233645	2	1.29032	3	0.51458
COQ10B	1	0.233645	2	1.29032	3	0.51458
COQ3	3	0.700935	0	0	3	0.51458
COX4I1	3	0.700935	0	0	3	0.51458
COX5A	3	0.700935	0	0	3	0.51458
COX6C	3	0.700935	0	0	3	0.51458
CPA2	2	0.46729	1	0.645161	3	0.51458
CPLX1	3	0.700935	0	0	3	0.51458
CPLX2	3	0.700935	0	0	3	0.51458
CPNE5	3	0.700935	0	0	3	0.51458
CPSF4	3	0.700935	0	0	3	0.51458
CPT2	1	0.233645	2	1.29032	3	0.51458
CRABP1	2	0.46729	1	0.645161	3	0.51458
CRELD1	2	0.46729	1	0.645161	3	0.51458
CRISP2	3	0.700935	0	0	3	0.51458
CRLF1	3	0.700935	0	0	3	0.51458
CRLF2	2	0.46729	1	0.645161	3	0.51458
CRTAP	3	0.700935	0	0	3	0.51458
CRYBA1	3	0.700935	0	0	3	0.51458
CRYBB3	3	0.700935	0	0	3	0.51458
CRYGS	2	0.46729	1	0.645161	3	0.51458
CSH1	1	0.233645	2	1.29032	3	0.51458
CSHL1	2	0.46729	1	0.645161	3	0.51458
CSN2	2	0.46729	1	0.645161	3	0.51458
CSNK1A1	3	0.700935	0	0	3	0.51458
CSRP2	2	0.46729	1	0.645161	3	0.51458
CST2	3	0.700935	0	0	3	0.51458
CST6	1	0.233645	2	1.29032	3	0.51458
CT55	2	0.46729	1	0.645161	3	0.51458
CTAGE9	3	0.700935	0	0	3	0.51458
CTRB1	3	0.700935	0	0	3	0.51458
CTSG	3	0.700935	0	0	3	0.51458
CXorf38	2	0.46729	1	0.645161	3	0.51458
CXorf56	3	0.700935	0	0	3	0.51458
CYBC1	3	0.700935	0	0	3	0.51458
CYBRD1	1	0.233645	2	1.29032	3	0.51458
CYP2J2	3	0.700935	0	0	3	0.51458
CYTH4	2	0.46729	1	0.645161	3	0.51458
D2HGDH	3	0.700935	0	0	3	0.51458
DAPL1	3	0.700935	0	0	3	0.51458
DBNDD1	1	0.233645	2	1.29032	3	0.51458
DBNDD2	3	0.700935	0	0	3	0.51458
DCAF16	3	0.700935	0	0	3	0.51458
DCDC2C	2	0.46729	1	0.645161	3	0.51458
DCK	2	0.46729	1	0.645161	3	0.51458
DCP1B	3	0.700935	0	0	3	0.51458
DCTD	3	0.700935	0	0	3	0.51458
DCTN3	3	0.700935	0	0	3	0.51458
DCTN5	2	0.46729	1	0.645161	3	0.51458
DCTPP1	3	0.700935	0	0	3	0.51458
DCUN1D3	3	0.700935	0	0	3	0.51458
DDAH2	3	0.700935	0	0	3	0.51458
DDI2	3	0.700935	0	0	3	0.51458
DEFB114	1	0.233645	2	1.29032	3	0.51458
DEFB119	3	0.700935	0	0	3	0.51458
DEFB124	3	0.700935	0	0	3	0.51458
DEFB129	1	0.233645	2	1.29032	3	0.51458
DEFB135	2	0.46729	1	0.645161	3	0.51458
DESI2	1	0.233645	2	1.29032	3	0.51458
DGUOK	3	0.700935	0	0	3	0.51458
DHFR	2	0.46729	1	0.645161	3	0.51458
DHPS	3	0.700935	0	0	3	0.51458
DIMT1	3	0.700935	0	0	3	0.51458
DLX3	3	0.700935	0	0	3	0.51458
DMAC2	3	0.700935	0	0	3	0.51458
DMAC2L	3	0.700935	0	0	3	0.51458
DMRT1	2	0.46729	1	0.645161	3	0.51458
DMRTA2	3	0.700935	0	0	3	0.51458
DNAAF5	2	0.46729	1	0.645161	3	0.51458
DNAAF6	3	0.700935	0	0	3	0.51458
DNAJC17	3	0.700935	0	0	3	0.51458
DNAJC4	3	0.700935	0	0	3	0.51458
DOHH	2	0.46729	1	0.645161	3	0.51458
DPH6	3	0.700935	0	0	3	0.51458
DPP7	3	0.700935	0	0	3	0.51458
DUOXA1	3	0.700935	0	0	3	0.51458
DUSP26	1	0.233645	2	1.29032	3	0.51458
DUSP7	3	0.700935	0	0	3	0.51458
DUT	2	0.46729	1	0.645161	3	0.51458
EBI3	2	0.46729	1	0.645161	3	0.51458
EDC3	2	0.46729	1	0.645161	3	0.51458
EEF1AKMT4	3	0.700935	0	0	3	0.51458
EEF1E1	3	0.700935	0	0	3	0.51458
EFCAB11	2	0.46729	1	0.645161	3	0.51458
EFNA1	3	0.700935	0	0	3	0.51458
EGR4	3	0.700935	0	0	3	0.51458
EID2	2	0.46729	1	0.645161	3	0.51458
EIF1	2	0.46729	1	0.645161	3	0.51458
EIF1B	2	0.46729	1	0.645161	3	0.51458
EIF2B2	2	0.46729	1	0.645161	3	0.51458
EIF3G	3	0.700935	0	0	3	0.51458
EIF3K	2	0.46729	1	0.645161	3	0.51458
EIF4A3	3	0.700935	0	0	3	0.51458
EIF4E	2	0.46729	1	0.645161	3	0.51458
EIF4E1B	3	0.700935	0	0	3	0.51458
EIF4E3	3	0.700935	0	0	3	0.51458
ELMOD2	3	0.700935	0	0	3	0.51458
ELOB	3	0.700935	0	0	3	0.51458
ELOVL7	3	0.700935	0	0	3	0.51458
EMC4	2	0.46729	1	0.645161	3	0.51458
EMC8	2	0.46729	1	0.645161	3	0.51458
EMC9	2	0.46729	1	0.645161	3	0.51458
EME2	2	0.46729	1	0.645161	3	0.51458
EMP3	3	0.700935	0	0	3	0.51458
ENHO	3	0.700935	0	0	3	0.51458
ENO2	2	0.46729	1	0.645161	3	0.51458
ENO4	2	0.46729	1	0.645161	3	0.51458
ENY2	3	0.700935	0	0	3	0.51458
EOLA1	3	0.700935	0	0	3	0.51458
EPHX3	2	0.46729	1	0.645161	3	0.51458
ERAS	3	0.700935	0	0	3	0.51458
EREG	2	0.46729	1	0.645161	3	0.51458
ESPN	3	0.700935	0	0	3	0.51458
ETFRF1	3	0.700935	0	0	3	0.51458
EXOSC7	2	0.46729	1	0.645161	3	0.51458
F2RL3	3	0.700935	0	0	3	0.51458
FAAH	3	0.700935	0	0	3	0.51458
FABP1	2	0.46729	1	0.645161	3	0.51458
FABP5	2	0.46729	1	0.645161	3	0.51458
FAM102B	2	0.46729	1	0.645161	3	0.51458
FAM104B	1	0.233645	2	1.29032	3	0.51458
FAM110A	3	0.700935	0	0	3	0.51458
FAM131B	2	0.46729	1	0.645161	3	0.51458
FAM136A	3	0.700935	0	0	3	0.51458
FAM180A	2	0.46729	1	0.645161	3	0.51458
FAM183A	2	0.46729	1	0.645161	3	0.51458
FAM193B	3	0.700935	0	0	3	0.51458
FAM221B	1	0.233645	2	1.29032	3	0.51458
FAM222A	3	0.700935	0	0	3	0.51458
FAM24A	3	0.700935	0	0	3	0.51458
FAM3B	3	0.700935	0	0	3	0.51458
FAM43A	3	0.700935	0	0	3	0.51458
FAM72A	3	0.700935	0	0	3	0.51458
FAM76A	2	0.46729	1	0.645161	3	0.51458
FAM76B	3	0.700935	0	0	3	0.51458
FAM86B1	3	0.700935	0	0	3	0.51458
FAM89B	2	0.46729	1	0.645161	3	0.51458
FAM98B	1	0.233645	2	1.29032	3	0.51458
FANCD2OS	3	0.700935	0	0	3	0.51458
FBP1	3	0.700935	0	0	3	0.51458
FBXL15	3	0.700935	0	0	3	0.51458
FBXO2	3	0.700935	0	0	3	0.51458
FBXO39	3	0.700935	0	0	3	0.51458
FBXO45	2	0.46729	1	0.645161	3	0.51458
FBXO46	3	0.700935	0	0	3	0.51458
FBXW9	3	0.700935	0	0	3	0.51458
FCGR2A	2	0.46729	1	0.645161	3	0.51458
FCGR2B	3	0.700935	0	0	3	0.51458
FCGR3B	2	0.46729	1	0.645161	3	0.51458
FDXACB1	2	0.46729	1	0.645161	3	0.51458
FEM1C	3	0.700935	0	0	3	0.51458
FGF19	2	0.46729	1	0.645161	3	0.51458
FGL2	3	0.700935	0	0	3	0.51458
FGR	3	0.700935	0	0	3	0.51458
FICD	3	0.700935	0	0	3	0.51458
FITM1	2	0.46729	1	0.645161	3	0.51458
FJX1	3	0.700935	0	0	3	0.51458
FKBP1A	2	0.46729	1	0.645161	3	0.51458
FKBP7	1	0.233645	2	1.29032	3	0.51458
FN3KRP	3	0.700935	0	0	3	0.51458
FOLR2	2	0.46729	1	0.645161	3	0.51458
FOXA3	3	0.700935	0	0	3	0.51458
FOXC1	3	0.700935	0	0	3	0.51458
FOXD4L3	3	0.700935	0	0	3	0.51458
FOXE3	3	0.700935	0	0	3	0.51458
FOXI2	3	0.700935	0	0	3	0.51458
FOXI3	2	0.46729	1	0.645161	3	0.51458
FOXJ1	2	0.46729	1	0.645161	3	0.51458
FOXL2NB	2	0.46729	1	0.645161	3	0.51458
FRMD8	3	0.700935	0	0	3	0.51458
FTL	2	0.46729	1	0.645161	3	0.51458
FUOM	3	0.700935	0	0	3	0.51458
FXN	3	0.700935	0	0	3	0.51458
GABARAPL1	3	0.700935	0	0	3	0.51458
GABARAPL2	2	0.46729	1	0.645161	3	0.51458
GAGE10	2	0.46729	1	0.645161	3	0.51458
GALK1	3	0.700935	0	0	3	0.51458
GALP	2	0.46729	1	0.645161	3	0.51458
GEMIN2	1	0.233645	2	1.29032	3	0.51458
GEMIN7	3	0.700935	0	0	3	0.51458
GFI1B	2	0.46729	1	0.645161	3	0.51458
GFRA3	1	0.233645	2	1.29032	3	0.51458
GGT6	3	0.700935	0	0	3	0.51458
GGTLC1	3	0.700935	0	0	3	0.51458
GINS2	2	0.46729	1	0.645161	3	0.51458
GJC2	3	0.700935	0	0	3	0.51458
GKAP1	1	0.233645	2	1.29032	3	0.51458
GLIPR1L2	3	0.700935	0	0	3	0.51458
GLO1	2	0.46729	1	0.645161	3	0.51458
GLOD4	1	0.233645	2	1.29032	3	0.51458
GLRX	1	0.233645	2	1.29032	3	0.51458
GM2A	2	0.46729	1	0.645161	3	0.51458
GMFB	1	0.233645	2	1.29032	3	0.51458
GNA13	3	0.700935	0	0	3	0.51458
GNG4	2	0.46729	1	0.645161	3	0.51458
GNG7	3	0.700935	0	0	3	0.51458
GNGT1	1	0.233645	2	1.29032	3	0.51458
GNLY	2	0.46729	1	0.645161	3	0.51458
GNPDA1	3	0.700935	0	0	3	0.51458
GNPDA2	3	0.700935	0	0	3	0.51458
GNPNAT1	3	0.700935	0	0	3	0.51458
GOLGA6B	2	0.46729	1	0.645161	3	0.51458
GOLGA6L22	2	0.46729	1	0.645161	3	0.51458
GOLGA6L9	2	0.46729	1	0.645161	3	0.51458
GPALPP1	2	0.46729	1	0.645161	3	0.51458
GPD1	3	0.700935	0	0	3	0.51458
GPHB5	3	0.700935	0	0	3	0.51458
GPR135	3	0.700935	0	0	3	0.51458
GPR27	3	0.700935	0	0	3	0.51458
GPR35	3	0.700935	0	0	3	0.51458
GPR89A	2	0.46729	1	0.645161	3	0.51458
GPRC5D	3	0.700935	0	0	3	0.51458
GPX4	3	0.700935	0	0	3	0.51458
GPX7	2	0.46729	1	0.645161	3	0.51458
GPX8	2	0.46729	1	0.645161	3	0.51458
GRB2	2	0.46729	1	0.645161	3	0.51458
GRHPR	2	0.46729	1	0.645161	3	0.51458
GRP	3	0.700935	0	0	3	0.51458
GRPEL1	3	0.700935	0	0	3	0.51458
GSDMB	2	0.46729	1	0.645161	3	0.51458
GSTA2	2	0.46729	1	0.645161	3	0.51458
GSTT2B	3	0.700935	0	0	3	0.51458
GTF2E2	2	0.46729	1	0.645161	3	0.51458
GTSF1L	3	0.700935	0	0	3	0.51458
GYG1	2	0.46729	1	0.645161	3	0.51458
GZMM	2	0.46729	1	0.645161	3	0.51458
H1-6	3	0.700935	0	0	3	0.51458
H1-8	2	0.46729	1	0.645161	3	0.51458
H2AC13	3	0.700935	0	0	3	0.51458
H2AC21	2	0.46729	1	0.645161	3	0.51458
H2AC4	3	0.700935	0	0	3	0.51458
H2AX	3	0.700935	0	0	3	0.51458
H2BC12	3	0.700935	0	0	3	0.51458
H2BC7	3	0.700935	0	0	3	0.51458
H3C13	3	0.700935	0	0	3	0.51458
H4C11	3	0.700935	0	0	3	0.51458
H4C5	3	0.700935	0	0	3	0.51458
H4C6	3	0.700935	0	0	3	0.51458
HAAO	3	0.700935	0	0	3	0.51458
HAND2	2	0.46729	1	0.645161	3	0.51458
HAPLN2	3	0.700935	0	0	3	0.51458
HARBI1	3	0.700935	0	0	3	0.51458
HAUS7	2	0.46729	1	0.645161	3	0.51458
HCRTR1	3	0.700935	0	0	3	0.51458
HDHD2	3	0.700935	0	0	3	0.51458
HEBP1	1	0.233645	2	1.29032	3	0.51458
HEBP2	2	0.46729	1	0.645161	3	0.51458
HEMK1	3	0.700935	0	0	3	0.51458
HES1	3	0.700935	0	0	3	0.51458
HEXA	3	0.700935	0	0	3	0.51458
HEXIM1	3	0.700935	0	0	3	0.51458
HHIPL1	3	0.700935	0	0	3	0.51458
HIGD1B	3	0.700935	0	0	3	0.51458
HINT2	3	0.700935	0	0	3	0.51458
HMG20B	3	0.700935	0	0	3	0.51458
HMGB4	2	0.46729	1	0.645161	3	0.51458
HMGXB3	3	0.700935	0	0	3	0.51458
HMSD	3	0.700935	0	0	3	0.51458
HOATZ	3	0.700935	0	0	3	0.51458
HOXA2	2	0.46729	1	0.645161	3	0.51458
HOXA5	1	0.233645	2	1.29032	3	0.51458
HOXC5	3	0.700935	0	0	3	0.51458
HPDL	3	0.700935	0	0	3	0.51458
HPF1	2	0.46729	1	0.645161	3	0.51458
HSD11B2	3	0.700935	0	0	3	0.51458
HSD17B1	3	0.700935	0	0	3	0.51458
HSD17B11	2	0.46729	1	0.645161	3	0.51458
HSD17B12	3	0.700935	0	0	3	0.51458
HSD3B2	2	0.46729	1	0.645161	3	0.51458
HSDL1	3	0.700935	0	0	3	0.51458
HSDL2	2	0.46729	1	0.645161	3	0.51458
HSF4	2	0.46729	1	0.645161	3	0.51458
HSPA1B	3	0.700935	0	0	3	0.51458
HSPB11	3	0.700935	0	0	3	0.51458
HSPB2	2	0.46729	1	0.645161	3	0.51458
HSPB3	2	0.46729	1	0.645161	3	0.51458
HTR1D	3	0.700935	0	0	3	0.51458
HTR3D	2	0.46729	1	0.645161	3	0.51458
HUS1	3	0.700935	0	0	3	0.51458
HUS1B	3	0.700935	0	0	3	0.51458
HYAL3	3	0.700935	0	0	3	0.51458
ICAM3	2	0.46729	1	0.645161	3	0.51458
ICMT	2	0.46729	1	0.645161	3	0.51458
IDUA	3	0.700935	0	0	3	0.51458
IER5	2	0.46729	1	0.645161	3	0.51458
IFI30	3	0.700935	0	0	3	0.51458
IFITM1	3	0.700935	0	0	3	0.51458
IFITM5	3	0.700935	0	0	3	0.51458
IFNA21	2	0.46729	1	0.645161	3	0.51458
IFNA6	2	0.46729	1	0.645161	3	0.51458
IFNA7	3	0.700935	0	0	3	0.51458
IFNE	1	0.233645	2	1.29032	3	0.51458
IFNL1	2	0.46729	1	0.645161	3	0.51458
IFT22	3	0.700935	0	0	3	0.51458
IFT52	3	0.700935	0	0	3	0.51458
IGFBP7	3	0.700935	0	0	3	0.51458
IGHV2-5	3	0.700935	0	0	3	0.51458
IGHV3-15	3	0.700935	0	0	3	0.51458
IGHV3-35	2	0.46729	1	0.645161	3	0.51458
IGHV3-38	3	0.700935	0	0	3	0.51458
IGHV3-43	1	0.233645	2	1.29032	3	0.51458
IGHV3-48	0	0	3	1.93548	3	0.51458
IGHV3-49	2	0.46729	1	0.645161	3	0.51458
IGHV3-53	3	0.700935	0	0	3	0.51458
IGHV3-72	2	0.46729	1	0.645161	3	0.51458
IGHV4-39	0	0	3	1.93548	3	0.51458
IGHV4-59	1	0.233645	2	1.29032	3	0.51458
IGKV1-27	2	0.46729	1	0.645161	3	0.51458
IGKV1-8	1	0.233645	2	1.29032	3	0.51458
IGKV1D-33	2	0.46729	1	0.645161	3	0.51458
IGKV1D-43	3	0.700935	0	0	3	0.51458
IGKV2D-24	2	0.46729	1	0.645161	3	0.51458
IGKV2D-28	3	0.700935	0	0	3	0.51458
IGKV3D-11	3	0.700935	0	0	3	0.51458
IGKV4-1	2	0.46729	1	0.645161	3	0.51458
IGLV1-44	1	0.233645	2	1.29032	3	0.51458
IGLV2-14	2	0.46729	1	0.645161	3	0.51458
IGLV2-18	3	0.700935	0	0	3	0.51458
IGLV2-33	2	0.46729	1	0.645161	3	0.51458
IGLV2-8	2	0.46729	1	0.645161	3	0.51458
IGLV3-19	2	0.46729	1	0.645161	3	0.51458
IGLV3-21	1	0.233645	2	1.29032	3	0.51458
IGLV3-25	2	0.46729	1	0.645161	3	0.51458
IGLV5-45	3	0.700935	0	0	3	0.51458
IGLV7-46	2	0.46729	1	0.645161	3	0.51458
IKBKG	1	0.233645	2	1.29032	3	0.51458
IL17A	2	0.46729	1	0.645161	3	0.51458
IL17F	3	0.700935	0	0	3	0.51458
IL19	1	0.233645	2	1.29032	3	0.51458
IL1A	3	0.700935	0	0	3	0.51458
IL20RB	3	0.700935	0	0	3	0.51458
IL22	3	0.700935	0	0	3	0.51458
IL22RA1	3	0.700935	0	0	3	0.51458
IL27	2	0.46729	1	0.645161	3	0.51458
IL2RA	3	0.700935	0	0	3	0.51458
IL3	2	0.46729	1	0.645161	3	0.51458
IL33	1	0.233645	2	1.29032	3	0.51458
IMP3	2	0.46729	1	0.645161	3	0.51458
INKA1	3	0.700935	0	0	3	0.51458
INO80B	2	0.46729	1	0.645161	3	0.51458
INO80C	2	0.46729	1	0.645161	3	0.51458
INSIG1	3	0.700935	0	0	3	0.51458
INSL3	3	0.700935	0	0	3	0.51458
INTS12	3	0.700935	0	0	3	0.51458
IQCF2	2	0.46729	1	0.645161	3	0.51458
IRAK1BP1	3	0.700935	0	0	3	0.51458
IRF9	3	0.700935	0	0	3	0.51458
ISCA1	3	0.700935	0	0	3	0.51458
ISG15	2	0.46729	1	0.645161	3	0.51458
ISG20	2	0.46729	1	0.645161	3	0.51458
ITLN1	3	0.700935	0	0	3	0.51458
ITM2B	2	0.46729	1	0.645161	3	0.51458
IVD	3	0.700935	0	0	3	0.51458
IZUMO1R	3	0.700935	0	0	3	0.51458
IZUMO3	2	0.46729	1	0.645161	3	0.51458
JMJD4	1	0.233645	2	1.29032	3	0.51458
JOSD1	3	0.700935	0	0	3	0.51458
KCNE1	3	0.700935	0	0	3	0.51458
KCNIP3	3	0.700935	0	0	3	0.51458
KIAA1191	2	0.46729	1	0.645161	3	0.51458
KIR2DL4	2	0.46729	1	0.645161	3	0.51458
KITLG	3	0.700935	0	0	3	0.51458
KLF2	3	0.700935	0	0	3	0.51458
KLHDC1	2	0.46729	1	0.645161	3	0.51458
KLHL21	3	0.700935	0	0	3	0.51458
KLK5	3	0.700935	0	0	3	0.51458
KLRC1	2	0.46729	1	0.645161	3	0.51458
KPNA7	3	0.700935	0	0	3	0.51458
KRCC1	1	0.233645	2	1.29032	3	0.51458
KREMEN2	3	0.700935	0	0	3	0.51458
KRT86	3	0.700935	0	0	3	0.51458
KRTAP10-1	1	0.233645	2	1.29032	3	0.51458
KRTAP10-10	3	0.700935	0	0	3	0.51458
KRTAP10-2	3	0.700935	0	0	3	0.51458
KRTAP10-5	3	0.700935	0	0	3	0.51458
KRTAP12-3	3	0.700935	0	0	3	0.51458
KRTAP13-3	1	0.233645	2	1.29032	3	0.51458
KRTAP13-4	2	0.46729	1	0.645161	3	0.51458
KRTAP19-1	3	0.700935	0	0	3	0.51458
KRTAP20-2	1	0.233645	2	1.29032	3	0.51458
KRTAP25-1	2	0.46729	1	0.645161	3	0.51458
KRTAP26-1	3	0.700935	0	0	3	0.51458
KRTAP3-1	3	0.700935	0	0	3	0.51458
KRTAP4-1	3	0.700935	0	0	3	0.51458
KRTAP4-12	3	0.700935	0	0	3	0.51458
KRTAP4-2	3	0.700935	0	0	3	0.51458
KRTAP5-1	3	0.700935	0	0	3	0.51458
KRTAP5-3	2	0.46729	1	0.645161	3	0.51458
KRTAP5-6	2	0.46729	1	0.645161	3	0.51458
KRTAP5-7	2	0.46729	1	0.645161	3	0.51458
KRTAP8-1	1	0.233645	2	1.29032	3	0.51458
KRTAP9-2	2	0.46729	1	0.645161	3	0.51458
KXD1	3	0.700935	0	0	3	0.51458
KY	3	0.700935	0	0	3	0.51458
LAIR2	3	0.700935	0	0	3	0.51458
LAMTOR1	3	0.700935	0	0	3	0.51458
LAMTOR2	2	0.46729	1	0.645161	3	0.51458
LANCL3	3	0.700935	0	0	3	0.51458
LAPTM4A	3	0.700935	0	0	3	0.51458
LAT	1	0.233645	2	1.29032	3	0.51458
LCE1D	2	0.46729	1	0.645161	3	0.51458
LCE1F	2	0.46729	1	0.645161	3	0.51458
LCE2C	3	0.700935	0	0	3	0.51458
LCE2D	3	0.700935	0	0	3	0.51458
LCN9	3	0.700935	0	0	3	0.51458
LDHA	2	0.46729	1	0.645161	3	0.51458
LDHD	3	0.700935	0	0	3	0.51458
LEFTY1	3	0.700935	0	0	3	0.51458
LELP1	3	0.700935	0	0	3	0.51458
LEPROT	2	0.46729	1	0.645161	3	0.51458
LGALS2	2	0.46729	1	0.645161	3	0.51458
LGALS3	3	0.700935	0	0	3	0.51458
LGALS9C	2	0.46729	1	0.645161	3	0.51458
LHB	3	0.700935	0	0	3	0.51458
LHX3	3	0.700935	0	0	3	0.51458
LHX4	1	0.233645	2	1.29032	3	0.51458
LILRA6	2	0.46729	1	0.645161	3	0.51458
LIM2	3	0.700935	0	0	3	0.51458
LIN28B	1	0.233645	2	1.29032	3	0.51458
LIN7C	1	0.233645	2	1.29032	3	0.51458
LIPM	2	0.46729	1	0.645161	3	0.51458
LIPN	3	0.700935	0	0	3	0.51458
LIX1L	1	0.233645	2	1.29032	3	0.51458
LLCFC1	3	0.700935	0	0	3	0.51458
LMNTD2	3	0.700935	0	0	3	0.51458
LMO3	3	0.700935	0	0	3	0.51458
LPCAT3	2	0.46729	1	0.645161	3	0.51458
LRMDA	2	0.46729	1	0.645161	3	0.51458
LRP11	3	0.700935	0	0	3	0.51458
LRRC29	2	0.46729	1	0.645161	3	0.51458
LRRC34	3	0.700935	0	0	3	0.51458
LRRC46	2	0.46729	1	0.645161	3	0.51458
LRRC63	2	0.46729	1	0.645161	3	0.51458
LRRC74B	2	0.46729	1	0.645161	3	0.51458
LRSAM1	3	0.700935	0	0	3	0.51458
LSM11	2	0.46729	1	0.645161	3	0.51458
LSM3	2	0.46729	1	0.645161	3	0.51458
LSMEM1	3	0.700935	0	0	3	0.51458
LSMEM2	3	0.700935	0	0	3	0.51458
LTA4H	3	0.700935	0	0	3	0.51458
LTB4R	1	0.233645	2	1.29032	3	0.51458
LTB4R2	3	0.700935	0	0	3	0.51458
LUC7L	3	0.700935	0	0	3	0.51458
LY6D	2	0.46729	1	0.645161	3	0.51458
LY6G6C	3	0.700935	0	0	3	0.51458
LY75-CD302	2	0.46729	1	0.645161	3	0.51458
LY86	3	0.700935	0	0	3	0.51458
LYG2	3	0.700935	0	0	3	0.51458
LYNX1	3	0.700935	0	0	3	0.51458
LYPD2	3	0.700935	0	0	3	0.51458
LYRM2	2	0.46729	1	0.645161	3	0.51458
LYSMD4	3	0.700935	0	0	3	0.51458
LZIC	2	0.46729	1	0.645161	3	0.51458
M6PR	2	0.46729	1	0.645161	3	0.51458
MAB21L4	3	0.700935	0	0	3	0.51458
MAD2L2	3	0.700935	0	0	3	0.51458
MAFK	3	0.700935	0	0	3	0.51458
MAGEA4	3	0.700935	0	0	3	0.51458
MAGEA8	1	0.233645	2	1.29032	3	0.51458
MAGEB5	3	0.700935	0	0	3	0.51458
MAGOHB	2	0.46729	1	0.645161	3	0.51458
MAPK11	2	0.46729	1	0.645161	3	0.51458
MAPK12	2	0.46729	1	0.645161	3	0.51458
MAPK13	3	0.700935	0	0	3	0.51458
MAPK1IP1L	2	0.46729	1	0.645161	3	0.51458
MAPKAPK3	3	0.700935	0	0	3	0.51458
MAPRE1	3	0.700935	0	0	3	0.51458
MARCHF2	3	0.700935	0	0	3	0.51458
MARCHF9	2	0.46729	1	0.645161	3	0.51458
MBLAC2	3	0.700935	0	0	3	0.51458
MBTPS2	2	0.46729	1	0.645161	3	0.51458
MCU	2	0.46729	1	0.645161	3	0.51458
MEAF6	3	0.700935	0	0	3	0.51458
MED27	2	0.46729	1	0.645161	3	0.51458
MED28	2	0.46729	1	0.645161	3	0.51458
METAP1	3	0.700935	0	0	3	0.51458
METTL17	3	0.700935	0	0	3	0.51458
METTL23	2	0.46729	1	0.645161	3	0.51458
METTL4	3	0.700935	0	0	3	0.51458
MFAP1	2	0.46729	1	0.645161	3	0.51458
MIEF1	2	0.46729	1	0.645161	3	0.51458
MIS18A	3	0.700935	0	0	3	0.51458
MITD1	3	0.700935	0	0	3	0.51458
MKRN2	2	0.46729	1	0.645161	3	0.51458
MLKL	2	0.46729	1	0.645161	3	0.51458
MLST8	2	0.46729	1	0.645161	3	0.51458
MMAB	2	0.46729	1	0.645161	3	0.51458
MMGT1	3	0.700935	0	0	3	0.51458
MOB3B	3	0.700935	0	0	3	0.51458
MOSPD3	2	0.46729	1	0.645161	3	0.51458
MPLKIP	2	0.46729	1	0.645161	3	0.51458
MPND	3	0.700935	0	0	3	0.51458
MPV17L	2	0.46729	1	0.645161	3	0.51458
MPZL3	2	0.46729	1	0.645161	3	0.51458
MRGPRF	3	0.700935	0	0	3	0.51458
MRM2	1	0.233645	2	1.29032	3	0.51458
MRPL18	3	0.700935	0	0	3	0.51458
MRPL35	1	0.233645	2	1.29032	3	0.51458
MRPL37	2	0.46729	1	0.645161	3	0.51458
MRPL48	3	0.700935	0	0	3	0.51458
MRPL50	3	0.700935	0	0	3	0.51458
MRPL53	2	0.46729	1	0.645161	3	0.51458
MRPS12	3	0.700935	0	0	3	0.51458
MRPS14	2	0.46729	1	0.645161	3	0.51458
MRPS25	2	0.46729	1	0.645161	3	0.51458
MS4A12	3	0.700935	0	0	3	0.51458
MS4A4A	2	0.46729	1	0.645161	3	0.51458
MS4A6E	1	0.233645	2	1.29032	3	0.51458
MSANTD2	3	0.700935	0	0	3	0.51458
MSANTD3	3	0.700935	0	0	3	0.51458
MSGN1	2	0.46729	1	0.645161	3	0.51458
MSL1	3	0.700935	0	0	3	0.51458
MTX2	3	0.700935	0	0	3	0.51458
MUC7	3	0.700935	0	0	3	0.51458
MUCL3	2	0.46729	1	0.645161	3	0.51458
MVB12B	1	0.233645	2	1.29032	3	0.51458
MXD4	2	0.46729	1	0.645161	3	0.51458
MYBPHL	3	0.700935	0	0	3	0.51458
MYCBP	1	0.233645	2	1.29032	3	0.51458
MYD88	2	0.46729	1	0.645161	3	0.51458
MYL10	2	0.46729	1	0.645161	3	0.51458
MYL6B	2	0.46729	1	0.645161	3	0.51458
MYL9	2	0.46729	1	0.645161	3	0.51458
MYLPF	2	0.46729	1	0.645161	3	0.51458
N4BP3	2	0.46729	1	0.645161	3	0.51458
N6AMT1	3	0.700935	0	0	3	0.51458
NAA30	1	0.233645	2	1.29032	3	0.51458
NACA2	3	0.700935	0	0	3	0.51458
NANS	1	0.233645	2	1.29032	3	0.51458
NAXE	2	0.46729	1	0.645161	3	0.51458
NBPF26	2	0.46729	1	0.645161	3	0.51458
NCALD	2	0.46729	1	0.645161	3	0.51458
NCBP3	3	0.700935	0	0	3	0.51458
NCCRP1	3	0.700935	0	0	3	0.51458
NCR1	1	0.233645	2	1.29032	3	0.51458
NDRG2	1	0.233645	2	1.29032	3	0.51458
NDUFA4	2	0.46729	1	0.645161	3	0.51458
NDUFAB1	2	0.46729	1	0.645161	3	0.51458
NDUFAF2	3	0.700935	0	0	3	0.51458
NDUFB11	3	0.700935	0	0	3	0.51458
NDUFB3	3	0.700935	0	0	3	0.51458
NDUFS4	1	0.233645	2	1.29032	3	0.51458
NDUFS5	2	0.46729	1	0.645161	3	0.51458
NDUFV2	3	0.700935	0	0	3	0.51458
NEGR1	3	0.700935	0	0	3	0.51458
NENF	2	0.46729	1	0.645161	3	0.51458
NEURL2	3	0.700935	0	0	3	0.51458
NEUROG2	3	0.700935	0	0	3	0.51458
NFKBIA	3	0.700935	0	0	3	0.51458
NFKBIL1	2	0.46729	1	0.645161	3	0.51458
NIF3L1	2	0.46729	1	0.645161	3	0.51458
NIPAL2	2	0.46729	1	0.645161	3	0.51458
NIPSNAP3A	2	0.46729	1	0.645161	3	0.51458
NIPSNAP3B	2	0.46729	1	0.645161	3	0.51458
NKIRAS2	3	0.700935	0	0	3	0.51458
NKX3-2	2	0.46729	1	0.645161	3	0.51458
NMRK1	3	0.700935	0	0	3	0.51458
NMS	3	0.700935	0	0	3	0.51458
NMU	3	0.700935	0	0	3	0.51458
NPM2	3	0.700935	0	0	3	0.51458
NQO1	3	0.700935	0	0	3	0.51458
NQO2	2	0.46729	1	0.645161	3	0.51458
NRARP	3	0.700935	0	0	3	0.51458
NREP	3	0.700935	0	0	3	0.51458
NRG4	3	0.700935	0	0	3	0.51458
NRL	3	0.700935	0	0	3	0.51458
NRM	3	0.700935	0	0	3	0.51458
NSA2	3	0.700935	0	0	3	0.51458
NSG1	3	0.700935	0	0	3	0.51458
NSMCE3	2	0.46729	1	0.645161	3	0.51458
NSMCE4A	3	0.700935	0	0	3	0.51458
NSUN7	2	0.46729	1	0.645161	3	0.51458
NT5DC2	3	0.700935	0	0	3	0.51458
NT5M	3	0.700935	0	0	3	0.51458
NTPCR	3	0.700935	0	0	3	0.51458
NUBP2	2	0.46729	1	0.645161	3	0.51458
NUCB1	2	0.46729	1	0.645161	3	0.51458
NUCKS1	2	0.46729	1	0.645161	3	0.51458
NUDT19	3	0.700935	0	0	3	0.51458
NUDT3	3	0.700935	0	0	3	0.51458
NUSAP1	2	0.46729	1	0.645161	3	0.51458
NUTM2G	2	0.46729	1	0.645161	3	0.51458
NXNL1	2	0.46729	1	0.645161	3	0.51458
OASL	2	0.46729	1	0.645161	3	0.51458
OAZ1	2	0.46729	1	0.645161	3	0.51458
OAZ2	2	0.46729	1	0.645161	3	0.51458
OCIAD2	2	0.46729	1	0.645161	3	0.51458
OCM	3	0.700935	0	0	3	0.51458
OLIG2	2	0.46729	1	0.645161	3	0.51458
OPN1LW	2	0.46729	1	0.645161	3	0.51458
OPN1MW	1	0.233645	2	1.29032	3	0.51458
OR10V1	3	0.700935	0	0	3	0.51458
OR10W1	2	0.46729	1	0.645161	3	0.51458
OR1E1	1	0.233645	2	1.29032	3	0.51458
OR1L4	2	0.46729	1	0.645161	3	0.51458
OR2A42	3	0.700935	0	0	3	0.51458
OR2L5	3	0.700935	0	0	3	0.51458
OR2V2	3	0.700935	0	0	3	0.51458
OR4F6	3	0.700935	0	0	3	0.51458
OR51D1	3	0.700935	0	0	3	0.51458
OR5H15	2	0.46729	1	0.645161	3	0.51458
OR5M11	3	0.700935	0	0	3	0.51458
OR6B1	1	0.233645	2	1.29032	3	0.51458
OR7G3	3	0.700935	0	0	3	0.51458
OR8A1	2	0.46729	1	0.645161	3	0.51458
OR9I1	3	0.700935	0	0	3	0.51458
ORAI3	3	0.700935	0	0	3	0.51458
ORC6	3	0.700935	0	0	3	0.51458
ORM1	2	0.46729	1	0.645161	3	0.51458
OSCAR	3	0.700935	0	0	3	0.51458
OTOR	3	0.700935	0	0	3	0.51458
OTULINL	3	0.700935	0	0	3	0.51458
OXT	3	0.700935	0	0	3	0.51458
OXTR	2	0.46729	1	0.645161	3	0.51458
P4HA1	2	0.46729	1	0.645161	3	0.51458
PABPN1L	2	0.46729	1	0.645161	3	0.51458
PAGE1	3	0.700935	0	0	3	0.51458
PAK1IP1	3	0.700935	0	0	3	0.51458
PALM3	2	0.46729	1	0.645161	3	0.51458
PAQR7	3	0.700935	0	0	3	0.51458
PARG	1	0.233645	2	1.29032	3	0.51458
PATE2	3	0.700935	0	0	3	0.51458
PBLD	3	0.700935	0	0	3	0.51458
PCCB	2	0.46729	1	0.645161	3	0.51458
PCNP	2	0.46729	1	0.645161	3	0.51458
PCP2	3	0.700935	0	0	3	0.51458
PDCD1LG2	2	0.46729	1	0.645161	3	0.51458
PDCD2L	2	0.46729	1	0.645161	3	0.51458
PDCD5	2	0.46729	1	0.645161	3	0.51458
PDE6D	3	0.700935	0	0	3	0.51458
PDGFB	1	0.233645	2	1.29032	3	0.51458
PDGFRL	3	0.700935	0	0	3	0.51458
PDHB	3	0.700935	0	0	3	0.51458
PDIK1L	2	0.46729	1	0.645161	3	0.51458
PDLIM4	3	0.700935	0	0	3	0.51458
PDPK1	2	0.46729	1	0.645161	3	0.51458
PDX1	3	0.700935	0	0	3	0.51458
PDXK	3	0.700935	0	0	3	0.51458
PDZD11	3	0.700935	0	0	3	0.51458
PDZD9	1	0.233645	2	1.29032	3	0.51458
PECAM1	2	0.46729	1	0.645161	3	0.51458
PEX10	3	0.700935	0	0	3	0.51458
PEX19	2	0.46729	1	0.645161	3	0.51458
PF4	3	0.700935	0	0	3	0.51458
PFKFB3	1	0.233645	2	1.29032	3	0.51458
PFKM	2	0.46729	1	0.645161	3	0.51458
PFN4	3	0.700935	0	0	3	0.51458
PGAM2	3	0.700935	0	0	3	0.51458
PGF	2	0.46729	1	0.645161	3	0.51458
PGPEP1L	1	0.233645	2	1.29032	3	0.51458
PHF11	3	0.700935	0	0	3	0.51458
PHOSPHO1	3	0.700935	0	0	3	0.51458
PHOX2A	2	0.46729	1	0.645161	3	0.51458
PICK1	3	0.700935	0	0	3	0.51458
PIGC	2	0.46729	1	0.645161	3	0.51458
PIGX	2	0.46729	1	0.645161	3	0.51458
PIGZ	3	0.700935	0	0	3	0.51458
PILRB	1	0.233645	2	1.29032	3	0.51458
PIM3	2	0.46729	1	0.645161	3	0.51458
PIP4K2C	3	0.700935	0	0	3	0.51458
PJVK	3	0.700935	0	0	3	0.51458
PLA2G5	1	0.233645	2	1.29032	3	0.51458
PLEKHD1	2	0.46729	1	0.645161	3	0.51458
PLP2	3	0.700935	0	0	3	0.51458
PLPBP	3	0.700935	0	0	3	0.51458
PLPP2	2	0.46729	1	0.645161	3	0.51458
PLPP5	3	0.700935	0	0	3	0.51458
PLPPR2	3	0.700935	0	0	3	0.51458
PLPPR3	3	0.700935	0	0	3	0.51458
PMF1	3	0.700935	0	0	3	0.51458
PMPCB	0	0	3	1.93548	3	0.51458
PNKD	3	0.700935	0	0	3	0.51458
PNPO	3	0.700935	0	0	3	0.51458
POLDIP2	2	0.46729	1	0.645161	3	0.51458
POLL	2	0.46729	1	0.645161	3	0.51458
POLR1C	2	0.46729	1	0.645161	3	0.51458
POLR2D	3	0.700935	0	0	3	0.51458
POLR3GL	3	0.700935	0	0	3	0.51458
POLR3H	3	0.700935	0	0	3	0.51458
POLR3K	2	0.46729	1	0.645161	3	0.51458
POMC	3	0.700935	0	0	3	0.51458
POP4	3	0.700935	0	0	3	0.51458
POU4F1	3	0.700935	0	0	3	0.51458
PPA1	3	0.700935	0	0	3	0.51458
PPBP	3	0.700935	0	0	3	0.51458
PPDPFL	1	0.233645	2	1.29032	3	0.51458
PPIAL4G	2	0.46729	1	0.645161	3	0.51458
PPIB	3	0.700935	0	0	3	0.51458
PPIL1	3	0.700935	0	0	3	0.51458
PPM1G	2	0.46729	1	0.645161	3	0.51458
PPP1CA	3	0.700935	0	0	3	0.51458
PPP1R14D	2	0.46729	1	0.645161	3	0.51458
PPP1R1A	2	0.46729	1	0.645161	3	0.51458
PPP1R1B	2	0.46729	1	0.645161	3	0.51458
PPP1R1C	2	0.46729	1	0.645161	3	0.51458
PPP1R3D	3	0.700935	0	0	3	0.51458
PQBP1	3	0.700935	0	0	3	0.51458
PRB1	1	0.233645	2	1.29032	3	0.51458
PRDM12	3	0.700935	0	0	3	0.51458
PRDX1	2	0.46729	1	0.645161	3	0.51458
PRELID3A	3	0.700935	0	0	3	0.51458
PRIMA1	3	0.700935	0	0	3	0.51458
PRKACB	3	0.700935	0	0	3	0.51458
PRKAR2A	2	0.46729	1	0.645161	3	0.51458
PRKX	2	0.46729	1	0.645161	3	0.51458
PRMT1	3	0.700935	0	0	3	0.51458
PROK1	3	0.700935	0	0	3	0.51458
PRPH2	2	0.46729	1	0.645161	3	0.51458
PRPSAP2	3	0.700935	0	0	3	0.51458
PRR16	2	0.46729	1	0.645161	3	0.51458
PRRG4	2	0.46729	1	0.645161	3	0.51458
PRSS21	3	0.700935	0	0	3	0.51458
PRTFDC1	2	0.46729	1	0.645161	3	0.51458
PRXL2B	2	0.46729	1	0.645161	3	0.51458
PSCA	3	0.700935	0	0	3	0.51458
PSMA1	2	0.46729	1	0.645161	3	0.51458
PSMB5	3	0.700935	0	0	3	0.51458
PSMD13	3	0.700935	0	0	3	0.51458
PSME3	1	0.233645	2	1.29032	3	0.51458
PSME3IP1	3	0.700935	0	0	3	0.51458
PSMG1	2	0.46729	1	0.645161	3	0.51458
PSORS1C1	2	0.46729	1	0.645161	3	0.51458
PSORS1C2	2	0.46729	1	0.645161	3	0.51458
PSTPIP1	2	0.46729	1	0.645161	3	0.51458
PTGDS	3	0.700935	0	0	3	0.51458
PTGES2	3	0.700935	0	0	3	0.51458
PTP4A2	1	0.233645	2	1.29032	3	0.51458
PTPA	3	0.700935	0	0	3	0.51458
PTTG1IP	3	0.700935	0	0	3	0.51458
PUDP	3	0.700935	0	0	3	0.51458
PURA	3	0.700935	0	0	3	0.51458
PXDC1	1	0.233645	2	1.29032	3	0.51458
R3HDML	3	0.700935	0	0	3	0.51458
RAB10	2	0.46729	1	0.645161	3	0.51458
RAB11FIP3	3	0.700935	0	0	3	0.51458
RAB1A	3	0.700935	0	0	3	0.51458
RAB1B	3	0.700935	0	0	3	0.51458
RAB21	2	0.46729	1	0.645161	3	0.51458
RAB22A	3	0.700935	0	0	3	0.51458
RAB25	2	0.46729	1	0.645161	3	0.51458
RAB26	3	0.700935	0	0	3	0.51458
RAB28	2	0.46729	1	0.645161	3	0.51458
RAB33A	2	0.46729	1	0.645161	3	0.51458
RAB33B	1	0.233645	2	1.29032	3	0.51458
RAB39B	2	0.46729	1	0.645161	3	0.51458
RAB3A	3	0.700935	0	0	3	0.51458
RAB40A	2	0.46729	1	0.645161	3	0.51458
RAB5C	3	0.700935	0	0	3	0.51458
RAB9A	2	0.46729	1	0.645161	3	0.51458
RAB9B	2	0.46729	1	0.645161	3	0.51458
RABEPK	3	0.700935	0	0	3	0.51458
RABIF	1	0.233645	2	1.29032	3	0.51458
RABL2B	2	0.46729	1	0.645161	3	0.51458
RABL3	1	0.233645	2	1.29032	3	0.51458
RACGAP1	3	0.700935	0	0	3	0.51458
RACK1	3	0.700935	0	0	3	0.51458
RAD1	2	0.46729	1	0.645161	3	0.51458
RAD21L1	1	0.233645	2	1.29032	3	0.51458
RAET1E	3	0.700935	0	0	3	0.51458
RAET1G	2	0.46729	1	0.645161	3	0.51458
RAET1L	3	0.700935	0	0	3	0.51458
RAPSN	3	0.700935	0	0	3	0.51458
RASA4	3	0.700935	0	0	3	0.51458
RASD2	2	0.46729	1	0.645161	3	0.51458
RASL11B	3	0.700935	0	0	3	0.51458
RBBP4	3	0.700935	0	0	3	0.51458
RBBP9	3	0.700935	0	0	3	0.51458
RBIS	3	0.700935	0	0	3	0.51458
RBM18	3	0.700935	0	0	3	0.51458
RBM20	3	0.700935	0	0	3	0.51458
RBMXL1	2	0.46729	1	0.645161	3	0.51458
RBP2	2	0.46729	1	0.645161	3	0.51458
RBP4	3	0.700935	0	0	3	0.51458
RCCD1	2	0.46729	1	0.645161	3	0.51458
RCE1	2	0.46729	1	0.645161	3	0.51458
REEP6	2	0.46729	1	0.645161	3	0.51458
REPIN1	3	0.700935	0	0	3	0.51458
RETN	3	0.700935	0	0	3	0.51458
RFESD	2	0.46729	1	0.645161	3	0.51458
RFLNB	3	0.700935	0	0	3	0.51458
RFXAP	3	0.700935	0	0	3	0.51458
RGN	2	0.46729	1	0.645161	3	0.51458
RGPD2	3	0.700935	0	0	3	0.51458
RGS16	3	0.700935	0	0	3	0.51458
RGS9BP	3	0.700935	0	0	3	0.51458
RGSL1	2	0.46729	1	0.645161	3	0.51458
RHBDD2	3	0.700935	0	0	3	0.51458
RHEB	2	0.46729	1	0.645161	3	0.51458
RHNO1	3	0.700935	0	0	3	0.51458
RHOU	3	0.700935	0	0	3	0.51458
RHOXF1	3	0.700935	0	0	3	0.51458
RILPL2	3	0.700935	0	0	3	0.51458
RIMKLA	3	0.700935	0	0	3	0.51458
RIMS4	1	0.233645	2	1.29032	3	0.51458
RIPPLY2	3	0.700935	0	0	3	0.51458
RIT1	1	0.233645	2	1.29032	3	0.51458
RMDN3	3	0.700935	0	0	3	0.51458
RMND5A	3	0.700935	0	0	3	0.51458
RNASE12	1	0.233645	2	1.29032	3	0.51458
RNF121	3	0.700935	0	0	3	0.51458
RNF141	2	0.46729	1	0.645161	3	0.51458
RNF149	2	0.46729	1	0.645161	3	0.51458
RNF170	3	0.700935	0	0	3	0.51458
RNF24	2	0.46729	1	0.645161	3	0.51458
RNF7	2	0.46729	1	0.645161	3	0.51458
ROPN1	3	0.700935	0	0	3	0.51458
ROPN1L	3	0.700935	0	0	3	0.51458
RPL11	1	0.233645	2	1.29032	3	0.51458
RPL13A	2	0.46729	1	0.645161	3	0.51458
RPL14	3	0.700935	0	0	3	0.51458
RPL19	2	0.46729	1	0.645161	3	0.51458
RPL21	1	0.233645	2	1.29032	3	0.51458
RPL27	2	0.46729	1	0.645161	3	0.51458
RPL31	3	0.700935	0	0	3	0.51458
RPL32	3	0.700935	0	0	3	0.51458
RPL7L1	3	0.700935	0	0	3	0.51458
RPL8	2	0.46729	1	0.645161	3	0.51458
RPL9	2	0.46729	1	0.645161	3	0.51458
RPN2	2	0.46729	1	0.645161	3	0.51458
RPP14	2	0.46729	1	0.645161	3	0.51458
RPP25L	3	0.700935	0	0	3	0.51458
RPS10-NUDT3	2	0.46729	1	0.645161	3	0.51458
RPS11	3	0.700935	0	0	3	0.51458
RPSA	3	0.700935	0	0	3	0.51458
RRAGD	2	0.46729	1	0.645161	3	0.51458
RRAS	3	0.700935	0	0	3	0.51458
RRP36	2	0.46729	1	0.645161	3	0.51458
RRP7A	3	0.700935	0	0	3	0.51458
RTF2	2	0.46729	1	0.645161	3	0.51458
RTL8C	3	0.700935	0	0	3	0.51458
RUNDC1	3	0.700935	0	0	3	0.51458
RWDD3	2	0.46729	1	0.645161	3	0.51458
RYBP	3	0.700935	0	0	3	0.51458
S100A2	3	0.700935	0	0	3	0.51458
S100G	3	0.700935	0	0	3	0.51458
S100Z	2	0.46729	1	0.645161	3	0.51458
SAC3D1	3	0.700935	0	0	3	0.51458
SAMD8	3	0.700935	0	0	3	0.51458
SAP30L	3	0.700935	0	0	3	0.51458
SAPCD2	3	0.700935	0	0	3	0.51458
SAR1A	2	0.46729	1	0.645161	3	0.51458
SARS2	3	0.700935	0	0	3	0.51458
SAT2	2	0.46729	1	0.645161	3	0.51458
SCAMP3	3	0.700935	0	0	3	0.51458
SCARB1	2	0.46729	1	0.645161	3	0.51458
SCGB1D2	0	0	3	1.93548	3	0.51458
SCML1	2	0.46729	1	0.645161	3	0.51458
SCN4B	3	0.700935	0	0	3	0.51458
SCO2	3	0.700935	0	0	3	0.51458
SDHAF3	3	0.700935	0	0	3	0.51458
SEC14L2	3	0.700935	0	0	3	0.51458
SEC61A2	2	0.46729	1	0.645161	3	0.51458
SEC61B	3	0.700935	0	0	3	0.51458
SECTM1	3	0.700935	0	0	3	0.51458
SELENBP1	2	0.46729	1	0.645161	3	0.51458
SELENOV	3	0.700935	0	0	3	0.51458
SEPTIN1	3	0.700935	0	0	3	0.51458
SERINC1	2	0.46729	1	0.645161	3	0.51458
SERPINB5	2	0.46729	1	0.645161	3	0.51458
SERTAD3	3	0.700935	0	0	3	0.51458
SERTM1	2	0.46729	1	0.645161	3	0.51458
SETD9	2	0.46729	1	0.645161	3	0.51458
SFT2D2	3	0.700935	0	0	3	0.51458
SFTPC	3	0.700935	0	0	3	0.51458
SFXN1	2	0.46729	1	0.645161	3	0.51458
SH2D1B	2	0.46729	1	0.645161	3	0.51458
SH3BGRL	2	0.46729	1	0.645161	3	0.51458
SH3BGRL2	3	0.700935	0	0	3	0.51458
SHISA2	3	0.700935	0	0	3	0.51458
SHISA4	3	0.700935	0	0	3	0.51458
SIGMAR1	3	0.700935	0	0	3	0.51458
SIM2	3	0.700935	0	0	3	0.51458
SIRPD	2	0.46729	1	0.645161	3	0.51458
SIRT5	2	0.46729	1	0.645161	3	0.51458
SIRT6	3	0.700935	0	0	3	0.51458
SKA1	1	0.233645	2	1.29032	3	0.51458
SLC10A7	3	0.700935	0	0	3	0.51458
SLC22A18	3	0.700935	0	0	3	0.51458
SLC22A24	1	0.233645	2	1.29032	3	0.51458
SLC25A1	3	0.700935	0	0	3	0.51458
SLC25A15	2	0.46729	1	0.645161	3	0.51458
SLC25A22	3	0.700935	0	0	3	0.51458
SLC25A45	3	0.700935	0	0	3	0.51458
SLC25A47	2	0.46729	1	0.645161	3	0.51458
SLC30A4	1	0.233645	2	1.29032	3	0.51458
SLC35A1	2	0.46729	1	0.645161	3	0.51458
SLC35B4	3	0.700935	0	0	3	0.51458
SLC35E4	3	0.700935	0	0	3	0.51458
SLC38A2	1	0.233645	2	1.29032	3	0.51458
SLC39A3	2	0.46729	1	0.645161	3	0.51458
SLC39A9	3	0.700935	0	0	3	0.51458
SLC66A3	1	0.233645	2	1.29032	3	0.51458
SLC7A6	3	0.700935	0	0	3	0.51458
SLURP1	2	0.46729	1	0.645161	3	0.51458
SMAD6	3	0.700935	0	0	3	0.51458
SMAD7	1	0.233645	2	1.29032	3	0.51458
SMCO3	1	0.233645	2	1.29032	3	0.51458
SMG9	3	0.700935	0	0	3	0.51458
SMPDL3A	2	0.46729	1	0.645161	3	0.51458
SMS	3	0.700935	0	0	3	0.51458
SMTNL2	3	0.700935	0	0	3	0.51458
SNAI2	2	0.46729	1	0.645161	3	0.51458
SNAPIN	2	0.46729	1	0.645161	3	0.51458
SNF8	2	0.46729	1	0.645161	3	0.51458
SNRNP27	3	0.700935	0	0	3	0.51458
SNRNP40	2	0.46729	1	0.645161	3	0.51458
SNTN	2	0.46729	1	0.645161	3	0.51458
SNUPN	1	0.233645	2	1.29032	3	0.51458
SNX12	3	0.700935	0	0	3	0.51458
SNX22	2	0.46729	1	0.645161	3	0.51458
SNX4	3	0.700935	0	0	3	0.51458
SNX5	2	0.46729	1	0.645161	3	0.51458
SOCS2	2	0.46729	1	0.645161	3	0.51458
SOCS4	1	0.233645	2	1.29032	3	0.51458
SORBS3	3	0.700935	0	0	3	0.51458
SOSTDC1	2	0.46729	1	0.645161	3	0.51458
SOX1	3	0.700935	0	0	3	0.51458
SOX4	3	0.700935	0	0	3	0.51458
SOX8	3	0.700935	0	0	3	0.51458
SPA17	3	0.700935	0	0	3	0.51458
SPACA4	3	0.700935	0	0	3	0.51458
SPATA25	3	0.700935	0	0	3	0.51458
SPATA48	2	0.46729	1	0.645161	3	0.51458
SPC25	3	0.700935	0	0	3	0.51458
SPCS3	3	0.700935	0	0	3	0.51458
SPDYC	3	0.700935	0	0	3	0.51458
SPDYE6	2	0.46729	1	0.645161	3	0.51458
SPEF1	2	0.46729	1	0.645161	3	0.51458
SPHK1	3	0.700935	0	0	3	0.51458
SPIC	3	0.700935	0	0	3	0.51458
SPIN2B	3	0.700935	0	0	3	0.51458
SPIN3	2	0.46729	1	0.645161	3	0.51458
SPINK2	2	0.46729	1	0.645161	3	0.51458
SPINK4	2	0.46729	1	0.645161	3	0.51458
SPPL3	3	0.700935	0	0	3	0.51458
SPRING1	3	0.700935	0	0	3	0.51458
SPRR2F	2	0.46729	1	0.645161	3	0.51458
SPRY2	3	0.700935	0	0	3	0.51458
SPRYD3	2	0.46729	1	0.645161	3	0.51458
SPRYD4	1	0.233645	2	1.29032	3	0.51458
SPTSSB	2	0.46729	1	0.645161	3	0.51458
SRI	1	0.233645	2	1.29032	3	0.51458
SRRD	3	0.700935	0	0	3	0.51458
SRRM5	2	0.46729	1	0.645161	3	0.51458
SRSF8	2	0.46729	1	0.645161	3	0.51458
SSBP1	3	0.700935	0	0	3	0.51458
SST	3	0.700935	0	0	3	0.51458
SSU72	3	0.700935	0	0	3	0.51458
ST6GALNAC4	2	0.46729	1	0.645161	3	0.51458
STAR	3	0.700935	0	0	3	0.51458
STARD4	2	0.46729	1	0.645161	3	0.51458
STK17B	3	0.700935	0	0	3	0.51458
STK19	2	0.46729	1	0.645161	3	0.51458
STMN1	2	0.46729	1	0.645161	3	0.51458
STMN2	2	0.46729	1	0.645161	3	0.51458
STMN3	3	0.700935	0	0	3	0.51458
STN1	3	0.700935	0	0	3	0.51458
STX6	3	0.700935	0	0	3	0.51458
SUCLG2	3	0.700935	0	0	3	0.51458
SUDS3	2	0.46729	1	0.645161	3	0.51458
SUFU	3	0.700935	0	0	3	0.51458
SUGT1	2	0.46729	1	0.645161	3	0.51458
SULT1A2	3	0.700935	0	0	3	0.51458
SULT1C4	2	0.46729	1	0.645161	3	0.51458
SULT2A1	2	0.46729	1	0.645161	3	0.51458
SVIP	2	0.46729	1	0.645161	3	0.51458
SWSAP1	2	0.46729	1	0.645161	3	0.51458
SYCP3	3	0.700935	0	0	3	0.51458
SYNPR	2	0.46729	1	0.645161	3	0.51458
SYT13	2	0.46729	1	0.645161	3	0.51458
SYT15	3	0.700935	0	0	3	0.51458
TAC1	3	0.700935	0	0	3	0.51458
TAC4	3	0.700935	0	0	3	0.51458
TACSTD2	3	0.700935	0	0	3	0.51458
TAGLN2	2	0.46729	1	0.645161	3	0.51458
TAGLN3	2	0.46729	1	0.645161	3	0.51458
TALDO1	2	0.46729	1	0.645161	3	0.51458
TAMM41	2	0.46729	1	0.645161	3	0.51458
TATDN1	2	0.46729	1	0.645161	3	0.51458
TBC1D21	3	0.700935	0	0	3	0.51458
TBC1D28	3	0.700935	0	0	3	0.51458
TBC1D3B	2	0.46729	1	0.645161	3	0.51458
TBL1Y	1	0.233645	2	1.29032	3	0.51458
TBPL2	3	0.700935	0	0	3	0.51458
TBRG1	3	0.700935	0	0	3	0.51458
TCAF1	2	0.46729	1	0.645161	3	0.51458
TCEA3	3	0.700935	0	0	3	0.51458
TCEAL5	3	0.700935	0	0	3	0.51458
TCF21	3	0.700935	0	0	3	0.51458
TCL1A	3	0.700935	0	0	3	0.51458
TCTE3	2	0.46729	1	0.645161	3	0.51458
TDGF1	2	0.46729	1	0.645161	3	0.51458
TDP1	3	0.700935	0	0	3	0.51458
TDRD12	3	0.700935	0	0	3	0.51458
TEDC2	3	0.700935	0	0	3	0.51458
TENT5C	3	0.700935	0	0	3	0.51458
TESC	2	0.46729	1	0.645161	3	0.51458
TEX26	3	0.700935	0	0	3	0.51458
TEX43	3	0.700935	0	0	3	0.51458
TFF2	2	0.46729	1	0.645161	3	0.51458
TFPT	1	0.233645	2	1.29032	3	0.51458
TGIF2	3	0.700935	0	0	3	0.51458
THAP11	3	0.700935	0	0	3	0.51458
THOC6	3	0.700935	0	0	3	0.51458
THOC7	3	0.700935	0	0	3	0.51458
THTPA	3	0.700935	0	0	3	0.51458
TIAF1	3	0.700935	0	0	3	0.51458
TIFA	2	0.46729	1	0.645161	3	0.51458
TIFAB	3	0.700935	0	0	3	0.51458
TIMP1	1	0.233645	2	1.29032	3	0.51458
TIMP2	3	0.700935	0	0	3	0.51458
TIPIN	1	0.233645	2	1.29032	3	0.51458
TK2	2	0.46729	1	0.645161	3	0.51458
TLCD1	2	0.46729	1	0.645161	3	0.51458
TLCD4	3	0.700935	0	0	3	0.51458
TM2D1	2	0.46729	1	0.645161	3	0.51458
TM4SF18	2	0.46729	1	0.645161	3	0.51458
TM4SF20	3	0.700935	0	0	3	0.51458
TM7SF2	3	0.700935	0	0	3	0.51458
TMBIM6	3	0.700935	0	0	3	0.51458
TMCO2	2	0.46729	1	0.645161	3	0.51458
TMED1	2	0.46729	1	0.645161	3	0.51458
TMEM101	3	0.700935	0	0	3	0.51458
TMEM11	1	0.233645	2	1.29032	3	0.51458
TMEM129	2	0.46729	1	0.645161	3	0.51458
TMEM138	3	0.700935	0	0	3	0.51458
TMEM141	3	0.700935	0	0	3	0.51458
TMEM143	3	0.700935	0	0	3	0.51458
TMEM150A	3	0.700935	0	0	3	0.51458
TMEM170B	2	0.46729	1	0.645161	3	0.51458
TMEM179B	3	0.700935	0	0	3	0.51458
TMEM184B	3	0.700935	0	0	3	0.51458
TMEM200B	3	0.700935	0	0	3	0.51458
TMEM201	3	0.700935	0	0	3	0.51458
TMEM205	3	0.700935	0	0	3	0.51458
TMEM207	3	0.700935	0	0	3	0.51458
TMEM218	3	0.700935	0	0	3	0.51458
TMEM219	3	0.700935	0	0	3	0.51458
TMEM222	3	0.700935	0	0	3	0.51458
TMEM242	2	0.46729	1	0.645161	3	0.51458
TMEM268	2	0.46729	1	0.645161	3	0.51458
TMEM39B	3	0.700935	0	0	3	0.51458
TMEM45B	1	0.233645	2	1.29032	3	0.51458
TMEM52	2	0.46729	1	0.645161	3	0.51458
TMEM70	2	0.46729	1	0.645161	3	0.51458
TMEM82	2	0.46729	1	0.645161	3	0.51458
TMEM9	2	0.46729	1	0.645161	3	0.51458
TMLHE	1	0.233645	2	1.29032	3	0.51458
TMOD3	2	0.46729	1	0.645161	3	0.51458
TMUB2	3	0.700935	0	0	3	0.51458
TMX1	3	0.700935	0	0	3	0.51458
TMX4	3	0.700935	0	0	3	0.51458
TNFAIP8L3	2	0.46729	1	0.645161	3	0.51458
TNFRSF14	2	0.46729	1	0.645161	3	0.51458
TNFRSF18	3	0.700935	0	0	3	0.51458
TNFRSF1B	2	0.46729	1	0.645161	3	0.51458
TNFRSF25	3	0.700935	0	0	3	0.51458
TNNC2	3	0.700935	0	0	3	0.51458
TNNI2	2	0.46729	1	0.645161	3	0.51458
TNP2	1	0.233645	2	1.29032	3	0.51458
TOB1	1	0.233645	2	1.29032	3	0.51458
TOB2	3	0.700935	0	0	3	0.51458
TOM1	3	0.700935	0	0	3	0.51458
TOMM40L	3	0.700935	0	0	3	0.51458
TP53RK	2	0.46729	1	0.645161	3	0.51458
TPI1	3	0.700935	0	0	3	0.51458
TPM4	1	0.233645	2	1.29032	3	0.51458
TPRA1	3	0.700935	0	0	3	0.51458
TPRG1L	1	0.233645	2	1.29032	3	0.51458
TPRKB	2	0.46729	1	0.645161	3	0.51458
TRA2A	2	0.46729	1	0.645161	3	0.51458
TRADD	3	0.700935	0	0	3	0.51458
TRAF4	3	0.700935	0	0	3	0.51458
TRAPPC2L	1	0.233645	2	1.29032	3	0.51458
TRAPPC3L	2	0.46729	1	0.645161	3	0.51458
TRAPPC5	3	0.700935	0	0	3	0.51458
TRARG1	0	0	3	1.93548	3	0.51458
TRAT1	2	0.46729	1	0.645161	3	0.51458
TRAV22	2	0.46729	1	0.645161	3	0.51458
TRAV6	1	0.233645	2	1.29032	3	0.51458
TREML1	2	0.46729	1	0.645161	3	0.51458
TREML2	3	0.700935	0	0	3	0.51458
TRH	2	0.46729	1	0.645161	3	0.51458
TRIM11	3	0.700935	0	0	3	0.51458
TRIM16L	3	0.700935	0	0	3	0.51458
TRIM5	3	0.700935	0	0	3	0.51458
TRIM61	2	0.46729	1	0.645161	3	0.51458
TRIM8	2	0.46729	1	0.645161	3	0.51458
TRMT2B	2	0.46729	1	0.645161	3	0.51458
TSC22D3	2	0.46729	1	0.645161	3	0.51458
TSEN34	3	0.700935	0	0	3	0.51458
TSHB	1	0.233645	2	1.29032	3	0.51458
TSKU	2	0.46729	1	0.645161	3	0.51458
TSPAN13	2	0.46729	1	0.645161	3	0.51458
TSPAN33	3	0.700935	0	0	3	0.51458
TSSC4	3	0.700935	0	0	3	0.51458
TST	3	0.700935	0	0	3	0.51458
TTC19	1	0.233645	2	1.29032	3	0.51458
TTC34	2	0.46729	1	0.645161	3	0.51458
TUBA8	2	0.46729	1	0.645161	3	0.51458
TVP23B	3	0.700935	0	0	3	0.51458
TWF2	3	0.700935	0	0	3	0.51458
TXNDC15	2	0.46729	1	0.645161	3	0.51458
TXNDC17	3	0.700935	0	0	3	0.51458
TXNL4A	3	0.700935	0	0	3	0.51458
UAP1	2	0.46729	1	0.645161	3	0.51458
UBA52	3	0.700935	0	0	3	0.51458
UBAP1	3	0.700935	0	0	3	0.51458
UBC	3	0.700935	0	0	3	0.51458
UBE2B	3	0.700935	0	0	3	0.51458
UBE2C	2	0.46729	1	0.645161	3	0.51458
UBE2E1	3	0.700935	0	0	3	0.51458
UBE2G1	3	0.700935	0	0	3	0.51458
UBE2G2	3	0.700935	0	0	3	0.51458
UBE2T	3	0.700935	0	0	3	0.51458
UBE2W	2	0.46729	1	0.645161	3	0.51458
UBOX5	2	0.46729	1	0.645161	3	0.51458
UBTD1	2	0.46729	1	0.645161	3	0.51458
UBTD2	3	0.700935	0	0	3	0.51458
UBXN1	2	0.46729	1	0.645161	3	0.51458
UBXN10	3	0.700935	0	0	3	0.51458
UBXN2A	3	0.700935	0	0	3	0.51458
UCHL1	1	0.233645	2	1.29032	3	0.51458
UCK2	3	0.700935	0	0	3	0.51458
UCN2	3	0.700935	0	0	3	0.51458
UCP3	3	0.700935	0	0	3	0.51458
UFC1	3	0.700935	0	0	3	0.51458
UFD1	2	0.46729	1	0.645161	3	0.51458
UMPS	1	0.233645	2	1.29032	3	0.51458
UQCC2	2	0.46729	1	0.645161	3	0.51458
USP14	3	0.700935	0	0	3	0.51458
UTS2B	3	0.700935	0	0	3	0.51458
VAMP4	2	0.46729	1	0.645161	3	0.51458
VAMP8	2	0.46729	1	0.645161	3	0.51458
VAPB	2	0.46729	1	0.645161	3	0.51458
VCX3A	2	0.46729	1	0.645161	3	0.51458
VCX3B	3	0.700935	0	0	3	0.51458
VDAC3	3	0.700935	0	0	3	0.51458
VN1R4	2	0.46729	1	0.645161	3	0.51458
VPS26B	3	0.700935	0	0	3	0.51458
VPS37A	3	0.700935	0	0	3	0.51458
VTA1	3	0.700935	0	0	3	0.51458
WASHC3	1	0.233645	2	1.29032	3	0.51458
WDFY1	2	0.46729	1	0.645161	3	0.51458
WDR18	3	0.700935	0	0	3	0.51458
WDR38	3	0.700935	0	0	3	0.51458
WDR46	2	0.46729	1	0.645161	3	0.51458
WDR54	2	0.46729	1	0.645161	3	0.51458
WDR73	2	0.46729	1	0.645161	3	0.51458
WFDC3	2	0.46729	1	0.645161	3	0.51458
WFIKKN1	2	0.46729	1	0.645161	3	0.51458
WNT5B	3	0.700935	0	0	3	0.51458
WNT6	2	0.46729	1	0.645161	3	0.51458
WNT8B	2	0.46729	1	0.645161	3	0.51458
XAF1	2	0.46729	1	0.645161	3	0.51458
XAGE5	2	0.46729	1	0.645161	3	0.51458
XKR5	2	0.46729	1	0.645161	3	0.51458
YAF2	2	0.46729	1	0.645161	3	0.51458
YBX3	2	0.46729	1	0.645161	3	0.51458
YEATS4	1	0.233645	2	1.29032	3	0.51458
YIPF1	2	0.46729	1	0.645161	3	0.51458
YIPF2	2	0.46729	1	0.645161	3	0.51458
YIPF6	3	0.700935	0	0	3	0.51458
YKT6	0	0	3	1.93548	3	0.51458
YOD1	3	0.700935	0	0	3	0.51458
YPEL2	2	0.46729	1	0.645161	3	0.51458
ZAR1	2	0.46729	1	0.645161	3	0.51458
ZAR1L	2	0.46729	1	0.645161	3	0.51458
ZBED5	2	0.46729	1	0.645161	3	0.51458
ZBTB37	2	0.46729	1	0.645161	3	0.51458
ZBTB47	3	0.700935	0	0	3	0.51458
ZC3HAV1L	2	0.46729	1	0.645161	3	0.51458
ZCCHC17	2	0.46729	1	0.645161	3	0.51458
ZDHHC12	3	0.700935	0	0	3	0.51458
ZFP1	3	0.700935	0	0	3	0.51458
ZFP41	2	0.46729	1	0.645161	3	0.51458
ZFP62	3	0.700935	0	0	3	0.51458
ZFYVE21	3	0.700935	0	0	3	0.51458
ZIC5	3	0.700935	0	0	3	0.51458
ZNF138	2	0.46729	1	0.645161	3	0.51458
ZNF250	3	0.700935	0	0	3	0.51458
ZNF343	3	0.700935	0	0	3	0.51458
ZNF512	2	0.46729	1	0.645161	3	0.51458
ZNF561	1	0.233645	2	1.29032	3	0.51458
ZNF641	3	0.700935	0	0	3	0.51458
ZNF679	2	0.46729	1	0.645161	3	0.51458
ZNF727	1	0.233645	2	1.29032	3	0.51458
ZNF735	2	0.46729	1	0.645161	3	0.51458
ZNF805	2	0.46729	1	0.645161	3	0.51458
ZNF814	2	0.46729	1	0.645161	3	0.51458
ZNF845	2	0.46729	1	0.645161	3	0.51458
ZNF879	2	0.46729	1	0.645161	3	0.51458
ZNHIT3	3	0.700935	0	0	3	0.51458
ZNRF1	3	0.700935	0	0	3	0.51458
ZP3	2	0.46729	1	0.645161	3	0.51458
ZRSR2	3	0.700935	0	0	3	0.51458
ZSCAN21	2	0.46729	1	0.645161	3	0.51458
ZSWIM6	2	0.46729	1	0.645161	3	0.51458
AAMDC	2	0.46729	0	0	2	0.343053
ABHD11	2	0.46729	0	0	2	0.343053
ABHD12B	2	0.46729	0	0	2	0.343053
ABHD16B	2	0.46729	0	0	2	0.343053
ABITRAM	1	0.233645	1	0.645161	2	0.343053
ABRACL	2	0.46729	0	0	2	0.343053
AC004832.3	2	0.46729	0	0	2	0.343053
AC005833.1	2	0.46729	0	0	2	0.343053
AC093525.2	2	0.46729	0	0	2	0.343053
AC104452.1	2	0.46729	0	0	2	0.343053
AC109583.1	1	0.233645	1	0.645161	2	0.343053
AC131160.1	1	0.233645	1	0.645161	2	0.343053
AC245033.1	2	0.46729	0	0	2	0.343053
ACOD1	2	0.46729	0	0	2	0.343053
ACOT1	2	0.46729	0	0	2	0.343053
ACOT13	1	0.233645	1	0.645161	2	0.343053
ACSM6	2	0.46729	0	0	2	0.343053
ACTL10	2	0.46729	0	0	2	0.343053
ACYP1	1	0.233645	1	0.645161	2	0.343053
ACYP2	2	0.46729	0	0	2	0.343053
ADIPOR1	2	0.46729	0	0	2	0.343053
AEN	2	0.46729	0	0	2	0.343053
AHSA1	2	0.46729	0	0	2	0.343053
AIG1	2	0.46729	0	0	2	0.343053
AIMP1	2	0.46729	0	0	2	0.343053
AK4	1	0.233645	1	0.645161	2	0.343053
AKIP1	1	0.233645	1	0.645161	2	0.343053
AKR1A1	1	0.233645	1	0.645161	2	0.343053
AL035460.1	2	0.46729	0	0	2	0.343053
AL035461.3	2	0.46729	0	0	2	0.343053
AL358113.1	2	0.46729	0	0	2	0.343053
AL669918.1	2	0.46729	0	0	2	0.343053
ALKBH2	2	0.46729	0	0	2	0.343053
ALKBH3	2	0.46729	0	0	2	0.343053
ALOX5AP	2	0.46729	0	0	2	0.343053
AMELX	2	0.46729	0	0	2	0.343053
AMN1	0	0	2	1.29032	2	0.343053
AMT	2	0.46729	0	0	2	0.343053
AMTN	1	0.233645	1	0.645161	2	0.343053
ANGPTL4	1	0.233645	1	0.645161	2	0.343053
ANGPTL8	2	0.46729	0	0	2	0.343053
ANKRD18A	1	0.233645	1	0.645161	2	0.343053
ANKRD30BL	1	0.233645	1	0.645161	2	0.343053
ANKRD39	2	0.46729	0	0	2	0.343053
ANKRD9	2	0.46729	0	0	2	0.343053
ANKS3	2	0.46729	0	0	2	0.343053
ANKUB1	1	0.233645	1	0.645161	2	0.343053
AP000311.1	2	0.46729	0	0	2	0.343053
AP000721.1	2	0.46729	0	0	2	0.343053
AP000812.4	2	0.46729	0	0	2	0.343053
AP001781.2	2	0.46729	0	0	2	0.343053
APLN	1	0.233645	1	0.645161	2	0.343053
APOA2	2	0.46729	0	0	2	0.343053
APOC4	2	0.46729	0	0	2	0.343053
APOLD1	2	0.46729	0	0	2	0.343053
APOM	1	0.233645	1	0.645161	2	0.343053
AQP11	2	0.46729	0	0	2	0.343053
AQP12A	2	0.46729	0	0	2	0.343053
AQP12B	2	0.46729	0	0	2	0.343053
AQP5	2	0.46729	0	0	2	0.343053
AQP6	1	0.233645	1	0.645161	2	0.343053
ARG1	2	0.46729	0	0	2	0.343053
ARHGAP23	1	0.233645	1	0.645161	2	0.343053
ARHGDIA	2	0.46729	0	0	2	0.343053
ARHGEF35	0	0	2	1.29032	2	0.343053
ARHGEF38	2	0.46729	0	0	2	0.343053
ARL3	1	0.233645	1	0.645161	2	0.343053
ARL4D	2	0.46729	0	0	2	0.343053
ARL5A	1	0.233645	1	0.645161	2	0.343053
ARL6IP1	1	0.233645	1	0.645161	2	0.343053
ARL6IP4	1	0.233645	1	0.645161	2	0.343053
ARL8A	2	0.46729	0	0	2	0.343053
ARL9	2	0.46729	0	0	2	0.343053
ARMS2	2	0.46729	0	0	2	0.343053
ARPC3	2	0.46729	0	0	2	0.343053
ARPC4	1	0.233645	1	0.645161	2	0.343053
ARPC5L	1	0.233645	1	0.645161	2	0.343053
ASB10	2	0.46729	0	0	2	0.343053
ASB6	1	0.233645	1	0.645161	2	0.343053
ASCL1	2	0.46729	0	0	2	0.343053
ASCL3	1	0.233645	1	0.645161	2	0.343053
ASIP	2	0.46729	0	0	2	0.343053
ASRGL1	2	0.46729	0	0	2	0.343053
ATF3	1	0.233645	1	0.645161	2	0.343053
ATG12	2	0.46729	0	0	2	0.343053
ATP5F1D	1	0.233645	1	0.645161	2	0.343053
ATP5MC2	2	0.46729	0	0	2	0.343053
ATP5MD	2	0.46729	0	0	2	0.343053
ATP5MF	2	0.46729	0	0	2	0.343053
ATP5PO	2	0.46729	0	0	2	0.343053
ATP6V0E2	2	0.46729	0	0	2	0.343053
ATP6V1D	2	0.46729	0	0	2	0.343053
AZI2	2	0.46729	0	0	2	0.343053
B4GALT4	2	0.46729	0	0	2	0.343053
B9D1	2	0.46729	0	0	2	0.343053
BAG1	1	0.233645	1	0.645161	2	0.343053
BANF2	2	0.46729	0	0	2	0.343053
BARX2	2	0.46729	0	0	2	0.343053
BCAS4	2	0.46729	0	0	2	0.343053
BCL2	1	0.233645	1	0.645161	2	0.343053
BCL2L10	2	0.46729	0	0	2	0.343053
BCL2L2-PABPN1	2	0.46729	0	0	2	0.343053
BDH2	2	0.46729	0	0	2	0.343053
BHLHA15	2	0.46729	0	0	2	0.343053
BHLHE23	2	0.46729	0	0	2	0.343053
BID	2	0.46729	0	0	2	0.343053
BIRC5	2	0.46729	0	0	2	0.343053
BIRC7	2	0.46729	0	0	2	0.343053
BLCAP	1	0.233645	1	0.645161	2	0.343053
BLOC1S5	2	0.46729	0	0	2	0.343053
BLVRB	2	0.46729	0	0	2	0.343053
BNIP3	2	0.46729	0	0	2	0.343053
BOK	2	0.46729	0	0	2	0.343053
BOLA3	1	0.233645	1	0.645161	2	0.343053
BRI3BP	1	0.233645	1	0.645161	2	0.343053
BRIX1	1	0.233645	1	0.645161	2	0.343053
BSPRY	2	0.46729	0	0	2	0.343053
BTBD6	2	0.46729	0	0	2	0.343053
BTC	2	0.46729	0	0	2	0.343053
BTF3	2	0.46729	0	0	2	0.343053
BUD23	2	0.46729	0	0	2	0.343053
BUD31	1	0.233645	1	0.645161	2	0.343053
C10orf53	2	0.46729	0	0	2	0.343053
C10orf82	1	0.233645	1	0.645161	2	0.343053
C11orf45	1	0.233645	1	0.645161	2	0.343053
C11orf52	1	0.233645	1	0.645161	2	0.343053
C11orf71	2	0.46729	0	0	2	0.343053
C12orf45	2	0.46729	0	0	2	0.343053
C12orf71	2	0.46729	0	0	2	0.343053
C15orf48	1	0.233645	1	0.645161	2	0.343053
C16orf54	2	0.46729	0	0	2	0.343053
C16orf82	2	0.46729	0	0	2	0.343053
C16orf92	1	0.233645	1	0.645161	2	0.343053
C17orf100	2	0.46729	0	0	2	0.343053
C17orf49	2	0.46729	0	0	2	0.343053
C17orf67	2	0.46729	0	0	2	0.343053
C18orf21	0	0	2	1.29032	2	0.343053
C18orf32	1	0.233645	1	0.645161	2	0.343053
C19orf12	2	0.46729	0	0	2	0.343053
C19orf73	2	0.46729	0	0	2	0.343053
C1QB	2	0.46729	0	0	2	0.343053
C1QL3	2	0.46729	0	0	2	0.343053
C1QL4	2	0.46729	0	0	2	0.343053
C1QTNF6	1	0.233645	1	0.645161	2	0.343053
C1QTNF9	2	0.46729	0	0	2	0.343053
C1QTNF9B	0	0	2	1.29032	2	0.343053
C1orf105	2	0.46729	0	0	2	0.343053
C1orf109	1	0.233645	1	0.645161	2	0.343053
C1orf158	2	0.46729	0	0	2	0.343053
C1orf162	2	0.46729	0	0	2	0.343053
C1orf185	1	0.233645	1	0.645161	2	0.343053
C1orf210	2	0.46729	0	0	2	0.343053
C1orf35	2	0.46729	0	0	2	0.343053
C1orf43	1	0.233645	1	0.645161	2	0.343053
C20orf141	2	0.46729	0	0	2	0.343053
C20orf27	2	0.46729	0	0	2	0.343053
C21orf62	1	0.233645	1	0.645161	2	0.343053
C2orf74	2	0.46729	0	0	2	0.343053
C3orf14	0	0	2	1.29032	2	0.343053
C3orf22	2	0.46729	0	0	2	0.343053
C3orf70	1	0.233645	1	0.645161	2	0.343053
C4BPB	1	0.233645	1	0.645161	2	0.343053
C4orf19	2	0.46729	0	0	2	0.343053
C4orf45	1	0.233645	1	0.645161	2	0.343053
C4orf51	1	0.233645	1	0.645161	2	0.343053
C5orf24	2	0.46729	0	0	2	0.343053
C5orf49	1	0.233645	1	0.645161	2	0.343053
C5orf51	2	0.46729	0	0	2	0.343053
C6orf47	1	0.233645	1	0.645161	2	0.343053
C8orf76	2	0.46729	0	0	2	0.343053
C9orf85	2	0.46729	0	0	2	0.343053
CA11	2	0.46729	0	0	2	0.343053
CACFD1	2	0.46729	0	0	2	0.343053
CALCA	2	0.46729	0	0	2	0.343053
CALCB	1	0.233645	1	0.645161	2	0.343053
CALM1	1	0.233645	1	0.645161	2	0.343053
CALM2	2	0.46729	0	0	2	0.343053
CALML5	1	0.233645	1	0.645161	2	0.343053
CAPS	2	0.46729	0	0	2	0.343053
CARD18	1	0.233645	1	0.645161	2	0.343053
CARTPT	2	0.46729	0	0	2	0.343053
CASP6	1	0.233645	1	0.645161	2	0.343053
CASTOR1	2	0.46729	0	0	2	0.343053
CBWD3	1	0.233645	1	0.645161	2	0.343053
CBWD5	2	0.46729	0	0	2	0.343053
CCDC12	1	0.233645	1	0.645161	2	0.343053
CCDC188	2	0.46729	0	0	2	0.343053
CCDC32	1	0.233645	1	0.645161	2	0.343053
CCDC68	0	0	2	1.29032	2	0.343053
CCL1	2	0.46729	0	0	2	0.343053
CCL11	1	0.233645	1	0.645161	2	0.343053
CCL24	2	0.46729	0	0	2	0.343053
CCL26	2	0.46729	0	0	2	0.343053
CCL28	2	0.46729	0	0	2	0.343053
CCL3L3	2	0.46729	0	0	2	0.343053
CCL4L2	1	0.233645	1	0.645161	2	0.343053
CCN1	2	0.46729	0	0	2	0.343053
CCND3	2	0.46729	0	0	2	0.343053
CCNG2	2	0.46729	0	0	2	0.343053
CCNP	1	0.233645	1	0.645161	2	0.343053
CCT7	1	0.233645	1	0.645161	2	0.343053
CCT8	2	0.46729	0	0	2	0.343053
CD164	2	0.46729	0	0	2	0.343053
CD1A	2	0.46729	0	0	2	0.343053
CD274	1	0.233645	1	0.645161	2	0.343053
CD300LF	2	0.46729	0	0	2	0.343053
CD52	2	0.46729	0	0	2	0.343053
CD82	1	0.233645	1	0.645161	2	0.343053
CD83	1	0.233645	1	0.645161	2	0.343053
CD99	2	0.46729	0	0	2	0.343053
CDC20	2	0.46729	0	0	2	0.343053
CDCA5	1	0.233645	1	0.645161	2	0.343053
CDIP1	2	0.46729	0	0	2	0.343053
CDIPT	1	0.233645	1	0.645161	2	0.343053
CDK2AP1	2	0.46729	0	0	2	0.343053
CDKN2C	2	0.46729	0	0	2	0.343053
CDPF1	2	0.46729	0	0	2	0.343053
CDRT15L2	2	0.46729	0	0	2	0.343053
CDT1	2	0.46729	0	0	2	0.343053
CEBPA	2	0.46729	0	0	2	0.343053
CEBPG	1	0.233645	1	0.645161	2	0.343053
CELF5	2	0.46729	0	0	2	0.343053
CENATAC	1	0.233645	1	0.645161	2	0.343053
CEND1	2	0.46729	0	0	2	0.343053
CENPP	2	0.46729	0	0	2	0.343053
CENPS-CORT	1	0.233645	1	0.645161	2	0.343053
CEP295NL	1	0.233645	1	0.645161	2	0.343053
CFC1	2	0.46729	0	0	2	0.343053
CFL2	2	0.46729	0	0	2	0.343053
CGRRF1	2	0.46729	0	0	2	0.343053
CHCHD2	2	0.46729	0	0	2	0.343053
CHID1	2	0.46729	0	0	2	0.343053
CHMP4B	2	0.46729	0	0	2	0.343053
CHP2	2	0.46729	0	0	2	0.343053
CHRAC1	2	0.46729	0	0	2	0.343053
CHST14	2	0.46729	0	0	2	0.343053
CHURC1	2	0.46729	0	0	2	0.343053
CIB1	2	0.46729	0	0	2	0.343053
CIB4	0	0	2	1.29032	2	0.343053
CINP	2	0.46729	0	0	2	0.343053
CIRBP	1	0.233645	1	0.645161	2	0.343053
CISD2	2	0.46729	0	0	2	0.343053
CISH	2	0.46729	0	0	2	0.343053
CLDN15	2	0.46729	0	0	2	0.343053
CLDN5	2	0.46729	0	0	2	0.343053
CLDND2	2	0.46729	0	0	2	0.343053
CLEC17A	1	0.233645	1	0.645161	2	0.343053
CLEC18A	2	0.46729	0	0	2	0.343053
CLEC2A	1	0.233645	1	0.645161	2	0.343053
CLEC2L	1	0.233645	1	0.645161	2	0.343053
CLK2	2	0.46729	0	0	2	0.343053
CLN5	1	0.233645	1	0.645161	2	0.343053
CLRN3	2	0.46729	0	0	2	0.343053
CLTB	2	0.46729	0	0	2	0.343053
CMBL	1	0.233645	1	0.645161	2	0.343053
CMC2	2	0.46729	0	0	2	0.343053
CMTM6	2	0.46729	0	0	2	0.343053
CNFN	1	0.233645	1	0.645161	2	0.343053
CNIH3	1	0.233645	1	0.645161	2	0.343053
CNR2	2	0.46729	0	0	2	0.343053
COA5	1	0.233645	1	0.645161	2	0.343053
COMMD4	2	0.46729	0	0	2	0.343053
COMMD5	2	0.46729	0	0	2	0.343053
COPS9	2	0.46729	0	0	2	0.343053
COPZ1	1	0.233645	1	0.645161	2	0.343053
COPZ2	1	0.233645	1	0.645161	2	0.343053
COQ5	2	0.46729	0	0	2	0.343053
CORO1B	1	0.233645	1	0.645161	2	0.343053
CORO7-PAM16	2	0.46729	0	0	2	0.343053
COX16	2	0.46729	0	0	2	0.343053
COX5B	2	0.46729	0	0	2	0.343053
COX7A2L	1	0.233645	1	0.645161	2	0.343053
COX8A	1	0.233645	1	0.645161	2	0.343053
COX8C	2	0.46729	0	0	2	0.343053
CPLANE2	2	0.46729	0	0	2	0.343053
CPLX3	1	0.233645	1	0.645161	2	0.343053
CRB3	2	0.46729	0	0	2	0.343053
CRCP	1	0.233645	1	0.645161	2	0.343053
CRELD2	2	0.46729	0	0	2	0.343053
CRIPT	1	0.233645	1	0.645161	2	0.343053
CRP	1	0.233645	1	0.645161	2	0.343053
CRYAB	2	0.46729	0	0	2	0.343053
CRYBA4	2	0.46729	0	0	2	0.343053
CRYGD	1	0.233645	1	0.645161	2	0.343053
CSAG3	1	0.233645	1	0.645161	2	0.343053
CSH2	2	0.46729	0	0	2	0.343053
CSRP3	1	0.233645	1	0.645161	2	0.343053
CST5	1	0.233645	1	0.645161	2	0.343053
CST8	2	0.46729	0	0	2	0.343053
CST9	2	0.46729	0	0	2	0.343053
CST9L	1	0.233645	1	0.645161	2	0.343053
CT45A10	1	0.233645	1	0.645161	2	0.343053
CT83	2	0.46729	0	0	2	0.343053
CTAGE4	2	0.46729	0	0	2	0.343053
CTRB2	1	0.233645	1	0.645161	2	0.343053
CTSK	1	0.233645	1	0.645161	2	0.343053
CXCL1	1	0.233645	1	0.645161	2	0.343053
CXCL10	1	0.233645	1	0.645161	2	0.343053
CXCL6	2	0.46729	0	0	2	0.343053
CXCR6	1	0.233645	1	0.645161	2	0.343053
CYB561A3	2	0.46729	0	0	2	0.343053
CYB5D2	2	0.46729	0	0	2	0.343053
CYB5R1	0	0	2	1.29032	2	0.343053
CYBA	2	0.46729	0	0	2	0.343053
CYP21A2	1	0.233645	1	0.645161	2	0.343053
CYP26C1	2	0.46729	0	0	2	0.343053
CYP4X1	2	0.46729	0	0	2	0.343053
CYYR1	2	0.46729	0	0	2	0.343053
DACT2	1	0.233645	1	0.645161	2	0.343053
DACT3	2	0.46729	0	0	2	0.343053
DAP	1	0.233645	1	0.645161	2	0.343053
DBI	2	0.46729	0	0	2	0.343053
DBP	2	0.46729	0	0	2	0.343053
DBX1	2	0.46729	0	0	2	0.343053
DCAF8L2	1	0.233645	1	0.645161	2	0.343053
DCANP1	2	0.46729	0	0	2	0.343053
DCD	2	0.46729	0	0	2	0.343053
DCUN1D2	1	0.233645	1	0.645161	2	0.343053
DDA1	2	0.46729	0	0	2	0.343053
DDB2	0	0	2	1.29032	2	0.343053
DDOST	2	0.46729	0	0	2	0.343053
DDX3Y	2	0.46729	0	0	2	0.343053
DDX41	1	0.233645	1	0.645161	2	0.343053
DEFB108B	1	0.233645	1	0.645161	2	0.343053
DEFB110	1	0.233645	1	0.645161	2	0.343053
DEFB113	1	0.233645	1	0.645161	2	0.343053
DEFB121	2	0.46729	0	0	2	0.343053
DEFB125	2	0.46729	0	0	2	0.343053
DEFB127	2	0.46729	0	0	2	0.343053
DESI1	2	0.46729	0	0	2	0.343053
DEXI	1	0.233645	1	0.645161	2	0.343053
DGCR6L	2	0.46729	0	0	2	0.343053
DGKQ	2	0.46729	0	0	2	0.343053
DHDH	2	0.46729	0	0	2	0.343053
DHRS12	2	0.46729	0	0	2	0.343053
DHRS13	2	0.46729	0	0	2	0.343053
DHRS3	2	0.46729	0	0	2	0.343053
DHRS4L2	2	0.46729	0	0	2	0.343053
DIABLO	2	0.46729	0	0	2	0.343053
DIPK1A	1	0.233645	1	0.645161	2	0.343053
DIRAS3	2	0.46729	0	0	2	0.343053
DLX1	2	0.46729	0	0	2	0.343053
DLX6	1	0.233645	1	0.645161	2	0.343053
DMAC1	2	0.46729	0	0	2	0.343053
DNAJA2	1	0.233645	1	0.645161	2	0.343053
DNAJC15	2	0.46729	0	0	2	0.343053
DNAJC5	2	0.46729	0	0	2	0.343053
DNAL1	1	0.233645	1	0.645161	2	0.343053
DNLZ	2	0.46729	0	0	2	0.343053
DPH7	1	0.233645	1	0.645161	2	0.343053
DPT	2	0.46729	0	0	2	0.343053
DRAM1	2	0.46729	0	0	2	0.343053
DSCC1	2	0.46729	0	0	2	0.343053
DTHD1	2	0.46729	0	0	2	0.343053
DUS2	1	0.233645	1	0.645161	2	0.343053
DUSP1	1	0.233645	1	0.645161	2	0.343053
DUSP13	2	0.46729	0	0	2	0.343053
DYNC1LI2	1	0.233645	1	0.645161	2	0.343053
E2F6	1	0.233645	1	0.645161	2	0.343053
EAF1	2	0.46729	0	0	2	0.343053
EBAG9	2	0.46729	0	0	2	0.343053
EBP	2	0.46729	0	0	2	0.343053
ECE2	2	0.46729	0	0	2	0.343053
ECH1	2	0.46729	0	0	2	0.343053
EDDM3A	1	0.233645	1	0.645161	2	0.343053
EDN2	1	0.233645	1	0.645161	2	0.343053
EEF1AKMT2	2	0.46729	0	0	2	0.343053
EEF1G	2	0.46729	0	0	2	0.343053
EFHD2	2	0.46729	0	0	2	0.343053
EFNA2	2	0.46729	0	0	2	0.343053
EFNA3	2	0.46729	0	0	2	0.343053
EFR3B	2	0.46729	0	0	2	0.343053
EGFL7	2	0.46729	0	0	2	0.343053
EI24	0	0	2	1.29032	2	0.343053
EIF2S1	1	0.233645	1	0.645161	2	0.343053
EIF3C	2	0.46729	0	0	2	0.343053
EIF5A	2	0.46729	0	0	2	0.343053
EIF5AL1	1	0.233645	1	0.645161	2	0.343053
ELOC	1	0.233645	1	0.645161	2	0.343053
ELOF1	1	0.233645	1	0.645161	2	0.343053
ELSPBP1	1	0.233645	1	0.645161	2	0.343053
EMC10	2	0.46729	0	0	2	0.343053
EMP1	1	0.233645	1	0.645161	2	0.343053
EMX1	1	0.233645	1	0.645161	2	0.343053
ENDOV	2	0.46729	0	0	2	0.343053
ENOPH1	1	0.233645	1	0.645161	2	0.343053
EPCAM	2	0.46729	0	0	2	0.343053
EPDR1	1	0.233645	1	0.645161	2	0.343053
EPM2A	2	0.46729	0	0	2	0.343053
EQTN	1	0.233645	1	0.645161	2	0.343053
ERGIC2	1	0.233645	1	0.645161	2	0.343053
ERICH6B	1	0.233645	1	0.645161	2	0.343053
ERV3-1	1	0.233645	1	0.645161	2	0.343053
ETFBKMT	2	0.46729	0	0	2	0.343053
ETV2	1	0.233645	1	0.645161	2	0.343053
EVA1B	2	0.46729	0	0	2	0.343053
EVI2A	2	0.46729	0	0	2	0.343053
EXOSC1	2	0.46729	0	0	2	0.343053
EXOSC2	1	0.233645	1	0.645161	2	0.343053
F2RL1	1	0.233645	1	0.645161	2	0.343053
FA2H	2	0.46729	0	0	2	0.343053
FABP12	1	0.233645	1	0.645161	2	0.343053
FABP4	2	0.46729	0	0	2	0.343053
FABP7	0	0	2	1.29032	2	0.343053
FADD	2	0.46729	0	0	2	0.343053
FADS6	2	0.46729	0	0	2	0.343053
FAIM	1	0.233645	1	0.645161	2	0.343053
FAM117B	2	0.46729	0	0	2	0.343053
FAM120AOS	2	0.46729	0	0	2	0.343053
FAM122B	1	0.233645	1	0.645161	2	0.343053
FAM149B1	2	0.46729	0	0	2	0.343053
FAM160A1	1	0.233645	1	0.645161	2	0.343053
FAM170B	1	0.233645	1	0.645161	2	0.343053
FAM172A	1	0.233645	1	0.645161	2	0.343053
FAM174B	2	0.46729	0	0	2	0.343053
FAM177A1	2	0.46729	0	0	2	0.343053
FAM200B	1	0.233645	1	0.645161	2	0.343053
FAM20C	2	0.46729	0	0	2	0.343053
FAM227A	1	0.233645	1	0.645161	2	0.343053
FAM228B	0	0	2	1.29032	2	0.343053
FAM229B	2	0.46729	0	0	2	0.343053
FAM237A	1	0.233645	1	0.645161	2	0.343053
FAM24B	1	0.233645	1	0.645161	2	0.343053
FAM32A	2	0.46729	0	0	2	0.343053
FAM3C	1	0.233645	1	0.645161	2	0.343053
FAM3D	2	0.46729	0	0	2	0.343053
FAM43B	2	0.46729	0	0	2	0.343053
FAM50A	2	0.46729	0	0	2	0.343053
FAM53B	1	0.233645	1	0.645161	2	0.343053
FAM71E2	1	0.233645	1	0.645161	2	0.343053
FAM89A	1	0.233645	1	0.645161	2	0.343053
FAM9C	2	0.46729	0	0	2	0.343053
FBRSL1	2	0.46729	0	0	2	0.343053
FBXL12	1	0.233645	1	0.645161	2	0.343053
FBXO33	2	0.46729	0	0	2	0.343053
FBXO36	1	0.233645	1	0.645161	2	0.343053
FCF1	2	0.46729	0	0	2	0.343053
FDCSP	2	0.46729	0	0	2	0.343053
FFAR1	2	0.46729	0	0	2	0.343053
FGF11	2	0.46729	0	0	2	0.343053
FGF6	2	0.46729	0	0	2	0.343053
FGFR1OP2	1	0.233645	1	0.645161	2	0.343053
FHAD1	2	0.46729	0	0	2	0.343053
FIGLA	1	0.233645	1	0.645161	2	0.343053
FITM2	2	0.46729	0	0	2	0.343053
FNDC5	2	0.46729	0	0	2	0.343053
FOXB1	2	0.46729	0	0	2	0.343053
FOXQ1	2	0.46729	0	0	2	0.343053
FRAT1	2	0.46729	0	0	2	0.343053
FRG1	1	0.233645	1	0.645161	2	0.343053
FSD1L	2	0.46729	0	0	2	0.343053
FUNDC1	2	0.46729	0	0	2	0.343053
FUT4	2	0.46729	0	0	2	0.343053
FXYD1	1	0.233645	1	0.645161	2	0.343053
FXYD5	2	0.46729	0	0	2	0.343053
GAGE2E	2	0.46729	0	0	2	0.343053
GAL	2	0.46729	0	0	2	0.343053
GALR3	1	0.233645	1	0.645161	2	0.343053
GAPDH	2	0.46729	0	0	2	0.343053
GAPT	1	0.233645	1	0.645161	2	0.343053
GAREM2	2	0.46729	0	0	2	0.343053
GATD1	2	0.46729	0	0	2	0.343053
GATM	2	0.46729	0	0	2	0.343053
GCA	2	0.46729	0	0	2	0.343053
GCSAM	1	0.233645	1	0.645161	2	0.343053
GDNF	1	0.233645	1	0.645161	2	0.343053
GDPD3	2	0.46729	0	0	2	0.343053
GEMIN6	2	0.46729	0	0	2	0.343053
GFRAL	1	0.233645	1	0.645161	2	0.343053
GID4	2	0.46729	0	0	2	0.343053
GID8	1	0.233645	1	0.645161	2	0.343053
GINM1	0	0	2	1.29032	2	0.343053
GLIPR1L1	2	0.46729	0	0	2	0.343053
GLIPR2	1	0.233645	1	0.645161	2	0.343053
GLTP	2	0.46729	0	0	2	0.343053
GMFG	2	0.46729	0	0	2	0.343053
GMNN	2	0.46729	0	0	2	0.343053
GMPPB	2	0.46729	0	0	2	0.343053
GNB2	2	0.46729	0	0	2	0.343053
GNG3	1	0.233645	1	0.645161	2	0.343053
GNG5	2	0.46729	0	0	2	0.343053
GNMT	2	0.46729	0	0	2	0.343053
GOLGA7	2	0.46729	0	0	2	0.343053
GOLM2	2	0.46729	0	0	2	0.343053
GOLPH3L	1	0.233645	1	0.645161	2	0.343053
GOLT1A	1	0.233645	1	0.645161	2	0.343053
GP9	1	0.233645	1	0.645161	2	0.343053
GPA33	2	0.46729	0	0	2	0.343053
GPATCH11	2	0.46729	0	0	2	0.343053
GPN3	1	0.233645	1	0.645161	2	0.343053
GPR55	1	0.233645	1	0.645161	2	0.343053
GPR62	2	0.46729	0	0	2	0.343053
GRID2IP	2	0.46729	0	0	2	0.343053
GRPEL2	1	0.233645	1	0.645161	2	0.343053
GRTP1	2	0.46729	0	0	2	0.343053
GRWD1	2	0.46729	0	0	2	0.343053
GSG1L	0	0	2	1.29032	2	0.343053
GSTM1	2	0.46729	0	0	2	0.343053
GSTO2	1	0.233645	1	0.645161	2	0.343053
GSTP1	2	0.46729	0	0	2	0.343053
GSX1	2	0.46729	0	0	2	0.343053
H1-10	2	0.46729	0	0	2	0.343053
H2AC11	2	0.46729	0	0	2	0.343053
H2AC12	2	0.46729	0	0	2	0.343053
H2AC14	2	0.46729	0	0	2	0.343053
H2AC15	1	0.233645	1	0.645161	2	0.343053
H2AC16	2	0.46729	0	0	2	0.343053
H2AC17	2	0.46729	0	0	2	0.343053
H2AW	1	0.233645	1	0.645161	2	0.343053
H2AZ1	1	0.233645	1	0.645161	2	0.343053
H2BC11	2	0.46729	0	0	2	0.343053
H2BC21	1	0.233645	1	0.645161	2	0.343053
H3-2	2	0.46729	0	0	2	0.343053
H3-3B	2	0.46729	0	0	2	0.343053
H3C1	2	0.46729	0	0	2	0.343053
H3C3	2	0.46729	0	0	2	0.343053
H3C7	2	0.46729	0	0	2	0.343053
H3C8	2	0.46729	0	0	2	0.343053
H4C2	2	0.46729	0	0	2	0.343053
HAMP	1	0.233645	1	0.645161	2	0.343053
HAUS2	1	0.233645	1	0.645161	2	0.343053
HAUS4	2	0.46729	0	0	2	0.343053
HBA1	2	0.46729	0	0	2	0.343053
HBB	1	0.233645	1	0.645161	2	0.343053
HBE1	2	0.46729	0	0	2	0.343053
HBEGF	2	0.46729	0	0	2	0.343053
HCST	2	0.46729	0	0	2	0.343053
HDDC3	1	0.233645	1	0.645161	2	0.343053
HDGFL3	2	0.46729	0	0	2	0.343053
HEPN1	2	0.46729	0	0	2	0.343053
HERPUD2	2	0.46729	0	0	2	0.343053
HES5	2	0.46729	0	0	2	0.343053
HIGD2A	2	0.46729	0	0	2	0.343053
HLA-DOB	1	0.233645	1	0.645161	2	0.343053
HLA-DQB2	1	0.233645	1	0.645161	2	0.343053
HLA-F	2	0.46729	0	0	2	0.343053
HMGB1	2	0.46729	0	0	2	0.343053
HMGB3	1	0.233645	1	0.645161	2	0.343053
HMGCL	0	0	2	1.29032	2	0.343053
HMGCS1	2	0.46729	0	0	2	0.343053
HMGN3	2	0.46729	0	0	2	0.343053
HNF4G	2	0.46729	0	0	2	0.343053
HNRNPA0	2	0.46729	0	0	2	0.343053
HOXA10	2	0.46729	0	0	2	0.343053
HOXA11	2	0.46729	0	0	2	0.343053
HOXA13	1	0.233645	1	0.645161	2	0.343053
HOXA4	2	0.46729	0	0	2	0.343053
HOXA9	2	0.46729	0	0	2	0.343053
HOXB5	1	0.233645	1	0.645161	2	0.343053
HOXB6	1	0.233645	1	0.645161	2	0.343053
HOXB7	2	0.46729	0	0	2	0.343053
HOXB9	1	0.233645	1	0.645161	2	0.343053
HOXC6	2	0.46729	0	0	2	0.343053
HOXC8	1	0.233645	1	0.645161	2	0.343053
HPCAL4	2	0.46729	0	0	2	0.343053
HPRT1	2	0.46729	0	0	2	0.343053
HSD11B1	2	0.46729	0	0	2	0.343053
HSD17B8	2	0.46729	0	0	2	0.343053
HSH2D	2	0.46729	0	0	2	0.343053
HSPA1A	2	0.46729	0	0	2	0.343053
HSPB9	2	0.46729	0	0	2	0.343053
HTN1	2	0.46729	0	0	2	0.343053
IAH1	2	0.46729	0	0	2	0.343053
IAPP	1	0.233645	1	0.645161	2	0.343053
IDH3B	1	0.233645	1	0.645161	2	0.343053
IDNK	1	0.233645	1	0.645161	2	0.343053
IER2	2	0.46729	0	0	2	0.343053
IFT27	2	0.46729	0	0	2	0.343053
IFTAP	2	0.46729	0	0	2	0.343053
IGFBP5	1	0.233645	1	0.645161	2	0.343053
IGFBP6	2	0.46729	0	0	2	0.343053
IGFL1	2	0.46729	0	0	2	0.343053
IGFL3	2	0.46729	0	0	2	0.343053
IGHV1-18	2	0.46729	0	0	2	0.343053
IGHV1-2	2	0.46729	0	0	2	0.343053
IGHV1-45	2	0.46729	0	0	2	0.343053
IGHV3-30	1	0.233645	1	0.645161	2	0.343053
IGHV3-33	2	0.46729	0	0	2	0.343053
IGHV3-66	2	0.46729	0	0	2	0.343053
IGHV3-7	2	0.46729	0	0	2	0.343053
IGHV3-74	1	0.233645	1	0.645161	2	0.343053
IGHV4-61	1	0.233645	1	0.645161	2	0.343053
IGKC	1	0.233645	1	0.645161	2	0.343053
IGKV1-12	2	0.46729	0	0	2	0.343053
IGKV1-17	1	0.233645	1	0.645161	2	0.343053
IGKV1-33	1	0.233645	1	0.645161	2	0.343053
IGKV1D-42	2	0.46729	0	0	2	0.343053
IGKV2D-29	2	0.46729	0	0	2	0.343053
IGKV2D-30	2	0.46729	0	0	2	0.343053
IGKV3-11	2	0.46729	0	0	2	0.343053
IGKV3D-15	2	0.46729	0	0	2	0.343053
IGKV3D-7	1	0.233645	1	0.645161	2	0.343053
IGLL1	2	0.46729	0	0	2	0.343053
IGLV1-47	2	0.46729	0	0	2	0.343053
IGLV2-23	2	0.46729	0	0	2	0.343053
IGLV3-16	2	0.46729	0	0	2	0.343053
IGLV3-32	2	0.46729	0	0	2	0.343053
IGLV7-43	2	0.46729	0	0	2	0.343053
IGLV8-61	2	0.46729	0	0	2	0.343053
IGSF6	2	0.46729	0	0	2	0.343053
IL12A	1	0.233645	1	0.645161	2	0.343053
IL12B	2	0.46729	0	0	2	0.343053
IL15	2	0.46729	0	0	2	0.343053
IL17RE	2	0.46729	0	0	2	0.343053
IL9	0	0	2	1.29032	2	0.343053
ILF2	2	0.46729	0	0	2	0.343053
INCA1	1	0.233645	1	0.645161	2	0.343053
INMT	2	0.46729	0	0	2	0.343053
INSL5	1	0.233645	1	0.645161	2	0.343053
INTS14	1	0.233645	1	0.645161	2	0.343053
ISOC1	2	0.46729	0	0	2	0.343053
ISY1	2	0.46729	0	0	2	0.343053
ITGB1BP1	2	0.46729	0	0	2	0.343053
ITGB3BP	0	0	2	1.29032	2	0.343053
ITLN2	2	0.46729	0	0	2	0.343053
JMJD8	2	0.46729	0	0	2	0.343053
JTB	1	0.233645	1	0.645161	2	0.343053
KAZALD1	2	0.46729	0	0	2	0.343053
KCNE2	2	0.46729	0	0	2	0.343053
KCNE3	2	0.46729	0	0	2	0.343053
KCNK12	2	0.46729	0	0	2	0.343053
KCNK6	2	0.46729	0	0	2	0.343053
KCTD5	2	0.46729	0	0	2	0.343053
KDELR2	1	0.233645	1	0.645161	2	0.343053
KDELR3	0	0	2	1.29032	2	0.343053
KHDC1L	1	0.233645	1	0.645161	2	0.343053
KHK	2	0.46729	0	0	2	0.343053
KLHDC10	2	0.46729	0	0	2	0.343053
KLHL17	2	0.46729	0	0	2	0.343053
KLHL33	2	0.46729	0	0	2	0.343053
KLK14	2	0.46729	0	0	2	0.343053
KLK3	1	0.233645	1	0.645161	2	0.343053
KLK7	1	0.233645	1	0.645161	2	0.343053
KLRG2	2	0.46729	0	0	2	0.343053
KRTAP1-1	2	0.46729	0	0	2	0.343053
KRTAP1-3	1	0.233645	1	0.645161	2	0.343053
KRTAP10-3	2	0.46729	0	0	2	0.343053
KRTAP17-1	2	0.46729	0	0	2	0.343053
KRTAP19-6	2	0.46729	0	0	2	0.343053
KRTAP22-1	2	0.46729	0	0	2	0.343053
KRTAP23-1	1	0.233645	1	0.645161	2	0.343053
KRTAP3-2	2	0.46729	0	0	2	0.343053
KRTAP4-4	2	0.46729	0	0	2	0.343053
KRTAP5-2	1	0.233645	1	0.645161	2	0.343053
KRTAP6-1	2	0.46729	0	0	2	0.343053
KRTAP9-1	1	0.233645	1	0.645161	2	0.343053
KRTAP9-3	2	0.46729	0	0	2	0.343053
KRTCAP2	2	0.46729	0	0	2	0.343053
KRTCAP3	2	0.46729	0	0	2	0.343053
KTI12	2	0.46729	0	0	2	0.343053
L34079.1	1	0.233645	1	0.645161	2	0.343053
L3HYPDH	2	0.46729	0	0	2	0.343053
LAPTM4B	1	0.233645	1	0.645161	2	0.343053
LAT2	2	0.46729	0	0	2	0.343053
LBHD1	1	0.233645	1	0.645161	2	0.343053
LBX2	2	0.46729	0	0	2	0.343053
LCE1C	2	0.46729	0	0	2	0.343053
LCE1E	2	0.46729	0	0	2	0.343053
LCE3E	2	0.46729	0	0	2	0.343053
LCE5A	1	0.233645	1	0.645161	2	0.343053
LCN1	1	0.233645	1	0.645161	2	0.343053
LCN8	1	0.233645	1	0.645161	2	0.343053
LCNL1	1	0.233645	1	0.645161	2	0.343053
LEMD1	2	0.46729	0	0	2	0.343053
LEP	2	0.46729	0	0	2	0.343053
LGALS12	1	0.233645	1	0.645161	2	0.343053
LGALS7	2	0.46729	0	0	2	0.343053
LGMN	1	0.233645	1	0.645161	2	0.343053
LIMD2	2	0.46729	0	0	2	0.343053
LIME1	2	0.46729	0	0	2	0.343053
LIN28A	2	0.46729	0	0	2	0.343053
LIN37	1	0.233645	1	0.645161	2	0.343053
LIN52	2	0.46729	0	0	2	0.343053
LMO1	1	0.233645	1	0.645161	2	0.343053
LMO2	0	0	2	1.29032	2	0.343053
LORICRIN	2	0.46729	0	0	2	0.343053
LPXN	2	0.46729	0	0	2	0.343053
LRAT	1	0.233645	1	0.645161	2	0.343053
LRPAP1	2	0.46729	0	0	2	0.343053
LRRC70	1	0.233645	1	0.645161	2	0.343053
LRTOMT	2	0.46729	0	0	2	0.343053
LSM14B	2	0.46729	0	0	2	0.343053
LSM2	1	0.233645	1	0.645161	2	0.343053
LSM4	2	0.46729	0	0	2	0.343053
LTO1	1	0.233645	1	0.645161	2	0.343053
LXN	2	0.46729	0	0	2	0.343053
LY6G5B	2	0.46729	0	0	2	0.343053
LYPD1	2	0.46729	0	0	2	0.343053
LYPD6	1	0.233645	1	0.645161	2	0.343053
LYPLAL1	1	0.233645	1	0.645161	2	0.343053
MAB21L3	2	0.46729	0	0	2	0.343053
MAD2L1	2	0.46729	0	0	2	0.343053
MAFB	2	0.46729	0	0	2	0.343053
MAGEF1	1	0.233645	1	0.645161	2	0.343053
MAL2	2	0.46729	0	0	2	0.343053
MALSU1	1	0.233645	1	0.645161	2	0.343053
MANBAL	2	0.46729	0	0	2	0.343053
MARCHF3	2	0.46729	0	0	2	0.343053
MAT2A	2	0.46729	0	0	2	0.343053
MBIP	1	0.233645	1	0.645161	2	0.343053
MDFI	1	0.233645	1	0.645161	2	0.343053
MDP1	1	0.233645	1	0.645161	2	0.343053
MED10	2	0.46729	0	0	2	0.343053
MED17	1	0.233645	1	0.645161	2	0.343053
MED18	2	0.46729	0	0	2	0.343053
MED21	1	0.233645	1	0.645161	2	0.343053
MED30	2	0.46729	0	0	2	0.343053
MED6	1	0.233645	1	0.645161	2	0.343053
MEF2B	1	0.233645	1	0.645161	2	0.343053
MEIG1	2	0.46729	0	0	2	0.343053
MESP2	2	0.46729	0	0	2	0.343053
METTL26	2	0.46729	0	0	2	0.343053
METTL5	1	0.233645	1	0.645161	2	0.343053
MFAP2	2	0.46729	0	0	2	0.343053
MFAP4	2	0.46729	0	0	2	0.343053
MFNG	2	0.46729	0	0	2	0.343053
MFSD4B	2	0.46729	0	0	2	0.343053
MGME1	1	0.233645	1	0.645161	2	0.343053
MGMT	1	0.233645	1	0.645161	2	0.343053
MGST2	2	0.46729	0	0	2	0.343053
MIEN1	2	0.46729	0	0	2	0.343053
MIS12	2	0.46729	0	0	2	0.343053
MLLT11	0	0	2	1.29032	2	0.343053
MLN	1	0.233645	1	0.645161	2	0.343053
MMD	2	0.46729	0	0	2	0.343053
MOB2	2	0.46729	0	0	2	0.343053
MOCS2	2	0.46729	0	0	2	0.343053
MORN5	2	0.46729	0	0	2	0.343053
MPDU1	2	0.46729	0	0	2	0.343053
MPHOSPH6	2	0.46729	0	0	2	0.343053
MPV17	2	0.46729	0	0	2	0.343053
MRAP	2	0.46729	0	0	2	0.343053
MRFAP1L1	2	0.46729	0	0	2	0.343053
MRGBP	2	0.46729	0	0	2	0.343053
MRM1	1	0.233645	1	0.645161	2	0.343053
MRPL11	2	0.46729	0	0	2	0.343053
MRPL14	2	0.46729	0	0	2	0.343053
MRPL17	2	0.46729	0	0	2	0.343053
MRPL20	2	0.46729	0	0	2	0.343053
MRPL22	1	0.233645	1	0.645161	2	0.343053
MRPL24	2	0.46729	0	0	2	0.343053
MRPL30	2	0.46729	0	0	2	0.343053
MRPL33	2	0.46729	0	0	2	0.343053
MRPL40	2	0.46729	0	0	2	0.343053
MRPL42	2	0.46729	0	0	2	0.343053
MRPL45	1	0.233645	1	0.645161	2	0.343053
MRPL55	2	0.46729	0	0	2	0.343053
MRPL57	2	0.46729	0	0	2	0.343053
MRPS16	2	0.46729	0	0	2	0.343053
MRPS17	2	0.46729	0	0	2	0.343053
MRPS18B	1	0.233645	1	0.645161	2	0.343053
MRPS18C	1	0.233645	1	0.645161	2	0.343053
MRPS21	1	0.233645	1	0.645161	2	0.343053
MRPS23	1	0.233645	1	0.645161	2	0.343053
MRPS35	2	0.46729	0	0	2	0.343053
MRPS6	2	0.46729	0	0	2	0.343053
MRRF	2	0.46729	0	0	2	0.343053
MS4A13	2	0.46729	0	0	2	0.343053
MS4A3	2	0.46729	0	0	2	0.343053
MS4A6A	1	0.233645	1	0.645161	2	0.343053
MSANTD3-TMEFF1	2	0.46729	0	0	2	0.343053
MSMB	1	0.233645	1	0.645161	2	0.343053
MSRB1	1	0.233645	1	0.645161	2	0.343053
MSTO1	1	0.233645	1	0.645161	2	0.343053
MT1M	1	0.233645	1	0.645161	2	0.343053
MT3	2	0.46729	0	0	2	0.343053
MT4	2	0.46729	0	0	2	0.343053
MTARC1	2	0.46729	0	0	2	0.343053
MTCP1	2	0.46729	0	0	2	0.343053
MTERF4	2	0.46729	0	0	2	0.343053
MTFMT	1	0.233645	1	0.645161	2	0.343053
MTFP1	2	0.46729	0	0	2	0.343053
MTHFS	1	0.233645	1	0.645161	2	0.343053
MTIF3	2	0.46729	0	0	2	0.343053
MXRA7	0	0	2	1.29032	2	0.343053
MYEOV	1	0.233645	1	0.645161	2	0.343053
MYG1	2	0.46729	0	0	2	0.343053
MYL1	2	0.46729	0	0	2	0.343053
MYL12B	2	0.46729	0	0	2	0.343053
MYL7	2	0.46729	0	0	2	0.343053
MYZAP	2	0.46729	0	0	2	0.343053
MZT2B	2	0.46729	0	0	2	0.343053
NAA10	1	0.233645	1	0.645161	2	0.343053
NAA20	1	0.233645	1	0.645161	2	0.343053
NAA40	1	0.233645	1	0.645161	2	0.343053
NAA50	2	0.46729	0	0	2	0.343053
NAA60	2	0.46729	0	0	2	0.343053
NABP2	2	0.46729	0	0	2	0.343053
NAP1L5	2	0.46729	0	0	2	0.343053
NAT14	2	0.46729	0	0	2	0.343053
NAT16	2	0.46729	0	0	2	0.343053
NAT9	1	0.233645	1	0.645161	2	0.343053
NCR3	2	0.46729	0	0	2	0.343053
NDFIP2	1	0.233645	1	0.645161	2	0.343053
NDRG3	2	0.46729	0	0	2	0.343053
NDUFA11	2	0.46729	0	0	2	0.343053
NDUFA13	2	0.46729	0	0	2	0.343053
NDUFA3	2	0.46729	0	0	2	0.343053
NDUFA4L2	2	0.46729	0	0	2	0.343053
NDUFAF3	2	0.46729	0	0	2	0.343053
NDUFB4	2	0.46729	0	0	2	0.343053
NDUFB7	2	0.46729	0	0	2	0.343053
NDUFC2	2	0.46729	0	0	2	0.343053
NDUFS6	2	0.46729	0	0	2	0.343053
NDUFS7	2	0.46729	0	0	2	0.343053
NDUFS8	2	0.46729	0	0	2	0.343053
NECAB2	2	0.46729	0	0	2	0.343053
NELFCD	2	0.46729	0	0	2	0.343053
NFAM1	2	0.46729	0	0	2	0.343053
NGB	1	0.233645	1	0.645161	2	0.343053
NHLRC1	1	0.233645	1	0.645161	2	0.343053
NHP2	0	0	2	1.29032	2	0.343053
NHSL1	0	0	2	1.29032	2	0.343053
NIPSNAP2	1	0.233645	1	0.645161	2	0.343053
NKIRAS1	1	0.233645	1	0.645161	2	0.343053
NKX2-8	2	0.46729	0	0	2	0.343053
NMRAL1	2	0.46729	0	0	2	0.343053
NODAL	1	0.233645	1	0.645161	2	0.343053
NOP10	2	0.46729	0	0	2	0.343053
NR2C2AP	2	0.46729	0	0	2	0.343053
NR4A1	2	0.46729	0	0	2	0.343053
NRIP2	2	0.46729	0	0	2	0.343053
NRIP3	2	0.46729	0	0	2	0.343053
NRN1L	2	0.46729	0	0	2	0.343053
NT5C	2	0.46729	0	0	2	0.343053
NTF4	2	0.46729	0	0	2	0.343053
NUBPL	2	0.46729	0	0	2	0.343053
NUDT1	2	0.46729	0	0	2	0.343053
NUDT22	2	0.46729	0	0	2	0.343053
NUDT5	2	0.46729	0	0	2	0.343053
NUP35	2	0.46729	0	0	2	0.343053
NUP37	2	0.46729	0	0	2	0.343053
NXPE2	2	0.46729	0	0	2	0.343053
NXT1	2	0.46729	0	0	2	0.343053
NXT2	1	0.233645	1	0.645161	2	0.343053
OAF	2	0.46729	0	0	2	0.343053
OARD1	1	0.233645	1	0.645161	2	0.343053
OBP2A	2	0.46729	0	0	2	0.343053
OCEL1	1	0.233645	1	0.645161	2	0.343053
OLIG1	2	0.46729	0	0	2	0.343053
OMG	2	0.46729	0	0	2	0.343053
OOSP2	1	0.233645	1	0.645161	2	0.343053
OPA3	2	0.46729	0	0	2	0.343053
OPALIN	1	0.233645	1	0.645161	2	0.343053
OR14A2	1	0.233645	1	0.645161	2	0.343053
OR2AJ1	1	0.233645	1	0.645161	2	0.343053
OR2J1	2	0.46729	0	0	2	0.343053
OR2S2	2	0.46729	0	0	2	0.343053
OR2T1	1	0.233645	1	0.645161	2	0.343053
OR4D2	2	0.46729	0	0	2	0.343053
OR4F17	1	0.233645	1	0.645161	2	0.343053
OR4F5	2	0.46729	0	0	2	0.343053
OR52W1	1	0.233645	1	0.645161	2	0.343053
OR56B4	1	0.233645	1	0.645161	2	0.343053
OR6P1	2	0.46729	0	0	2	0.343053
OR6V1	2	0.46729	0	0	2	0.343053
ORMDL2	1	0.233645	1	0.645161	2	0.343053
OSR1	2	0.46729	0	0	2	0.343053
OSTC	1	0.233645	1	0.645161	2	0.343053
OSTF1	2	0.46729	0	0	2	0.343053
OVOL2	1	0.233645	1	0.645161	2	0.343053
P2RX6	2	0.46729	0	0	2	0.343053
PABPN1	1	0.233645	1	0.645161	2	0.343053
PAFAH1B3	1	0.233645	1	0.645161	2	0.343053
PAGE3	1	0.233645	1	0.645161	2	0.343053
PARD6A	0	0	2	1.29032	2	0.343053
PARP16	2	0.46729	0	0	2	0.343053
PARS2	2	0.46729	0	0	2	0.343053
PARVA	2	0.46729	0	0	2	0.343053
PAXX	2	0.46729	0	0	2	0.343053
PBOV1	2	0.46729	0	0	2	0.343053
PCBD1	2	0.46729	0	0	2	0.343053
PCBP4	2	0.46729	0	0	2	0.343053
PCGF6	1	0.233645	1	0.645161	2	0.343053
PCLAF	2	0.46729	0	0	2	0.343053
PDAP1	2	0.46729	0	0	2	0.343053
PDCL2	1	0.233645	1	0.645161	2	0.343053
PERP	2	0.46729	0	0	2	0.343053
PEX11A	1	0.233645	1	0.645161	2	0.343053
PEX26	1	0.233645	1	0.645161	2	0.343053
PEX7	2	0.46729	0	0	2	0.343053
PFDN2	1	0.233645	1	0.645161	2	0.343053
PFDN5	1	0.233645	1	0.645161	2	0.343053
PFDN6	2	0.46729	0	0	2	0.343053
PGM2	1	0.233645	1	0.645161	2	0.343053
PGPEP1	2	0.46729	0	0	2	0.343053
PGRMC1	2	0.46729	0	0	2	0.343053
PHB	1	0.233645	1	0.645161	2	0.343053
PHF6	2	0.46729	0	0	2	0.343053
PHGDH	2	0.46729	0	0	2	0.343053
PHGR1	2	0.46729	0	0	2	0.343053
PHPT1	2	0.46729	0	0	2	0.343053
PI3	1	0.233645	1	0.645161	2	0.343053
PIGF	2	0.46729	0	0	2	0.343053
PIN1	2	0.46729	0	0	2	0.343053
PITPNA	2	0.46729	0	0	2	0.343053
PKD1L3	1	0.233645	1	0.645161	2	0.343053
PKIG	2	0.46729	0	0	2	0.343053
PLA2G2C	2	0.46729	0	0	2	0.343053
PLA2G2D	2	0.46729	0	0	2	0.343053
PLA2G2E	2	0.46729	0	0	2	0.343053
PLAAT3	2	0.46729	0	0	2	0.343053
PLAAT5	2	0.46729	0	0	2	0.343053
PLAC9	2	0.46729	0	0	2	0.343053
PLPP1	1	0.233645	1	0.645161	2	0.343053
PLPP3	2	0.46729	0	0	2	0.343053
PLPP6	1	0.233645	1	0.645161	2	0.343053
PNMA6A	2	0.46729	0	0	2	0.343053
POLE3	2	0.46729	0	0	2	0.343053
POLR1D	2	0.46729	0	0	2	0.343053
POLR2C	2	0.46729	0	0	2	0.343053
POLR2I	2	0.46729	0	0	2	0.343053
POLR2M	2	0.46729	0	0	2	0.343053
POLR3G	2	0.46729	0	0	2	0.343053
POMP	0	0	2	1.29032	2	0.343053
POMZP3	2	0.46729	0	0	2	0.343053
POP5	2	0.46729	0	0	2	0.343053
POP7	2	0.46729	0	0	2	0.343053
POTEC	2	0.46729	0	0	2	0.343053
POTEI	1	0.233645	1	0.645161	2	0.343053
POU3F1	2	0.46729	0	0	2	0.343053
PPARG	2	0.46729	0	0	2	0.343053
PPIC	1	0.233645	1	0.645161	2	0.343053
PPIL3	1	0.233645	1	0.645161	2	0.343053
PPIP5K1	2	0.46729	0	0	2	0.343053
PPP1R3B	2	0.46729	0	0	2	0.343053
PPP1R9B	2	0.46729	0	0	2	0.343053
PPP3R2	2	0.46729	0	0	2	0.343053
PRAMEF6	0	0	2	1.29032	2	0.343053
PRDX4	2	0.46729	0	0	2	0.343053
PRDX5	2	0.46729	0	0	2	0.343053
PRELID2	2	0.46729	0	0	2	0.343053
PRELID3B	1	0.233645	1	0.645161	2	0.343053
PRH2	2	0.46729	0	0	2	0.343053
PRICKLE4	1	0.233645	1	0.645161	2	0.343053
PRKACA	1	0.233645	1	0.645161	2	0.343053
PRKRIP1	2	0.46729	0	0	2	0.343053
PRKY	1	0.233645	1	0.645161	2	0.343053
PRNP	0	0	2	1.29032	2	0.343053
PROP1	2	0.46729	0	0	2	0.343053
PRPS1	1	0.233645	1	0.645161	2	0.343053
PRR15	2	0.46729	0	0	2	0.343053
PRR22	2	0.46729	0	0	2	0.343053
PRR23C	2	0.46729	0	0	2	0.343053
PRR33	2	0.46729	0	0	2	0.343053
PRRT4	1	0.233645	1	0.645161	2	0.343053
PRSS22	1	0.233645	1	0.645161	2	0.343053
PRSS27	2	0.46729	0	0	2	0.343053
PRSS33	2	0.46729	0	0	2	0.343053
PSMB1	2	0.46729	0	0	2	0.343053
PSMB4	2	0.46729	0	0	2	0.343053
PSMB7	2	0.46729	0	0	2	0.343053
PSMC3IP	1	0.233645	1	0.645161	2	0.343053
PSMD9	2	0.46729	0	0	2	0.343053
PSME2	1	0.233645	1	0.645161	2	0.343053
PSPH	2	0.46729	0	0	2	0.343053
PSPN	2	0.46729	0	0	2	0.343053
PTAFR	2	0.46729	0	0	2	0.343053
PTGES	1	0.233645	1	0.645161	2	0.343053
PTGES3	2	0.46729	0	0	2	0.343053
PTGIR	2	0.46729	0	0	2	0.343053
PTMS	2	0.46729	0	0	2	0.343053
PTP4A1	1	0.233645	1	0.645161	2	0.343053
PTRH1	2	0.46729	0	0	2	0.343053
PTTG1	2	0.46729	0	0	2	0.343053
PTX3	2	0.46729	0	0	2	0.343053
PVR	1	0.233645	1	0.645161	2	0.343053
PYCARD	1	0.233645	1	0.645161	2	0.343053
PYCR1	2	0.46729	0	0	2	0.343053
PYCR2	2	0.46729	0	0	2	0.343053
PYCR3	1	0.233645	1	0.645161	2	0.343053
PYDC1	2	0.46729	0	0	2	0.343053
PYROXD2	2	0.46729	0	0	2	0.343053
PYY	2	0.46729	0	0	2	0.343053
QPCTL	2	0.46729	0	0	2	0.343053
QRFP	1	0.233645	1	0.645161	2	0.343053
QTRT1	2	0.46729	0	0	2	0.343053
RAB12	2	0.46729	0	0	2	0.343053
RAB18	2	0.46729	0	0	2	0.343053
RAB24	2	0.46729	0	0	2	0.343053
RAB2A	2	0.46729	0	0	2	0.343053
RAB30	0	0	2	1.29032	2	0.343053
RAB32	1	0.233645	1	0.645161	2	0.343053
RAB37	0	0	2	1.29032	2	0.343053
RAB38	2	0.46729	0	0	2	0.343053
RAB43	2	0.46729	0	0	2	0.343053
RAB6D	1	0.233645	1	0.645161	2	0.343053
RAB8A	2	0.46729	0	0	2	0.343053
RAD51B	2	0.46729	0	0	2	0.343053
RAD9A	2	0.46729	0	0	2	0.343053
RAMP2	2	0.46729	0	0	2	0.343053
RASSF3	2	0.46729	0	0	2	0.343053
RBFOX3	1	0.233645	1	0.645161	2	0.343053
RBKS	1	0.233645	1	0.645161	2	0.343053
RBM23	1	0.233645	1	0.645161	2	0.343053
RBM24	1	0.233645	1	0.645161	2	0.343053
RBM41	1	0.233645	1	0.645161	2	0.343053
RBM8A	1	0.233645	1	0.645161	2	0.343053
RBP7	2	0.46729	0	0	2	0.343053
RBPMS2	2	0.46729	0	0	2	0.343053
RCN1	2	0.46729	0	0	2	0.343053
RDH12	2	0.46729	0	0	2	0.343053
REEP1	1	0.233645	1	0.645161	2	0.343053
REG3A	2	0.46729	0	0	2	0.343053
RETNLB	2	0.46729	0	0	2	0.343053
REXO2	2	0.46729	0	0	2	0.343053
RFC2	2	0.46729	0	0	2	0.343053
RFC3	2	0.46729	0	0	2	0.343053
RFK	1	0.233645	1	0.645161	2	0.343053
RFLNA	2	0.46729	0	0	2	0.343053
RFX8	2	0.46729	0	0	2	0.343053
RFXANK	2	0.46729	0	0	2	0.343053
RGCC	1	0.233645	1	0.645161	2	0.343053
RGR	2	0.46729	0	0	2	0.343053
RGS1	2	0.46729	0	0	2	0.343053
RHEBL1	1	0.233645	1	0.645161	2	0.343053
RHOD	1	0.233645	1	0.645161	2	0.343053
RHOG	1	0.233645	1	0.645161	2	0.343053
RHOH	1	0.233645	1	0.645161	2	0.343053
RHOXF2B	1	0.233645	1	0.645161	2	0.343053
RLN1	0	0	2	1.29032	2	0.343053
RLN3	2	0.46729	0	0	2	0.343053
RNASE1	1	0.233645	1	0.645161	2	0.343053
RNASE2	1	0.233645	1	0.645161	2	0.343053
RNASE6	1	0.233645	1	0.645161	2	0.343053
RNF122	2	0.46729	0	0	2	0.343053
RNF13	2	0.46729	0	0	2	0.343053
RNF135	2	0.46729	0	0	2	0.343053
RNF166	2	0.46729	0	0	2	0.343053
RNF181	2	0.46729	0	0	2	0.343053
RNF183	2	0.46729	0	0	2	0.343053
RNF212B	2	0.46729	0	0	2	0.343053
RNLS	1	0.233645	1	0.645161	2	0.343053
RPA2	2	0.46729	0	0	2	0.343053
RPH3AL	1	0.233645	1	0.645161	2	0.343053
RPL10	2	0.46729	0	0	2	0.343053
RPL12	2	0.46729	0	0	2	0.343053
RPL13	2	0.46729	0	0	2	0.343053
RPL17-C18orf32	2	0.46729	0	0	2	0.343053
RPL22L1	2	0.46729	0	0	2	0.343053
RPL26	2	0.46729	0	0	2	0.343053
RPL34	2	0.46729	0	0	2	0.343053
RPL36	2	0.46729	0	0	2	0.343053
RPL39	2	0.46729	0	0	2	0.343053
RPP30	2	0.46729	0	0	2	0.343053
RPRM	1	0.233645	1	0.645161	2	0.343053
RPS13	2	0.46729	0	0	2	0.343053
RPS15A	1	0.233645	1	0.645161	2	0.343053
RPS27	1	0.233645	1	0.645161	2	0.343053
RPS4X	1	0.233645	1	0.645161	2	0.343053
RPS9	2	0.46729	0	0	2	0.343053
RPUSD3	2	0.46729	0	0	2	0.343053
RWDD4	2	0.46729	0	0	2	0.343053
S100A11	2	0.46729	0	0	2	0.343053
S100A16	2	0.46729	0	0	2	0.343053
S100A4	2	0.46729	0	0	2	0.343053
S100A7L2	2	0.46729	0	0	2	0.343053
S100A9	2	0.46729	0	0	2	0.343053
SAA1	1	0.233645	1	0.645161	2	0.343053
SAA2	0	0	2	1.29032	2	0.343053
SAMD1	2	0.46729	0	0	2	0.343053
SAMD5	2	0.46729	0	0	2	0.343053
SAP18	1	0.233645	1	0.645161	2	0.343053
SAP30	1	0.233645	1	0.645161	2	0.343053
SAPCD1	2	0.46729	0	0	2	0.343053
SARAF	2	0.46729	0	0	2	0.343053
SAV1	1	0.233645	1	0.645161	2	0.343053
SAYSD1	2	0.46729	0	0	2	0.343053
SCAMP2	0	0	2	1.29032	2	0.343053
SCAMP4	2	0.46729	0	0	2	0.343053
SCAND1	2	0.46729	0	0	2	0.343053
SCCPDH	2	0.46729	0	0	2	0.343053
SCG5	1	0.233645	1	0.645161	2	0.343053
SCGB2B2	2	0.46729	0	0	2	0.343053
SCGB3A2	1	0.233645	1	0.645161	2	0.343053
SCIMP	1	0.233645	1	0.645161	2	0.343053
SCOC	2	0.46729	0	0	2	0.343053
SCP2D1	1	0.233645	1	0.645161	2	0.343053
SCT	2	0.46729	0	0	2	0.343053
SDHAF4	1	0.233645	1	0.645161	2	0.343053
SDR16C5	1	0.233645	1	0.645161	2	0.343053
SDR42E1	1	0.233645	1	0.645161	2	0.343053
SEBOX	2	0.46729	0	0	2	0.343053
SELENOK	2	0.46729	0	0	2	0.343053
SELENOT	2	0.46729	0	0	2	0.343053
SEPTIN12	2	0.46729	0	0	2	0.343053
SERINC3	1	0.233645	1	0.645161	2	0.343053
SERINC5	2	0.46729	0	0	2	0.343053
SERP2	2	0.46729	0	0	2	0.343053
SERPINB1	2	0.46729	0	0	2	0.343053
SETD6	2	0.46729	0	0	2	0.343053
SF3B6	1	0.233645	1	0.645161	2	0.343053
SFN	1	0.233645	1	0.645161	2	0.343053
SFR1	0	0	2	1.29032	2	0.343053
SGF29	2	0.46729	0	0	2	0.343053
SH3BP1	1	0.233645	1	0.645161	2	0.343053
SHISA6	2	0.46729	0	0	2	0.343053
SIGIRR	2	0.46729	0	0	2	0.343053
SIGLEC15	2	0.46729	0	0	2	0.343053
SKP1	2	0.46729	0	0	2	0.343053
SLA2	2	0.46729	0	0	2	0.343053
SLAMF6	1	0.233645	1	0.645161	2	0.343053
SLC25A11	2	0.46729	0	0	2	0.343053
SLC25A20	1	0.233645	1	0.645161	2	0.343053
SLC31A2	2	0.46729	0	0	2	0.343053
SLC35B2	2	0.46729	0	0	2	0.343053
SLC35D1	0	0	2	1.29032	2	0.343053
SLC35F6	1	0.233645	1	0.645161	2	0.343053
SLC38A5	2	0.46729	0	0	2	0.343053
SLC46A1	2	0.46729	0	0	2	0.343053
SLC50A1	2	0.46729	0	0	2	0.343053
SLC66A2	2	0.46729	0	0	2	0.343053
SLC9A3R1	2	0.46729	0	0	2	0.343053
SLC9A3R2	2	0.46729	0	0	2	0.343053
SLCO1B3-SLCO1B7	2	0.46729	0	0	2	0.343053
SMIM15	2	0.46729	0	0	2	0.343053
SMIM19	2	0.46729	0	0	2	0.343053
SMIM7	2	0.46729	0	0	2	0.343053
SMIM8	1	0.233645	1	0.645161	2	0.343053
SMNDC1	2	0.46729	0	0	2	0.343053
SMR3B	2	0.46729	0	0	2	0.343053
SNCA	1	0.233645	1	0.645161	2	0.343053
SNCB	2	0.46729	0	0	2	0.343053
SNRNP25	2	0.46729	0	0	2	0.343053
SNRPA1	2	0.46729	0	0	2	0.343053
SNRPD3	1	0.233645	1	0.645161	2	0.343053
SNRPE	2	0.46729	0	0	2	0.343053
SNURF	2	0.46729	0	0	2	0.343053
SNX24	1	0.233645	1	0.645161	2	0.343053
SNX3	1	0.233645	1	0.645161	2	0.343053
SNX6	2	0.46729	0	0	2	0.343053
SOCS1	2	0.46729	0	0	2	0.343053
SOCS7	2	0.46729	0	0	2	0.343053
SOWAHA	2	0.46729	0	0	2	0.343053
SOWAHC	2	0.46729	0	0	2	0.343053
SOX14	1	0.233645	1	0.645161	2	0.343053
SOX18	2	0.46729	0	0	2	0.343053
SPANXC	1	0.233645	1	0.645161	2	0.343053
SPANXN4	1	0.233645	1	0.645161	2	0.343053
SPATA21	2	0.46729	0	0	2	0.343053
SPATA31D4	1	0.233645	1	0.645161	2	0.343053
SPATA46	2	0.46729	0	0	2	0.343053
SPCS1	2	0.46729	0	0	2	0.343053
SPIN2A	2	0.46729	0	0	2	0.343053
SPINK13	1	0.233645	1	0.645161	2	0.343053
SPINK14	2	0.46729	0	0	2	0.343053
SPINK7	2	0.46729	0	0	2	0.343053
SPINK9	2	0.46729	0	0	2	0.343053
SPRR1B	1	0.233645	1	0.645161	2	0.343053
SPRR2A	1	0.233645	1	0.645161	2	0.343053
SPRR2E	1	0.233645	1	0.645161	2	0.343053
SPRYD7	2	0.46729	0	0	2	0.343053
SPSB3	2	0.46729	0	0	2	0.343053
SPTSSA	1	0.233645	1	0.645161	2	0.343053
SRA1	2	0.46729	0	0	2	0.343053
SRD5A1	1	0.233645	1	0.645161	2	0.343053
SRD5A3	2	0.46729	0	0	2	0.343053
SRGN	2	0.46729	0	0	2	0.343053
SRP19	2	0.46729	0	0	2	0.343053
SRSF10	2	0.46729	0	0	2	0.343053
SRSF2	1	0.233645	1	0.645161	2	0.343053
SRSF3	1	0.233645	1	0.645161	2	0.343053
SRSF9	2	0.46729	0	0	2	0.343053
SS18	2	0.46729	0	0	2	0.343053
SSPN	1	0.233645	1	0.645161	2	0.343053
SSR2	2	0.46729	0	0	2	0.343053
SSR3	2	0.46729	0	0	2	0.343053
SSX7	1	0.233645	1	0.645161	2	0.343053
ST3GAL4	2	0.46729	0	0	2	0.343053
STARD5	2	0.46729	0	0	2	0.343053
STBD1	2	0.46729	0	0	2	0.343053
STH	1	0.233645	1	0.645161	2	0.343053
STIMATE	1	0.233645	1	0.645161	2	0.343053
STPG3	2	0.46729	0	0	2	0.343053
STX10	1	0.233645	1	0.645161	2	0.343053
STX17	1	0.233645	1	0.645161	2	0.343053
SUB1	2	0.46729	0	0	2	0.343053
SUSD3	2	0.46729	0	0	2	0.343053
SUSD6	2	0.46729	0	0	2	0.343053
SUV39H2	2	0.46729	0	0	2	0.343053
SYAP1	2	0.46729	0	0	2	0.343053
SYP	2	0.46729	0	0	2	0.343053
SYPL1	2	0.46729	0	0	2	0.343053
SYS1	2	0.46729	0	0	2	0.343053
TAF10	1	0.233645	1	0.645161	2	0.343053
TAF12	2	0.46729	0	0	2	0.343053
TAFA3	2	0.46729	0	0	2	0.343053
TAL2	2	0.46729	0	0	2	0.343053
TAMALIN	2	0.46729	0	0	2	0.343053
TAS2R31	2	0.46729	0	0	2	0.343053
TAS2R9	0	0	2	1.29032	2	0.343053
TBCB	2	0.46729	0	0	2	0.343053
TBP	1	0.233645	1	0.645161	2	0.343053
TCEAL2	0	0	2	1.29032	2	0.343053
TCF23	1	0.233645	1	0.645161	2	0.343053
TCL1B	2	0.46729	0	0	2	0.343053
TCTA	1	0.233645	1	0.645161	2	0.343053
TCTEX1D2	2	0.46729	0	0	2	0.343053
TERB1	2	0.46729	0	0	2	0.343053
TEX12	2	0.46729	0	0	2	0.343053
TEX19	2	0.46729	0	0	2	0.343053
TEX29	1	0.233645	1	0.645161	2	0.343053
TEX36	1	0.233645	1	0.645161	2	0.343053
TFF3	2	0.46729	0	0	2	0.343053
TGIF2LY	2	0.46729	0	0	2	0.343053
THAP1	2	0.46729	0	0	2	0.343053
THAP3	2	0.46729	0	0	2	0.343053
THAP6	2	0.46729	0	0	2	0.343053
THAP7	2	0.46729	0	0	2	0.343053
THRSP	2	0.46729	0	0	2	0.343053
TIGAR	1	0.233645	1	0.645161	2	0.343053
TIGD1	1	0.233645	1	0.645161	2	0.343053
TLCD5	2	0.46729	0	0	2	0.343053
TM2D3	1	0.233645	1	0.645161	2	0.343053
TM4SF1	2	0.46729	0	0	2	0.343053
TMED4	2	0.46729	0	0	2	0.343053
TMED7	2	0.46729	0	0	2	0.343053
TMED9	2	0.46729	0	0	2	0.343053
TMEM106A	1	0.233645	1	0.645161	2	0.343053
TMEM125	2	0.46729	0	0	2	0.343053
TMEM126A	1	0.233645	1	0.645161	2	0.343053
TMEM128	2	0.46729	0	0	2	0.343053
TMEM139	2	0.46729	0	0	2	0.343053
TMEM150B	2	0.46729	0	0	2	0.343053
TMEM155	2	0.46729	0	0	2	0.343053
TMEM159	2	0.46729	0	0	2	0.343053
TMEM17	2	0.46729	0	0	2	0.343053
TMEM211	2	0.46729	0	0	2	0.343053
TMEM220	2	0.46729	0	0	2	0.343053
TMEM244	1	0.233645	1	0.645161	2	0.343053
TMEM269	1	0.233645	1	0.645161	2	0.343053
TMEM273	1	0.233645	1	0.645161	2	0.343053
TMEM30B	2	0.46729	0	0	2	0.343053
TMEM42	0	0	2	1.29032	2	0.343053
TMEM45A	2	0.46729	0	0	2	0.343053
TMEM50B	2	0.46729	0	0	2	0.343053
TMEM51	2	0.46729	0	0	2	0.343053
TMEM53	2	0.46729	0	0	2	0.343053
TMEM54	2	0.46729	0	0	2	0.343053
TMEM65	1	0.233645	1	0.645161	2	0.343053
TMEM69	0	0	2	1.29032	2	0.343053
TMEM81	1	0.233645	1	0.645161	2	0.343053
TMEM95	2	0.46729	0	0	2	0.343053
TMEM98	1	0.233645	1	0.645161	2	0.343053
TMEM9B	1	0.233645	1	0.645161	2	0.343053
TMPRSS4	1	0.233645	1	0.645161	2	0.343053
TNFAIP8	2	0.46729	0	0	2	0.343053
TNFRSF10D	2	0.46729	0	0	2	0.343053
TNFSF10	2	0.46729	0	0	2	0.343053
TNFSF12	2	0.46729	0	0	2	0.343053
TNNC1	2	0.46729	0	0	2	0.343053
TOE1	1	0.233645	1	0.645161	2	0.343053
TOMM7	0	0	2	1.29032	2	0.343053
TP53AIP1	1	0.233645	1	0.645161	2	0.343053
TP53INP2	1	0.233645	1	0.645161	2	0.343053
TPSAB1	2	0.46729	0	0	2	0.343053
TPSB2	2	0.46729	0	0	2	0.343053
TPSG1	1	0.233645	1	0.645161	2	0.343053
TRAPPC4	2	0.46729	0	0	2	0.343053
TRAV26-1	1	0.233645	1	0.645161	2	0.343053
TRAV41	0	0	2	1.29032	2	0.343053
TRAV5	1	0.233645	1	0.645161	2	0.343053
TRBC2	0	0	2	1.29032	2	0.343053
TREM2	2	0.46729	0	0	2	0.343053
TREML4	0	0	2	1.29032	2	0.343053
TRGC1	0	0	2	1.29032	2	0.343053
TRGV3	0	0	2	1.29032	2	0.343053
TRIM31	2	0.46729	0	0	2	0.343053
TRIM40	1	0.233645	1	0.645161	2	0.343053
TRIM73	2	0.46729	0	0	2	0.343053
TRIM74	2	0.46729	0	0	2	0.343053
TRIR	2	0.46729	0	0	2	0.343053
TRPT1	2	0.46729	0	0	2	0.343053
TSACC	2	0.46729	0	0	2	0.343053
TSNAX	1	0.233645	1	0.645161	2	0.343053
TSPAN31	2	0.46729	0	0	2	0.343053
TSPO	1	0.233645	1	0.645161	2	0.343053
TSR3	2	0.46729	0	0	2	0.343053
TTC32	2	0.46729	0	0	2	0.343053
TTC4	2	0.46729	0	0	2	0.343053
TTC9B	2	0.46729	0	0	2	0.343053
TUBG1	2	0.46729	0	0	2	0.343053
TUSC1	2	0.46729	0	0	2	0.343053
TVP23C	2	0.46729	0	0	2	0.343053
TXN	2	0.46729	0	0	2	0.343053
TXN2	2	0.46729	0	0	2	0.343053
TXNDC12	1	0.233645	1	0.645161	2	0.343053
TXNDC9	1	0.233645	1	0.645161	2	0.343053
TXNL4B	2	0.46729	0	0	2	0.343053
TYROBP	2	0.46729	0	0	2	0.343053
TYSND1	2	0.46729	0	0	2	0.343053
TYW1B	1	0.233645	1	0.645161	2	0.343053
UBE2D3	0	0	2	1.29032	2	0.343053
UBE2D4	1	0.233645	1	0.645161	2	0.343053
UBE2F	2	0.46729	0	0	2	0.343053
UBE2J1	1	0.233645	1	0.645161	2	0.343053
UBE2M	2	0.46729	0	0	2	0.343053
UBE2Q2	1	0.233645	1	0.645161	2	0.343053
UBL4B	1	0.233645	1	0.645161	2	0.343053
UBL7	2	0.46729	0	0	2	0.343053
UCHL3	1	0.233645	1	0.645161	2	0.343053
UCHL5	1	0.233645	1	0.645161	2	0.343053
UCK1	1	0.233645	1	0.645161	2	0.343053
UCN3	2	0.46729	0	0	2	0.343053
UNC50	2	0.46729	0	0	2	0.343053
UNCX	2	0.46729	0	0	2	0.343053
UPK2	2	0.46729	0	0	2	0.343053
UQCC3	1	0.233645	1	0.645161	2	0.343053
UQCRH	1	0.233645	1	0.645161	2	0.343053
URAD	2	0.46729	0	0	2	0.343053
USF2	2	0.46729	0	0	2	0.343053
UTF1	2	0.46729	0	0	2	0.343053
VAMP1	2	0.46729	0	0	2	0.343053
VAMP3	1	0.233645	1	0.645161	2	0.343053
VAMP5	2	0.46729	0	0	2	0.343053
VCX	2	0.46729	0	0	2	0.343053
VCX2	2	0.46729	0	0	2	0.343053
VHL	1	0.233645	1	0.645161	2	0.343053
VHLL	2	0.46729	0	0	2	0.343053
VNN3	2	0.46729	0	0	2	0.343053
VPREB3	1	0.233645	1	0.645161	2	0.343053
VPS29	2	0.46729	0	0	2	0.343053
VSIG2	2	0.46729	0	0	2	0.343053
VSTM2B	2	0.46729	0	0	2	0.343053
VSX1	1	0.233645	1	0.645161	2	0.343053
VWA1	2	0.46729	0	0	2	0.343053
VWA5B1	2	0.46729	0	0	2	0.343053
VWA5B2	1	0.233645	1	0.645161	2	0.343053
WBP2NL	1	0.233645	1	0.645161	2	0.343053
WDR20	2	0.46729	0	0	2	0.343053
WFDC10B	2	0.46729	0	0	2	0.343053
WSB1	2	0.46729	0	0	2	0.343053
XAGE3	2	0.46729	0	0	2	0.343053
XBP1	2	0.46729	0	0	2	0.343053
XCL2	2	0.46729	0	0	2	0.343053
YDJC	2	0.46729	0	0	2	0.343053
YPEL1	0	0	2	1.29032	2	0.343053
YPEL5	1	0.233645	1	0.645161	2	0.343053
YWHAB	2	0.46729	0	0	2	0.343053
YWHAG	2	0.46729	0	0	2	0.343053
YWHAH	1	0.233645	1	0.645161	2	0.343053
YWHAZ	2	0.46729	0	0	2	0.343053
YY1	1	0.233645	1	0.645161	2	0.343053
ZBTB9	2	0.46729	0	0	2	0.343053
ZC2HC1A	2	0.46729	0	0	2	0.343053
ZC3H8	2	0.46729	0	0	2	0.343053
ZCCHC3	2	0.46729	0	0	2	0.343053
ZDHHC22	1	0.233645	1	0.645161	2	0.343053
ZFAND1	2	0.46729	0	0	2	0.343053
ZFAND2A	2	0.46729	0	0	2	0.343053
ZFP92	1	0.233645	1	0.645161	2	0.343053
ZIC2	1	0.233645	1	0.645161	2	0.343053
ZMAT5	2	0.46729	0	0	2	0.343053
ZMYND10	2	0.46729	0	0	2	0.343053
ZMYND19	2	0.46729	0	0	2	0.343053
ZNF232	1	0.233645	1	0.645161	2	0.343053
ZNF296	2	0.46729	0	0	2	0.343053
ZNF444	1	0.233645	1	0.645161	2	0.343053
ZNF511-PRAP1	2	0.46729	0	0	2	0.343053
ZNF541	0	0	2	1.29032	2	0.343053
ZNF575	2	0.46729	0	0	2	0.343053
ZNF69	2	0.46729	0	0	2	0.343053
ZNF717	2	0.46729	0	0	2	0.343053
ZNF737	1	0.233645	1	0.645161	2	0.343053
ZNF843	2	0.46729	0	0	2	0.343053
ZNF844	0	0	2	1.29032	2	0.343053
ZNF860	2	0.46729	0	0	2	0.343053
ZNHIT2	1	0.233645	1	0.645161	2	0.343053
ZNRD2	2	0.46729	0	0	2	0.343053
ZSCAN12	1	0.233645	1	0.645161	2	0.343053
ABHD17A	1	0.233645	0	0	1	0.171527
AC004076.1	1	0.233645	0	0	1	0.171527
AC004997.1	1	0.233645	0	0	1	0.171527
AC007040.2	1	0.233645	0	0	1	0.171527
AC009779.3	1	0.233645	0	0	1	0.171527
AC011448.1	1	0.233645	0	0	1	0.171527
AC020907.6	1	0.233645	0	0	1	0.171527
AC026786.1	0	0	1	0.645161	1	0.171527
AC053503.6	1	0.233645	0	0	1	0.171527
AC055839.2	1	0.233645	0	0	1	0.171527
AC092718.8	1	0.233645	0	0	1	0.171527
AC093155.3	0	0	1	0.645161	1	0.171527
AC104389.6	1	0.233645	0	0	1	0.171527
AC107871.1	1	0.233645	0	0	1	0.171527
AC107959.5	1	0.233645	0	0	1	0.171527
AC132217.2	1	0.233645	0	0	1	0.171527
AC144573.1	1	0.233645	0	0	1	0.171527
AC245748.1	1	0.233645	0	0	1	0.171527
ACAA2	0	0	1	0.645161	1	0.171527
ADH4	0	0	1	0.645161	1	0.171527
ADIG	1	0.233645	0	0	1	0.171527
ADO	1	0.233645	0	0	1	0.171527
ADORA2B	1	0.233645	0	0	1	0.171527
AF196969.1	1	0.233645	0	0	1	0.171527
AGAP5	1	0.233645	0	0	1	0.171527
AGR3	0	0	1	0.645161	1	0.171527
AGTRAP	1	0.233645	0	0	1	0.171527
AIF1	1	0.233645	0	0	1	0.171527
AIF1L	1	0.233645	0	0	1	0.171527
AK2	0	0	1	0.645161	1	0.171527
AK6	1	0.233645	0	0	1	0.171527
AKR7A2	1	0.233645	0	0	1	0.171527
AL021546.1	1	0.233645	0	0	1	0.171527
AL031315.1	1	0.233645	0	0	1	0.171527
AL049569.3	1	0.233645	0	0	1	0.171527
AL121758.1	1	0.233645	0	0	1	0.171527
AL133500.1	1	0.233645	0	0	1	0.171527
AL159163.1	1	0.233645	0	0	1	0.171527
AL163195.3	0	0	1	0.645161	1	0.171527
AL359922.1	0	0	1	0.645161	1	0.171527
AL662899.2	1	0.233645	0	0	1	0.171527
AL713999.2	0	0	1	0.645161	1	0.171527
ALG1L2	1	0.233645	0	0	1	0.171527
ALKAL2	0	0	1	0.645161	1	0.171527
ALKBH7	1	0.233645	0	0	1	0.171527
ALX3	1	0.233645	0	0	1	0.171527
ANAPC10	1	0.233645	0	0	1	0.171527
ANAPC11	1	0.233645	0	0	1	0.171527
ANAPC15	1	0.233645	0	0	1	0.171527
ANG	1	0.233645	0	0	1	0.171527
ANGPTL3	1	0.233645	0	0	1	0.171527
ANKHD1	1	0.233645	0	0	1	0.171527
ANKRD20A2P	1	0.233645	0	0	1	0.171527
ANKRD36	1	0.233645	0	0	1	0.171527
ANKRD37	1	0.233645	0	0	1	0.171527
ANKRD54	1	0.233645	0	0	1	0.171527
ANKRD60	1	0.233645	0	0	1	0.171527
ANKRD61	1	0.233645	0	0	1	0.171527
ANKRD65	1	0.233645	0	0	1	0.171527
ANTKMT	1	0.233645	0	0	1	0.171527
ANXA2R	1	0.233645	0	0	1	0.171527
ANXA8L1	1	0.233645	0	0	1	0.171527
AP000471.1	1	0.233645	0	0	1	0.171527
AP001458.2	1	0.233645	0	0	1	0.171527
AP3S2	1	0.233645	0	0	1	0.171527
APH1A	1	0.233645	0	0	1	0.171527
APOC1	0	0	1	0.645161	1	0.171527
APOC2	1	0.233645	0	0	1	0.171527
APOC4-APOC2	1	0.233645	0	0	1	0.171527
APOOL	1	0.233645	0	0	1	0.171527
ARF3	0	0	1	0.645161	1	0.171527
ARF6	1	0.233645	0	0	1	0.171527
ARFRP1	1	0.233645	0	0	1	0.171527
ARL5B	1	0.233645	0	0	1	0.171527
ARMC7	1	0.233645	0	0	1	0.171527
ARRB2	1	0.233645	0	0	1	0.171527
ARTN	1	0.233645	0	0	1	0.171527
ASCL2	1	0.233645	0	0	1	0.171527
ATOH8	1	0.233645	0	0	1	0.171527
ATP23	1	0.233645	0	0	1	0.171527
ATP5IF1	1	0.233645	0	0	1	0.171527
ATP5MC1	1	0.233645	0	0	1	0.171527
ATP5MC3	1	0.233645	0	0	1	0.171527
ATP5MF-PTCD1	1	0.233645	0	0	1	0.171527
ATP5MG	0	0	1	0.645161	1	0.171527
ATP5MPL	1	0.233645	0	0	1	0.171527
ATP6V0C	1	0.233645	0	0	1	0.171527
AUNIP	1	0.233645	0	0	1	0.171527
AURKAIP1	0	0	1	0.645161	1	0.171527
AVP	0	0	1	0.645161	1	0.171527
B3GALT6	1	0.233645	0	0	1	0.171527
B3GAT2	1	0.233645	0	0	1	0.171527
BBC3	1	0.233645	0	0	1	0.171527
BCAP31	0	0	1	0.645161	1	0.171527
BCL7B	0	0	1	0.645161	1	0.171527
BET1	1	0.233645	0	0	1	0.171527
BET1L	1	0.233645	0	0	1	0.171527
BEX2	1	0.233645	0	0	1	0.171527
BLOC1S1	1	0.233645	0	0	1	0.171527
BLOC1S6	1	0.233645	0	0	1	0.171527
BLVRA	1	0.233645	0	0	1	0.171527
BMP8B	1	0.233645	0	0	1	0.171527
BPGM	0	0	1	0.645161	1	0.171527
BRI3	1	0.233645	0	0	1	0.171527
BRICD5	1	0.233645	0	0	1	0.171527
BST2	1	0.233645	0	0	1	0.171527
C10orf105	0	0	1	0.645161	1	0.171527
C10orf62	1	0.233645	0	0	1	0.171527
C11orf58	1	0.233645	0	0	1	0.171527
C11orf94	1	0.233645	0	0	1	0.171527
C12orf65	1	0.233645	0	0	1	0.171527
C12orf75	0	0	1	0.645161	1	0.171527
C15orf40	1	0.233645	0	0	1	0.171527
C16orf74	1	0.233645	0	0	1	0.171527
C16orf91	1	0.233645	0	0	1	0.171527
C17orf50	1	0.233645	0	0	1	0.171527
C19orf25	1	0.233645	0	0	1	0.171527
C19orf38	0	0	1	0.645161	1	0.171527
C19orf71	1	0.233645	0	0	1	0.171527
C1QBP	1	0.233645	0	0	1	0.171527
C1QTNF2	1	0.233645	0	0	1	0.171527
C1QTNF4	1	0.233645	0	0	1	0.171527
C1QTNF5	1	0.233645	0	0	1	0.171527
C1QTNF7	1	0.233645	0	0	1	0.171527
C1orf167	1	0.233645	0	0	1	0.171527
C1orf174	1	0.233645	0	0	1	0.171527
C1orf198	1	0.233645	0	0	1	0.171527
C1orf216	1	0.233645	0	0	1	0.171527
C1orf53	1	0.233645	0	0	1	0.171527
C1orf68	1	0.233645	0	0	1	0.171527
C20orf202	1	0.233645	0	0	1	0.171527
C20orf203	1	0.233645	0	0	1	0.171527
C22orf39	1	0.233645	0	0	1	0.171527
C2CD4A	1	0.233645	0	0	1	0.171527
C2CD4C	1	0.233645	0	0	1	0.171527
C2orf50	1	0.233645	0	0	1	0.171527
C2orf68	1	0.233645	0	0	1	0.171527
C3orf52	1	0.233645	0	0	1	0.171527
C3orf84	1	0.233645	0	0	1	0.171527
C4orf3	1	0.233645	0	0	1	0.171527
C4orf47	0	0	1	0.645161	1	0.171527
C5orf47	1	0.233645	0	0	1	0.171527
C6orf120	1	0.233645	0	0	1	0.171527
C6orf141	1	0.233645	0	0	1	0.171527
C8orf82	1	0.233645	0	0	1	0.171527
C9orf16	1	0.233645	0	0	1	0.171527
C9orf57	1	0.233645	0	0	1	0.171527
CABP1	1	0.233645	0	0	1	0.171527
CALHM3	1	0.233645	0	0	1	0.171527
CALHM4	1	0.233645	0	0	1	0.171527
CALML6	1	0.233645	0	0	1	0.171527
CALY	1	0.233645	0	0	1	0.171527
CAMK2N2	1	0.233645	0	0	1	0.171527
CAPN8	1	0.233645	0	0	1	0.171527
CASTOR2	1	0.233645	0	0	1	0.171527
CATSPERZ	1	0.233645	0	0	1	0.171527
CAV1	1	0.233645	0	0	1	0.171527
CBS	0	0	1	0.645161	1	0.171527
CBWD1	1	0.233645	0	0	1	0.171527
CBY1	1	0.233645	0	0	1	0.171527
CCDC107	1	0.233645	0	0	1	0.171527
CCDC121	1	0.233645	0	0	1	0.171527
CCDC154	1	0.233645	0	0	1	0.171527
CCDC163	1	0.233645	0	0	1	0.171527
CCDC167	1	0.233645	0	0	1	0.171527
CCDC182	1	0.233645	0	0	1	0.171527
CCDC189	1	0.233645	0	0	1	0.171527
CCDC43	0	0	1	0.645161	1	0.171527
CCL13	1	0.233645	0	0	1	0.171527
CCL15	1	0.233645	0	0	1	0.171527
CCL17	1	0.233645	0	0	1	0.171527
CCL18	1	0.233645	0	0	1	0.171527
CCL21	1	0.233645	0	0	1	0.171527
CCL25	1	0.233645	0	0	1	0.171527
CCL7	1	0.233645	0	0	1	0.171527
CCND2	1	0.233645	0	0	1	0.171527
CCNI2	1	0.233645	0	0	1	0.171527
CD164L2	1	0.233645	0	0	1	0.171527
CD3D	1	0.233645	0	0	1	0.171527
CD3E	0	0	1	0.645161	1	0.171527
CD59	0	0	1	0.645161	1	0.171527
CD68	1	0.233645	0	0	1	0.171527
CDA	0	0	1	0.645161	1	0.171527
CDC42EP2	1	0.233645	0	0	1	0.171527
CDC42EP5	1	0.233645	0	0	1	0.171527
CDC42SE1	1	0.233645	0	0	1	0.171527
CDK2AP2	0	0	1	0.645161	1	0.171527
CDK5R2	1	0.233645	0	0	1	0.171527
CDKN2A	1	0.233645	0	0	1	0.171527
CDKN2B	1	0.233645	0	0	1	0.171527
CDKN2D	1	0.233645	0	0	1	0.171527
CDKN3	1	0.233645	0	0	1	0.171527
CDRT4	1	0.233645	0	0	1	0.171527
CEACAM1	0	0	1	0.645161	1	0.171527
CEACAM6	1	0.233645	0	0	1	0.171527
CEBPB	1	0.233645	0	0	1	0.171527
CEMP1	1	0.233645	0	0	1	0.171527
CENPM	1	0.233645	0	0	1	0.171527
CENPX	1	0.233645	0	0	1	0.171527
CES4A	0	0	1	0.645161	1	0.171527
CETN2	1	0.233645	0	0	1	0.171527
CFD	1	0.233645	0	0	1	0.171527
CGB2	1	0.233645	0	0	1	0.171527
CGB8	1	0.233645	0	0	1	0.171527
CGREF1	1	0.233645	0	0	1	0.171527
CHAC2	0	0	1	0.645161	1	0.171527
CHADL	1	0.233645	0	0	1	0.171527
CHCHD1	1	0.233645	0	0	1	0.171527
CHCHD4	1	0.233645	0	0	1	0.171527
CHCHD7	0	0	1	0.645161	1	0.171527
CHMP1B	1	0.233645	0	0	1	0.171527
CHN2	1	0.233645	0	0	1	0.171527
CHP1	0	0	1	0.645161	1	0.171527
CHRNB4	1	0.233645	0	0	1	0.171527
CIAO1	1	0.233645	0	0	1	0.171527
CIAO2A	1	0.233645	0	0	1	0.171527
CIAO2B	1	0.233645	0	0	1	0.171527
CIB2	1	0.233645	0	0	1	0.171527
CIDEB	1	0.233645	0	0	1	0.171527
CISD3	1	0.233645	0	0	1	0.171527
CKLF-CMTM1	1	0.233645	0	0	1	0.171527
CKMT1A	0	0	1	0.645161	1	0.171527
CLDN1	1	0.233645	0	0	1	0.171527
CLDN20	1	0.233645	0	0	1	0.171527
CLDN22	1	0.233645	0	0	1	0.171527
CLDN23	1	0.233645	0	0	1	0.171527
CLIC1	1	0.233645	0	0	1	0.171527
CLIC5	0	0	1	0.645161	1	0.171527
CLPSL1	0	0	1	0.645161	1	0.171527
CMTM4	1	0.233645	0	0	1	0.171527
CNBP	1	0.233645	0	0	1	0.171527
CNIH4	0	0	1	0.645161	1	0.171527
CNN3	1	0.233645	0	0	1	0.171527
CNPY4	1	0.233645	0	0	1	0.171527
COA4	1	0.233645	0	0	1	0.171527
COA7	1	0.233645	0	0	1	0.171527
COMMD1	0	0	1	0.645161	1	0.171527
COMMD3-BMI1	1	0.233645	0	0	1	0.171527
COMMD7	1	0.233645	0	0	1	0.171527
COX20	1	0.233645	0	0	1	0.171527
COX6B1	1	0.233645	0	0	1	0.171527
COX6B2	1	0.233645	0	0	1	0.171527
COX7A2	1	0.233645	0	0	1	0.171527
COX7B2	1	0.233645	0	0	1	0.171527
CPSF4L	1	0.233645	0	0	1	0.171527
CRABP2	0	0	1	0.645161	1	0.171527
CRCT1	1	0.233645	0	0	1	0.171527
CREBL2	1	0.233645	0	0	1	0.171527
CRYBA2	1	0.233645	0	0	1	0.171527
CRYGN	1	0.233645	0	0	1	0.171527
CSAG1	1	0.233645	0	0	1	0.171527
CSKMT	1	0.233645	0	0	1	0.171527
CSNK2B	0	0	1	0.645161	1	0.171527
CST3	1	0.233645	0	0	1	0.171527
CSTA	0	0	1	0.645161	1	0.171527
CSTB	1	0.233645	0	0	1	0.171527
CT45A1	0	0	1	0.645161	1	0.171527
CT47A6	0	0	1	0.645161	1	0.171527
CTSD	0	0	1	0.645161	1	0.171527
CTU1	1	0.233645	0	0	1	0.171527
CXCL13	0	0	1	0.645161	1	0.171527
CXCL14	0	0	1	0.645161	1	0.171527
CXCL17	1	0.233645	0	0	1	0.171527
CXCL2	1	0.233645	0	0	1	0.171527
CXXC4	1	0.233645	0	0	1	0.171527
CYB561D1	1	0.233645	0	0	1	0.171527
CYB561D2	1	0.233645	0	0	1	0.171527
CYB5A	1	0.233645	0	0	1	0.171527
CYP3A7-CYP3A51P	1	0.233645	0	0	1	0.171527
CYS1	1	0.233645	0	0	1	0.171527
CYSRT1	0	0	1	0.645161	1	0.171527
CYSTM1	1	0.233645	0	0	1	0.171527
DAD1	1	0.233645	0	0	1	0.171527
DAND5	1	0.233645	0	0	1	0.171527
DAZAP2	1	0.233645	0	0	1	0.171527
DCTN6	0	0	1	0.645161	1	0.171527
DCUN1D5	0	0	1	0.645161	1	0.171527
DCXR	1	0.233645	0	0	1	0.171527
DDRGK1	1	0.233645	0	0	1	0.171527
DEFA3	1	0.233645	0	0	1	0.171527
DEFA5	1	0.233645	0	0	1	0.171527
DEFA6	1	0.233645	0	0	1	0.171527
DEFB1	0	0	1	0.645161	1	0.171527
DEFB105A	0	0	1	0.645161	1	0.171527
DEFB112	1	0.233645	0	0	1	0.171527
DEFB115	1	0.233645	0	0	1	0.171527
DEFB123	1	0.233645	0	0	1	0.171527
DEFB132	1	0.233645	0	0	1	0.171527
DEFB134	0	0	1	0.645161	1	0.171527
DEFB4A	1	0.233645	0	0	1	0.171527
DEPP1	0	0	1	0.645161	1	0.171527
DHCR24	1	0.233645	0	0	1	0.171527
DIPK1B	1	0.233645	0	0	1	0.171527
DMRTC1	1	0.233645	0	0	1	0.171527
DNAJB1	1	0.233645	0	0	1	0.171527
DNAJC30	1	0.233645	0	0	1	0.171527
DNMT3L	1	0.233645	0	0	1	0.171527
DNPH1	1	0.233645	0	0	1	0.171527
DPH3	1	0.233645	0	0	1	0.171527
DPM2	1	0.233645	0	0	1	0.171527
DR1	1	0.233645	0	0	1	0.171527
DRD4	1	0.233645	0	0	1	0.171527
DTYMK	0	0	1	0.645161	1	0.171527
DUSP14	1	0.233645	0	0	1	0.171527
DUSP21	1	0.233645	0	0	1	0.171527
DUSP23	1	0.233645	0	0	1	0.171527
DYNLL2	1	0.233645	0	0	1	0.171527
DYNLRB1	1	0.233645	0	0	1	0.171527
DYNLRB2	0	0	1	0.645161	1	0.171527
DYNLT1	1	0.233645	0	0	1	0.171527
DYNLT3	1	0.233645	0	0	1	0.171527
EBF4	0	0	1	0.645161	1	0.171527
EFCAB2	1	0.233645	0	0	1	0.171527
EFCC1	1	0.233645	0	0	1	0.171527
EID2B	1	0.233645	0	0	1	0.171527
EIF1AX	1	0.233645	0	0	1	0.171527
EIF3CL	1	0.233645	0	0	1	0.171527
EIF4A1	1	0.233645	0	0	1	0.171527
EIF6	1	0.233645	0	0	1	0.171527
ELFN1	0	0	1	0.645161	1	0.171527
ELMOD3	1	0.233645	0	0	1	0.171527
EMP2	1	0.233645	0	0	1	0.171527
EN2	0	0	1	0.645161	1	0.171527
ENTPD5	1	0.233645	0	0	1	0.171527
EPGN	1	0.233645	0	0	1	0.171527
EPO	1	0.233645	0	0	1	0.171527
EPOR	1	0.233645	0	0	1	0.171527
ERCC5	1	0.233645	0	0	1	0.171527
ERGIC1	0	0	1	0.645161	1	0.171527
ERH	0	0	1	0.645161	1	0.171527
ERICH2	0	0	1	0.645161	1	0.171527
ETHE1	1	0.233645	0	0	1	0.171527
ETV7	1	0.233645	0	0	1	0.171527
EVX1	1	0.233645	0	0	1	0.171527
EXO5	1	0.233645	0	0	1	0.171527
F8A1	1	0.233645	0	0	1	0.171527
FABP3	1	0.233645	0	0	1	0.171527
FADS1	1	0.233645	0	0	1	0.171527
FAHD1	1	0.233645	0	0	1	0.171527
FAM104A	1	0.233645	0	0	1	0.171527
FAM107A	1	0.233645	0	0	1	0.171527
FAM131A	1	0.233645	0	0	1	0.171527
FAM162A	1	0.233645	0	0	1	0.171527
FAM166C	1	0.233645	0	0	1	0.171527
FAM187A	1	0.233645	0	0	1	0.171527
FAM210B	1	0.233645	0	0	1	0.171527
FAM221A	0	0	1	0.645161	1	0.171527
FAM241B	1	0.233645	0	0	1	0.171527
FAM3A	1	0.233645	0	0	1	0.171527
FAM47E	1	0.233645	0	0	1	0.171527
FAM47E-STBD1	1	0.233645	0	0	1	0.171527
FAM72C	1	0.233645	0	0	1	0.171527
FBXO17	1	0.233645	0	0	1	0.171527
FCGR2C	1	0.233645	0	0	1	0.171527
FDX1	1	0.233645	0	0	1	0.171527
FEV	1	0.233645	0	0	1	0.171527
FGF21	1	0.233645	0	0	1	0.171527
FGF22	1	0.233645	0	0	1	0.171527
FHL1	1	0.233645	0	0	1	0.171527
FHL3	1	0.233645	0	0	1	0.171527
FIS1	0	0	1	0.645161	1	0.171527
FKBP1C	1	0.233645	0	0	1	0.171527
FMC1-LUC7L2	1	0.233645	0	0	1	0.171527
FO393400.1	1	0.233645	0	0	1	0.171527
FOLH1B	1	0.233645	0	0	1	0.171527
FSTL3	1	0.233645	0	0	1	0.171527
FTH1	1	0.233645	0	0	1	0.171527
FXYD6	1	0.233645	0	0	1	0.171527
GADD45G	1	0.233645	0	0	1	0.171527
GAGE1	0	0	1	0.645161	1	0.171527
GAR1	0	0	1	0.645161	1	0.171527
GASK1A	1	0.233645	0	0	1	0.171527
GAST	0	0	1	0.645161	1	0.171527
GATAD1	1	0.233645	0	0	1	0.171527
GATC	1	0.233645	0	0	1	0.171527
GBGT1	1	0.233645	0	0	1	0.171527
GCHFR	1	0.233645	0	0	1	0.171527
GCNT7	1	0.233645	0	0	1	0.171527
GDE1	1	0.233645	0	0	1	0.171527
GET3	1	0.233645	0	0	1	0.171527
GFUS	1	0.233645	0	0	1	0.171527
GGTLC2	0	0	1	0.645161	1	0.171527
GHRH	1	0.233645	0	0	1	0.171527
GHRHR	1	0.233645	0	0	1	0.171527
GHRL	1	0.233645	0	0	1	0.171527
GIP	1	0.233645	0	0	1	0.171527
GJB2	1	0.233645	0	0	1	0.171527
GJB5	1	0.233645	0	0	1	0.171527
GLOD5	1	0.233645	0	0	1	0.171527
GLYATL3	1	0.233645	0	0	1	0.171527
GNG13	1	0.233645	0	0	1	0.171527
GNG2	0	0	1	0.645161	1	0.171527
GNRH2	1	0.233645	0	0	1	0.171527
GOLGA8A	1	0.233645	0	0	1	0.171527
GOLGA8G	0	0	1	0.645161	1	0.171527
GPATCH4	1	0.233645	0	0	1	0.171527
GPHA2	0	0	1	0.645161	1	0.171527
GPIHBP1	1	0.233645	0	0	1	0.171527
GPM6B	1	0.233645	0	0	1	0.171527
GPR137C	1	0.233645	0	0	1	0.171527
GRAP	1	0.233645	0	0	1	0.171527
GSC2	1	0.233645	0	0	1	0.171527
GSDMD	1	0.233645	0	0	1	0.171527
GSKIP	0	0	1	0.645161	1	0.171527
GSPT1	1	0.233645	0	0	1	0.171527
GSTK1	1	0.233645	0	0	1	0.171527
GTF2A1L	1	0.233645	0	0	1	0.171527
GTF2A2	0	0	1	0.645161	1	0.171527
GTF2F2	0	0	1	0.645161	1	0.171527
GTF2H5	1	0.233645	0	0	1	0.171527
GUCA2A	1	0.233645	0	0	1	0.171527
GUCD1	1	0.233645	0	0	1	0.171527
GUK1	1	0.233645	0	0	1	0.171527
H2AC8	1	0.233645	0	0	1	0.171527
H2AP	0	0	1	0.645161	1	0.171527
H2AZ2	0	0	1	0.645161	1	0.171527
H2BC10	1	0.233645	0	0	1	0.171527
H2BC17	1	0.233645	0	0	1	0.171527
H2BC9	0	0	1	0.645161	1	0.171527
H2BU1	0	0	1	0.645161	1	0.171527
H3-3A	1	0.233645	0	0	1	0.171527
H3C10	1	0.233645	0	0	1	0.171527
HBG1	1	0.233645	0	0	1	0.171527
HBM	1	0.233645	0	0	1	0.171527
HCAR1	1	0.233645	0	0	1	0.171527
HERC3	1	0.233645	0	0	1	0.171527
HES4	1	0.233645	0	0	1	0.171527
HES6	1	0.233645	0	0	1	0.171527
HES7	1	0.233645	0	0	1	0.171527
HIGD1A	1	0.233645	0	0	1	0.171527
HIGD1C	1	0.233645	0	0	1	0.171527
HIKESHI	1	0.233645	0	0	1	0.171527
HLA-DQA1	0	0	1	0.645161	1	0.171527
HLA-DRB1	1	0.233645	0	0	1	0.171527
HLA-DRB5	0	0	1	0.645161	1	0.171527
HMGA1	1	0.233645	0	0	1	0.171527
HMGN4	0	0	1	0.645161	1	0.171527
HOPX	1	0.233645	0	0	1	0.171527
HOXB8	0	0	1	0.645161	1	0.171527
HPGD	1	0.233645	0	0	1	0.171527
HPGDS	0	0	1	0.645161	1	0.171527
HS3ST6	1	0.233645	0	0	1	0.171527
HSBP1L1	0	0	1	0.645161	1	0.171527
HSD11B1L	1	0.233645	0	0	1	0.171527
HSD17B7	1	0.233645	0	0	1	0.171527
HSFX1	1	0.233645	0	0	1	0.171527
HSPB1	1	0.233645	0	0	1	0.171527
HSPB6	1	0.233645	0	0	1	0.171527
HSPB7	1	0.233645	0	0	1	0.171527
HSPBP1	0	0	1	0.645161	1	0.171527
HSPE1-MOB4	1	0.233645	0	0	1	0.171527
HTN3	1	0.233645	0	0	1	0.171527
HYPK	1	0.233645	0	0	1	0.171527
ID1	1	0.233645	0	0	1	0.171527
ID3	1	0.233645	0	0	1	0.171527
ID4	1	0.233645	0	0	1	0.171527
IER3	1	0.233645	0	0	1	0.171527
IER3IP1	1	0.233645	0	0	1	0.171527
IER5L	1	0.233645	0	0	1	0.171527
IFFO2	1	0.233645	0	0	1	0.171527
IFI27	1	0.233645	0	0	1	0.171527
IFITM2	0	0	1	0.645161	1	0.171527
IFITM3	1	0.233645	0	0	1	0.171527
IFNA1	0	0	1	0.645161	1	0.171527
IFT20	1	0.233645	0	0	1	0.171527
IGFL2	1	0.233645	0	0	1	0.171527
IGHD1-7	1	0.233645	0	0	1	0.171527
IGHD3-22	0	0	1	0.645161	1	0.171527
IGHD3-9	1	0.233645	0	0	1	0.171527
IGHD5-18	1	0.233645	0	0	1	0.171527
IGHD6-13	1	0.233645	0	0	1	0.171527
IGHD6-19	0	0	1	0.645161	1	0.171527
IGHJ4	1	0.233645	0	0	1	0.171527
IGHV1-3	0	0	1	0.645161	1	0.171527
IGHV2-26	1	0.233645	0	0	1	0.171527
IGHV2OR16-5	1	0.233645	0	0	1	0.171527
IGHV3-13	1	0.233645	0	0	1	0.171527
IGHV3-73	0	0	1	0.645161	1	0.171527
IGHV6-1	1	0.233645	0	0	1	0.171527
IGIP	1	0.233645	0	0	1	0.171527
IGKJ1	1	0.233645	0	0	1	0.171527
IGKV1-16	1	0.233645	0	0	1	0.171527
IGKV1-6	0	0	1	0.645161	1	0.171527
IGKV1D-12	1	0.233645	0	0	1	0.171527
IGKV1D-17	1	0.233645	0	0	1	0.171527
IGKV2-30	1	0.233645	0	0	1	0.171527
IGKV3-7	0	0	1	0.645161	1	0.171527
IGKV5-2	1	0.233645	0	0	1	0.171527
IGKV6-21	0	0	1	0.645161	1	0.171527
IGLC2	1	0.233645	0	0	1	0.171527
IGLC7	1	0.233645	0	0	1	0.171527
IGLJ3	0	0	1	0.645161	1	0.171527
IGLL5	1	0.233645	0	0	1	0.171527
IGLV1-36	0	0	1	0.645161	1	0.171527
IGLV1-40	1	0.233645	0	0	1	0.171527
IGLV3-22	1	0.233645	0	0	1	0.171527
IGLV4-3	1	0.233645	0	0	1	0.171527
IGLV4-60	0	0	1	0.645161	1	0.171527
IGLV4-69	1	0.233645	0	0	1	0.171527
IGLV5-37	1	0.233645	0	0	1	0.171527
IGLV5-48	1	0.233645	0	0	1	0.171527
IL13	1	0.233645	0	0	1	0.171527
IL17B	1	0.233645	0	0	1	0.171527
IL17C	1	0.233645	0	0	1	0.171527
IL34	1	0.233645	0	0	1	0.171527
IL36A	1	0.233645	0	0	1	0.171527
IL36RN	1	0.233645	0	0	1	0.171527
IL5	1	0.233645	0	0	1	0.171527
IMMP1L	1	0.233645	0	0	1	0.171527
INSL4	1	0.233645	0	0	1	0.171527
INSM1	1	0.233645	0	0	1	0.171527
IQCC	1	0.233645	0	0	1	0.171527
IQCJ	1	0.233645	0	0	1	0.171527
IRF2BP1	1	0.233645	0	0	1	0.171527
IRGM	1	0.233645	0	0	1	0.171527
ISCU	1	0.233645	0	0	1	0.171527
ISOC2	1	0.233645	0	0	1	0.171527
ISX	1	0.233645	0	0	1	0.171527
IZUMO4	0	0	1	0.645161	1	0.171527
JAGN1	1	0.233645	0	0	1	0.171527
JMJD7	1	0.233645	0	0	1	0.171527
JOSD2	1	0.233645	0	0	1	0.171527
JPT1	0	0	1	0.645161	1	0.171527
JUND	1	0.233645	0	0	1	0.171527
KBTBD13	0	0	1	0.645161	1	0.171527
KCNA7	1	0.233645	0	0	1	0.171527
KCNN4	1	0.233645	0	0	1	0.171527
KIAA1143	0	0	1	0.645161	1	0.171527
KIAA2012	1	0.233645	0	0	1	0.171527
KLF16	1	0.233645	0	0	1	0.171527
KLK10	1	0.233645	0	0	1	0.171527
KLK2	1	0.233645	0	0	1	0.171527
KRTAP10-12	0	0	1	0.645161	1	0.171527
KRTAP12-4	1	0.233645	0	0	1	0.171527
KRTAP19-2	0	0	1	0.645161	1	0.171527
KRTAP19-4	1	0.233645	0	0	1	0.171527
KRTAP19-7	1	0.233645	0	0	1	0.171527
KRTAP20-4	1	0.233645	0	0	1	0.171527
KRTAP21-1	1	0.233645	0	0	1	0.171527
KRTAP21-2	0	0	1	0.645161	1	0.171527
KRTAP4-7	1	0.233645	0	0	1	0.171527
KRTAP4-9	0	0	1	0.645161	1	0.171527
KRTAP5-11	1	0.233645	0	0	1	0.171527
KRTAP5-4	0	0	1	0.645161	1	0.171527
KRTAP5-5	1	0.233645	0	0	1	0.171527
KRTAP9-4	1	0.233645	0	0	1	0.171527
KRTDAP	0	0	1	0.645161	1	0.171527
LACTBL1	1	0.233645	0	0	1	0.171527
LAMTOR3	1	0.233645	0	0	1	0.171527
LAMTOR4	1	0.233645	0	0	1	0.171527
LAMTOR5	1	0.233645	0	0	1	0.171527
LAPTM5	1	0.233645	0	0	1	0.171527
LASP1	1	0.233645	0	0	1	0.171527
LCE1B	1	0.233645	0	0	1	0.171527
LCE3A	0	0	1	0.645161	1	0.171527
LCE3B	0	0	1	0.645161	1	0.171527
LCN10	1	0.233645	0	0	1	0.171527
LCN6	0	0	1	0.645161	1	0.171527
LCORL	0	0	1	0.645161	1	0.171527
LDLRAD1	1	0.233645	0	0	1	0.171527
LECT2	1	0.233645	0	0	1	0.171527
LEMD2	1	0.233645	0	0	1	0.171527
LENEP	1	0.233645	0	0	1	0.171527
LGALS1	1	0.233645	0	0	1	0.171527
LGALSL	1	0.233645	0	0	1	0.171527
LHFPL1	1	0.233645	0	0	1	0.171527
LIF	1	0.233645	0	0	1	0.171527
LIMS1	1	0.233645	0	0	1	0.171527
LIN7B	1	0.233645	0	0	1	0.171527
LINC02843	1	0.233645	0	0	1	0.171527
LKAAEAR1	1	0.233645	0	0	1	0.171527
LMAN2L	1	0.233645	0	0	1	0.171527
LPAL2	1	0.233645	0	0	1	0.171527
LRATD1	1	0.233645	0	0	1	0.171527
LRRC20	1	0.233645	0	0	1	0.171527
LRRC3	1	0.233645	0	0	1	0.171527
LRRC38	1	0.233645	0	0	1	0.171527
LRRC75A	1	0.233645	0	0	1	0.171527
LRRN4CL	1	0.233645	0	0	1	0.171527
LSM12	1	0.233645	0	0	1	0.171527
LSM5	1	0.233645	0	0	1	0.171527
LSM6	1	0.233645	0	0	1	0.171527
LSM8	1	0.233645	0	0	1	0.171527
LTA	1	0.233645	0	0	1	0.171527
LY6E	1	0.233645	0	0	1	0.171527
LY6H	0	0	1	0.645161	1	0.171527
LYNX1-SLURP2	1	0.233645	0	0	1	0.171527
LYPD5	1	0.233645	0	0	1	0.171527
LYPD8	1	0.233645	0	0	1	0.171527
LYRM1	1	0.233645	0	0	1	0.171527
LYRM4	0	0	1	0.645161	1	0.171527
LYRM9	1	0.233645	0	0	1	0.171527
LYZ	1	0.233645	0	0	1	0.171527
MAF1	1	0.233645	0	0	1	0.171527
MAFF	1	0.233645	0	0	1	0.171527
MAGEA9	1	0.233645	0	0	1	0.171527
MAGEA9B	1	0.233645	0	0	1	0.171527
MAP1LC3B	1	0.233645	0	0	1	0.171527
MAP3K7CL	1	0.233645	0	0	1	0.171527
MAVS	1	0.233645	0	0	1	0.171527
MBD3	1	0.233645	0	0	1	0.171527
MBD3L2	1	0.233645	0	0	1	0.171527
MBLAC1	1	0.233645	0	0	1	0.171527
MBOAT4	1	0.233645	0	0	1	0.171527
MCEMP1	1	0.233645	0	0	1	0.171527
MCL1	1	0.233645	0	0	1	0.171527
MCRIP2	1	0.233645	0	0	1	0.171527
MEA1	0	0	1	0.645161	1	0.171527
MED19	1	0.233645	0	0	1	0.171527
MED20	1	0.233645	0	0	1	0.171527
MED9	1	0.233645	0	0	1	0.171527
METRN	1	0.233645	0	0	1	0.171527
METTL11B	0	0	1	0.645161	1	0.171527
MFSD3	1	0.233645	0	0	1	0.171527
MGAT2	1	0.233645	0	0	1	0.171527
MGST3	1	0.233645	0	0	1	0.171527
MICA	0	0	1	0.645161	1	0.171527
MIF	1	0.233645	0	0	1	0.171527
MILR1	1	0.233645	0	0	1	0.171527
MIXL1	1	0.233645	0	0	1	0.171527
MND1	1	0.233645	0	0	1	0.171527
MOB1A	0	0	1	0.645161	1	0.171527
MOB1B	1	0.233645	0	0	1	0.171527
MOBP	1	0.233645	0	0	1	0.171527
MORN2	0	0	1	0.645161	1	0.171527
MORN4	1	0.233645	0	0	1	0.171527
MPC2	1	0.233645	0	0	1	0.171527
MPST	1	0.233645	0	0	1	0.171527
MRAS	1	0.233645	0	0	1	0.171527
MRFAP1	1	0.233645	0	0	1	0.171527
MRGPRG	1	0.233645	0	0	1	0.171527
MRPL10	1	0.233645	0	0	1	0.171527
MRPL21	1	0.233645	0	0	1	0.171527
MRPL27	1	0.233645	0	0	1	0.171527
MRPL4	1	0.233645	0	0	1	0.171527
MRPL41	1	0.233645	0	0	1	0.171527
MRPL52	1	0.233645	0	0	1	0.171527
MRPS18A	1	0.233645	0	0	1	0.171527
MRPS26	1	0.233645	0	0	1	0.171527
MRPS28	1	0.233645	0	0	1	0.171527
MRPS34	1	0.233645	0	0	1	0.171527
MRPS36	0	0	1	0.645161	1	0.171527
MRTO4	0	0	1	0.645161	1	0.171527
MSANTD1	1	0.233645	0	0	1	0.171527
MSRB2	0	0	1	0.645161	1	0.171527
MT1B	1	0.233645	0	0	1	0.171527
MT1E	1	0.233645	0	0	1	0.171527
MT1G	1	0.233645	0	0	1	0.171527
MTAP	1	0.233645	0	0	1	0.171527
MTNR1A	1	0.233645	0	0	1	0.171527
MTPN	1	0.233645	0	0	1	0.171527
MUC3A	0	0	1	0.645161	1	0.171527
MUCL1	0	0	1	0.645161	1	0.171527
MVB12A	1	0.233645	0	0	1	0.171527
MYDGF	1	0.233645	0	0	1	0.171527
MYL3	1	0.233645	0	0	1	0.171527
MZB1	1	0.233645	0	0	1	0.171527
NABP1	1	0.233645	0	0	1	0.171527
NAIP	1	0.233645	0	0	1	0.171527
NANOS1	1	0.233645	0	0	1	0.171527
NAT1	1	0.233645	0	0	1	0.171527
NBPF10	1	0.233645	0	0	1	0.171527
NBPF4	1	0.233645	0	0	1	0.171527
NBPF6	1	0.233645	0	0	1	0.171527
NCK1	0	0	1	0.645161	1	0.171527
NCMAP	1	0.233645	0	0	1	0.171527
NCR2	1	0.233645	0	0	1	0.171527
NDUFA5	1	0.233645	0	0	1	0.171527
NDUFA6	1	0.233645	0	0	1	0.171527
NDUFA8	0	0	1	0.645161	1	0.171527
NDUFB2	1	0.233645	0	0	1	0.171527
NDUFB6	1	0.233645	0	0	1	0.171527
NDUFC1	1	0.233645	0	0	1	0.171527
NDUFV3	1	0.233645	0	0	1	0.171527
NEDD8	0	0	1	0.645161	1	0.171527
NEMP2	0	0	1	0.645161	1	0.171527
NEURL1B	1	0.233645	0	0	1	0.171527
NHLRC4	1	0.233645	0	0	1	0.171527
NKAIN2	1	0.233645	0	0	1	0.171527
NKAIN4	0	0	1	0.645161	1	0.171527
NKX6-3	1	0.233645	0	0	1	0.171527
NME1	1	0.233645	0	0	1	0.171527
NME4	1	0.233645	0	0	1	0.171527
NOCT	1	0.233645	0	0	1	0.171527
NOP16	1	0.233645	0	0	1	0.171527
NPB	1	0.233645	0	0	1	0.171527
NPC2	1	0.233645	0	0	1	0.171527
NPDC1	1	0.233645	0	0	1	0.171527
NPFF	1	0.233645	0	0	1	0.171527
NPIPB7	1	0.233645	0	0	1	0.171527
NPPC	1	0.233645	0	0	1	0.171527
NPRL2	1	0.233645	0	0	1	0.171527
NPS	0	0	1	0.645161	1	0.171527
NR0B2	0	0	1	0.645161	1	0.171527
NRGN	1	0.233645	0	0	1	0.171527
NRTN	1	0.233645	0	0	1	0.171527
NT5DC4	0	0	1	0.645161	1	0.171527
NUDT2	1	0.233645	0	0	1	0.171527
NUDT21	1	0.233645	0	0	1	0.171527
NUP62CL	1	0.233645	0	0	1	0.171527
NUPR1	1	0.233645	0	0	1	0.171527
NUTF2	1	0.233645	0	0	1	0.171527
NXNL2	1	0.233645	0	0	1	0.171527
NXPH4	1	0.233645	0	0	1	0.171527
OAZ3	1	0.233645	0	0	1	0.171527
OCM2	1	0.233645	0	0	1	0.171527
ODF3B	1	0.233645	0	0	1	0.171527
OIP5	1	0.233645	0	0	1	0.171527
OR10AD1	0	0	1	0.645161	1	0.171527
OR2A1	0	0	1	0.645161	1	0.171527
OR2T5	1	0.233645	0	0	1	0.171527
OR3A2	1	0.233645	0	0	1	0.171527
OR4F21	0	0	1	0.645161	1	0.171527
OR56A5	0	0	1	0.645161	1	0.171527
ORMDL3	1	0.233645	0	0	1	0.171527
OST4	1	0.233645	0	0	1	0.171527
OTUD1	0	0	1	0.645161	1	0.171527
OVCA2	1	0.233645	0	0	1	0.171527
OXLD1	1	0.233645	0	0	1	0.171527
PAEP	1	0.233645	0	0	1	0.171527
PAFAH1B2	1	0.233645	0	0	1	0.171527
PAGE4	1	0.233645	0	0	1	0.171527
PAGE5	1	0.233645	0	0	1	0.171527
PAGR1	1	0.233645	0	0	1	0.171527
PAIP2	0	0	1	0.645161	1	0.171527
PAIP2B	1	0.233645	0	0	1	0.171527
PARL	1	0.233645	0	0	1	0.171527
PATE4	0	0	1	0.645161	1	0.171527
PATL2	1	0.233645	0	0	1	0.171527
PCBD2	1	0.233645	0	0	1	0.171527
PCP4	1	0.233645	0	0	1	0.171527
PDE6H	1	0.233645	0	0	1	0.171527
PDLIM3	1	0.233645	0	0	1	0.171527
PEBP1	1	0.233645	0	0	1	0.171527
PECR	1	0.233645	0	0	1	0.171527
PERM1	0	0	1	0.645161	1	0.171527
PF4V1	1	0.233645	0	0	1	0.171527
PFN1	1	0.233645	0	0	1	0.171527
PFN3	0	0	1	0.645161	1	0.171527
PGAP2	0	0	1	0.645161	1	0.171527
PGLS	1	0.233645	0	0	1	0.171527
PGRMC2	1	0.233645	0	0	1	0.171527
PHLDA2	1	0.233645	0	0	1	0.171527
PIGH	1	0.233645	0	0	1	0.171527
PIGL	1	0.233645	0	0	1	0.171527
PIGY	1	0.233645	0	0	1	0.171527
PIN4	1	0.233645	0	0	1	0.171527
PIRT	1	0.233645	0	0	1	0.171527
PITX3	1	0.233645	0	0	1	0.171527
PLA2G12A	0	0	1	0.645161	1	0.171527
PLA2G12B	1	0.233645	0	0	1	0.171527
PLA2G2A	1	0.233645	0	0	1	0.171527
PLAC1	0	0	1	0.645161	1	0.171527
PLAC8	0	0	1	0.645161	1	0.171527
PLAC8L1	0	0	1	0.645161	1	0.171527
PLD4	1	0.233645	0	0	1	0.171527
PLD6	0	0	1	0.645161	1	0.171527
PLEKHJ1	1	0.233645	0	0	1	0.171527
PLET1	0	0	1	0.645161	1	0.171527
PLGLB1	0	0	1	0.645161	1	0.171527
PLLP	1	0.233645	0	0	1	0.171527
PLN	0	0	1	0.645161	1	0.171527
PMCH	1	0.233645	0	0	1	0.171527
PMM2	1	0.233645	0	0	1	0.171527
PMVK	1	0.233645	0	0	1	0.171527
POLD4	0	0	1	0.645161	1	0.171527
POLR2G	1	0.233645	0	0	1	0.171527
POLR2K	0	0	1	0.645161	1	0.171527
POU5F1B	0	0	1	0.645161	1	0.171527
POU6F1	1	0.233645	0	0	1	0.171527
PPIA	1	0.233645	0	0	1	0.171527
PPIH	1	0.233645	0	0	1	0.171527
PPP1R11	1	0.233645	0	0	1	0.171527
PPP1R35	1	0.233645	0	0	1	0.171527
PPP1R3G	1	0.233645	0	0	1	0.171527
PPP1R8	1	0.233645	0	0	1	0.171527
PPP2CA	1	0.233645	0	0	1	0.171527
PPT1	1	0.233645	0	0	1	0.171527
PRAF2	1	0.233645	0	0	1	0.171527
PRAMEF11	0	0	1	0.645161	1	0.171527
PRDM6	1	0.233645	0	0	1	0.171527
PRDX3	1	0.233645	0	0	1	0.171527
PRELID1	1	0.233645	0	0	1	0.171527
PRH1	1	0.233645	0	0	1	0.171527
PRM1	0	0	1	0.645161	1	0.171527
PRR27	1	0.233645	0	0	1	0.171527
PRR3	1	0.233645	0	0	1	0.171527
PRR32	1	0.233645	0	0	1	0.171527
PRR7	1	0.233645	0	0	1	0.171527
PRRG2	1	0.233645	0	0	1	0.171527
PRSS45P	1	0.233645	0	0	1	0.171527
PSMA6	1	0.233645	0	0	1	0.171527
PSMB10	0	0	1	0.645161	1	0.171527
PSMB6	1	0.233645	0	0	1	0.171527
PSMD10	1	0.233645	0	0	1	0.171527
PSMG3	1	0.233645	0	0	1	0.171527
PTH2	1	0.233645	0	0	1	0.171527
PTMA	1	0.233645	0	0	1	0.171527
PTPRCAP	1	0.233645	0	0	1	0.171527
PTRH2	1	0.233645	0	0	1	0.171527
PTTG2	1	0.233645	0	0	1	0.171527
PURB	0	0	1	0.645161	1	0.171527
PUSL1	1	0.233645	0	0	1	0.171527
PVALB	1	0.233645	0	0	1	0.171527
PXMP4	1	0.233645	0	0	1	0.171527
PXT1	0	0	1	0.645161	1	0.171527
PYDC2	1	0.233645	0	0	1	0.171527
QDPR	0	0	1	0.645161	1	0.171527
RAB13	1	0.233645	0	0	1	0.171527
RAB15	1	0.233645	0	0	1	0.171527
RAB19	1	0.233645	0	0	1	0.171527
RAB5B	0	0	1	0.645161	1	0.171527
RAB5IF	1	0.233645	0	0	1	0.171527
RABAC1	1	0.233645	0	0	1	0.171527
RAMAC	1	0.233645	0	0	1	0.171527
RANGRF	1	0.233645	0	0	1	0.171527
RAP1B	1	0.233645	0	0	1	0.171527
RAP2A	1	0.233645	0	0	1	0.171527
RAP2C	0	0	1	0.645161	1	0.171527
RAPGEFL1	1	0.233645	0	0	1	0.171527
RARRES2	1	0.233645	0	0	1	0.171527
RASA4B	0	0	1	0.645161	1	0.171527
RAX	0	0	1	0.645161	1	0.171527
RAX2	1	0.233645	0	0	1	0.171527
RBM3	1	0.233645	0	0	1	0.171527
RBMY1A1	0	0	1	0.645161	1	0.171527
RBMY1J	0	0	1	0.645161	1	0.171527
RBP1	1	0.233645	0	0	1	0.171527
RBP5	1	0.233645	0	0	1	0.171527
RBX1	0	0	1	0.645161	1	0.171527
RCAN1	1	0.233645	0	0	1	0.171527
RCAN3	1	0.233645	0	0	1	0.171527
RDH14	1	0.233645	0	0	1	0.171527
REG4	1	0.233645	0	0	1	0.171527
RESP18	0	0	1	0.645161	1	0.171527
REX1BD	1	0.233645	0	0	1	0.171527
RFNG	1	0.233645	0	0	1	0.171527
RFPL4A	1	0.233645	0	0	1	0.171527
RGPD8	1	0.233645	0	0	1	0.171527
RHOF	0	0	1	0.645161	1	0.171527
RIIAD1	0	0	1	0.645161	1	0.171527
RILPL1	1	0.233645	0	0	1	0.171527
RIMBP3B	0	0	1	0.645161	1	0.171527
RIPPLY3	0	0	1	0.645161	1	0.171527
RMI2	1	0.233645	0	0	1	0.171527
RNASE13	0	0	1	0.645161	1	0.171527
RNASE8	1	0.233645	0	0	1	0.171527
RNASEH1	1	0.233645	0	0	1	0.171527
RNASEK-C17orf49	1	0.233645	0	0	1	0.171527
RNF11	1	0.233645	0	0	1	0.171527
RNF114	1	0.233645	0	0	1	0.171527
RNF144B	1	0.233645	0	0	1	0.171527
RNF185	0	0	1	0.645161	1	0.171527
RNF186	1	0.233645	0	0	1	0.171527
RNF38	1	0.233645	0	0	1	0.171527
RNF4	1	0.233645	0	0	1	0.171527
RNF5	1	0.233645	0	0	1	0.171527
RNPC3	1	0.233645	0	0	1	0.171527
ROGDI	0	0	1	0.645161	1	0.171527
RPA3	1	0.233645	0	0	1	0.171527
RPEL1	1	0.233645	0	0	1	0.171527
RPL15	1	0.233645	0	0	1	0.171527
RPL23	1	0.233645	0	0	1	0.171527
RPL26L1	0	0	1	0.645161	1	0.171527
RPL27A	1	0.233645	0	0	1	0.171527
RPL37	0	0	1	0.645161	1	0.171527
RPL39L	1	0.233645	0	0	1	0.171527
RPL7A	1	0.233645	0	0	1	0.171527
RPLP0	1	0.233645	0	0	1	0.171527
RPLP1	1	0.233645	0	0	1	0.171527
RPP21	1	0.233645	0	0	1	0.171527
RPP25	1	0.233645	0	0	1	0.171527
RPS12	0	0	1	0.645161	1	0.171527
RPS15	1	0.233645	0	0	1	0.171527
RPS16	1	0.233645	0	0	1	0.171527
RPS18	0	0	1	0.645161	1	0.171527
RPS19	0	0	1	0.645161	1	0.171527
RPS19BP1	1	0.233645	0	0	1	0.171527
RPS20	1	0.233645	0	0	1	0.171527
RPS21	0	0	1	0.645161	1	0.171527
RPS25	1	0.233645	0	0	1	0.171527
RPS26	0	0	1	0.645161	1	0.171527
RPS27L	1	0.233645	0	0	1	0.171527
RPS28	1	0.233645	0	0	1	0.171527
RPS3A	0	0	1	0.645161	1	0.171527
RPS8	1	0.233645	0	0	1	0.171527
RRAGA	1	0.233645	0	0	1	0.171527
RSL24D1	1	0.233645	0	0	1	0.171527
RTL6	0	0	1	0.645161	1	0.171527
RWDD2A	0	0	1	0.645161	1	0.171527
S100A1	1	0.233645	0	0	1	0.171527
S100A13	1	0.233645	0	0	1	0.171527
S100A14	1	0.233645	0	0	1	0.171527
S100A5	1	0.233645	0	0	1	0.171527
S100P	1	0.233645	0	0	1	0.171527
SAMD13	0	0	1	0.645161	1	0.171527
SARM1	1	0.233645	0	0	1	0.171527
SARNP	1	0.233645	0	0	1	0.171527
SBDS	1	0.233645	0	0	1	0.171527
SCGB1A1	1	0.233645	0	0	1	0.171527
SCGB3A1	1	0.233645	0	0	1	0.171527
SCRT2	1	0.233645	0	0	1	0.171527
SDC4	1	0.233645	0	0	1	0.171527
SDCBP	1	0.233645	0	0	1	0.171527
SDF2L1	1	0.233645	0	0	1	0.171527
SDHAF1	1	0.233645	0	0	1	0.171527
SEC22B	1	0.233645	0	0	1	0.171527
SEC61G	1	0.233645	0	0	1	0.171527
SEH1L	0	0	1	0.645161	1	0.171527
SELENOH	1	0.233645	0	0	1	0.171527
SELENOW	0	0	1	0.645161	1	0.171527
SEM1	1	0.233645	0	0	1	0.171527
SERF1B	1	0.233645	0	0	1	0.171527
SERHL2	1	0.233645	0	0	1	0.171527
SERP1	1	0.233645	0	0	1	0.171527
SF3B5	1	0.233645	0	0	1	0.171527
SFTA2	1	0.233645	0	0	1	0.171527
SH2D1A	1	0.233645	0	0	1	0.171527
SH2D7	1	0.233645	0	0	1	0.171527
SH3BGR	1	0.233645	0	0	1	0.171527
SHISA7	1	0.233645	0	0	1	0.171527
SHISA9	0	0	1	0.645161	1	0.171527
SHISAL2A	1	0.233645	0	0	1	0.171527
SIAH1	1	0.233645	0	0	1	0.171527
SIKE1	1	0.233645	0	0	1	0.171527
SIVA1	1	0.233645	0	0	1	0.171527
SIX3	1	0.233645	0	0	1	0.171527
SKA2	0	0	1	0.645161	1	0.171527
SLC25A21	1	0.233645	0	0	1	0.171527
SLC25A27	1	0.233645	0	0	1	0.171527
SLC25A29	1	0.233645	0	0	1	0.171527
SLC25A38	1	0.233645	0	0	1	0.171527
SLC2A4RG	1	0.233645	0	0	1	0.171527
SLC31A1	0	0	1	0.645161	1	0.171527
SLC35A4	1	0.233645	0	0	1	0.171527
SLC35C1	1	0.233645	0	0	1	0.171527
SLC35E2B	1	0.233645	0	0	1	0.171527
SLC35F2	1	0.233645	0	0	1	0.171527
SLC51B	1	0.233645	0	0	1	0.171527
SLC7A6OS	1	0.233645	0	0	1	0.171527
SLIRP	1	0.233645	0	0	1	0.171527
SLN	1	0.233645	0	0	1	0.171527
SLX1A	1	0.233645	0	0	1	0.171527
SMCP	1	0.233645	0	0	1	0.171527
SMIM10	1	0.233645	0	0	1	0.171527
SMIM2	1	0.233645	0	0	1	0.171527
SMIM29	1	0.233645	0	0	1	0.171527
SNAI3	1	0.233645	0	0	1	0.171527
SNAP23	1	0.233645	0	0	1	0.171527
SNAP29	1	0.233645	0	0	1	0.171527
SNAPC5	1	0.233645	0	0	1	0.171527
SNCG	1	0.233645	0	0	1	0.171527
SNN	0	0	1	0.645161	1	0.171527
SNRPC	0	0	1	0.645161	1	0.171527
SNRPG	1	0.233645	0	0	1	0.171527
SOD1	1	0.233645	0	0	1	0.171527
SOX12	1	0.233645	0	0	1	0.171527
SPAG11B	0	0	1	0.645161	1	0.171527
SPAG7	0	0	1	0.645161	1	0.171527
SPANXN1	1	0.233645	0	0	1	0.171527
SPANXN5	1	0.233645	0	0	1	0.171527
SPATA12	1	0.233645	0	0	1	0.171527
SPATA3	1	0.233645	0	0	1	0.171527
SPATA31A6	1	0.233645	0	0	1	0.171527
SPATA31A7	1	0.233645	0	0	1	0.171527
SPATA31D3	0	0	1	0.645161	1	0.171527
SPATA33	0	0	1	0.645161	1	0.171527
SPATA45	1	0.233645	0	0	1	0.171527
SPCS2	0	0	1	0.645161	1	0.171527
SPDYE4	1	0.233645	0	0	1	0.171527
SPIN4	1	0.233645	0	0	1	0.171527
SPINK6	1	0.233645	0	0	1	0.171527
SPRR1A	1	0.233645	0	0	1	0.171527
SPRR2B	1	0.233645	0	0	1	0.171527
SPRR2D	1	0.233645	0	0	1	0.171527
SPRR2G	1	0.233645	0	0	1	0.171527
SRARP	1	0.233645	0	0	1	0.171527
SRM	1	0.233645	0	0	1	0.171527
SRP14	1	0.233645	0	0	1	0.171527
SRXN1	1	0.233645	0	0	1	0.171527
SSNA1	1	0.233645	0	0	1	0.171527
SSR4	1	0.233645	0	0	1	0.171527
SSTR5	1	0.233645	0	0	1	0.171527
SSX1	0	0	1	0.645161	1	0.171527
SSX2	1	0.233645	0	0	1	0.171527
SSX4	1	0.233645	0	0	1	0.171527
ST20	1	0.233645	0	0	1	0.171527
ST3GAL5	0	0	1	0.645161	1	0.171527
STATH	1	0.233645	0	0	1	0.171527
STEAP1B	0	0	1	0.645161	1	0.171527
STMP1	0	0	1	0.645161	1	0.171527
STPG4	1	0.233645	0	0	1	0.171527
STUM	1	0.233645	0	0	1	0.171527
SUMO1	0	0	1	0.645161	1	0.171527
SURF2	1	0.233645	0	0	1	0.171527
SVBP	1	0.233645	0	0	1	0.171527
SWI5	1	0.233645	0	0	1	0.171527
SYCE1L	1	0.233645	0	0	1	0.171527
SYCN	1	0.233645	0	0	1	0.171527
SYNDIG1L	1	0.233645	0	0	1	0.171527
SYNGR1	1	0.233645	0	0	1	0.171527
SYNGR3	1	0.233645	0	0	1	0.171527
SYNJ2BP	1	0.233645	0	0	1	0.171527
TAFA2	1	0.233645	0	0	1	0.171527
TBC1D26	0	0	1	0.645161	1	0.171527
TCAP	0	0	1	0.645161	1	0.171527
TCEAL7	1	0.233645	0	0	1	0.171527
TCEAL8	1	0.233645	0	0	1	0.171527
TCP10L	1	0.233645	0	0	1	0.171527
TCTEX1D4	1	0.233645	0	0	1	0.171527
TEX101	1	0.233645	0	0	1	0.171527
TEX33	1	0.233645	0	0	1	0.171527
TFAP2E	1	0.233645	0	0	1	0.171527
TFAP4	1	0.233645	0	0	1	0.171527
TFF1	1	0.233645	0	0	1	0.171527
TGFA	0	0	1	0.645161	1	0.171527
THNSL2	1	0.233645	0	0	1	0.171527
TIMM10	1	0.233645	0	0	1	0.171527
TIMM21	1	0.233645	0	0	1	0.171527
TIMM29	1	0.233645	0	0	1	0.171527
TIMM8A	1	0.233645	0	0	1	0.171527
TIMM8B	1	0.233645	0	0	1	0.171527
TIMM9	1	0.233645	0	0	1	0.171527
TIMMDC1	0	0	1	0.645161	1	0.171527
TLCD3A	1	0.233645	0	0	1	0.171527
TLDC2	0	0	1	0.645161	1	0.171527
TLE5	1	0.233645	0	0	1	0.171527
TMED3	0	0	1	0.645161	1	0.171527
TMED7-TICAM2	1	0.233645	0	0	1	0.171527
TMEM102	1	0.233645	0	0	1	0.171527
TMEM107	1	0.233645	0	0	1	0.171527
TMEM123	0	0	1	0.645161	1	0.171527
TMEM126B	1	0.233645	0	0	1	0.171527
TMEM127	0	0	1	0.645161	1	0.171527
TMEM134	1	0.233645	0	0	1	0.171527
TMEM14A	1	0.233645	0	0	1	0.171527
TMEM14B	1	0.233645	0	0	1	0.171527
TMEM14C	1	0.233645	0	0	1	0.171527
TMEM158	1	0.233645	0	0	1	0.171527
TMEM160	1	0.233645	0	0	1	0.171527
TMEM170A	0	0	1	0.645161	1	0.171527
TMEM176A	1	0.233645	0	0	1	0.171527
TMEM179	1	0.233645	0	0	1	0.171527
TMEM187	1	0.233645	0	0	1	0.171527
TMEM199	0	0	1	0.645161	1	0.171527
TMEM204	1	0.233645	0	0	1	0.171527
TMEM208	1	0.233645	0	0	1	0.171527
TMEM209	1	0.233645	0	0	1	0.171527
TMEM213	1	0.233645	0	0	1	0.171527
TMEM223	1	0.233645	0	0	1	0.171527
TMEM230	1	0.233645	0	0	1	0.171527
TMEM231	1	0.233645	0	0	1	0.171527
TMEM232	0	0	1	0.645161	1	0.171527
TMEM233	1	0.233645	0	0	1	0.171527
TMEM234	1	0.233645	0	0	1	0.171527
TMEM243	1	0.233645	0	0	1	0.171527
TMEM247	0	0	1	0.645161	1	0.171527
TMEM251	1	0.233645	0	0	1	0.171527
TMEM254	1	0.233645	0	0	1	0.171527
TMEM256	1	0.233645	0	0	1	0.171527
TMEM258	1	0.233645	0	0	1	0.171527
TMEM263	1	0.233645	0	0	1	0.171527
TMEM270	1	0.233645	0	0	1	0.171527
TMEM40	1	0.233645	0	0	1	0.171527
TMEM86B	0	0	1	0.645161	1	0.171527
TMEM89	1	0.233645	0	0	1	0.171527
TMEM91	1	0.233645	0	0	1	0.171527
TMIE	1	0.233645	0	0	1	0.171527
TMSB10	1	0.233645	0	0	1	0.171527
TMSB15A	1	0.233645	0	0	1	0.171527
TMSB4X	1	0.233645	0	0	1	0.171527
TNFAIP8L1	1	0.233645	0	0	1	0.171527
TNFRSF13C	1	0.233645	0	0	1	0.171527
TNFRSF4	1	0.233645	0	0	1	0.171527
TNP1	1	0.233645	0	0	1	0.171527
TOMM20	1	0.233645	0	0	1	0.171527
TOMM20L	1	0.233645	0	0	1	0.171527
TOMM6	1	0.233645	0	0	1	0.171527
TPGS1	1	0.233645	0	0	1	0.171527
TPRG1	1	0.233645	0	0	1	0.171527
TPRN	1	0.233645	0	0	1	0.171527
TPT1	1	0.233645	0	0	1	0.171527
TRAC	0	0	1	0.645161	1	0.171527
TRAJ23	0	0	1	0.645161	1	0.171527
TRAJ47	0	0	1	0.645161	1	0.171527
TRAJ49	0	0	1	0.645161	1	0.171527
TRAPPC1	1	0.233645	0	0	1	0.171527
TRAPPC6B	1	0.233645	0	0	1	0.171527
TRAV13-1	0	0	1	0.645161	1	0.171527
TRAV13-2	0	0	1	0.645161	1	0.171527
TRAV2	1	0.233645	0	0	1	0.171527
TRAV21	0	0	1	0.645161	1	0.171527
TRAV23DV6	0	0	1	0.645161	1	0.171527
TRAV27	0	0	1	0.645161	1	0.171527
TRAV4	0	0	1	0.645161	1	0.171527
TRAV8-6	0	0	1	0.645161	1	0.171527
TRBV24-1	1	0.233645	0	0	1	0.171527
TRBV27	0	0	1	0.645161	1	0.171527
TRBV28	0	0	1	0.645161	1	0.171527
TRBV3-1	0	0	1	0.645161	1	0.171527
TRBV5-1	0	0	1	0.645161	1	0.171527
TRDJ2	1	0.233645	0	0	1	0.171527
TRDV2	0	0	1	0.645161	1	0.171527
TREX1	1	0.233645	0	0	1	0.171527
TRGV4	0	0	1	0.645161	1	0.171527
TRGV8	0	0	1	0.645161	1	0.171527
TRGV9	0	0	1	0.645161	1	0.171527
TRIAP1	1	0.233645	0	0	1	0.171527
TRIM16	1	0.233645	0	0	1	0.171527
TRIM39-RPP21	1	0.233645	0	0	1	0.171527
TRMT112	1	0.233645	0	0	1	0.171527
TSPAN1	1	0.233645	0	0	1	0.171527
TSPAN15	1	0.233645	0	0	1	0.171527
TSPAN16	1	0.233645	0	0	1	0.171527
TSPAN4	1	0.233645	0	0	1	0.171527
TSPY2	1	0.233645	0	0	1	0.171527
TSR2	0	0	1	0.645161	1	0.171527
TTC1	0	0	1	0.645161	1	0.171527
TTC36	1	0.233645	0	0	1	0.171527
U2AF1	1	0.233645	0	0	1	0.171527
UBALD1	1	0.233645	0	0	1	0.171527
UBALD2	1	0.233645	0	0	1	0.171527
UBE2D1	1	0.233645	0	0	1	0.171527
UBE2D2	1	0.233645	0	0	1	0.171527
UBE2E3	1	0.233645	0	0	1	0.171527
UBE2H	1	0.233645	0	0	1	0.171527
UBE2N	1	0.233645	0	0	1	0.171527
UBE2QL1	1	0.233645	0	0	1	0.171527
UBE2S	1	0.233645	0	0	1	0.171527
UBE2V2	1	0.233645	0	0	1	0.171527
UBTFL1	1	0.233645	0	0	1	0.171527
UFM1	1	0.233645	0	0	1	0.171527
UNC119	1	0.233645	0	0	1	0.171527
UPK3B	1	0.233645	0	0	1	0.171527
UQCR10	1	0.233645	0	0	1	0.171527
USE1	1	0.233645	0	0	1	0.171527
USP17L1	1	0.233645	0	0	1	0.171527
USP17L4	1	0.233645	0	0	1	0.171527
USP27X	0	0	1	0.645161	1	0.171527
UTS2	1	0.233645	0	0	1	0.171527
UXT	0	0	1	0.645161	1	0.171527
VAMP2	1	0.233645	0	0	1	0.171527
VAT1	1	0.233645	0	0	1	0.171527
VGLL2	1	0.233645	0	0	1	0.171527
VMA21	1	0.233645	0	0	1	0.171527
VOPP1	0	0	1	0.645161	1	0.171527
VPS37D	1	0.233645	0	0	1	0.171527
VSNL1	0	0	1	0.645161	1	0.171527
VTI1B	1	0.233645	0	0	1	0.171527
VWC2	1	0.233645	0	0	1	0.171527
WDR12	1	0.233645	0	0	1	0.171527
WDR83OS	1	0.233645	0	0	1	0.171527
WFDC1	0	0	1	0.645161	1	0.171527
WFDC10A	1	0.233645	0	0	1	0.171527
WFDC11	0	0	1	0.645161	1	0.171527
WFDC12	1	0.233645	0	0	1	0.171527
WFDC13	0	0	1	0.645161	1	0.171527
WFDC9	1	0.233645	0	0	1	0.171527
XCL1	1	0.233645	0	0	1	0.171527
XXYLT1	1	0.233645	0	0	1	0.171527
YAE1	1	0.233645	0	0	1	0.171527
YJEFN3	1	0.233645	0	0	1	0.171527
YJU2	1	0.233645	0	0	1	0.171527
YPEL4	1	0.233645	0	0	1	0.171527
YRDC	1	0.233645	0	0	1	0.171527
Z84488.1	0	0	1	0.645161	1	0.171527
ZCCHC10	0	0	1	0.645161	1	0.171527
ZCCHC24	1	0.233645	0	0	1	0.171527
ZDHHC18	1	0.233645	0	0	1	0.171527
ZG16B	0	0	1	0.645161	1	0.171527
ZGLP1	1	0.233645	0	0	1	0.171527
ZNF503	1	0.233645	0	0	1	0.171527
ZNF511	1	0.233645	0	0	1	0.171527
ZNF705D	0	0	1	0.645161	1	0.171527
ZNF706	0	0	1	0.645161	1	0.171527
ZNF720	1	0.233645	0	0	1	0.171527
ZNF740	1	0.233645	0	0	1	0.171527
ZNF747	1	0.233645	0	0	1	0.171527
ZNF784	1	0.233645	0	0	1	0.171527
ZNF837	1	0.233645	0	0	1	0.171527
ZNF853	1	0.233645	0	0	1	0.171527
ZSCAN23	0	0	1	0.645161	1	0.171527
ZSCAN32	1	0.233645	0	0	1	0.171527
ZSWIM7	1	0.233645	0	0	1	0.171527
